participant,task,feature_dimension,high_value,feature_relevance,correlation,irrelevant_dim,abs_correlation
"('accommodate', np.int64(1))",accommodate,tail,C,relevant,0.0,color,0.0
"('accommodate', np.int64(1))",accommodate,color,Y,irrelevant,0.4375949744936837,color,0.4375949744936837
"('accommodate', np.int64(1))",accommodate,wing,T,relevant,0.8751899489873673,color,0.8751899489873673
"('accommodate', np.int64(3))",accommodate,tail,C,irrelevant,0.0,tail,0.0
"('accommodate', np.int64(3))",accommodate,color,Y,relevant,0.0,tail,0.0
"('accommodate', np.int64(3))",accommodate,wing,N,relevant,0.9999999999999998,tail,0.9999999999999998
"('accommodate', np.int64(4))",accommodate,tail,S,relevant,-0.16012815380508713,wing,0.16012815380508713
"('accommodate', np.int64(4))",accommodate,color,B,relevant,0.48038446141526137,wing,0.48038446141526137
"('accommodate', np.int64(4))",accommodate,wing,T,irrelevant,0.6405126152203485,wing,0.6405126152203485
"('accommodate', np.int64(5))",accommodate,tail,C,relevant,0.23735633163877065,color,0.23735633163877065
"('accommodate', np.int64(5))",accommodate,color,Y,irrelevant,-0.23735633163877065,color,0.23735633163877065
"('accommodate', np.int64(5))",accommodate,wing,T,relevant,0.8307471607356973,color,0.8307471607356973
"('accommodate', np.int64(6))",accommodate,tail,S,relevant,0.9438798074485388,wing,0.9438798074485388
"('accommodate', np.int64(6))",accommodate,color,B,relevant,-0.1348399724926484,wing,0.1348399724926484
"('accommodate', np.int64(6))",accommodate,wing,T,irrelevant,0.1348399724926484,wing,0.1348399724926484
"('accommodate', np.int64(7))",accommodate,tail,S,irrelevant,0.5821616046178358,tail,0.5821616046178358
"('accommodate', np.int64(7))",accommodate,color,Y,relevant,0.45279235914720567,tail,0.45279235914720567
"('accommodate', np.int64(7))",accommodate,wing,N,relevant,0.5821616046178358,tail,0.5821616046178358
"('accommodate', np.int64(8))",accommodate,tail,S,relevant,0.06579516949597689,wing,0.06579516949597689
"('accommodate', np.int64(8))",accommodate,color,B,relevant,0.3289758474798844,wing,0.3289758474798844
"('accommodate', np.int64(8))",accommodate,wing,N,irrelevant,-0.7237468644557458,wing,0.7237468644557458
"('accommodate', np.int64(9))",accommodate,tail,C,relevant,0.2917299829957891,color,0.2917299829957891
"('accommodate', np.int64(9))",accommodate,color,B,irrelevant,0.0,color,0.0
"('accommodate', np.int64(9))",accommodate,wing,T,relevant,0.8751899489873673,color,0.8751899489873673
"('accommodate', np.int64(11))",accommodate,tail,S,irrelevant,-0.22941573387056177,tail,0.22941573387056177
"('accommodate', np.int64(11))",accommodate,color,Y,relevant,-0.11470786693528089,tail,0.11470786693528089
"('accommodate', np.int64(11))",accommodate,wing,N,relevant,0.9176629354822471,tail,0.9176629354822471
"('accommodate', np.int64(12))",accommodate,tail,S,relevant,,wing,
"('accommodate', np.int64(12))",accommodate,color,B,relevant,,wing,
"('accommodate', np.int64(12))",accommodate,wing,N,irrelevant,,wing,
"('accommodate', np.int64(14))",accommodate,tail,S,relevant,0.24413653763134785,wing,0.24413653763134785
"('accommodate', np.int64(14))",accommodate,color,B,relevant,0.4068942293855797,wing,0.4068942293855797
"('accommodate', np.int64(14))",accommodate,wing,N,irrelevant,0.24413653763134785,wing,0.24413653763134785
"('accommodate', np.int64(15))",accommodate,tail,C,irrelevant,0.0,tail,0.0
"('accommodate', np.int64(15))",accommodate,color,Y,relevant,0.5773502691896257,tail,0.5773502691896257
"('accommodate', np.int64(15))",accommodate,wing,N,relevant,0.28867513459481287,tail,0.28867513459481287
"('accommodate', np.int64(16))",accommodate,tail,S,relevant,-0.4383570037596046,wing,0.4383570037596046
"('accommodate', np.int64(16))",accommodate,color,B,relevant,0.4383570037596046,wing,0.4383570037596046
"('accommodate', np.int64(16))",accommodate,wing,T,irrelevant,0.31311214554257466,wing,0.31311214554257466
"('accommodate', np.int64(17))",accommodate,tail,C,relevant,0.7181848464596078,color,0.7181848464596078
"('accommodate', np.int64(17))",accommodate,color,B,irrelevant,0.3077935056255462,color,0.3077935056255462
"('accommodate', np.int64(17))",accommodate,wing,T,relevant,0.5129891760425769,color,0.5129891760425769
"('accommodate', np.int64(18))",accommodate,tail,S,relevant,0.11250879009260238,wing,0.11250879009260238
"('accommodate', np.int64(18))",accommodate,color,B,relevant,0.11250879009260238,wing,0.11250879009260238
"('accommodate', np.int64(18))",accommodate,wing,T,irrelevant,0.7875615306482168,wing,0.7875615306482168
"('accommodate', np.int64(19))",accommodate,tail,S,irrelevant,0.08873565094161137,tail,0.08873565094161137
"('accommodate', np.int64(19))",accommodate,color,Y,relevant,0.4436782547080568,tail,0.4436782547080568
"('accommodate', np.int64(19))",accommodate,wing,N,relevant,0.7986208584745021,tail,0.7986208584745021
"('accommodate', np.int64(20))",accommodate,tail,S,relevant,0.0,wing,0.0
"('accommodate', np.int64(20))",accommodate,color,B,relevant,0.9701425001453319,wing,0.9701425001453319
"('accommodate', np.int64(20))",accommodate,wing,N,irrelevant,-0.24253562503633297,wing,0.24253562503633297
"('accommodate', np.int64(21))",accommodate,tail,C,relevant,0.38729833462074165,color,0.38729833462074165
"('accommodate', np.int64(21))",accommodate,color,Y,irrelevant,-0.12909944487358055,color,0.12909944487358055
"('accommodate', np.int64(21))",accommodate,wing,T,relevant,0.9036961141150639,color,0.9036961141150639
"('accommodate', np.int64(22))",accommodate,tail,S,relevant,-0.4045199174779452,wing,0.4045199174779452
"('accommodate', np.int64(22))",accommodate,color,B,relevant,0.1348399724926484,wing,0.1348399724926484
"('accommodate', np.int64(22))",accommodate,wing,N,irrelevant,0.4045199174779452,wing,0.4045199174779452
"('accommodate', np.int64(24))",accommodate,tail,S,relevant,-0.27500954910846337,wing,0.27500954910846337
"('accommodate', np.int64(24))",accommodate,color,B,relevant,0.27500954910846337,wing,0.27500954910846337
"('accommodate', np.int64(24))",accommodate,wing,T,irrelevant,0.6416889479197478,wing,0.6416889479197478
"('accommodate', np.int64(25))",accommodate,tail,C,relevant,-0.3380617018914066,color,0.3380617018914066
"('accommodate', np.int64(25))",accommodate,color,Y,irrelevant,0.5070925528371099,color,0.5070925528371099
"('accommodate', np.int64(25))",accommodate,wing,T,relevant,0.6761234037828132,color,0.6761234037828132
"('accommodate', np.int64(26))",accommodate,tail,S,relevant,0.962250448649376,wing,0.962250448649376
"('accommodate', np.int64(26))",accommodate,color,B,relevant,0.0,wing,0.0
"('accommodate', np.int64(26))",accommodate,wing,N,irrelevant,0.19245008972987523,wing,0.19245008972987523
"('accommodate', np.int64(27))",accommodate,tail,S,irrelevant,0.4170288281141495,tail,0.4170288281141495
"('accommodate', np.int64(27))",accommodate,color,Y,relevant,0.20851441405707474,tail,0.20851441405707474
"('accommodate', np.int64(27))",accommodate,wing,N,relevant,-0.6255432421712243,tail,0.6255432421712243
"('accommodate', np.int64(28))",accommodate,tail,S,relevant,0.7184212081070995,wing,0.7184212081070995
"('accommodate', np.int64(28))",accommodate,color,B,relevant,0.5388159060803247,wing,0.5388159060803247
"('accommodate', np.int64(28))",accommodate,wing,T,irrelevant,0.17960530202677488,wing,0.17960530202677488
"('accommodate', np.int64(29))",accommodate,tail,C,relevant,0.6030226891555273,color,0.6030226891555273
"('accommodate', np.int64(29))",accommodate,color,B,irrelevant,0.30151134457776363,color,0.30151134457776363
"('accommodate', np.int64(29))",accommodate,wing,T,relevant,0.6030226891555273,color,0.6030226891555273
"('accommodate', np.int64(30))",accommodate,tail,S,relevant,-0.17960530202677488,wing,0.17960530202677488
"('accommodate', np.int64(30))",accommodate,color,B,relevant,0.17960530202677488,wing,0.17960530202677488
"('accommodate', np.int64(30))",accommodate,wing,T,irrelevant,0.8980265101338744,wing,0.8980265101338744
"('accommodate', np.int64(31))",accommodate,tail,C,irrelevant,0.22176638128637186,tail,0.22176638128637186
"('accommodate', np.int64(31))",accommodate,color,Y,relevant,0.6652991438591155,tail,0.6652991438591155
"('accommodate', np.int64(31))",accommodate,wing,N,relevant,0.6652991438591155,tail,0.6652991438591155
"('accommodate', np.int64(32))",accommodate,tail,S,relevant,-0.1259881576697424,wing,0.1259881576697424
"('accommodate', np.int64(32))",accommodate,color,B,relevant,-0.1259881576697424,wing,0.1259881576697424
"('accommodate', np.int64(32))",accommodate,wing,N,irrelevant,-0.8819171036881969,wing,0.8819171036881969
"('accommodate', np.int64(33))",accommodate,tail,C,relevant,0.47457899787624946,color,0.47457899787624946
"('accommodate', np.int64(33))",accommodate,color,B,irrelevant,0.0949157995752499,color,0.0949157995752499
"('accommodate', np.int64(33))",accommodate,wing,T,relevant,0.8542421961772491,color,0.8542421961772491
"('accommodate', np.int64(34))",accommodate,tail,S,relevant,-0.24253562503633297,wing,0.24253562503633297
"('accommodate', np.int64(34))",accommodate,color,B,relevant,0.0,wing,0.0
"('accommodate', np.int64(34))",accommodate,wing,T,irrelevant,0.9701425001453319,wing,0.9701425001453319
"('accommodate', np.int64(35))",accommodate,tail,S,irrelevant,0.4375949744936837,tail,0.4375949744936837
"('accommodate', np.int64(35))",accommodate,color,Y,relevant,0.7293249574894728,tail,0.7293249574894728
"('accommodate', np.int64(35))",accommodate,wing,N,relevant,0.4375949744936837,tail,0.4375949744936837
"('accommodate', np.int64(36))",accommodate,tail,S,relevant,0.35921060405354976,wing,0.35921060405354976
"('accommodate', np.int64(36))",accommodate,color,B,relevant,0.8980265101338744,wing,0.8980265101338744
"('accommodate', np.int64(36))",accommodate,wing,T,irrelevant,0.17960530202677488,wing,0.17960530202677488
"('accommodate', np.int64(37))",accommodate,tail,C,relevant,0.0,color,0.0
"('accommodate', np.int64(37))",accommodate,color,Y,irrelevant,-0.6030226891555273,color,0.6030226891555273
"('accommodate', np.int64(37))",accommodate,wing,T,relevant,0.6030226891555273,color,0.6030226891555273
"('accommodate', np.int64(38))",accommodate,tail,S,relevant,0.408248290463863,wing,0.408248290463863
"('accommodate', np.int64(38))",accommodate,color,B,relevant,0.0,wing,0.0
"('accommodate', np.int64(38))",accommodate,wing,N,irrelevant,0.816496580927726,wing,0.816496580927726
"('accommodate', np.int64(39))",accommodate,tail,C,irrelevant,0.4181210050035453,tail,0.4181210050035453
"('accommodate', np.int64(39))",accommodate,color,Y,relevant,0.4181210050035453,tail,0.4181210050035453
"('accommodate', np.int64(39))",accommodate,wing,N,relevant,0.7526178090063815,tail,0.7526178090063815
"('accommodate', np.int64(40))",accommodate,tail,S,relevant,-0.4160251471689218,wing,0.4160251471689218
"('accommodate', np.int64(40))",accommodate,color,B,relevant,-0.554700196225229,wing,0.554700196225229
"('accommodate', np.int64(40))",accommodate,wing,N,irrelevant,0.2773500981126145,wing,0.2773500981126145
"('accommodate', np.int64(41))",accommodate,tail,C,relevant,0.20965696734438366,color,0.20965696734438366
"('accommodate', np.int64(41))",accommodate,color,B,irrelevant,0.10482848367219183,color,0.10482848367219183
"('accommodate', np.int64(41))",accommodate,wing,T,relevant,0.9434563530497265,color,0.9434563530497265
"('accommodate', np.int64(42))",accommodate,tail,S,relevant,0.31311214554257466,wing,0.31311214554257466
"('accommodate', np.int64(42))",accommodate,color,B,relevant,-0.5636018619766345,wing,0.5636018619766345
"('accommodate', np.int64(42))",accommodate,wing,N,irrelevant,-0.6888467201936644,wing,0.6888467201936644
"('accommodate', np.int64(43))",accommodate,tail,C,irrelevant,0.10259783520851538,tail,0.10259783520851538
"('accommodate', np.int64(43))",accommodate,color,Y,relevant,0.9233805168766386,tail,0.9233805168766386
"('accommodate', np.int64(43))",accommodate,wing,N,relevant,0.3077935056255462,tail,0.3077935056255462
"('accommodate', np.int64(44))",accommodate,tail,S,relevant,0.27500954910846337,wing,0.27500954910846337
"('accommodate', np.int64(44))",accommodate,color,B,relevant,0.4583492485141056,wing,0.4583492485141056
"('accommodate', np.int64(44))",accommodate,wing,N,irrelevant,0.6416889479197478,wing,0.6416889479197478
"('accommodate', np.int64(45))",accommodate,tail,C,relevant,0.8271701918685112,color,0.8271701918685112
"('accommodate', np.int64(45))",accommodate,color,Y,irrelevant,-0.19088542889273333,color,0.19088542889273333
"('accommodate', np.int64(45))",accommodate,wing,T,relevant,0.44539933408304444,color,0.44539933408304444
"('accommodate', np.int64(46))",accommodate,tail,S,relevant,0.4436782547080568,wing,0.4436782547080568
"('accommodate', np.int64(46))",accommodate,color,B,relevant,0.7986208584745021,wing,0.7986208584745021
"('accommodate', np.int64(46))",accommodate,wing,T,irrelevant,0.2662069528248341,wing,0.2662069528248341
"('accommodate', np.int64(47))",accommodate,tail,S,irrelevant,0.11867816581938533,tail,0.11867816581938533
"('accommodate', np.int64(47))",accommodate,color,Y,relevant,0.5933908290969266,tail,0.5933908290969266
"('accommodate', np.int64(47))",accommodate,wing,N,relevant,0.5933908290969266,tail,0.5933908290969266
"('accommodate', np.int64(48))",accommodate,tail,S,relevant,0.24413653763134785,wing,0.24413653763134785
"('accommodate', np.int64(48))",accommodate,color,B,relevant,0.8951673046482754,wing,0.8951673046482754
"('accommodate', np.int64(48))",accommodate,wing,T,irrelevant,0.08137884587711594,wing,0.08137884587711594
"('accommodate', np.int64(50))",accommodate,tail,S,relevant,0.27500954910846337,wing,0.27500954910846337
"('accommodate', np.int64(50))",accommodate,color,B,relevant,0.27500954910846337,wing,0.27500954910846337
"('accommodate', np.int64(50))",accommodate,wing,N,irrelevant,0.82502864732539,wing,0.82502864732539
"('accommodate', np.int64(51))",accommodate,tail,C,irrelevant,-0.2581988897471611,tail,0.2581988897471611
"('accommodate', np.int64(51))",accommodate,color,Y,relevant,0.5163977794943222,tail,0.5163977794943222
"('accommodate', np.int64(51))",accommodate,wing,N,relevant,0.7745966692414833,tail,0.7745966692414833
"('accommodate', np.int64(52))",accommodate,tail,S,relevant,0.0,wing,0.0
"('accommodate', np.int64(52))",accommodate,color,B,relevant,0.914991421995628,wing,0.914991421995628
"('accommodate', np.int64(52))",accommodate,wing,T,irrelevant,0.15249857033260467,wing,0.15249857033260467
"('accommodate', np.int64(53))",accommodate,tail,C,relevant,0.15249857033260467,color,0.15249857033260467
"('accommodate', np.int64(53))",accommodate,color,B,irrelevant,0.30499714066520933,color,0.30499714066520933
"('accommodate', np.int64(53))",accommodate,wing,T,relevant,0.6099942813304187,color,0.6099942813304187
"('accommodate', np.int64(54))",accommodate,tail,S,relevant,0.36961063547728634,wing,0.36961063547728634
"('accommodate', np.int64(54))",accommodate,color,B,relevant,0.517454889668201,wing,0.517454889668201
"('accommodate', np.int64(54))",accommodate,wing,N,irrelevant,0.6652991438591155,wing,0.6652991438591155
"('accommodate', np.int64(55))",accommodate,tail,C,irrelevant,0.1767766952966369,tail,0.1767766952966369
"('accommodate', np.int64(55))",accommodate,color,Y,relevant,0.3535533905932738,tail,0.3535533905932738
"('accommodate', np.int64(55))",accommodate,wing,N,relevant,0.8838834764831843,tail,0.8838834764831843
"('accommodate', np.int64(56))",accommodate,tail,S,relevant,0.0,wing,0.0
"('accommodate', np.int64(56))",accommodate,color,B,relevant,0.834057656228299,wing,0.834057656228299
"('accommodate', np.int64(56))",accommodate,wing,T,irrelevant,0.4170288281141495,wing,0.4170288281141495
"('accommodate', np.int64(57))",accommodate,tail,C,relevant,0.23735633163877065,color,0.23735633163877065
"('accommodate', np.int64(57))",accommodate,color,Y,irrelevant,0.4747126632775413,color,0.4747126632775413
"('accommodate', np.int64(57))",accommodate,wing,T,relevant,0.712068994916312,color,0.712068994916312
"('accommodate', np.int64(58))",accommodate,tail,S,relevant,-0.4181210050035453,wing,0.4181210050035453
"('accommodate', np.int64(58))",accommodate,color,B,relevant,0.2508726030021272,wing,0.2508726030021272
"('accommodate', np.int64(58))",accommodate,wing,T,irrelevant,0.7526178090063815,wing,0.7526178090063815
"('accommodate', np.int64(59))",accommodate,tail,S,irrelevant,0.592156525463792,tail,0.592156525463792
"('accommodate', np.int64(59))",accommodate,color,Y,relevant,0.7237468644557458,tail,0.7237468644557458
"('accommodate', np.int64(59))",accommodate,wing,N,relevant,-0.06579516949597689,tail,0.06579516949597689
"('accommodate', np.int64(60))",accommodate,tail,S,relevant,-0.35921060405354976,wing,0.35921060405354976
"('accommodate', np.int64(60))",accommodate,color,B,relevant,0.7184212081070995,wing,0.7184212081070995
"('accommodate', np.int64(60))",accommodate,wing,T,irrelevant,0.17960530202677488,wing,0.17960530202677488
"('accommodate', np.int64(61))",accommodate,tail,C,relevant,0.0,color,0.0
"('accommodate', np.int64(61))",accommodate,color,Y,irrelevant,-0.10976425998969033,color,0.10976425998969033
"('accommodate', np.int64(61))",accommodate,wing,T,relevant,0.8781140799175227,color,0.8781140799175227
"('accommodate', np.int64(62))",accommodate,tail,S,relevant,0.22501758018520476,wing,0.22501758018520476
"('accommodate', np.int64(62))",accommodate,color,B,relevant,-0.562543950463012,wing,0.562543950463012
"('accommodate', np.int64(62))",accommodate,wing,N,irrelevant,0.7875615306482168,wing,0.7875615306482168
"('accommodate', np.int64(63))",accommodate,tail,S,irrelevant,0.20459830184114206,tail,0.20459830184114206
"('accommodate', np.int64(63))",accommodate,color,Y,relevant,0.06819943394704735,tail,0.06819943394704735
"('accommodate', np.int64(63))",accommodate,wing,N,relevant,0.8865926413116154,tail,0.8865926413116154
"('accommodate', np.int64(64))",accommodate,tail,S,relevant,-0.06262242910851495,wing,0.06262242910851495
"('accommodate', np.int64(64))",accommodate,color,B,relevant,0.9393364366277241,wing,0.9393364366277241
"('accommodate', np.int64(64))",accommodate,wing,N,irrelevant,0.06262242910851495,wing,0.06262242910851495
"('accommodate', np.int64(65))",accommodate,tail,C,relevant,0.8006407690254356,color,0.8006407690254356
"('accommodate', np.int64(65))",accommodate,color,Y,irrelevant,-0.16012815380508713,color,0.16012815380508713
"('accommodate', np.int64(65))",accommodate,wing,T,relevant,0.48038446141526137,color,0.48038446141526137
"('accommodate', np.int64(66))",accommodate,tail,S,relevant,0.17960530202677488,wing,0.17960530202677488
"('accommodate', np.int64(66))",accommodate,color,B,relevant,-0.5388159060803247,wing,0.5388159060803247
"('accommodate', np.int64(66))",accommodate,wing,N,irrelevant,0.17960530202677488,wing,0.17960530202677488
"('accommodate', np.int64(67))",accommodate,tail,C,irrelevant,0.7797693255091694,tail,0.7797693255091694
"('accommodate', np.int64(67))",accommodate,color,Y,relevant,-0.07088812050083358,tail,0.07088812050083358
"('accommodate', np.int64(67))",accommodate,wing,N,relevant,-0.4962168435058351,tail,0.4962168435058351
"('accommodate', np.int64(68))",accommodate,tail,S,relevant,0.4181210050035453,wing,0.4181210050035453
"('accommodate', np.int64(68))",accommodate,color,B,relevant,-0.4181210050035453,wing,0.4181210050035453
"('accommodate', np.int64(68))",accommodate,wing,N,irrelevant,-0.08362420100070907,wing,0.08362420100070907
"('accommodate', np.int64(69))",accommodate,tail,C,relevant,0.3144854510165755,color,0.3144854510165755
"('accommodate', np.int64(69))",accommodate,color,B,irrelevant,0.0,color,0.0
"('accommodate', np.int64(69))",accommodate,wing,T,relevant,0.9434563530497265,color,0.9434563530497265
"('accommodate', np.int64(70))",accommodate,tail,S,relevant,0.9801960588196068,wing,0.9801960588196068
"('accommodate', np.int64(70))",accommodate,color,B,relevant,0.14002800840280097,wing,0.14002800840280097
"('accommodate', np.int64(70))",accommodate,wing,T,irrelevant,0.0,wing,0.0
"('accommodate', np.int64(71))",accommodate,tail,C,irrelevant,-0.0985329278164293,tail,0.0985329278164293
"('accommodate', np.int64(71))",accommodate,color,Y,relevant,0.6897304947150051,tail,0.6897304947150051
"('accommodate', np.int64(71))",accommodate,wing,N,relevant,0.49266463908214647,tail,0.49266463908214647
"('accommodate', np.int64(72))",accommodate,tail,S,relevant,-0.0985329278164293,wing,0.0985329278164293
"('accommodate', np.int64(72))",accommodate,color,B,relevant,0.2955987834492879,wing,0.2955987834492879
"('accommodate', np.int64(72))",accommodate,wing,T,irrelevant,0.8867963503478637,wing,0.8867963503478637
"('accommodate', np.int64(73))",accommodate,tail,C,relevant,0.4375949744936837,color,0.4375949744936837
"('accommodate', np.int64(73))",accommodate,color,B,irrelevant,0.7293249574894728,color,0.7293249574894728
"('accommodate', np.int64(73))",accommodate,wing,T,relevant,0.4375949744936837,color,0.4375949744936837
"('accommodate', np.int64(74))",accommodate,tail,S,relevant,0.36650833306891567,wing,0.36650833306891567
"('accommodate', np.int64(74))",accommodate,color,B,relevant,0.4886777774252209,wing,0.4886777774252209
"('accommodate', np.int64(74))",accommodate,wing,T,irrelevant,0.36650833306891567,wing,0.36650833306891567
"('accommodate', np.int64(75))",accommodate,tail,C,irrelevant,0.07930515857181442,tail,0.07930515857181442
"('accommodate', np.int64(75))",accommodate,color,Y,relevant,-0.07930515857181442,tail,0.07930515857181442
"('accommodate', np.int64(75))",accommodate,wing,N,relevant,0.8723567442899586,tail,0.8723567442899586
"('accommodate', np.int64(76))",accommodate,tail,S,relevant,0.7559289460184544,wing,0.7559289460184544
"('accommodate', np.int64(76))",accommodate,color,B,relevant,0.3779644730092272,wing,0.3779644730092272
"('accommodate', np.int64(76))",accommodate,wing,T,irrelevant,-0.3779644730092272,wing,0.3779644730092272
"('accommodate', np.int64(77))",accommodate,tail,C,relevant,0.721687836487032,color,0.721687836487032
"('accommodate', np.int64(77))",accommodate,color,Y,irrelevant,0.0,color,0.0
"('accommodate', np.int64(77))",accommodate,wing,T,relevant,0.5773502691896257,color,0.5773502691896257
"('accommodate', np.int64(78))",accommodate,tail,S,relevant,0.0,wing,0.0
"('accommodate', np.int64(78))",accommodate,color,B,relevant,0.5773502691896257,wing,0.5773502691896257
"('accommodate', np.int64(78))",accommodate,wing,T,irrelevant,0.5773502691896257,wing,0.5773502691896257
"('accommodate', np.int64(79))",accommodate,tail,C,irrelevant,0.3380617018914066,tail,0.3380617018914066
"('accommodate', np.int64(79))",accommodate,color,Y,relevant,0.5070925528371099,tail,0.5070925528371099
"('accommodate', np.int64(79))",accommodate,wing,N,relevant,0.1690308509457033,tail,0.1690308509457033
"('accommodate', np.int64(80))",accommodate,tail,S,relevant,0.8333333333333333,wing,0.8333333333333333
"('accommodate', np.int64(80))",accommodate,color,B,relevant,0.16666666666666666,wing,0.16666666666666666
"('accommodate', np.int64(80))",accommodate,wing,T,irrelevant,0.5,wing,0.5
"('accommodate', np.int64(81))",accommodate,tail,C,relevant,0.4330127018922193,color,0.4330127018922193
"('accommodate', np.int64(81))",accommodate,color,Y,irrelevant,-0.14433756729740643,color,0.14433756729740643
"('accommodate', np.int64(81))",accommodate,wing,T,relevant,0.8660254037844386,color,0.8660254037844386
"('accommodate', np.int64(82))",accommodate,tail,S,relevant,0.1690308509457033,wing,0.1690308509457033
"('accommodate', np.int64(82))",accommodate,color,B,relevant,0.6761234037828132,wing,0.6761234037828132
"('accommodate', np.int64(82))",accommodate,wing,N,irrelevant,0.6761234037828132,wing,0.6761234037828132
"('accommodate', np.int64(83))",accommodate,tail,C,irrelevant,0.7745966692414833,tail,0.7745966692414833
"('accommodate', np.int64(83))",accommodate,color,Y,relevant,0.2581988897471611,tail,0.2581988897471611
"('accommodate', np.int64(83))",accommodate,wing,N,relevant,0.2581988897471611,tail,0.2581988897471611
"('accommodate', np.int64(84))",accommodate,tail,S,relevant,0.0,wing,0.0
"('accommodate', np.int64(84))",accommodate,color,B,relevant,0.9999999999999998,wing,0.9999999999999998
"('accommodate', np.int64(84))",accommodate,wing,T,irrelevant,0.0,wing,0.0
"('accommodate', np.int64(85))",accommodate,tail,C,relevant,0.16590037908279928,color,0.16590037908279928
"('accommodate', np.int64(85))",accommodate,color,B,irrelevant,0.0553001263609331,color,0.0553001263609331
"('accommodate', np.int64(85))",accommodate,wing,T,relevant,0.9401021481358626,color,0.9401021481358626
"('accommodate', np.int64(86))",accommodate,tail,S,relevant,0.19245008972987523,wing,0.19245008972987523
"('accommodate', np.int64(86))",accommodate,color,B,relevant,0.0,wing,0.0
"('accommodate', np.int64(86))",accommodate,wing,N,irrelevant,-0.962250448649376,wing,0.962250448649376
"('accommodate', np.int64(88))",accommodate,tail,S,relevant,0.8781140799175227,wing,0.8781140799175227
"('accommodate', np.int64(88))",accommodate,color,B,relevant,0.0,wing,0.0
"('accommodate', np.int64(88))",accommodate,wing,T,irrelevant,0.21952851997938067,wing,0.21952851997938067
"('accommodate', np.int64(89))",accommodate,tail,C,relevant,0.4522670168666454,color,0.4522670168666454
"('accommodate', np.int64(89))",accommodate,color,B,irrelevant,0.15075567228888181,color,0.15075567228888181
"('accommodate', np.int64(89))",accommodate,wing,T,relevant,0.6030226891555273,color,0.6030226891555273
"('accommodate', np.int64(90))",accommodate,tail,S,relevant,0.5549637743803866,wing,0.5549637743803866
"('accommodate', np.int64(90))",accommodate,color,B,relevant,0.5549637743803866,wing,0.5549637743803866
"('accommodate', np.int64(90))",accommodate,wing,T,irrelevant,0.3083132079891036,wing,0.3083132079891036
"('accommodate', np.int64(91))",accommodate,tail,C,irrelevant,-0.5070925528371099,tail,0.5070925528371099
"('accommodate', np.int64(91))",accommodate,color,Y,relevant,-0.1690308509457033,tail,0.1690308509457033
"('accommodate', np.int64(91))",accommodate,wing,N,relevant,0.6761234037828132,tail,0.6761234037828132
"('accommodate', np.int64(92))",accommodate,tail,S,relevant,-0.08873565094161137,wing,0.08873565094161137
"('accommodate', np.int64(92))",accommodate,color,B,relevant,-0.7986208584745021,wing,0.7986208584745021
"('accommodate', np.int64(92))",accommodate,wing,N,irrelevant,0.2662069528248341,wing,0.2662069528248341
"('accommodate', np.int64(93))",accommodate,tail,C,relevant,0.4330127018922193,color,0.4330127018922193
"('accommodate', np.int64(93))",accommodate,color,Y,irrelevant,0.14433756729740643,color,0.14433756729740643
"('accommodate', np.int64(93))",accommodate,wing,T,relevant,0.28867513459481287,color,0.28867513459481287
"('accommodate', np.int64(95))",accommodate,tail,C,irrelevant,-0.30499714066520933,tail,0.30499714066520933
"('accommodate', np.int64(95))",accommodate,color,Y,relevant,0.914991421995628,tail,0.914991421995628
"('accommodate', np.int64(95))",accommodate,wing,N,relevant,0.15249857033260467,tail,0.15249857033260467
"('accommodate', np.int64(96))",accommodate,tail,S,relevant,-0.3475240234284579,wing,0.3475240234284579
"('accommodate', np.int64(96))",accommodate,color,B,relevant,0.20851441405707474,wing,0.20851441405707474
"('accommodate', np.int64(96))",accommodate,wing,N,irrelevant,0.20851441405707474,wing,0.20851441405707474
"('accommodate', np.int64(97))",accommodate,tail,C,relevant,0.3162277660168379,color,0.3162277660168379
"('accommodate', np.int64(97))",accommodate,color,B,irrelevant,-0.4743416490252569,color,0.4743416490252569
"('accommodate', np.int64(97))",accommodate,wing,T,relevant,0.7905694150420947,color,0.7905694150420947
"('accommodate', np.int64(98))",accommodate,tail,S,relevant,0.5360562674188974,wing,0.5360562674188974
"('accommodate', np.int64(98))",accommodate,color,B,relevant,0.5360562674188974,wing,0.5360562674188974
"('accommodate', np.int64(98))",accommodate,wing,N,irrelevant,0.6432675209026769,wing,0.6432675209026769
"('accommodate', np.int64(99))",accommodate,tail,C,irrelevant,0.16012815380508713,tail,0.16012815380508713
"('accommodate', np.int64(99))",accommodate,color,Y,relevant,0.6405126152203485,tail,0.6405126152203485
"('accommodate', np.int64(99))",accommodate,wing,N,relevant,0.6405126152203485,tail,0.6405126152203485
"('accommodate', np.int64(100))",accommodate,tail,S,relevant,-0.40089186286863654,wing,0.40089186286863654
"('accommodate', np.int64(100))",accommodate,color,B,relevant,0.6681531047810608,wing,0.6681531047810608
"('accommodate', np.int64(100))",accommodate,wing,T,irrelevant,0.40089186286863654,wing,0.40089186286863654
"('accommodate', np.int64(101))",accommodate,tail,C,relevant,0.39693358398661993,color,0.39693358398661993
"('accommodate', np.int64(101))",accommodate,color,B,irrelevant,0.28352398856187133,color,0.28352398856187133
"('accommodate', np.int64(101))",accommodate,wing,T,relevant,0.8505719656856141,color,0.8505719656856141
"('accommodate', np.int64(102))",accommodate,tail,S,relevant,0.27500954910846337,wing,0.27500954910846337
"('accommodate', np.int64(102))",accommodate,color,B,relevant,0.6416889479197478,wing,0.6416889479197478
"('accommodate', np.int64(102))",accommodate,wing,T,irrelevant,-0.09166984970282112,wing,0.09166984970282112
"('accommodate', np.int64(103))",accommodate,tail,C,irrelevant,-0.3617873026462108,tail,0.3617873026462108
"('accommodate', np.int64(103))",accommodate,color,Y,relevant,0.6512171447631795,tail,0.6512171447631795
"('accommodate', np.int64(103))",accommodate,wing,N,relevant,0.6512171447631795,tail,0.6512171447631795
"('accommodate', np.int64(104))",accommodate,tail,S,relevant,-0.2581988897471611,wing,0.2581988897471611
"('accommodate', np.int64(104))",accommodate,color,B,relevant,0.4303314829119351,wing,0.4303314829119351
"('accommodate', np.int64(104))",accommodate,wing,T,irrelevant,0.7745966692414833,wing,0.7745966692414833
"('accommodate', np.int64(105))",accommodate,tail,C,relevant,0.43905703995876133,color,0.43905703995876133
"('accommodate', np.int64(105))",accommodate,color,Y,irrelevant,0.0,color,0.0
"('accommodate', np.int64(105))",accommodate,wing,T,relevant,0.8781140799175227,color,0.8781140799175227
"('accommodate', np.int64(106))",accommodate,tail,S,relevant,0.8333333333333333,wing,0.8333333333333333
"('accommodate', np.int64(106))",accommodate,color,B,relevant,0.3333333333333333,wing,0.3333333333333333
"('accommodate', np.int64(106))",accommodate,wing,N,irrelevant,-0.16666666666666666,wing,0.16666666666666666
"('accommodate', np.int64(107))",accommodate,tail,C,irrelevant,0.20851441405707474,tail,0.20851441405707474
"('accommodate', np.int64(107))",accommodate,color,Y,relevant,0.6255432421712243,tail,0.6255432421712243
"('accommodate', np.int64(107))",accommodate,wing,N,relevant,0.20851441405707474,tail,0.20851441405707474
"('accommodate', np.int64(108))",accommodate,tail,S,relevant,0.8867963503478637,wing,0.8867963503478637
"('accommodate', np.int64(108))",accommodate,color,B,relevant,-0.0985329278164293,wing,0.0985329278164293
"('accommodate', np.int64(108))",accommodate,wing,T,irrelevant,0.2955987834492879,wing,0.2955987834492879
"('accommodate', np.int64(109))",accommodate,tail,C,relevant,0.1072112534837795,color,0.1072112534837795
"('accommodate', np.int64(109))",accommodate,color,Y,irrelevant,0.1072112534837795,color,0.1072112534837795
"('accommodate', np.int64(109))",accommodate,wing,T,relevant,0.9649012813540152,color,0.9649012813540152
"('accommodate', np.int64(110))",accommodate,tail,S,relevant,-0.37796447300922714,wing,0.37796447300922714
"('accommodate', np.int64(110))",accommodate,color,B,relevant,0.37796447300922714,wing,0.37796447300922714
"('accommodate', np.int64(110))",accommodate,wing,T,irrelevant,0.8315218406202998,wing,0.8315218406202998
"('accommodate', np.int64(111))",accommodate,tail,S,irrelevant,0.6964409092807232,tail,0.6964409092807232
"('accommodate', np.int64(111))",accommodate,color,Y,relevant,0.23214696976024105,tail,0.23214696976024105
"('accommodate', np.int64(111))",accommodate,wing,N,relevant,0.5416762627738958,tail,0.5416762627738958
"('accommodate', np.int64(112))",accommodate,tail,S,relevant,-0.6741998624632419,wing,0.6741998624632419
"('accommodate', np.int64(112))",accommodate,color,B,relevant,-0.1348399724926484,wing,0.1348399724926484
"('accommodate', np.int64(112))",accommodate,wing,T,irrelevant,-0.6741998624632419,wing,0.6741998624632419
"('accommodate', np.int64(114))",accommodate,tail,S,relevant,0.408248290463863,wing,0.408248290463863
"('accommodate', np.int64(114))",accommodate,color,B,relevant,0.816496580927726,wing,0.816496580927726
"('accommodate', np.int64(114))",accommodate,wing,T,irrelevant,0.0,wing,0.0
"('accommodate', np.int64(115))",accommodate,tail,C,irrelevant,-0.1259881576697424,tail,0.1259881576697424
"('accommodate', np.int64(115))",accommodate,color,Y,relevant,0.37796447300922725,tail,0.37796447300922725
"('accommodate', np.int64(115))",accommodate,wing,N,relevant,0.8819171036881969,tail,0.8819171036881969
"('accommodate', np.int64(116))",accommodate,tail,S,relevant,0.4303314829119351,wing,0.4303314829119351
"('accommodate', np.int64(116))",accommodate,color,B,relevant,-0.2581988897471611,wing,0.2581988897471611
"('accommodate', np.int64(116))",accommodate,wing,T,irrelevant,0.08606629658238704,wing,0.08606629658238704
"('accommodate', np.int64(117))",accommodate,tail,C,relevant,0.23649188492020104,color,0.23649188492020104
"('accommodate', np.int64(117))",accommodate,color,Y,irrelevant,-0.14189513095212064,color,0.14189513095212064
"('accommodate', np.int64(117))",accommodate,wing,T,relevant,0.8986691626967639,color,0.8986691626967639
"('accommodate', np.int64(118))",accommodate,tail,S,relevant,0.0,wing,0.0
"('accommodate', np.int64(118))",accommodate,color,B,relevant,0.3779644730092272,wing,0.3779644730092272
"('accommodate', np.int64(118))",accommodate,wing,T,irrelevant,-0.3779644730092272,wing,0.3779644730092272
"('accommodate', np.int64(119))",accommodate,tail,S,irrelevant,-0.28724249481071296,tail,0.28724249481071296
"('accommodate', np.int64(119))",accommodate,color,Y,relevant,0.40213949273499827,tail,0.40213949273499827
"('accommodate', np.int64(119))",accommodate,wing,N,relevant,-0.8617274844321391,tail,0.8617274844321391
"('accommodate', np.int64(120))",accommodate,tail,S,relevant,0.6512171447631795,wing,0.6512171447631795
"('accommodate', np.int64(120))",accommodate,color,B,relevant,0.3617873026462108,wing,0.3617873026462108
"('accommodate', np.int64(120))",accommodate,wing,N,irrelevant,-0.3617873026462108,wing,0.3617873026462108
"('accommodate', np.int64(121))",accommodate,tail,C,relevant,0.28867513459481287,color,0.28867513459481287
"('accommodate', np.int64(121))",accommodate,color,B,irrelevant,-0.14433756729740643,color,0.14433756729740643
"('accommodate', np.int64(121))",accommodate,wing,T,relevant,0.8660254037844386,color,0.8660254037844386
"('accommodate', np.int64(122))",accommodate,tail,S,relevant,-0.15075567228888181,wing,0.15075567228888181
"('accommodate', np.int64(122))",accommodate,color,B,relevant,0.7537783614444089,wing,0.7537783614444089
"('accommodate', np.int64(122))",accommodate,wing,N,irrelevant,-0.4522670168666454,wing,0.4522670168666454
"('accommodate', np.int64(123))",accommodate,tail,C,irrelevant,-0.4999999999999999,tail,0.4999999999999999
"('accommodate', np.int64(123))",accommodate,color,Y,relevant,0.0,tail,0.0
"('accommodate', np.int64(123))",accommodate,wing,N,relevant,0.0,tail,0.0
"('accommodate', np.int64(124))",accommodate,tail,S,relevant,0.8488746876271654,wing,0.8488746876271654
"('accommodate', np.int64(124))",accommodate,color,B,relevant,0.12126781251816648,wing,0.12126781251816648
"('accommodate', np.int64(124))",accommodate,wing,N,irrelevant,0.36380343755449945,wing,0.36380343755449945
"('accommodate', np.int64(125))",accommodate,tail,C,relevant,-0.1072112534837795,color,0.1072112534837795
"('accommodate', np.int64(125))",accommodate,color,Y,irrelevant,0.9649012813540152,color,0.9649012813540152
"('accommodate', np.int64(125))",accommodate,wing,T,relevant,0.1072112534837795,color,0.1072112534837795
"('accommodate', np.int64(126))",accommodate,tail,S,relevant,-0.5345224838248487,wing,0.5345224838248487
"('accommodate', np.int64(126))",accommodate,color,B,relevant,0.13363062095621217,wing,0.13363062095621217
"('accommodate', np.int64(126))",accommodate,wing,T,irrelevant,0.8017837257372731,wing,0.8017837257372731
"('accommodate', np.int64(127))",accommodate,tail,C,irrelevant,0.20459830184114206,tail,0.20459830184114206
"('accommodate', np.int64(127))",accommodate,color,Y,relevant,-0.3409971697352367,tail,0.3409971697352367
"('accommodate', np.int64(127))",accommodate,wing,N,relevant,-0.7501937734175209,tail,0.7501937734175209
"('accommodate', np.int64(128))",accommodate,tail,S,relevant,0.0553001263609331,wing,0.0553001263609331
"('accommodate', np.int64(128))",accommodate,color,B,relevant,0.4977011372483978,wing,0.4977011372483978
"('accommodate', np.int64(128))",accommodate,wing,T,irrelevant,0.8295018954139964,wing,0.8295018954139964
"('accommodate', np.int64(129))",accommodate,tail,C,relevant,0.16666666666666666,color,0.16666666666666666
"('accommodate', np.int64(129))",accommodate,color,Y,irrelevant,-0.16666666666666666,color,0.16666666666666666
"('accommodate', np.int64(129))",accommodate,wing,T,relevant,0.8333333333333333,color,0.8333333333333333
"('accommodate', np.int64(130))",accommodate,tail,S,relevant,0.10259783520851538,wing,0.10259783520851538
"('accommodate', np.int64(130))",accommodate,color,B,relevant,0.9233805168766386,wing,0.9233805168766386
"('accommodate', np.int64(130))",accommodate,wing,T,irrelevant,0.20519567041703077,wing,0.20519567041703077
"('accommodate', np.int64(131))",accommodate,tail,C,irrelevant,0.6999132392733556,tail,0.6999132392733556
"('accommodate', np.int64(131))",accommodate,color,Y,relevant,0.31814238148788887,tail,0.31814238148788887
"('accommodate', np.int64(131))",accommodate,wing,N,relevant,0.44539933408304444,tail,0.44539933408304444
"('accommodate', np.int64(132))",accommodate,tail,S,relevant,0.736321040510724,wing,0.736321040510724
"('accommodate', np.int64(132))",accommodate,color,B,relevant,0.24544034683690796,wing,0.24544034683690796
"('accommodate', np.int64(132))",accommodate,wing,T,irrelevant,0.1472642081021448,wing,0.1472642081021448
"('accommodate', np.int64(133))",accommodate,tail,C,relevant,-0.18786728732554484,color,0.18786728732554484
"('accommodate', np.int64(133))",accommodate,color,B,irrelevant,-0.06262242910851495,color,0.06262242910851495
"('accommodate', np.int64(133))",accommodate,wing,T,relevant,0.9393364366277241,color,0.9393364366277241
"('accommodate', np.int64(134))",accommodate,tail,S,relevant,-0.0773823232534137,wing,0.0773823232534137
"('accommodate', np.int64(134))",accommodate,color,B,relevant,0.3869116162670684,wing,0.3869116162670684
"('accommodate', np.int64(134))",accommodate,wing,T,irrelevant,0.8512055557875506,wing,0.8512055557875506
"('accommodate', np.int64(135))",accommodate,tail,C,irrelevant,0.2503130871608794,tail,0.2503130871608794
"('accommodate', np.int64(135))",accommodate,color,Y,relevant,0.5506887917539347,tail,0.5506887917539347
"('accommodate', np.int64(135))",accommodate,wing,N,relevant,0.7509392614826382,tail,0.7509392614826382
"('accommodate', np.int64(136))",accommodate,tail,S,relevant,0.5388159060803247,wing,0.5388159060803247
"('accommodate', np.int64(136))",accommodate,color,B,relevant,0.5388159060803247,wing,0.5388159060803247
"('accommodate', np.int64(136))",accommodate,wing,T,irrelevant,-0.17960530202677488,wing,0.17960530202677488
"('accommodate', np.int64(137))",accommodate,tail,C,relevant,-0.1348399724926484,color,0.1348399724926484
"('accommodate', np.int64(137))",accommodate,color,B,irrelevant,0.2696799449852968,color,0.2696799449852968
"('accommodate', np.int64(137))",accommodate,wing,T,relevant,0.8090398349558904,color,0.8090398349558904
"('accommodate', np.int64(138))",accommodate,tail,S,relevant,0.3475240234284579,wing,0.3475240234284579
"('accommodate', np.int64(138))",accommodate,color,B,relevant,0.7645528515426075,wing,0.7645528515426075
"('accommodate', np.int64(138))",accommodate,wing,T,irrelevant,0.06950480468569159,wing,0.06950480468569159
"('accommodate', np.int64(139))",accommodate,tail,C,irrelevant,0.1072112534837795,tail,0.1072112534837795
"('accommodate', np.int64(139))",accommodate,color,Y,relevant,0.32163376045133846,tail,0.32163376045133846
"('accommodate', np.int64(139))",accommodate,wing,N,relevant,0.7504787743864565,tail,0.7504787743864565
"('accommodate', np.int64(140))",accommodate,tail,S,relevant,0.09805806756909201,wing,0.09805806756909201
"('accommodate', np.int64(140))",accommodate,color,B,relevant,0.0,wing,0.0
"('accommodate', np.int64(140))",accommodate,wing,T,irrelevant,0.98058067569092,wing,0.98058067569092
"('accommodate', np.int64(141))",accommodate,tail,C,relevant,0.32163376045133846,color,0.32163376045133846
"('accommodate', np.int64(141))",accommodate,color,Y,irrelevant,-0.1072112534837795,color,0.1072112534837795
"('accommodate', np.int64(141))",accommodate,wing,T,relevant,0.7504787743864565,color,0.7504787743864565
"('accommodate', np.int64(142))",accommodate,tail,S,relevant,0.9999999999999998,wing,0.9999999999999998
"('accommodate', np.int64(142))",accommodate,color,B,relevant,0.0,wing,0.0
"('accommodate', np.int64(142))",accommodate,wing,T,irrelevant,0.0,wing,0.0
"('accommodate', np.int64(143))",accommodate,tail,C,irrelevant,0.4743416490252569,tail,0.4743416490252569
"('accommodate', np.int64(143))",accommodate,color,Y,relevant,0.7905694150420947,tail,0.7905694150420947
"('accommodate', np.int64(143))",accommodate,wing,N,relevant,0.15811388300841894,tail,0.15811388300841894
"('accommodate', np.int64(144))",accommodate,tail,S,relevant,-0.11785113019775789,wing,0.11785113019775789
"('accommodate', np.int64(144))",accommodate,color,B,relevant,0.11785113019775789,wing,0.11785113019775789
"('accommodate', np.int64(144))",accommodate,wing,N,irrelevant,0.9428090415820631,wing,0.9428090415820631
"('accommodate', np.int64(145))",accommodate,tail,C,relevant,0.7624928516630233,color,0.7624928516630233
"('accommodate', np.int64(145))",accommodate,color,B,irrelevant,0.15249857033260467,color,0.15249857033260467
"('accommodate', np.int64(145))",accommodate,wing,T,relevant,0.6099942813304187,color,0.6099942813304187
"('accommodate', np.int64(146))",accommodate,tail,S,relevant,0.5601120336112039,wing,0.5601120336112039
"('accommodate', np.int64(146))",accommodate,color,B,relevant,0.5601120336112039,wing,0.5601120336112039
"('accommodate', np.int64(146))",accommodate,wing,N,irrelevant,0.5601120336112039,wing,0.5601120336112039
"('accommodate', np.int64(147))",accommodate,tail,C,irrelevant,-0.1072112534837795,tail,0.1072112534837795
"('accommodate', np.int64(147))",accommodate,color,Y,relevant,-0.5360562674188974,tail,0.5360562674188974
"('accommodate', np.int64(147))",accommodate,wing,N,relevant,0.7504787743864565,tail,0.7504787743864565
"('accommodate', np.int64(148))",accommodate,tail,S,relevant,-0.9486832980505138,wing,0.9486832980505138
"('accommodate', np.int64(148))",accommodate,color,B,relevant,0.15811388300841894,wing,0.15811388300841894
"('accommodate', np.int64(148))",accommodate,wing,N,irrelevant,-0.15811388300841894,wing,0.15811388300841894
"('accommodate', np.int64(149))",accommodate,tail,C,relevant,0.2699746235780194,color,0.2699746235780194
"('accommodate', np.int64(149))",accommodate,color,B,irrelevant,0.16198477414681164,color,0.16198477414681164
"('accommodate', np.int64(149))",accommodate,wing,T,relevant,0.9179137201652661,color,0.9179137201652661
"('accommodate', np.int64(150))",accommodate,tail,S,relevant,-0.28867513459481287,wing,0.28867513459481287
"('accommodate', np.int64(150))",accommodate,color,B,relevant,0.14433756729740643,wing,0.14433756729740643
"('accommodate', np.int64(150))",accommodate,wing,T,irrelevant,0.721687836487032,wing,0.721687836487032
"('accommodate', np.int64(151))",accommodate,tail,S,irrelevant,,tail,
"('accommodate', np.int64(151))",accommodate,color,Y,relevant,,tail,
"('accommodate', np.int64(151))",accommodate,wing,N,relevant,,tail,
"('accommodate', np.int64(152))",accommodate,tail,S,relevant,0.8131433980500301,wing,0.8131433980500301
"('accommodate', np.int64(152))",accommodate,color,B,relevant,-0.517454889668201,wing,0.517454889668201
"('accommodate', np.int64(152))",accommodate,wing,N,irrelevant,-0.07392212709545729,wing,0.07392212709545729
"('accommodate', np.int64(153))",accommodate,tail,C,relevant,0.8006407690254356,color,0.8006407690254356
"('accommodate', np.int64(153))",accommodate,color,B,irrelevant,0.48038446141526137,color,0.48038446141526137
"('accommodate', np.int64(153))",accommodate,wing,T,relevant,0.16012815380508713,color,0.16012815380508713
"('accommodate', np.int64(154))",accommodate,tail,S,relevant,0.2696799449852968,wing,0.2696799449852968
"('accommodate', np.int64(154))",accommodate,color,B,relevant,0.6741998624632419,wing,0.6741998624632419
"('accommodate', np.int64(154))",accommodate,wing,T,irrelevant,0.6741998624632419,wing,0.6741998624632419
"('accommodate', np.int64(155))",accommodate,tail,C,irrelevant,0.19405386820594528,tail,0.19405386820594528
"('accommodate', np.int64(155))",accommodate,color,Y,relevant,0.7115308500884661,tail,0.7115308500884661
"('accommodate', np.int64(155))",accommodate,wing,N,relevant,0.5821616046178358,tail,0.5821616046178358
"('accommodate', np.int64(156))",accommodate,tail,S,relevant,0.7499999999999999,wing,0.7499999999999999
"('accommodate', np.int64(156))",accommodate,color,B,relevant,0.24999999999999994,wing,0.24999999999999994
"('accommodate', np.int64(156))",accommodate,wing,T,irrelevant,0.4999999999999999,wing,0.4999999999999999
"('accommodate', np.int64(157))",accommodate,tail,C,relevant,0.5163977794943222,color,0.5163977794943222
"('accommodate', np.int64(157))",accommodate,color,B,irrelevant,0.2581988897471611,color,0.2581988897471611
"('accommodate', np.int64(157))",accommodate,wing,T,relevant,0.7745966692414833,color,0.7745966692414833
"('accommodate', np.int64(158))",accommodate,tail,S,relevant,-0.08606629658238704,wing,0.08606629658238704
"('accommodate', np.int64(158))",accommodate,color,B,relevant,0.6024640760767094,wing,0.6024640760767094
"('accommodate', np.int64(158))",accommodate,wing,N,irrelevant,0.4303314829119351,wing,0.4303314829119351
"('accommodate', np.int64(159))",accommodate,tail,C,irrelevant,0.37796447300922725,tail,0.37796447300922725
"('accommodate', np.int64(159))",accommodate,color,Y,relevant,0.7559289460184545,tail,0.7559289460184545
"('accommodate', np.int64(159))",accommodate,wing,N,relevant,0.37796447300922725,tail,0.37796447300922725
"('accommodate', np.int64(160))",accommodate,tail,S,relevant,0.5360562674188974,wing,0.5360562674188974
"('accommodate', np.int64(160))",accommodate,color,B,relevant,0.5360562674188974,wing,0.5360562674188974
"('accommodate', np.int64(160))",accommodate,wing,N,irrelevant,0.1072112534837795,wing,0.1072112534837795
"('accommodate', np.int64(161))",accommodate,tail,C,relevant,-0.5933908290969266,color,0.5933908290969266
"('accommodate', np.int64(161))",accommodate,color,B,irrelevant,0.11867816581938533,color,0.11867816581938533
"('accommodate', np.int64(161))",accommodate,wing,T,relevant,-0.356034497458156,color,0.356034497458156
"('accommodate', np.int64(162))",accommodate,tail,S,relevant,0.3535533905932738,wing,0.3535533905932738
"('accommodate', np.int64(162))",accommodate,color,B,relevant,-0.3535533905932738,wing,0.3535533905932738
"('accommodate', np.int64(162))",accommodate,wing,T,irrelevant,-0.7071067811865476,wing,0.7071067811865476
"('accommodate', np.int64(163))",accommodate,tail,S,irrelevant,0.08362420100070907,tail,0.08362420100070907
"('accommodate', np.int64(163))",accommodate,color,Y,relevant,0.5853694070049634,tail,0.5853694070049634
"('accommodate', np.int64(163))",accommodate,wing,N,relevant,-0.4181210050035453,tail,0.4181210050035453
"('accommodate', np.int64(164))",accommodate,tail,S,relevant,,wing,
"('accommodate', np.int64(164))",accommodate,color,B,relevant,,wing,
"('accommodate', np.int64(164))",accommodate,wing,N,irrelevant,,wing,
"('accommodate', np.int64(165))",accommodate,tail,C,relevant,0.21320071635561041,color,0.21320071635561041
"('accommodate', np.int64(165))",accommodate,color,Y,irrelevant,0.21320071635561041,color,0.21320071635561041
"('accommodate', np.int64(165))",accommodate,wing,T,relevant,0.8528028654224417,color,0.8528028654224417
"('accommodate', np.int64(166))",accommodate,tail,S,relevant,-0.08606629658238704,wing,0.08606629658238704
"('accommodate', np.int64(166))",accommodate,color,B,relevant,0.9467292624062574,wing,0.9467292624062574
"('accommodate', np.int64(166))",accommodate,wing,N,irrelevant,0.08606629658238704,wing,0.08606629658238704
"('accommodate', np.int64(167))",accommodate,tail,C,irrelevant,0.4999999999999999,tail,0.4999999999999999
"('accommodate', np.int64(167))",accommodate,color,Y,relevant,0.24999999999999994,tail,0.24999999999999994
"('accommodate', np.int64(167))",accommodate,wing,N,relevant,-0.24999999999999994,tail,0.24999999999999994
"('accommodate', np.int64(168))",accommodate,tail,S,relevant,0.40213949273499827,wing,0.40213949273499827
"('accommodate', np.int64(168))",accommodate,color,B,relevant,0.7468304865078538,wing,0.7468304865078538
"('accommodate', np.int64(168))",accommodate,wing,T,irrelevant,0.1723454968864278,wing,0.1723454968864278
"('accommodate', np.int64(169))",accommodate,tail,C,relevant,0.457495710997814,color,0.457495710997814
"('accommodate', np.int64(169))",accommodate,color,Y,irrelevant,0.30499714066520933,color,0.30499714066520933
"('accommodate', np.int64(169))",accommodate,wing,T,relevant,0.7624928516630233,color,0.7624928516630233
"('accommodate', np.int64(170))",accommodate,tail,S,relevant,0.22360679774997896,wing,0.22360679774997896
"('accommodate', np.int64(170))",accommodate,color,B,relevant,0.4472135954999579,wing,0.4472135954999579
"('accommodate', np.int64(170))",accommodate,wing,N,irrelevant,0.7826237921249264,wing,0.7826237921249264
"('accommodate', np.int64(171))",accommodate,tail,C,irrelevant,0.5163977794943222,tail,0.5163977794943222
"('accommodate', np.int64(171))",accommodate,color,Y,relevant,0.7745966692414833,tail,0.7745966692414833
"('accommodate', np.int64(171))",accommodate,wing,N,relevant,0.2581988897471611,tail,0.2581988897471611
"('accommodate', np.int64(172))",accommodate,tail,S,relevant,0.9045340337332908,wing,0.9045340337332908
"('accommodate', np.int64(172))",accommodate,color,B,relevant,0.0,wing,0.0
"('accommodate', np.int64(172))",accommodate,wing,N,irrelevant,0.30151134457776363,wing,0.30151134457776363
"('accommodate', np.int64(173))",accommodate,tail,C,relevant,-0.17960530202677488,color,0.17960530202677488
"('accommodate', np.int64(173))",accommodate,color,Y,irrelevant,0.17960530202677488,color,0.17960530202677488
"('accommodate', np.int64(173))",accommodate,wing,T,relevant,0.8980265101338744,color,0.8980265101338744
"('accommodate', np.int64(174))",accommodate,tail,S,relevant,-0.5773502691896257,wing,0.5773502691896257
"('accommodate', np.int64(174))",accommodate,color,B,relevant,0.5773502691896257,wing,0.5773502691896257
"('accommodate', np.int64(174))",accommodate,wing,N,irrelevant,-0.5773502691896257,wing,0.5773502691896257
"('accommodate', np.int64(175))",accommodate,tail,C,irrelevant,0.08873565094161137,tail,0.08873565094161137
"('accommodate', np.int64(175))",accommodate,color,Y,relevant,0.08873565094161137,tail,0.08873565094161137
"('accommodate', np.int64(175))",accommodate,wing,N,relevant,0.7986208584745021,tail,0.7986208584745021
"('accommodate', np.int64(176))",accommodate,tail,S,relevant,0.07392212709545729,wing,0.07392212709545729
"('accommodate', np.int64(176))",accommodate,color,B,relevant,0.07392212709545729,wing,0.07392212709545729
"('accommodate', np.int64(176))",accommodate,wing,N,irrelevant,0.9609876522409447,wing,0.9609876522409447
"('accommodate', np.int64(177))",accommodate,tail,C,relevant,-0.25286086871208674,color,0.25286086871208674
"('accommodate', np.int64(177))",accommodate,color,B,irrelevant,0.1517165212272521,color,0.1517165212272521
"('accommodate', np.int64(177))",accommodate,wing,T,relevant,0.7585826061362604,color,0.7585826061362604
"('accommodate', np.int64(178))",accommodate,tail,S,relevant,0.0,wing,0.0
"('accommodate', np.int64(178))",accommodate,color,B,relevant,0.9045340337332908,wing,0.9045340337332908
"('accommodate', np.int64(178))",accommodate,wing,N,irrelevant,-0.30151134457776363,wing,0.30151134457776363
"('accommodate', np.int64(179))",accommodate,tail,S,irrelevant,,tail,
"('accommodate', np.int64(179))",accommodate,color,Y,relevant,,tail,
"('accommodate', np.int64(179))",accommodate,wing,N,relevant,,tail,
"('accommodate', np.int64(180))",accommodate,tail,S,relevant,0.27500954910846337,wing,0.27500954910846337
"('accommodate', np.int64(180))",accommodate,color,B,relevant,0.6416889479197478,wing,0.6416889479197478
"('accommodate', np.int64(180))",accommodate,wing,T,irrelevant,0.4583492485141056,wing,0.4583492485141056
"('accommodate', np.int64(181))",accommodate,tail,C,relevant,0.6416889479197478,color,0.6416889479197478
"('accommodate', np.int64(181))",accommodate,color,Y,irrelevant,0.27500954910846337,color,0.27500954910846337
"('accommodate', np.int64(181))",accommodate,wing,T,relevant,0.6416889479197478,color,0.6416889479197478
"('accommodate', np.int64(183))",accommodate,tail,S,irrelevant,0.16012815380508713,tail,0.16012815380508713
"('accommodate', np.int64(183))",accommodate,color,Y,relevant,0.6405126152203485,tail,0.6405126152203485
"('accommodate', np.int64(183))",accommodate,wing,N,relevant,0.6405126152203485,tail,0.6405126152203485
"('accommodate', np.int64(184))",accommodate,tail,S,relevant,0.0,wing,0.0
"('accommodate', np.int64(184))",accommodate,color,B,relevant,0.4999999999999999,wing,0.4999999999999999
"('accommodate', np.int64(184))",accommodate,wing,T,irrelevant,0.4999999999999999,wing,0.4999999999999999
"('accommodate', np.int64(185))",accommodate,tail,C,relevant,-0.24413653763134785,color,0.24413653763134785
"('accommodate', np.int64(185))",accommodate,color,B,irrelevant,0.08137884587711594,color,0.08137884587711594
"('accommodate', np.int64(185))",accommodate,wing,T,relevant,0.8951673046482754,color,0.8951673046482754
"('accommodate', np.int64(187))",accommodate,tail,C,irrelevant,-0.24999999999999994,tail,0.24999999999999994
"('accommodate', np.int64(187))",accommodate,color,Y,relevant,0.7499999999999999,tail,0.7499999999999999
"('accommodate', np.int64(187))",accommodate,wing,N,relevant,0.24999999999999994,tail,0.24999999999999994
"('accommodate', np.int64(188))",accommodate,tail,S,relevant,-0.9801960588196068,wing,0.9801960588196068
"('accommodate', np.int64(188))",accommodate,color,B,relevant,0.0,wing,0.0
"('accommodate', np.int64(188))",accommodate,wing,N,irrelevant,0.0,wing,0.0
"('accommodate', np.int64(189))",accommodate,tail,C,relevant,0.5773502691896257,color,0.5773502691896257
"('accommodate', np.int64(189))",accommodate,color,Y,irrelevant,-0.19245008972987523,color,0.19245008972987523
"('accommodate', np.int64(189))",accommodate,wing,T,relevant,0.7698003589195009,color,0.7698003589195009
"('accommodate', np.int64(190))",accommodate,tail,S,relevant,0.5549637743803866,wing,0.5549637743803866
"('accommodate', np.int64(190))",accommodate,color,B,relevant,0.8016143407716695,wing,0.8016143407716695
"('accommodate', np.int64(190))",accommodate,wing,N,irrelevant,0.06166264159782073,wing,0.06166264159782073
"('accommodate', np.int64(191))",accommodate,tail,C,irrelevant,0.0,tail,0.0
"('accommodate', np.int64(191))",accommodate,color,Y,relevant,0.0,tail,0.0
"('accommodate', np.int64(191))",accommodate,wing,N,relevant,1.0,tail,1.0
"('accommodate', np.int64(192))",accommodate,tail,S,relevant,0.39056673294247163,wing,0.39056673294247163
"('accommodate', np.int64(192))",accommodate,color,B,relevant,0.5207556439232954,wing,0.5207556439232954
"('accommodate', np.int64(192))",accommodate,wing,N,irrelevant,0.5207556439232954,wing,0.5207556439232954
"('accommodate', np.int64(193))",accommodate,tail,C,relevant,0.0,color,0.0
"('accommodate', np.int64(193))",accommodate,color,B,irrelevant,0.0,color,0.0
"('accommodate', np.int64(193))",accommodate,wing,T,relevant,0.9999999999999998,color,0.9999999999999998
"('accommodate', np.int64(194))",accommodate,tail,S,relevant,0.2581988897471611,wing,0.2581988897471611
"('accommodate', np.int64(194))",accommodate,color,B,relevant,0.2581988897471611,wing,0.2581988897471611
"('accommodate', np.int64(194))",accommodate,wing,N,irrelevant,0.2581988897471611,wing,0.2581988897471611
"('accommodate', np.int64(195))",accommodate,tail,S,irrelevant,0.11250879009260238,tail,0.11250879009260238
"('accommodate', np.int64(195))",accommodate,color,Y,relevant,0.7875615306482168,tail,0.7875615306482168
"('accommodate', np.int64(195))",accommodate,wing,N,relevant,-0.562543950463012,tail,0.562543950463012
"('accommodate', np.int64(196))",accommodate,tail,S,relevant,0.3289758474798844,wing,0.3289758474798844
"('accommodate', np.int64(196))",accommodate,color,B,relevant,0.8553372034476995,wing,0.8553372034476995
"('accommodate', np.int64(196))",accommodate,wing,N,irrelevant,-0.06579516949597689,wing,0.06579516949597689
"('accommodate', np.int64(197))",accommodate,tail,C,relevant,0.4522670168666454,color,0.4522670168666454
"('accommodate', np.int64(197))",accommodate,color,B,irrelevant,-0.6030226891555273,color,0.6030226891555273
"('accommodate', np.int64(197))",accommodate,wing,T,relevant,0.6030226891555273,color,0.6030226891555273
"('accommodate', np.int64(198))",accommodate,tail,S,relevant,0.6211495565912796,wing,0.6211495565912796
"('accommodate', np.int64(198))",accommodate,color,B,relevant,0.6211495565912796,wing,0.6211495565912796
"('accommodate', np.int64(198))",accommodate,wing,N,irrelevant,0.2662069528248341,wing,0.2662069528248341
"('accommodate', np.int64(199))",accommodate,tail,C,irrelevant,0.0,tail,0.0
"('accommodate', np.int64(199))",accommodate,color,Y,relevant,0.14002800840280097,tail,0.14002800840280097
"('accommodate', np.int64(199))",accommodate,wing,N,relevant,0.9801960588196068,tail,0.9801960588196068
"('accommodate', np.int64(200))",accommodate,tail,S,relevant,0.5696519211398117,wing,0.5696519211398117
"('accommodate', np.int64(200))",accommodate,color,B,relevant,0.24413653763134785,wing,0.24413653763134785
"('accommodate', np.int64(200))",accommodate,wing,N,irrelevant,0.24413653763134785,wing,0.24413653763134785
"('accommodate', np.int64(201))",accommodate,tail,C,relevant,-0.16012815380508713,color,0.16012815380508713
"('accommodate', np.int64(201))",accommodate,color,B,irrelevant,0.0,color,0.0
"('accommodate', np.int64(201))",accommodate,wing,T,relevant,0.16012815380508713,color,0.16012815380508713
"('accommodate', np.int64(202))",accommodate,tail,S,relevant,0.0,wing,0.0
"('accommodate', np.int64(202))",accommodate,color,B,relevant,0.9438798074485388,wing,0.9438798074485388
"('accommodate', np.int64(202))",accommodate,wing,N,irrelevant,-0.1348399724926484,wing,0.1348399724926484
"('accommodate', np.int64(203))",accommodate,tail,S,irrelevant,0.408248290463863,tail,0.408248290463863
"('accommodate', np.int64(203))",accommodate,color,Y,relevant,0.408248290463863,tail,0.408248290463863
"('accommodate', np.int64(203))",accommodate,wing,N,relevant,0.816496580927726,tail,0.816496580927726
"('accommodate', np.int64(204))",accommodate,tail,S,relevant,0.0,wing,0.0
"('accommodate', np.int64(204))",accommodate,color,B,relevant,0.5773502691896257,wing,0.5773502691896257
"('accommodate', np.int64(204))",accommodate,wing,T,irrelevant,-0.19245008972987523,wing,0.19245008972987523
"('accommodate', np.int64(205))",accommodate,tail,C,relevant,0.0,color,0.0
"('accommodate', np.int64(205))",accommodate,color,Y,irrelevant,0.0,color,0.0
"('accommodate', np.int64(205))",accommodate,wing,T,relevant,0.970725343394151,color,0.970725343394151
"('accommodate', np.int64(206))",accommodate,tail,S,relevant,0.8307471607356973,wing,0.8307471607356973
"('accommodate', np.int64(206))",accommodate,color,B,relevant,0.23735633163877065,wing,0.23735633163877065
"('accommodate', np.int64(206))",accommodate,wing,N,irrelevant,0.356034497458156,wing,0.356034497458156
"('accommodate', np.int64(207))",accommodate,tail,S,irrelevant,0.35355339059327373,tail,0.35355339059327373
"('accommodate', np.int64(207))",accommodate,color,Y,relevant,0.7071067811865475,tail,0.7071067811865475
"('accommodate', np.int64(207))",accommodate,wing,N,relevant,0.5892556509887895,tail,0.5892556509887895
"('accommodate', np.int64(208))",accommodate,tail,S,relevant,0.4170288281141495,wing,0.4170288281141495
"('accommodate', np.int64(208))",accommodate,color,B,relevant,0.20851441405707474,wing,0.20851441405707474
"('accommodate', np.int64(208))",accommodate,wing,T,irrelevant,0.834057656228299,wing,0.834057656228299
"('accommodate', np.int64(209))",accommodate,tail,C,relevant,0.28867513459481287,color,0.28867513459481287
"('accommodate', np.int64(209))",accommodate,color,Y,irrelevant,0.4330127018922193,color,0.4330127018922193
"('accommodate', np.int64(209))",accommodate,wing,T,relevant,0.721687836487032,color,0.721687836487032
"('accommodate', np.int64(211))",accommodate,tail,S,irrelevant,0.0,tail,0.0
"('accommodate', np.int64(211))",accommodate,color,Y,relevant,0.816496580927726,tail,0.816496580927726
"('accommodate', np.int64(211))",accommodate,wing,N,relevant,0.408248290463863,tail,0.408248290463863
"('accommodate', np.int64(212))",accommodate,tail,S,relevant,0.36961063547728634,wing,0.36961063547728634
"('accommodate', np.int64(212))",accommodate,color,B,relevant,-0.22176638128637186,wing,0.22176638128637186
"('accommodate', np.int64(212))",accommodate,wing,N,irrelevant,-0.6652991438591155,wing,0.6652991438591155
"('accommodate', np.int64(213))",accommodate,tail,C,relevant,-0.20851441405707474,color,0.20851441405707474
"('accommodate', np.int64(213))",accommodate,color,Y,irrelevant,-0.6255432421712243,color,0.6255432421712243
"('accommodate', np.int64(213))",accommodate,wing,T,relevant,0.6255432421712243,color,0.6255432421712243
"('accommodate', np.int64(214))",accommodate,tail,S,relevant,0.08606629658238704,wing,0.08606629658238704
"('accommodate', np.int64(214))",accommodate,color,B,relevant,0.08606629658238704,wing,0.08606629658238704
"('accommodate', np.int64(214))",accommodate,wing,N,irrelevant,-0.7745966692414833,wing,0.7745966692414833
"('accommodate', np.int64(215))",accommodate,tail,S,irrelevant,0.06950480468569159,tail,0.06950480468569159
"('accommodate', np.int64(215))",accommodate,color,Y,relevant,0.9035624609139906,tail,0.9035624609139906
"('accommodate', np.int64(215))",accommodate,wing,N,relevant,0.3475240234284579,tail,0.3475240234284579
"('accommodate', np.int64(216))",accommodate,tail,S,relevant,0.7559289460184544,wing,0.7559289460184544
"('accommodate', np.int64(216))",accommodate,color,B,relevant,0.3779644730092272,wing,0.3779644730092272
"('accommodate', np.int64(216))",accommodate,wing,N,irrelevant,0.3779644730092272,wing,0.3779644730092272
"('accommodate', np.int64(217))",accommodate,tail,C,relevant,0.0,color,0.0
"('accommodate', np.int64(217))",accommodate,color,Y,irrelevant,0.0,color,0.0
"('accommodate', np.int64(217))",accommodate,wing,T,relevant,0.9449111825230679,color,0.9449111825230679
"('accommodate', np.int64(218))",accommodate,tail,S,relevant,0.1348399724926484,wing,0.1348399724926484
"('accommodate', np.int64(218))",accommodate,color,B,relevant,0.1348399724926484,wing,0.1348399724926484
"('accommodate', np.int64(218))",accommodate,wing,T,irrelevant,0.9438798074485388,wing,0.9438798074485388
"('accommodate', np.int64(219))",accommodate,tail,C,irrelevant,0.4181210050035453,tail,0.4181210050035453
"('accommodate', np.int64(219))",accommodate,color,Y,relevant,-0.08362420100070907,tail,0.08362420100070907
"('accommodate', np.int64(219))",accommodate,wing,N,relevant,-0.7526178090063815,tail,0.7526178090063815
"('accommodate', np.int64(220))",accommodate,tail,S,relevant,0.8819171036881969,wing,0.8819171036881969
"('accommodate', np.int64(220))",accommodate,color,B,relevant,0.37796447300922725,wing,0.37796447300922725
"('accommodate', np.int64(220))",accommodate,wing,N,irrelevant,-0.1259881576697424,wing,0.1259881576697424
"('predict', np.int64(1))",predict,tail,C,relevant,-0.11250879009260238,color,0.11250879009260238
"('predict', np.int64(1))",predict,color,Y,irrelevant,-0.11250879009260238,color,0.11250879009260238
"('predict', np.int64(1))",predict,wing,T,relevant,0.7875615306482168,color,0.7875615306482168
"('predict', np.int64(3))",predict,tail,C,irrelevant,-0.1348399724926484,tail,0.1348399724926484
"('predict', np.int64(3))",predict,color,Y,relevant,0.1348399724926484,tail,0.1348399724926484
"('predict', np.int64(3))",predict,wing,N,relevant,0.4045199174779452,tail,0.4045199174779452
"('predict', np.int64(4))",predict,tail,S,relevant,0.3535533905932738,wing,0.3535533905932738
"('predict', np.int64(4))",predict,color,B,relevant,0.7071067811865476,wing,0.7071067811865476
"('predict', np.int64(4))",predict,wing,T,irrelevant,0.5303300858899106,wing,0.5303300858899106
"('predict', np.int64(5))",predict,tail,C,relevant,0.0,color,0.0
"('predict', np.int64(5))",predict,color,Y,irrelevant,0.7001400420140048,color,0.7001400420140048
"('predict', np.int64(5))",predict,wing,T,relevant,0.7001400420140048,color,0.7001400420140048
"('predict', np.int64(6))",predict,tail,S,relevant,0.2170723815877265,wing,0.2170723815877265
"('predict', np.int64(6))",predict,color,B,relevant,0.9406469868801481,wing,0.9406469868801481
"('predict', np.int64(6))",predict,wing,T,irrelevant,0.2170723815877265,wing,0.2170723815877265
"('predict', np.int64(7))",predict,tail,S,irrelevant,,tail,
"('predict', np.int64(7))",predict,color,Y,relevant,,tail,
"('predict', np.int64(7))",predict,wing,N,relevant,,tail,
"('predict', np.int64(8))",predict,tail,S,relevant,0.396525792859072,wing,0.396525792859072
"('predict', np.int64(8))",predict,color,B,relevant,0.396525792859072,wing,0.396525792859072
"('predict', np.int64(8))",predict,wing,N,irrelevant,-0.396525792859072,wing,0.396525792859072
"('predict', np.int64(9))",predict,tail,C,relevant,0.7698003589195009,color,0.7698003589195009
"('predict', np.int64(9))",predict,color,B,irrelevant,0.19245008972987523,color,0.19245008972987523
"('predict', np.int64(9))",predict,wing,T,relevant,0.38490017945975047,color,0.38490017945975047
"('predict', np.int64(11))",predict,tail,S,irrelevant,0.35921060405354976,tail,0.35921060405354976
"('predict', np.int64(11))",predict,color,Y,relevant,0.7184212081070995,tail,0.7184212081070995
"('predict', np.int64(11))",predict,wing,N,relevant,0.17960530202677488,tail,0.17960530202677488
"('predict', np.int64(12))",predict,tail,S,relevant,-0.15659872529156416,wing,0.15659872529156416
"('predict', np.int64(12))",predict,color,B,relevant,-0.7829936264578208,wing,0.7829936264578208
"('predict', np.int64(12))",predict,wing,N,irrelevant,0.3653970256803164,wing,0.3653970256803164
"('predict', np.int64(14))",predict,tail,S,relevant,0.8980265101338744,wing,0.8980265101338744
"('predict', np.int64(14))",predict,color,B,relevant,-0.17960530202677488,wing,0.17960530202677488
"('predict', np.int64(14))",predict,wing,N,irrelevant,-0.17960530202677488,wing,0.17960530202677488
"('predict', np.int64(15))",predict,tail,C,irrelevant,0.07559289460184544,tail,0.07559289460184544
"('predict', np.int64(15))",predict,color,Y,relevant,-0.07559289460184544,tail,0.07559289460184544
"('predict', np.int64(15))",predict,wing,N,relevant,0.9827076298239906,tail,0.9827076298239906
"('predict', np.int64(16))",predict,tail,S,relevant,0.25819888974716104,wing,0.25819888974716104
"('predict', np.int64(16))",predict,color,B,relevant,0.5680375574437544,wing,0.5680375574437544
"('predict', np.int64(16))",predict,wing,T,irrelevant,0.6713171133426188,wing,0.6713171133426188
"('predict', np.int64(17))",predict,tail,C,relevant,0.808290376865476,color,0.808290376865476
"('predict', np.int64(17))",predict,color,B,irrelevant,0.0,color,0.0
"('predict', np.int64(17))",predict,wing,T,relevant,0.5773502691896256,color,0.5773502691896256
"('predict', np.int64(18))",predict,tail,S,relevant,-0.5551361100027009,wing,0.5551361100027009
"('predict', np.int64(18))",predict,color,B,relevant,0.7137464271463297,wing,0.7137464271463297
"('predict', np.int64(18))",predict,wing,T,irrelevant,0.396525792859072,wing,0.396525792859072
"('predict', np.int64(19))",predict,tail,S,irrelevant,-0.2581988897471611,tail,0.2581988897471611
"('predict', np.int64(19))",predict,color,Y,relevant,0.7745966692414833,tail,0.7745966692414833
"('predict', np.int64(19))",predict,wing,N,relevant,0.0,tail,0.0
"('predict', np.int64(20))",predict,tail,S,relevant,0.0,wing,0.0
"('predict', np.int64(20))",predict,color,B,relevant,0.9999999999999998,wing,0.9999999999999998
"('predict', np.int64(20))",predict,wing,N,irrelevant,0.0,wing,0.0
"('predict', np.int64(21))",predict,tail,C,relevant,0.0,color,0.0
"('predict', np.int64(21))",predict,color,Y,irrelevant,-0.457495710997814,color,0.457495710997814
"('predict', np.int64(21))",predict,wing,T,relevant,0.7624928516630233,color,0.7624928516630233
"('predict', np.int64(22))",predict,tail,S,relevant,0.3375263702778072,wing,0.3375263702778072
"('predict', np.int64(22))",predict,color,B,relevant,0.7875615306482168,wing,0.7875615306482168
"('predict', np.int64(22))",predict,wing,N,irrelevant,0.3375263702778072,wing,0.3375263702778072
"('predict', np.int64(24))",predict,tail,S,relevant,-0.42008402520840293,wing,0.42008402520840293
"('predict', np.int64(24))",predict,color,B,relevant,0.0,wing,0.0
"('predict', np.int64(24))",predict,wing,T,irrelevant,0.7001400420140048,wing,0.7001400420140048
"('predict', np.int64(25))",predict,tail,C,relevant,0.2508726030021272,color,0.2508726030021272
"('predict', np.int64(25))",predict,color,Y,irrelevant,0.08362420100070907,color,0.08362420100070907
"('predict', np.int64(25))",predict,wing,T,relevant,0.5853694070049634,color,0.5853694070049634
"('predict', np.int64(26))",predict,tail,S,relevant,0.2041241452319315,wing,0.2041241452319315
"('predict', np.int64(26))",predict,color,B,relevant,-0.408248290463863,wing,0.408248290463863
"('predict', np.int64(26))",predict,wing,N,irrelevant,-0.2041241452319315,wing,0.2041241452319315
"('predict', np.int64(27))",predict,tail,S,irrelevant,0.5388159060803247,tail,0.5388159060803247
"('predict', np.int64(27))",predict,color,Y,relevant,0.5388159060803247,tail,0.5388159060803247
"('predict', np.int64(27))",predict,wing,N,relevant,-0.5388159060803247,tail,0.5388159060803247
"('predict', np.int64(28))",predict,tail,S,relevant,-0.16012815380508713,wing,0.16012815380508713
"('predict', np.int64(28))",predict,color,B,relevant,0.8006407690254356,wing,0.8006407690254356
"('predict', np.int64(28))",predict,wing,T,irrelevant,0.16012815380508713,wing,0.16012815380508713
"('predict', np.int64(29))",predict,tail,C,relevant,0.36961063547728634,color,0.36961063547728634
"('predict', np.int64(29))",predict,color,B,irrelevant,-0.07392212709545729,color,0.07392212709545729
"('predict', np.int64(29))",predict,wing,T,relevant,0.8131433980500301,color,0.8131433980500301
"('predict', np.int64(30))",predict,tail,S,relevant,0.45883146774112354,wing,0.45883146774112354
"('predict', np.int64(30))",predict,color,B,relevant,-0.22941573387056177,wing,0.22941573387056177
"('predict', np.int64(30))",predict,wing,T,irrelevant,0.45883146774112354,wing,0.45883146774112354
"('predict', np.int64(31))",predict,tail,C,irrelevant,0.42008402520840293,tail,0.42008402520840293
"('predict', np.int64(31))",predict,color,Y,relevant,-0.28005601680560194,tail,0.28005601680560194
"('predict', np.int64(31))",predict,wing,N,relevant,0.8401680504168059,tail,0.8401680504168059
"('predict', np.int64(32))",predict,tail,S,relevant,-0.17466675292187456,wing,0.17466675292187456
"('predict', np.int64(32))",predict,color,B,relevant,0.7568892626614565,wing,0.7568892626614565
"('predict', np.int64(32))",predict,wing,N,irrelevant,0.058222250973958195,wing,0.058222250973958195
"('predict', np.int64(33))",predict,tail,C,relevant,0.5416762627738958,color,0.5416762627738958
"('predict', np.int64(33))",predict,color,B,irrelevant,0.0773823232534137,color,0.0773823232534137
"('predict', np.int64(33))",predict,wing,T,relevant,0.5416762627738958,color,0.5416762627738958
"('predict', np.int64(34))",predict,tail,S,relevant,0.19245008972987523,wing,0.19245008972987523
"('predict', np.int64(34))",predict,color,B,relevant,0.0,wing,0.0
"('predict', np.int64(34))",predict,wing,T,irrelevant,0.962250448649376,wing,0.962250448649376
"('predict', np.int64(35))",predict,tail,S,irrelevant,0.0,tail,0.0
"('predict', np.int64(35))",predict,color,Y,relevant,0.9607689228305227,tail,0.9607689228305227
"('predict', np.int64(35))",predict,wing,N,relevant,0.16012815380508713,tail,0.16012815380508713
"('predict', np.int64(36))",predict,tail,S,relevant,-0.11867816581938533,wing,0.11867816581938533
"('predict', np.int64(36))",predict,color,B,relevant,0.8307471607356973,wing,0.8307471607356973
"('predict', np.int64(36))",predict,wing,T,irrelevant,0.11867816581938533,wing,0.11867816581938533
"('predict', np.int64(37))",predict,tail,C,relevant,0.19405386820594528,color,0.19405386820594528
"('predict', np.int64(37))",predict,color,Y,irrelevant,-0.0646846227353151,color,0.0646846227353151
"('predict', np.int64(37))",predict,wing,T,relevant,0.19405386820594528,color,0.19405386820594528
"('predict', np.int64(38))",predict,tail,S,relevant,-0.3409971697352367,wing,0.3409971697352367
"('predict', np.int64(38))",predict,color,B,relevant,0.6137949055234261,wing,0.6137949055234261
"('predict', np.int64(38))",predict,wing,N,irrelevant,0.4773960376293314,wing,0.4773960376293314
"('predict', np.int64(39))",predict,tail,C,irrelevant,-0.0949157995752499,tail,0.0949157995752499
"('predict', np.int64(39))",predict,color,Y,relevant,0.6644105970267493,tail,0.6644105970267493
"('predict', np.int64(39))",predict,wing,N,relevant,0.6644105970267493,tail,0.6644105970267493
"('predict', np.int64(40))",predict,tail,S,relevant,0.5549637743803866,wing,0.5549637743803866
"('predict', np.int64(40))",predict,color,B,relevant,0.8016143407716695,wing,0.8016143407716695
"('predict', np.int64(40))",predict,wing,N,irrelevant,0.06166264159782073,wing,0.06166264159782073
"('predict', np.int64(41))",predict,tail,C,relevant,-0.7745966692414833,color,0.7745966692414833
"('predict', np.int64(41))",predict,color,B,irrelevant,-0.2581988897471611,color,0.2581988897471611
"('predict', np.int64(41))",predict,wing,T,relevant,-0.2581988897471611,color,0.2581988897471611
"('predict', np.int64(42))",predict,tail,S,relevant,0.1723454968864278,wing,0.1723454968864278
"('predict', np.int64(42))",predict,color,B,relevant,0.1723454968864278,wing,0.1723454968864278
"('predict', np.int64(42))",predict,wing,N,irrelevant,0.40213949273499827,wing,0.40213949273499827
"('predict', np.int64(43))",predict,tail,C,irrelevant,-0.06166264159782073,tail,0.06166264159782073
"('predict', np.int64(43))",predict,color,Y,relevant,0.1849879247934622,tail,0.1849879247934622
"('predict', np.int64(43))",predict,wing,N,relevant,0.9249396239673109,tail,0.9249396239673109
"('predict', np.int64(44))",predict,tail,S,relevant,0.4375949744936837,wing,0.4375949744936837
"('predict', np.int64(44))",predict,color,B,relevant,0.0,wing,0.0
"('predict', np.int64(44))",predict,wing,N,irrelevant,-0.5834599659915782,wing,0.5834599659915782
"('predict', np.int64(45))",predict,tail,C,relevant,0.7811334658849433,color,0.7811334658849433
"('predict', np.int64(45))",predict,color,Y,irrelevant,0.0,color,0.0
"('predict', np.int64(45))",predict,wing,T,relevant,0.5207556439232954,color,0.5207556439232954
"('predict', np.int64(46))",predict,tail,S,relevant,-0.3779644730092272,wing,0.3779644730092272
"('predict', np.int64(46))",predict,color,B,relevant,0.3779644730092272,wing,0.3779644730092272
"('predict', np.int64(46))",predict,wing,T,irrelevant,0.3779644730092272,wing,0.3779644730092272
"('predict', np.int64(47))",predict,tail,S,irrelevant,0.0,tail,0.0
"('predict', np.int64(47))",predict,color,Y,relevant,-0.5773502691896257,tail,0.5773502691896257
"('predict', np.int64(47))",predict,wing,N,relevant,0.5773502691896257,tail,0.5773502691896257
"('predict', np.int64(48))",predict,tail,S,relevant,0.3015113445777636,wing,0.3015113445777636
"('predict', np.int64(48))",predict,color,B,relevant,0.20100756305184236,wing,0.20100756305184236
"('predict', np.int64(48))",predict,wing,T,irrelevant,0.9045340337332907,wing,0.9045340337332907
"('predict', np.int64(50))",predict,tail,S,relevant,0.5070925528371099,wing,0.5070925528371099
"('predict', np.int64(50))",predict,color,B,relevant,0.5070925528371099,wing,0.5070925528371099
"('predict', np.int64(50))",predict,wing,N,irrelevant,0.6761234037828132,wing,0.6761234037828132
"('predict', np.int64(51))",predict,tail,C,irrelevant,-0.14586499149789456,tail,0.14586499149789456
"('predict', np.int64(51))",predict,color,Y,relevant,0.14586499149789456,tail,0.14586499149789456
"('predict', np.int64(51))",predict,wing,N,relevant,-0.7293249574894728,tail,0.7293249574894728
"('predict', np.int64(52))",predict,tail,S,relevant,0.11250879009260238,wing,0.11250879009260238
"('predict', np.int64(52))",predict,color,B,relevant,-0.11250879009260238,wing,0.11250879009260238
"('predict', np.int64(52))",predict,wing,T,irrelevant,0.7875615306482168,wing,0.7875615306482168
"('predict', np.int64(53))",predict,tail,C,relevant,0.8451542547285164,color,0.8451542547285164
"('predict', np.int64(53))",predict,color,B,irrelevant,0.0,color,0.0
"('predict', np.int64(53))",predict,wing,T,relevant,0.5070925528371099,color,0.5070925528371099
"('predict', np.int64(54))",predict,tail,S,relevant,0.6493094697110506,wing,0.6493094697110506
"('predict', np.int64(54))",predict,color,B,relevant,0.05902813361009552,wing,0.05902813361009552
"('predict', np.int64(54))",predict,wing,N,irrelevant,-0.05902813361009552,wing,0.05902813361009552
"('predict', np.int64(55))",predict,tail,C,irrelevant,0.0,tail,0.0
"('predict', np.int64(55))",predict,color,Y,relevant,0.9486832980505138,tail,0.9486832980505138
"('predict', np.int64(55))",predict,wing,N,relevant,0.15811388300841894,tail,0.15811388300841894
"('predict', np.int64(56))",predict,tail,S,relevant,0.08137884587711594,wing,0.08137884587711594
"('predict', np.int64(56))",predict,color,B,relevant,0.7324096128940435,wing,0.7324096128940435
"('predict', np.int64(56))",predict,wing,T,irrelevant,0.4068942293855797,wing,0.4068942293855797
"('predict', np.int64(57))",predict,tail,C,relevant,-0.4999999999999999,color,0.4999999999999999
"('predict', np.int64(57))",predict,color,Y,irrelevant,-0.4999999999999999,color,0.4999999999999999
"('predict', np.int64(57))",predict,wing,T,relevant,0.0,color,0.0
"('predict', np.int64(58))",predict,tail,S,relevant,0.0,wing,0.0
"('predict', np.int64(58))",predict,color,B,relevant,0.4999999999999999,wing,0.4999999999999999
"('predict', np.int64(58))",predict,wing,T,irrelevant,0.4999999999999999,wing,0.4999999999999999
"('predict', np.int64(59))",predict,tail,S,irrelevant,0.2662069528248341,tail,0.2662069528248341
"('predict', np.int64(59))",predict,color,Y,relevant,0.7986208584745021,tail,0.7986208584745021
"('predict', np.int64(59))",predict,wing,N,relevant,0.4436782547080568,tail,0.4436782547080568
"('predict', np.int64(60))",predict,tail,S,relevant,-0.07235746052924216,wing,0.07235746052924216
"('predict', np.int64(60))",predict,color,B,relevant,0.9406469868801481,wing,0.9406469868801481
"('predict', np.int64(60))",predict,wing,T,irrelevant,0.07235746052924216,wing,0.07235746052924216
"('predict', np.int64(61))",predict,tail,C,relevant,-0.20851441405707474,color,0.20851441405707474
"('predict', np.int64(61))",predict,color,Y,irrelevant,-0.06950480468569159,color,0.06950480468569159
"('predict', np.int64(61))",predict,wing,T,relevant,0.6255432421712243,color,0.6255432421712243
"('predict', np.int64(62))",predict,tail,S,relevant,-0.3380617018914066,wing,0.3380617018914066
"('predict', np.int64(62))",predict,color,B,relevant,-0.1690308509457033,wing,0.1690308509457033
"('predict', np.int64(62))",predict,wing,N,irrelevant,0.1690308509457033,wing,0.1690308509457033
"('predict', np.int64(63))",predict,tail,S,irrelevant,0.0,tail,0.0
"('predict', np.int64(63))",predict,color,Y,relevant,0.0,tail,0.0
"('predict', np.int64(63))",predict,wing,N,relevant,-0.9999999999999998,tail,0.9999999999999998
"('predict', np.int64(64))",predict,tail,S,relevant,0.3333333333333333,wing,0.3333333333333333
"('predict', np.int64(64))",predict,color,B,relevant,0.0,wing,0.0
"('predict', np.int64(64))",predict,wing,N,irrelevant,0.6666666666666666,wing,0.6666666666666666
"('predict', np.int64(65))",predict,tail,C,relevant,0.7184212081070995,color,0.7184212081070995
"('predict', np.int64(65))",predict,color,Y,irrelevant,0.35921060405354976,color,0.35921060405354976
"('predict', np.int64(65))",predict,wing,T,relevant,0.5388159060803247,color,0.5388159060803247
"('predict', np.int64(66))",predict,tail,S,relevant,0.0,wing,0.0
"('predict', np.int64(66))",predict,color,B,relevant,0.7559289460184544,wing,0.7559289460184544
"('predict', np.int64(66))",predict,wing,N,irrelevant,0.1889822365046136,wing,0.1889822365046136
"('predict', np.int64(67))",predict,tail,C,irrelevant,-0.3077935056255462,tail,0.3077935056255462
"('predict', np.int64(67))",predict,color,Y,relevant,0.5129891760425769,tail,0.5129891760425769
"('predict', np.int64(67))",predict,wing,N,relevant,0.7181848464596078,tail,0.7181848464596078
"('predict', np.int64(68))",predict,tail,S,relevant,0.24999999999999994,wing,0.24999999999999994
"('predict', np.int64(68))",predict,color,B,relevant,-0.24999999999999994,wing,0.24999999999999994
"('predict', np.int64(68))",predict,wing,N,irrelevant,0.0,wing,0.0
"('predict', np.int64(69))",predict,tail,C,relevant,-0.2182178902359924,color,0.2182178902359924
"('predict', np.int64(69))",predict,color,B,irrelevant,-0.2182178902359924,color,0.2182178902359924
"('predict', np.int64(69))",predict,wing,T,relevant,0.8728715609439696,color,0.8728715609439696
"('predict', np.int64(70))",predict,tail,S,relevant,0.6158817620514396,wing,0.6158817620514396
"('predict', np.int64(70))",predict,color,B,relevant,0.391924757669098,wing,0.391924757669098
"('predict', np.int64(70))",predict,wing,T,irrelevant,0.16796775328675628,wing,0.16796775328675628
"('predict', np.int64(71))",predict,tail,C,irrelevant,0.0,tail,0.0
"('predict', np.int64(71))",predict,color,Y,relevant,0.0,tail,0.0
"('predict', np.int64(71))",predict,wing,N,relevant,-0.2581988897471611,tail,0.2581988897471611
"('predict', np.int64(72))",predict,tail,S,relevant,0.2581988897471611,wing,0.2581988897471611
"('predict', np.int64(72))",predict,color,B,relevant,0.7745966692414833,wing,0.7745966692414833
"('predict', np.int64(72))",predict,wing,T,irrelevant,0.2581988897471611,wing,0.2581988897471611
"('predict', np.int64(73))",predict,tail,C,relevant,0.9639815611103625,color,0.9639815611103625
"('predict', np.int64(73))",predict,color,B,irrelevant,-0.17011439313712282,color,0.17011439313712282
"('predict', np.int64(73))",predict,wing,T,relevant,0.17011439313712282,color,0.17011439313712282
"('predict', np.int64(74))",predict,tail,S,relevant,0.1072112534837795,wing,0.1072112534837795
"('predict', np.int64(74))",predict,color,B,relevant,0.1072112534837795,wing,0.1072112534837795
"('predict', np.int64(74))",predict,wing,T,irrelevant,0.5360562674188974,wing,0.5360562674188974
"('predict', np.int64(75))",predict,tail,C,irrelevant,-0.7526178090063815,tail,0.7526178090063815
"('predict', np.int64(75))",predict,color,Y,relevant,0.08362420100070907,tail,0.08362420100070907
"('predict', np.int64(75))",predict,wing,N,relevant,0.5853694070049634,tail,0.5853694070049634
"('predict', np.int64(76))",predict,tail,S,relevant,0.7986208584745021,wing,0.7986208584745021
"('predict', np.int64(76))",predict,color,B,relevant,-0.08873565094161137,wing,0.08873565094161137
"('predict', np.int64(76))",predict,wing,T,irrelevant,-0.08873565094161137,wing,0.08873565094161137
"('predict', np.int64(77))",predict,tail,C,relevant,-0.15249857033260467,color,0.15249857033260467
"('predict', np.int64(77))",predict,color,Y,irrelevant,0.0,color,0.0
"('predict', np.int64(77))",predict,wing,T,relevant,0.914991421995628,color,0.914991421995628
"('predict', np.int64(78))",predict,tail,S,relevant,-0.48038446141526137,wing,0.48038446141526137
"('predict', np.int64(78))",predict,color,B,relevant,-0.16012815380508713,wing,0.16012815380508713
"('predict', np.int64(78))",predict,wing,T,irrelevant,-0.8006407690254356,wing,0.8006407690254356
"('predict', np.int64(79))",predict,tail,C,irrelevant,0.05986843400892496,tail,0.05986843400892496
"('predict', np.int64(79))",predict,color,Y,relevant,-0.1796053020267749,tail,0.1796053020267749
"('predict', np.int64(79))",predict,wing,N,relevant,0.7782896421160246,tail,0.7782896421160246
"('predict', np.int64(80))",predict,tail,S,relevant,0.20851441405707474,wing,0.20851441405707474
"('predict', np.int64(80))",predict,color,B,relevant,0.834057656228299,wing,0.834057656228299
"('predict', np.int64(80))",predict,wing,T,irrelevant,0.20851441405707474,wing,0.20851441405707474
"('predict', np.int64(81))",predict,tail,C,relevant,0.8017837257372731,color,0.8017837257372731
"('predict', np.int64(81))",predict,color,Y,irrelevant,0.0,color,0.0
"('predict', np.int64(81))",predict,wing,T,relevant,0.5345224838248487,color,0.5345224838248487
"('predict', np.int64(82))",predict,tail,S,relevant,0.4160251471689218,wing,0.4160251471689218
"('predict', np.int64(82))",predict,color,B,relevant,0.4160251471689218,wing,0.4160251471689218
"('predict', np.int64(82))",predict,wing,N,irrelevant,0.554700196225229,wing,0.554700196225229
"('predict', np.int64(83))",predict,tail,C,irrelevant,0.4472135954999579,tail,0.4472135954999579
"('predict', np.int64(83))",predict,color,Y,relevant,0.6708203932499369,tail,0.6708203932499369
"('predict', np.int64(83))",predict,wing,N,relevant,0.4472135954999579,tail,0.4472135954999579
"('predict', np.int64(84))",predict,tail,S,relevant,-0.10050378152592118,wing,0.10050378152592118
"('predict', np.int64(84))",predict,color,B,relevant,0.8040302522073695,wing,0.8040302522073695
"('predict', np.int64(84))",predict,wing,T,irrelevant,0.20100756305184236,wing,0.20100756305184236
"('predict', np.int64(85))",predict,tail,C,relevant,-0.408248290463863,color,0.408248290463863
"('predict', np.int64(85))",predict,color,B,irrelevant,0.816496580927726,color,0.816496580927726
"('predict', np.int64(85))",predict,wing,T,relevant,0.0,color,0.0
"('predict', np.int64(86))",predict,tail,S,relevant,0.36961063547728634,wing,0.36961063547728634
"('predict', np.int64(86))",predict,color,B,relevant,0.8131433980500301,wing,0.8131433980500301
"('predict', np.int64(86))",predict,wing,N,irrelevant,0.07392212709545729,wing,0.07392212709545729
"('predict', np.int64(88))",predict,tail,S,relevant,0.408248290463863,wing,0.408248290463863
"('predict', np.int64(88))",predict,color,B,relevant,0.0,wing,0.0
"('predict', np.int64(88))",predict,wing,T,irrelevant,0.816496580927726,wing,0.816496580927726
"('predict', np.int64(89))",predict,tail,C,relevant,0.3380617018914066,color,0.3380617018914066
"('predict', np.int64(89))",predict,color,B,irrelevant,0.1690308509457033,color,0.1690308509457033
"('predict', np.int64(89))",predict,wing,T,relevant,0.5070925528371099,color,0.5070925528371099
"('predict', np.int64(90))",predict,tail,S,relevant,0.0,wing,0.0
"('predict', np.int64(90))",predict,color,B,relevant,0.3380617018914066,wing,0.3380617018914066
"('predict', np.int64(90))",predict,wing,T,irrelevant,0.3380617018914066,wing,0.3380617018914066
"('predict', np.int64(91))",predict,tail,C,irrelevant,0.6137949055234261,tail,0.6137949055234261
"('predict', np.int64(91))",predict,color,Y,relevant,0.4773960376293314,tail,0.4773960376293314
"('predict', np.int64(91))",predict,wing,N,relevant,0.6137949055234261,tail,0.6137949055234261
"('predict', np.int64(92))",predict,tail,S,relevant,0.35444060250416787,wing,0.35444060250416787
"('predict', np.int64(92))",predict,color,B,relevant,0.4962168435058351,wing,0.4962168435058351
"('predict', np.int64(92))",predict,wing,N,irrelevant,0.7797693255091694,wing,0.7797693255091694
"('predict', np.int64(93))",predict,tail,C,relevant,0.0,color,0.0
"('predict', np.int64(93))",predict,color,Y,irrelevant,0.15811388300841894,color,0.15811388300841894
"('predict', np.int64(93))",predict,wing,T,relevant,0.9486832980505138,color,0.9486832980505138
"('predict', np.int64(95))",predict,tail,C,irrelevant,0.4865336327998411,tail,0.4865336327998411
"('predict', np.int64(95))",predict,color,Y,relevant,-0.3475240234284579,tail,0.3475240234284579
"('predict', np.int64(95))",predict,wing,N,relevant,0.6255432421712243,tail,0.6255432421712243
"('predict', np.int64(96))",predict,tail,S,relevant,-0.20851441405707474,wing,0.20851441405707474
"('predict', np.int64(96))",predict,color,B,relevant,0.4170288281141495,wing,0.4170288281141495
"('predict', np.int64(96))",predict,wing,N,irrelevant,0.0,wing,0.0
"('predict', np.int64(97))",predict,tail,C,relevant,0.5129891760425769,color,0.5129891760425769
"('predict', np.int64(97))",predict,color,B,irrelevant,0.3077935056255462,color,0.3077935056255462
"('predict', np.int64(97))",predict,wing,T,relevant,0.7181848464596078,color,0.7181848464596078
"('predict', np.int64(98))",predict,tail,S,relevant,0.2008948590547275,wing,0.2008948590547275
"('predict', np.int64(98))",predict,color,B,relevant,0.8705443892371525,wing,0.8705443892371525
"('predict', np.int64(98))",predict,wing,N,irrelevant,0.3348247650912125,wing,0.3348247650912125
"('predict', np.int64(99))",predict,tail,C,irrelevant,0.4068942293855797,tail,0.4068942293855797
"('predict', np.int64(99))",predict,color,Y,relevant,-0.4068942293855797,tail,0.4068942293855797
"('predict', np.int64(99))",predict,wing,N,relevant,0.08137884587711594,tail,0.08137884587711594
"('predict', np.int64(100))",predict,tail,S,relevant,-0.32025630761017426,wing,0.32025630761017426
"('predict', np.int64(100))",predict,color,B,relevant,0.32025630761017426,wing,0.32025630761017426
"('predict', np.int64(100))",predict,wing,T,irrelevant,0.48038446141526137,wing,0.48038446141526137
"('predict', np.int64(101))",predict,tail,C,relevant,0.6761234037828132,color,0.6761234037828132
"('predict', np.int64(101))",predict,color,B,irrelevant,0.1690308509457033,color,0.1690308509457033
"('predict', np.int64(101))",predict,wing,T,relevant,0.6761234037828132,color,0.6761234037828132
"('predict', np.int64(102))",predict,tail,S,relevant,-0.2696799449852968,wing,0.2696799449852968
"('predict', np.int64(102))",predict,color,B,relevant,0.6741998624632419,wing,0.6741998624632419
"('predict', np.int64(102))",predict,wing,T,irrelevant,-0.1348399724926484,wing,0.1348399724926484
"('predict', np.int64(103))",predict,tail,C,irrelevant,-0.4045199174779452,tail,0.4045199174779452
"('predict', np.int64(103))",predict,color,Y,relevant,0.6741998624632419,tail,0.6741998624632419
"('predict', np.int64(103))",predict,wing,N,relevant,-0.4045199174779452,tail,0.4045199174779452
"('predict', np.int64(104))",predict,tail,S,relevant,0.6933752452815363,wing,0.6933752452815363
"('predict', np.int64(104))",predict,color,B,relevant,0.4160251471689218,wing,0.4160251471689218
"('predict', np.int64(104))",predict,wing,T,irrelevant,-0.554700196225229,wing,0.554700196225229
"('predict', np.int64(105))",predict,tail,C,relevant,0.17011439313712282,color,0.17011439313712282
"('predict', np.int64(105))",predict,color,Y,irrelevant,0.17011439313712282,color,0.17011439313712282
"('predict', np.int64(105))",predict,wing,T,relevant,0.8505719656856141,color,0.8505719656856141
"('predict', np.int64(106))",predict,tail,S,relevant,0.6211495565912796,wing,0.6211495565912796
"('predict', np.int64(106))",predict,color,B,relevant,0.6211495565912796,wing,0.6211495565912796
"('predict', np.int64(106))",predict,wing,N,irrelevant,0.2662069528248341,wing,0.2662069528248341
"('predict', np.int64(107))",predict,tail,C,irrelevant,0.0,tail,0.0
"('predict', np.int64(107))",predict,color,Y,relevant,-0.2041241452319315,tail,0.2041241452319315
"('predict', np.int64(107))",predict,wing,N,relevant,0.2041241452319315,tail,0.2041241452319315
"('predict', np.int64(108))",predict,tail,S,relevant,0.38490017945975047,wing,0.38490017945975047
"('predict', np.int64(108))",predict,color,B,relevant,0.5773502691896257,wing,0.5773502691896257
"('predict', np.int64(108))",predict,wing,T,irrelevant,0.5773502691896257,wing,0.5773502691896257
"('predict', np.int64(109))",predict,tail,C,relevant,-0.11785113019775789,color,0.11785113019775789
"('predict', np.int64(109))",predict,color,Y,irrelevant,0.11785113019775789,color,0.11785113019775789
"('predict', np.int64(109))",predict,wing,T,relevant,0.8249579113843054,color,0.8249579113843054
"('predict', np.int64(110))",predict,tail,S,relevant,-0.07235746052924216,wing,0.07235746052924216
"('predict', np.int64(110))",predict,color,B,relevant,0.2170723815877265,wing,0.2170723815877265
"('predict', np.int64(110))",predict,wing,T,irrelevant,0.7959320658216638,wing,0.7959320658216638
"('predict', np.int64(111))",predict,tail,S,irrelevant,-0.11867816581938533,tail,0.11867816581938533
"('predict', np.int64(111))",predict,color,Y,relevant,0.8307471607356973,tail,0.8307471607356973
"('predict', np.int64(111))",predict,wing,N,relevant,0.356034497458156,tail,0.356034497458156
"('predict', np.int64(112))",predict,tail,S,relevant,0.0949157995752499,wing,0.0949157995752499
"('predict', np.int64(112))",predict,color,B,relevant,0.47457899787624946,wing,0.47457899787624946
"('predict', np.int64(112))",predict,wing,T,irrelevant,0.8542421961772491,wing,0.8542421961772491
"('predict', np.int64(114))",predict,tail,S,relevant,0.2917299829957891,wing,0.2917299829957891
"('predict', np.int64(114))",predict,color,B,relevant,0.8751899489873673,wing,0.8751899489873673
"('predict', np.int64(114))",predict,wing,T,irrelevant,0.14586499149789456,wing,0.14586499149789456
"('predict', np.int64(115))",predict,tail,C,irrelevant,-0.08137884587711594,tail,0.08137884587711594
"('predict', np.int64(115))",predict,color,Y,relevant,0.8951673046482754,tail,0.8951673046482754
"('predict', np.int64(115))",predict,wing,N,relevant,0.4068942293855797,tail,0.4068942293855797
"('predict', np.int64(116))",predict,tail,S,relevant,0.22360679774997896,wing,0.22360679774997896
"('predict', np.int64(116))",predict,color,B,relevant,0.6708203932499369,wing,0.6708203932499369
"('predict', np.int64(116))",predict,wing,T,irrelevant,0.4472135954999579,wing,0.4472135954999579
"('predict', np.int64(117))",predict,tail,C,relevant,0.5345224838248487,color,0.5345224838248487
"('predict', np.int64(117))",predict,color,Y,irrelevant,0.40089186286863654,color,0.40089186286863654
"('predict', np.int64(117))",predict,wing,T,relevant,0.6681531047810608,color,0.6681531047810608
"('predict', np.int64(118))",predict,tail,S,relevant,-0.1796053020267749,wing,0.1796053020267749
"('predict', np.int64(118))",predict,color,B,relevant,0.5388159060803247,wing,0.5388159060803247
"('predict', np.int64(118))",predict,wing,T,irrelevant,0.5388159060803247,wing,0.5388159060803247
"('predict', np.int64(119))",predict,tail,S,irrelevant,-0.11547005383792514,tail,0.11547005383792514
"('predict', np.int64(119))",predict,color,Y,relevant,0.808290376865476,tail,0.808290376865476
"('predict', np.int64(119))",predict,wing,N,relevant,0.23094010767585027,tail,0.23094010767585027
"('predict', np.int64(120))",predict,tail,S,relevant,0.4375949744936837,wing,0.4375949744936837
"('predict', np.int64(120))",predict,color,B,relevant,0.4375949744936837,wing,0.4375949744936837
"('predict', np.int64(120))",predict,wing,N,irrelevant,-0.14586499149789456,wing,0.14586499149789456
"('predict', np.int64(121))",predict,tail,C,relevant,0.23214696976024105,color,0.23214696976024105
"('predict', np.int64(121))",predict,color,B,irrelevant,0.8512055557875506,color,0.8512055557875506
"('predict', np.int64(121))",predict,wing,T,relevant,0.23214696976024105,color,0.23214696976024105
"('predict', np.int64(122))",predict,tail,S,relevant,0.23214696976024105,wing,0.23214696976024105
"('predict', np.int64(122))",predict,color,B,relevant,0.8512055557875506,wing,0.8512055557875506
"('predict', np.int64(122))",predict,wing,N,irrelevant,0.0773823232534137,wing,0.0773823232534137
"('predict', np.int64(123))",predict,tail,C,irrelevant,-0.14586499149789456,tail,0.14586499149789456
"('predict', np.int64(123))",predict,color,Y,relevant,-0.14586499149789456,tail,0.14586499149789456
"('predict', np.int64(123))",predict,wing,N,relevant,0.4375949744936837,tail,0.4375949744936837
"('predict', np.int64(124))",predict,tail,S,relevant,-0.9999999999999998,wing,0.9999999999999998
"('predict', np.int64(124))",predict,color,B,relevant,0.0,wing,0.0
"('predict', np.int64(124))",predict,wing,N,irrelevant,0.0,wing,0.0
"('predict', np.int64(125))",predict,tail,C,relevant,0.0,color,0.0
"('predict', np.int64(125))",predict,color,Y,irrelevant,0.0,color,0.0
"('predict', np.int64(125))",predict,wing,T,relevant,0.9045340337332908,color,0.9045340337332908
"('predict', np.int64(126))",predict,tail,S,relevant,0.0,wing,0.0
"('predict', np.int64(126))",predict,color,B,relevant,0.5834599659915782,wing,0.5834599659915782
"('predict', np.int64(126))",predict,wing,T,irrelevant,0.4375949744936837,wing,0.4375949744936837
"('predict', np.int64(127))",predict,tail,C,irrelevant,0.24999999999999994,tail,0.24999999999999994
"('predict', np.int64(127))",predict,color,Y,relevant,0.7499999999999999,tail,0.7499999999999999
"('predict', np.int64(127))",predict,wing,N,relevant,0.4999999999999999,tail,0.4999999999999999
"('predict', np.int64(128))",predict,tail,S,relevant,-0.5303300858899106,wing,0.5303300858899106
"('predict', np.int64(128))",predict,color,B,relevant,0.1767766952966369,wing,0.1767766952966369
"('predict', np.int64(128))",predict,wing,T,irrelevant,0.7071067811865476,wing,0.7071067811865476
"('predict', np.int64(129))",predict,tail,C,relevant,0.2917299829957891,color,0.2917299829957891
"('predict', np.int64(129))",predict,color,Y,irrelevant,0.0,color,0.0
"('predict', np.int64(129))",predict,wing,T,relevant,0.5834599659915782,color,0.5834599659915782
"('predict', np.int64(130))",predict,tail,S,relevant,-0.356034497458156,wing,0.356034497458156
"('predict', np.int64(130))",predict,color,B,relevant,0.8307471607356973,wing,0.8307471607356973
"('predict', np.int64(130))",predict,wing,T,irrelevant,0.11867816581938533,wing,0.11867816581938533
"('predict', np.int64(131))",predict,tail,C,irrelevant,-0.5,tail,0.5
"('predict', np.int64(131))",predict,color,Y,relevant,0.16666666666666666,tail,0.16666666666666666
"('predict', np.int64(131))",predict,wing,N,relevant,-0.5,tail,0.5
"('predict', np.int64(132))",predict,tail,S,relevant,0.7499999999999999,wing,0.7499999999999999
"('predict', np.int64(132))",predict,color,B,relevant,0.24999999999999994,wing,0.24999999999999994
"('predict', np.int64(132))",predict,wing,T,irrelevant,-0.12499999999999997,wing,0.12499999999999997
"('predict', np.int64(133))",predict,tail,C,relevant,0.0,color,0.0
"('predict', np.int64(133))",predict,color,B,irrelevant,0.0,color,0.0
"('predict', np.int64(133))",predict,wing,T,relevant,0.816496580927726,color,0.816496580927726
"('predict', np.int64(134))",predict,tail,S,relevant,-0.07930515857181442,wing,0.07930515857181442
"('predict', np.int64(134))",predict,color,B,relevant,-0.396525792859072,wing,0.396525792859072
"('predict', np.int64(134))",predict,wing,T,irrelevant,0.5551361100027009,wing,0.5551361100027009
"('predict', np.int64(135))",predict,tail,C,irrelevant,0.6108472217815261,tail,0.6108472217815261
"('predict', np.int64(135))",predict,color,Y,relevant,0.36650833306891567,tail,0.36650833306891567
"('predict', np.int64(135))",predict,wing,N,relevant,0.4886777774252209,tail,0.4886777774252209
"('predict', np.int64(136))",predict,tail,S,relevant,-0.07559289460184544,wing,0.07559289460184544
"('predict', np.int64(136))",predict,color,B,relevant,0.6803360514166088,wing,0.6803360514166088
"('predict', np.int64(136))",predict,wing,T,irrelevant,0.6803360514166088,wing,0.6803360514166088
"('predict', np.int64(137))",predict,tail,C,relevant,0.37363235887853663,color,0.37363235887853663
"('predict', np.int64(137))",predict,color,B,irrelevant,0.16012815380508713,color,0.16012815380508713
"('predict', np.int64(137))",predict,wing,T,relevant,0.9073928715621603,color,0.9073928715621603
"('predict', np.int64(138))",predict,tail,S,relevant,-0.5303300858899106,wing,0.5303300858899106
"('predict', np.int64(138))",predict,color,B,relevant,0.3535533905932738,wing,0.3535533905932738
"('predict', np.int64(138))",predict,wing,T,irrelevant,0.7071067811865476,wing,0.7071067811865476
"('predict', np.int64(139))",predict,tail,C,irrelevant,0.0607456739230787,tail,0.0607456739230787
"('predict', np.int64(139))",predict,color,Y,relevant,0.6682024131538657,tail,0.6682024131538657
"('predict', np.int64(139))",predict,wing,N,relevant,0.30372836961539346,tail,0.30372836961539346
"('predict', np.int64(140))",predict,tail,S,relevant,0.6897304947150051,wing,0.6897304947150051
"('predict', np.int64(140))",predict,color,B,relevant,-0.49266463908214647,wing,0.49266463908214647
"('predict', np.int64(140))",predict,wing,T,irrelevant,0.0985329278164293,wing,0.0985329278164293
"('predict', np.int64(141))",predict,tail,C,relevant,0.23791547571544325,color,0.23791547571544325
"('predict', np.int64(141))",predict,color,Y,irrelevant,0.23791547571544325,color,0.23791547571544325
"('predict', np.int64(141))",predict,wing,T,relevant,0.23791547571544325,color,0.23791547571544325
"('predict', np.int64(142))",predict,tail,S,relevant,0.6666666666666666,wing,0.6666666666666666
"('predict', np.int64(142))",predict,color,B,relevant,0.6666666666666666,wing,0.6666666666666666
"('predict', np.int64(142))",predict,wing,T,irrelevant,0.3333333333333333,wing,0.3333333333333333
"('predict', np.int64(143))",predict,tail,C,irrelevant,-0.19245008972987523,tail,0.19245008972987523
"('predict', np.int64(143))",predict,color,Y,relevant,0.5773502691896257,tail,0.5773502691896257
"('predict', np.int64(143))",predict,wing,N,relevant,-0.38490017945975047,tail,0.38490017945975047
"('predict', np.int64(144))",predict,tail,S,relevant,0.816496580927726,wing,0.816496580927726
"('predict', np.int64(144))",predict,color,B,relevant,0.0,wing,0.0
"('predict', np.int64(144))",predict,wing,N,irrelevant,-0.408248290463863,wing,0.408248290463863
"('predict', np.int64(145))",predict,tail,C,relevant,0.7001400420140048,color,0.7001400420140048
"('predict', np.int64(145))",predict,color,B,irrelevant,-0.14002800840280097,color,0.14002800840280097
"('predict', np.int64(145))",predict,wing,T,relevant,0.5601120336112039,color,0.5601120336112039
"('predict', np.int64(146))",predict,tail,S,relevant,0.0,wing,0.0
"('predict', np.int64(146))",predict,color,B,relevant,0.3535533905932738,wing,0.3535533905932738
"('predict', np.int64(146))",predict,wing,N,irrelevant,0.3535533905932738,wing,0.3535533905932738
"('predict', np.int64(147))",predict,tail,C,irrelevant,0.6999132392733556,tail,0.6999132392733556
"('predict', np.int64(147))",predict,color,Y,relevant,0.06362847629757779,tail,0.06362847629757779
"('predict', np.int64(147))",predict,wing,N,relevant,-0.44539933408304444,tail,0.44539933408304444
"('predict', np.int64(148))",predict,tail,S,relevant,0.3375263702778072,wing,0.3375263702778072
"('predict', np.int64(148))",predict,color,B,relevant,0.7875615306482168,wing,0.7875615306482168
"('predict', np.int64(148))",predict,wing,N,irrelevant,-0.3375263702778072,wing,0.3375263702778072
"('predict', np.int64(149))",predict,tail,C,relevant,0.554700196225229,color,0.554700196225229
"('predict', np.int64(149))",predict,color,B,irrelevant,0.0,color,0.0
"('predict', np.int64(149))",predict,wing,T,relevant,0.8320502943378436,color,0.8320502943378436
"('predict', np.int64(150))",predict,tail,S,relevant,0.8029550685469662,wing,0.8029550685469662
"('predict', np.int64(150))",predict,color,B,relevant,0.45883146774112354,wing,0.45883146774112354
"('predict', np.int64(150))",predict,wing,T,irrelevant,-0.11470786693528089,wing,0.11470786693528089
"('predict', np.int64(151))",predict,tail,S,irrelevant,0.5601120336112039,tail,0.5601120336112039
"('predict', np.int64(151))",predict,color,Y,relevant,0.5601120336112039,tail,0.5601120336112039
"('predict', np.int64(151))",predict,wing,N,relevant,0.5601120336112039,tail,0.5601120336112039
"('predict', np.int64(152))",predict,tail,S,relevant,0.3333333333333333,wing,0.3333333333333333
"('predict', np.int64(152))",predict,color,B,relevant,0.0,wing,0.0
"('predict', np.int64(152))",predict,wing,N,irrelevant,-0.6666666666666666,wing,0.6666666666666666
"('predict', np.int64(153))",predict,tail,C,relevant,0.5773502691896257,color,0.5773502691896257
"('predict', np.int64(153))",predict,color,B,irrelevant,0.0,color,0.0
"('predict', np.int64(153))",predict,wing,T,relevant,0.5773502691896257,color,0.5773502691896257
"('predict', np.int64(154))",predict,tail,S,relevant,0.08873565094161137,wing,0.08873565094161137
"('predict', np.int64(154))",predict,color,B,relevant,0.7986208584745021,wing,0.7986208584745021
"('predict', np.int64(154))",predict,wing,T,irrelevant,0.2662069528248341,wing,0.2662069528248341
"('predict', np.int64(155))",predict,tail,C,irrelevant,0.0,tail,0.0
"('predict', np.int64(155))",predict,color,Y,relevant,-0.3779644730092272,tail,0.3779644730092272
"('predict', np.int64(155))",predict,wing,N,relevant,0.3779644730092272,tail,0.3779644730092272
"('predict', np.int64(156))",predict,tail,S,relevant,-0.1796053020267749,wing,0.1796053020267749
"('predict', np.int64(156))",predict,color,B,relevant,-0.1796053020267749,wing,0.1796053020267749
"('predict', np.int64(156))",predict,wing,T,irrelevant,0.7782896421160246,wing,0.7782896421160246
"('predict', np.int64(157))",predict,tail,C,relevant,-0.08606629658238704,color,0.08606629658238704
"('predict', np.int64(157))",predict,color,B,irrelevant,-0.08606629658238704,color,0.08606629658238704
"('predict', np.int64(157))",predict,wing,T,relevant,0.9467292624062574,color,0.9467292624062574
"('predict', np.int64(158))",predict,tail,S,relevant,0.30151134457776363,wing,0.30151134457776363
"('predict', np.int64(158))",predict,color,B,relevant,0.9045340337332908,wing,0.9045340337332908
"('predict', np.int64(158))",predict,wing,N,irrelevant,0.0,wing,0.0
"('predict', np.int64(159))",predict,tail,C,irrelevant,-0.4999999999999999,tail,0.4999999999999999
"('predict', np.int64(159))",predict,color,Y,relevant,0.4999999999999999,tail,0.4999999999999999
"('predict', np.int64(159))",predict,wing,N,relevant,-0.24999999999999994,tail,0.24999999999999994
"('predict', np.int64(160))",predict,tail,S,relevant,0.2773500981126145,wing,0.2773500981126145
"('predict', np.int64(160))",predict,color,B,relevant,0.8320502943378436,wing,0.8320502943378436
"('predict', np.int64(160))",predict,wing,N,irrelevant,0.2773500981126145,wing,0.2773500981126145
"('predict', np.int64(161))",predict,tail,C,relevant,,color,
"('predict', np.int64(161))",predict,color,B,irrelevant,,color,
"('predict', np.int64(161))",predict,wing,T,relevant,,color,
"('predict', np.int64(162))",predict,tail,S,relevant,0.6405126152203485,wing,0.6405126152203485
"('predict', np.int64(162))",predict,color,B,relevant,0.6405126152203485,wing,0.6405126152203485
"('predict', np.int64(162))",predict,wing,T,irrelevant,0.32025630761017426,wing,0.32025630761017426
"('predict', np.int64(163))",predict,tail,S,irrelevant,-0.2603778219616477,tail,0.2603778219616477
"('predict', np.int64(163))",predict,color,Y,relevant,-0.2603778219616477,tail,0.2603778219616477
"('predict', np.int64(163))",predict,wing,N,relevant,0.7811334658849433,tail,0.7811334658849433
"('predict', np.int64(164))",predict,tail,S,relevant,0.3077935056255462,wing,0.3077935056255462
"('predict', np.int64(164))",predict,color,B,relevant,0.10259783520851538,wing,0.10259783520851538
"('predict', np.int64(164))",predict,wing,N,irrelevant,0.3077935056255462,wing,0.3077935056255462
"('predict', np.int64(165))",predict,tail,C,relevant,0.0,color,0.0
"('predict', np.int64(165))",predict,color,Y,irrelevant,0.19245008972987523,color,0.19245008972987523
"('predict', np.int64(165))",predict,wing,T,relevant,0.962250448649376,color,0.962250448649376
"('predict', np.int64(166))",predict,tail,S,relevant,0.0,wing,0.0
"('predict', np.int64(166))",predict,color,B,relevant,0.962250448649376,wing,0.962250448649376
"('predict', np.int64(166))",predict,wing,N,irrelevant,-0.19245008972987523,wing,0.19245008972987523
"('predict', np.int64(167))",predict,tail,C,irrelevant,0.1072112534837795,tail,0.1072112534837795
"('predict', np.int64(167))",predict,color,Y,relevant,-0.32163376045133846,tail,0.32163376045133846
"('predict', np.int64(167))",predict,wing,N,relevant,0.32163376045133846,tail,0.32163376045133846
"('predict', np.int64(168))",predict,tail,S,relevant,0.0,wing,0.0
"('predict', np.int64(168))",predict,color,B,relevant,0.7905694150420947,wing,0.7905694150420947
"('predict', np.int64(168))",predict,wing,T,irrelevant,0.15811388300841894,wing,0.15811388300841894
"('predict', np.int64(169))",predict,tail,C,relevant,0.5933908290969266,color,0.5933908290969266
"('predict', np.int64(169))",predict,color,Y,irrelevant,0.356034497458156,color,0.356034497458156
"('predict', np.int64(169))",predict,wing,T,relevant,0.5933908290969266,color,0.5933908290969266
"('predict', np.int64(170))",predict,tail,S,relevant,0.37499999999999994,wing,0.37499999999999994
"('predict', np.int64(170))",predict,color,B,relevant,0.7499999999999999,wing,0.7499999999999999
"('predict', np.int64(170))",predict,wing,N,irrelevant,0.4999999999999999,wing,0.4999999999999999
"('predict', np.int64(171))",predict,tail,C,irrelevant,-0.2955987834492879,tail,0.2955987834492879
"('predict', np.int64(171))",predict,color,Y,relevant,-0.49266463908214647,tail,0.49266463908214647
"('predict', np.int64(171))",predict,wing,N,relevant,-0.49266463908214647,tail,0.49266463908214647
"('predict', np.int64(172))",predict,tail,S,relevant,0.5853694070049634,wing,0.5853694070049634
"('predict', np.int64(172))",predict,color,B,relevant,0.4181210050035453,wing,0.4181210050035453
"('predict', np.int64(172))",predict,wing,N,irrelevant,0.2508726030021272,wing,0.2508726030021272
"('predict', np.int64(173))",predict,tail,C,relevant,0.5065022237046951,color,0.5065022237046951
"('predict', np.int64(173))",predict,color,Y,irrelevant,-0.5065022237046951,color,0.5065022237046951
"('predict', np.int64(173))",predict,wing,T,relevant,0.6512171447631795,color,0.6512171447631795
"('predict', np.int64(174))",predict,tail,S,relevant,-0.14586499149789456,wing,0.14586499149789456
"('predict', np.int64(174))",predict,color,B,relevant,0.4375949744936837,wing,0.4375949744936837
"('predict', np.int64(174))",predict,wing,N,irrelevant,-0.4375949744936837,wing,0.4375949744936837
"('predict', np.int64(175))",predict,tail,C,irrelevant,0.0,tail,0.0
"('predict', np.int64(175))",predict,color,Y,relevant,0.721687836487032,tail,0.721687836487032
"('predict', np.int64(175))",predict,wing,N,relevant,0.5773502691896257,tail,0.5773502691896257
"('predict', np.int64(176))",predict,tail,S,relevant,0.6585855599381419,wing,0.6585855599381419
"('predict', np.int64(176))",predict,color,B,relevant,0.21952851997938067,wing,0.21952851997938067
"('predict', np.int64(176))",predict,wing,N,irrelevant,-0.10976425998969033,wing,0.10976425998969033
"('predict', np.int64(177))",predict,tail,C,relevant,-0.35355339059327373,color,0.35355339059327373
"('predict', np.int64(177))",predict,color,B,irrelevant,0.11785113019775789,color,0.11785113019775789
"('predict', np.int64(177))",predict,wing,T,relevant,0.8249579113843054,color,0.8249579113843054
"('predict', np.int64(178))",predict,tail,S,relevant,0.7071067811865476,wing,0.7071067811865476
"('predict', np.int64(178))",predict,color,B,relevant,0.7071067811865476,wing,0.7071067811865476
"('predict', np.int64(178))",predict,wing,N,irrelevant,0.0,wing,0.0
"('predict', np.int64(179))",predict,tail,S,irrelevant,0.14586499149789456,tail,0.14586499149789456
"('predict', np.int64(179))",predict,color,Y,relevant,0.7293249574894728,tail,0.7293249574894728
"('predict', np.int64(179))",predict,wing,N,relevant,0.2917299829957891,tail,0.2917299829957891
"('predict', np.int64(180))",predict,tail,S,relevant,0.36961063547728634,wing,0.36961063547728634
"('predict', np.int64(180))",predict,color,B,relevant,0.6652991438591155,wing,0.6652991438591155
"('predict', np.int64(180))",predict,wing,T,irrelevant,0.517454889668201,wing,0.517454889668201
"('predict', np.int64(181))",predict,tail,C,relevant,0.5488212999484516,color,0.5488212999484516
"('predict', np.int64(181))",predict,color,Y,irrelevant,0.21952851997938067,color,0.21952851997938067
"('predict', np.int64(181))",predict,wing,T,relevant,0.7683498199278324,color,0.7683498199278324
"('predict', np.int64(183))",predict,tail,S,irrelevant,0.07088812050083358,tail,0.07088812050083358
"('predict', np.int64(183))",predict,color,Y,relevant,0.7797693255091694,tail,0.7797693255091694
"('predict', np.int64(183))",predict,wing,N,relevant,0.4962168435058351,tail,0.4962168435058351
"('predict', np.int64(184))",predict,tail,S,relevant,-0.4375949744936837,wing,0.4375949744936837
"('predict', np.int64(184))",predict,color,B,relevant,0.4375949744936837,wing,0.4375949744936837
"('predict', np.int64(184))",predict,wing,T,irrelevant,0.7293249574894728,wing,0.7293249574894728
"('predict', np.int64(185))",predict,tail,C,relevant,0.6741998624632419,color,0.6741998624632419
"('predict', np.int64(185))",predict,color,B,irrelevant,-0.1348399724926484,color,0.1348399724926484
"('predict', np.int64(185))",predict,wing,T,relevant,0.6741998624632419,color,0.6741998624632419
"('predict', np.int64(187))",predict,tail,C,irrelevant,0.4743416490252569,tail,0.4743416490252569
"('predict', np.int64(187))",predict,color,Y,relevant,0.7905694150420947,tail,0.7905694150420947
"('predict', np.int64(187))",predict,wing,N,relevant,0.0,tail,0.0
"('predict', np.int64(188))",predict,tail,S,relevant,0.7501937734175209,wing,0.7501937734175209
"('predict', np.int64(188))",predict,color,B,relevant,0.4773960376293314,wing,0.4773960376293314
"('predict', np.int64(188))",predict,wing,N,irrelevant,0.20459830184114206,wing,0.20459830184114206
"('predict', np.int64(189))",predict,tail,C,relevant,0.6324555320336758,color,0.6324555320336758
"('predict', np.int64(189))",predict,color,Y,irrelevant,-0.15811388300841894,color,0.15811388300841894
"('predict', np.int64(189))",predict,wing,T,relevant,0.6324555320336758,color,0.6324555320336758
"('predict', np.int64(190))",predict,tail,S,relevant,0.4303314829119351,wing,0.4303314829119351
"('predict', np.int64(190))",predict,color,B,relevant,0.6024640760767094,wing,0.6024640760767094
"('predict', np.int64(190))",predict,wing,N,irrelevant,0.6024640760767094,wing,0.6024640760767094
"('predict', np.int64(191))",predict,tail,C,irrelevant,0.21266436150250076,tail,0.21266436150250076
"('predict', np.int64(191))",predict,color,Y,relevant,0.4962168435058351,tail,0.4962168435058351
"('predict', np.int64(191))",predict,wing,N,relevant,0.6379930845075023,tail,0.6379930845075023
"('predict', np.int64(192))",predict,tail,S,relevant,-0.9233805168766386,wing,0.9233805168766386
"('predict', np.int64(192))",predict,color,B,relevant,-0.10259783520851538,wing,0.10259783520851538
"('predict', np.int64(192))",predict,wing,N,irrelevant,0.10259783520851538,wing,0.10259783520851538
"('predict', np.int64(193))",predict,tail,C,relevant,0.2955987834492879,color,0.2955987834492879
"('predict', np.int64(193))",predict,color,B,irrelevant,-0.0985329278164293,color,0.0985329278164293
"('predict', np.int64(193))",predict,wing,T,relevant,0.8867963503478637,color,0.8867963503478637
"('predict', np.int64(194))",predict,tail,S,relevant,-0.3535533905932738,wing,0.3535533905932738
"('predict', np.int64(194))",predict,color,B,relevant,0.0,wing,0.0
"('predict', np.int64(194))",predict,wing,N,irrelevant,0.1767766952966369,wing,0.1767766952966369
"('predict', np.int64(195))",predict,tail,S,irrelevant,-0.15811388300841894,tail,0.15811388300841894
"('predict', np.int64(195))",predict,color,Y,relevant,0.6324555320336758,tail,0.6324555320336758
"('predict', np.int64(195))",predict,wing,N,relevant,0.6324555320336758,tail,0.6324555320336758
"('predict', np.int64(196))",predict,tail,S,relevant,0.17960530202677488,wing,0.17960530202677488
"('predict', np.int64(196))",predict,color,B,relevant,0.8980265101338744,wing,0.8980265101338744
"('predict', np.int64(196))",predict,wing,N,irrelevant,0.0,wing,0.0
"('predict', np.int64(197))",predict,tail,C,relevant,-0.2662069528248341,color,0.2662069528248341
"('predict', np.int64(197))",predict,color,B,irrelevant,0.2662069528248341,color,0.2662069528248341
"('predict', np.int64(197))",predict,wing,T,relevant,0.7986208584745021,color,0.7986208584745021
"('predict', np.int64(198))",predict,tail,S,relevant,0.0,wing,0.0
"('predict', np.int64(198))",predict,color,B,relevant,0.23735633163877065,wing,0.23735633163877065
"('predict', np.int64(198))",predict,wing,N,irrelevant,-0.23735633163877065,wing,0.23735633163877065
"('predict', np.int64(199))",predict,tail,C,irrelevant,0.16796775328675628,tail,0.16796775328675628
"('predict', np.int64(199))",predict,color,Y,relevant,0.5039032598602687,tail,0.5039032598602687
"('predict', np.int64(199))",predict,wing,N,relevant,0.7278602642426105,tail,0.7278602642426105
"('predict', np.int64(200))",predict,tail,S,relevant,0.6123724356957946,wing,0.6123724356957946
"('predict', np.int64(200))",predict,color,B,relevant,0.6123724356957946,wing,0.6123724356957946
"('predict', np.int64(200))",predict,wing,N,irrelevant,0.408248290463863,wing,0.408248290463863
"('predict', np.int64(201))",predict,tail,C,relevant,0.32025630761017426,color,0.32025630761017426
"('predict', np.int64(201))",predict,color,B,irrelevant,-0.48038446141526137,color,0.48038446141526137
"('predict', np.int64(201))",predict,wing,T,relevant,0.6405126152203485,color,0.6405126152203485
"('predict', np.int64(202))",predict,tail,S,relevant,0.0,wing,0.0
"('predict', np.int64(202))",predict,color,B,relevant,-0.14586499149789456,wing,0.14586499149789456
"('predict', np.int64(202))",predict,wing,N,irrelevant,-0.2917299829957891,wing,0.2917299829957891
"('predict', np.int64(203))",predict,tail,S,irrelevant,-0.22360679774997896,tail,0.22360679774997896
"('predict', np.int64(203))",predict,color,Y,relevant,-0.4472135954999579,tail,0.4472135954999579
"('predict', np.int64(203))",predict,wing,N,relevant,0.4472135954999579,tail,0.4472135954999579
"('predict', np.int64(204))",predict,tail,S,relevant,0.0949157995752499,wing,0.0949157995752499
"('predict', np.int64(204))",predict,color,B,relevant,0.6644105970267493,wing,0.6644105970267493
"('predict', np.int64(204))",predict,wing,T,irrelevant,0.6644105970267493,wing,0.6644105970267493
"('predict', np.int64(205))",predict,tail,C,relevant,-0.3403516468284206,color,0.3403516468284206
"('predict', np.int64(205))",predict,color,Y,irrelevant,0.4375949744936836,color,0.4375949744936836
"('predict', np.int64(205))",predict,wing,T,relevant,0.7293249574894728,color,0.7293249574894728
"('predict', np.int64(206))",predict,tail,S,relevant,0.8700628401410971,wing,0.8700628401410971
"('predict', np.int64(206))",predict,color,B,relevant,0.3866945956182654,wing,0.3866945956182654
"('predict', np.int64(206))",predict,wing,N,irrelevant,-0.1933472978091327,wing,0.1933472978091327
"('predict', np.int64(207))",predict,tail,S,irrelevant,0.0,tail,0.0
"('predict', np.int64(207))",predict,color,Y,relevant,0.8320502943378436,tail,0.8320502943378436
"('predict', np.int64(207))",predict,wing,N,relevant,0.554700196225229,tail,0.554700196225229
"('predict', np.int64(208))",predict,tail,S,relevant,-0.1091089451179962,wing,0.1091089451179962
"('predict', np.int64(208))",predict,color,B,relevant,0.1091089451179962,wing,0.1091089451179962
"('predict', np.int64(208))",predict,wing,T,irrelevant,0.0,wing,0.0
"('predict', np.int64(209))",predict,tail,C,relevant,0.28867513459481287,color,0.28867513459481287
"('predict', np.int64(209))",predict,color,Y,irrelevant,0.14433756729740643,color,0.14433756729740643
"('predict', np.int64(209))",predict,wing,T,relevant,0.5773502691896257,color,0.5773502691896257
"('predict', np.int64(211))",predict,tail,S,irrelevant,0.5773502691896257,tail,0.5773502691896257
"('predict', np.int64(211))",predict,color,Y,relevant,0.0,tail,0.0
"('predict', np.int64(211))",predict,wing,N,relevant,0.0,tail,0.0
"('predict', np.int64(212))",predict,tail,S,relevant,0.24999999999999994,wing,0.24999999999999994
"('predict', np.int64(212))",predict,color,B,relevant,-0.4999999999999999,wing,0.4999999999999999
"('predict', np.int64(212))",predict,wing,N,irrelevant,-0.4999999999999999,wing,0.4999999999999999
"('predict', np.int64(213))",predict,tail,C,relevant,0.6741998624632419,color,0.6741998624632419
"('predict', np.int64(213))",predict,color,Y,irrelevant,0.0,color,0.0
"('predict', np.int64(213))",predict,wing,T,relevant,0.4045199174779452,color,0.4045199174779452
"('predict', np.int64(214))",predict,tail,S,relevant,0.0,wing,0.0
"('predict', np.int64(214))",predict,color,B,relevant,-0.19245008972987523,wing,0.19245008972987523
"('predict', np.int64(214))",predict,wing,N,irrelevant,-0.962250448649376,wing,0.962250448649376
"('predict', np.int64(215))",predict,tail,S,irrelevant,-0.2508726030021272,tail,0.2508726030021272
"('predict', np.int64(215))",predict,color,Y,relevant,0.7526178090063815,tail,0.7526178090063815
"('predict', np.int64(215))",predict,wing,N,relevant,0.4181210050035453,tail,0.4181210050035453
"('predict', np.int64(216))",predict,tail,S,relevant,-0.3475240234284579,wing,0.3475240234284579
"('predict', np.int64(216))",predict,color,B,relevant,0.9035624609139906,wing,0.9035624609139906
"('predict', np.int64(216))",predict,wing,N,irrelevant,0.06950480468569159,wing,0.06950480468569159
"('predict', np.int64(217))",predict,tail,C,relevant,0.3348247650912125,color,0.3348247650912125
"('predict', np.int64(217))",predict,color,Y,irrelevant,0.3348247650912125,color,0.3348247650912125
"('predict', np.int64(217))",predict,wing,T,relevant,0.8705443892371525,color,0.8705443892371525
"('predict', np.int64(218))",predict,tail,S,relevant,0.22360679774997896,wing,0.22360679774997896
"('predict', np.int64(218))",predict,color,B,relevant,0.8944271909999159,wing,0.8944271909999159
"('predict', np.int64(218))",predict,wing,T,irrelevant,0.22360679774997896,wing,0.22360679774997896
"('predict', np.int64(219))",predict,tail,C,irrelevant,0.07930515857181442,tail,0.07930515857181442
"('predict', np.int64(219))",predict,color,Y,relevant,0.5551361100027009,tail,0.5551361100027009
"('predict', np.int64(219))",predict,wing,N,relevant,0.5551361100027009,tail,0.5551361100027009
"('predict', np.int64(220))",predict,tail,S,relevant,-0.28005601680560194,wing,0.28005601680560194
"('predict', np.int64(220))",predict,color,B,relevant,0.28005601680560194,wing,0.28005601680560194
"('predict', np.int64(220))",predict,wing,N,irrelevant,0.14002800840280097,wing,0.14002800840280097
