participant,task,feature_dimension,high_value,feature_relevance,correlation,irrelevant_dim,abs_correlation
"('accommodate', np.int64(1))",accommodate,stripes,E,irrelevant,-0.19245008972987526,stripes,0.19245008972987526
"('accommodate', np.int64(1))",accommodate,feet,C,relevant,0.9622504486493761,stripes,0.9622504486493761
"('accommodate', np.int64(2))",accommodate,stripes,W,relevant,0.7035264706814485,feet,0.7035264706814485
"('accommodate', np.int64(2))",accommodate,feet,C,irrelevant,0.7035264706814485,feet,0.7035264706814485
"('accommodate', np.int64(3))",accommodate,stripes,W,irrelevant,-0.4833682445228318,stripes,0.4833682445228318
"('accommodate', np.int64(3))",accommodate,feet,F,relevant,0.8700628401410974,stripes,0.8700628401410974
"('accommodate', np.int64(4))",accommodate,stripes,E,relevant,0.8551861104941366,feet,0.8551861104941366
"('accommodate', np.int64(4))",accommodate,feet,F,irrelevant,0.3665083330689157,feet,0.3665083330689157
"('accommodate', np.int64(5))",accommodate,stripes,W,irrelevant,-0.10482848367219183,stripes,0.10482848367219183
"('accommodate', np.int64(5))",accommodate,feet,C,relevant,0.9434563530497265,stripes,0.9434563530497265
"('accommodate', np.int64(6))",accommodate,stripes,W,relevant,1.0,feet,1.0
"('accommodate', np.int64(6))",accommodate,feet,F,irrelevant,0.0,feet,0.0
"('accommodate', np.int64(7))",accommodate,stripes,W,irrelevant,0.39056673294247163,stripes,0.39056673294247163
"('accommodate', np.int64(7))",accommodate,feet,F,relevant,0.911322376865767,stripes,0.911322376865767
"('accommodate', np.int64(8))",accommodate,stripes,E,relevant,0.8451542547285166,feet,0.8451542547285166
"('accommodate', np.int64(8))",accommodate,feet,F,irrelevant,-0.16903085094570333,feet,0.16903085094570333
"('accommodate', np.int64(9))",accommodate,stripes,W,irrelevant,-0.50709255283711,stripes,0.50709255283711
"('accommodate', np.int64(9))",accommodate,feet,C,relevant,0.8451542547285166,stripes,0.8451542547285166
"('accommodate', np.int64(10))",accommodate,stripes,W,relevant,0.8944271909999159,feet,0.8944271909999159
"('accommodate', np.int64(10))",accommodate,feet,C,irrelevant,0.4472135954999579,feet,0.4472135954999579
"('accommodate', np.int64(11))",accommodate,stripes,W,irrelevant,0.6882472016116854,stripes,0.6882472016116854
"('accommodate', np.int64(11))",accommodate,feet,F,relevant,0.2294157338705618,stripes,0.2294157338705618
"('accommodate', np.int64(12))",accommodate,stripes,E,relevant,0.9045340337332909,feet,0.9045340337332909
"('accommodate', np.int64(12))",accommodate,feet,F,irrelevant,-0.30151134457776363,feet,0.30151134457776363
"('accommodate', np.int64(13))",accommodate,stripes,E,irrelevant,0.8,stripes,0.8
"('accommodate', np.int64(13))",accommodate,feet,C,relevant,0.6000000000000001,stripes,0.6000000000000001
"('accommodate', np.int64(14))",accommodate,stripes,W,relevant,0.9918365981341756,feet,0.9918365981341756
"('accommodate', np.int64(14))",accommodate,feet,F,irrelevant,0.09016696346674323,feet,0.09016696346674323
"('accommodate', np.int64(15))",accommodate,stripes,E,irrelevant,0.502518907629606,stripes,0.502518907629606
"('accommodate', np.int64(15))",accommodate,feet,F,relevant,-0.7035264706814485,stripes,0.7035264706814485
"('accommodate', np.int64(16))",accommodate,stripes,E,relevant,0.7863336509949341,feet,0.7863336509949341
"('accommodate', np.int64(16))",accommodate,feet,F,irrelevant,0.6115928396627265,feet,0.6115928396627265
"('accommodate', np.int64(17))",accommodate,stripes,E,irrelevant,0.808290376865476,stripes,0.808290376865476
"('accommodate', np.int64(17))",accommodate,feet,C,relevant,0.5773502691896257,stripes,0.5773502691896257
"('accommodate', np.int64(18))",accommodate,stripes,W,relevant,0.9622504486493761,feet,0.9622504486493761
"('accommodate', np.int64(18))",accommodate,feet,F,irrelevant,-0.19245008972987526,feet,0.19245008972987526
"('accommodate', np.int64(19))",accommodate,stripes,E,irrelevant,0.5883484054145521,stripes,0.5883484054145521
"('accommodate', np.int64(19))",accommodate,feet,F,relevant,0.7844645405527362,stripes,0.7844645405527362
"('accommodate', np.int64(20))",accommodate,stripes,E,relevant,-0.30151134457776363,feet,0.30151134457776363
"('accommodate', np.int64(20))",accommodate,feet,C,irrelevant,-0.30151134457776363,feet,0.30151134457776363
"('accommodate', np.int64(21))",accommodate,stripes,E,irrelevant,0.4662524041201569,stripes,0.4662524041201569
"('accommodate', np.int64(21))",accommodate,feet,C,relevant,0.8392543274162826,stripes,0.8392543274162826
"('accommodate', np.int64(22))",accommodate,stripes,W,relevant,0.9434563530497265,feet,0.9434563530497265
"('accommodate', np.int64(22))",accommodate,feet,F,irrelevant,0.3144854510165755,feet,0.3144854510165755
"('accommodate', np.int64(23))",accommodate,stripes,E,irrelevant,0.316227766016838,stripes,0.316227766016838
"('accommodate', np.int64(23))",accommodate,feet,F,relevant,0.948683298050514,stripes,0.948683298050514
"('accommodate', np.int64(24))",accommodate,stripes,E,relevant,0.9701425001453319,feet,0.9701425001453319
"('accommodate', np.int64(24))",accommodate,feet,C,irrelevant,0.0,feet,0.0
"('accommodate', np.int64(25))",accommodate,stripes,W,irrelevant,0.6115928396627265,stripes,0.6115928396627265
"('accommodate', np.int64(25))",accommodate,feet,C,relevant,0.7863336509949341,stripes,0.7863336509949341
"('accommodate', np.int64(26))",accommodate,stripes,W,relevant,0.9072647087265548,feet,0.9072647087265548
"('accommodate', np.int64(26))",accommodate,feet,C,irrelevant,0.4123930494211613,feet,0.4123930494211613
"('accommodate', np.int64(27))",accommodate,stripes,E,irrelevant,0.0,stripes,0.0
"('accommodate', np.int64(27))",accommodate,feet,F,relevant,1.0,stripes,1.0
"('accommodate', np.int64(28))",accommodate,stripes,E,relevant,0.3144854510165755,feet,0.3144854510165755
"('accommodate', np.int64(28))",accommodate,feet,F,irrelevant,0.9434563530497265,feet,0.9434563530497265
"('accommodate', np.int64(29))",accommodate,stripes,E,irrelevant,0.4833682445228318,stripes,0.4833682445228318
"('accommodate', np.int64(29))",accommodate,feet,C,relevant,0.8700628401410974,stripes,0.8700628401410974
"('accommodate', np.int64(30))",accommodate,stripes,W,relevant,0.7715167498104596,feet,0.7715167498104596
"('accommodate', np.int64(30))",accommodate,feet,F,irrelevant,0.6172133998483676,feet,0.6172133998483676
"('accommodate', np.int64(31))",accommodate,stripes,E,irrelevant,0.8320502943378437,stripes,0.8320502943378437
"('accommodate', np.int64(31))",accommodate,feet,F,relevant,0.5547001962252291,stripes,0.5547001962252291
"('accommodate', np.int64(32))",accommodate,stripes,E,relevant,0.9805806756909202,feet,0.9805806756909202
"('accommodate', np.int64(32))",accommodate,feet,C,irrelevant,-0.19611613513818404,feet,0.19611613513818404
"('accommodate', np.int64(33))",accommodate,stripes,E,irrelevant,0.14002800840280097,stripes,0.14002800840280097
"('accommodate', np.int64(33))",accommodate,feet,C,relevant,0.9801960588196068,stripes,0.9801960588196068
"('accommodate', np.int64(34))",accommodate,stripes,W,relevant,1.0,feet,1.0
"('accommodate', np.int64(34))",accommodate,feet,F,irrelevant,0.0,feet,0.0
"('accommodate', np.int64(35))",accommodate,stripes,E,irrelevant,-0.4833682445228318,stripes,0.4833682445228318
"('accommodate', np.int64(35))",accommodate,feet,F,relevant,0.8700628401410974,stripes,0.8700628401410974
"('accommodate', np.int64(36))",accommodate,stripes,E,relevant,0.5773502691896257,feet,0.5773502691896257
"('accommodate', np.int64(36))",accommodate,feet,F,irrelevant,0.5773502691896257,feet,0.5773502691896257
"('accommodate', np.int64(37))",accommodate,stripes,E,irrelevant,0.5773502691896257,stripes,0.5773502691896257
"('accommodate', np.int64(37))",accommodate,feet,C,relevant,0.808290376865476,stripes,0.808290376865476
"('accommodate', np.int64(38))",accommodate,stripes,W,relevant,0.50709255283711,feet,0.50709255283711
"('accommodate', np.int64(38))",accommodate,feet,C,irrelevant,-0.16903085094570333,feet,0.16903085094570333
"('accommodate', np.int64(39))",accommodate,stripes,W,irrelevant,0.0873704056661038,stripes,0.0873704056661038
"('accommodate', np.int64(39))",accommodate,feet,F,relevant,0.9610744623271418,stripes,0.9610744623271418
"('accommodate', np.int64(40))",accommodate,stripes,E,relevant,1.0,feet,1.0
"('accommodate', np.int64(40))",accommodate,feet,F,irrelevant,0.0,feet,0.0
"('accommodate', np.int64(41))",accommodate,stripes,E,irrelevant,0.9701425001453319,stripes,0.9701425001453319
"('accommodate', np.int64(41))",accommodate,feet,C,relevant,0.24253562503633297,stripes,0.24253562503633297
"('accommodate', np.int64(42))",accommodate,stripes,W,relevant,0.8451542547285166,feet,0.8451542547285166
"('accommodate', np.int64(42))",accommodate,feet,C,irrelevant,-0.50709255283711,feet,0.50709255283711
"('accommodate', np.int64(43))",accommodate,stripes,E,irrelevant,-0.13018891098082386,stripes,0.13018891098082386
"('accommodate', np.int64(43))",accommodate,feet,F,relevant,0.911322376865767,stripes,0.911322376865767
"('accommodate', np.int64(44))",accommodate,stripes,E,relevant,0.948683298050514,feet,0.948683298050514
"('accommodate', np.int64(44))",accommodate,feet,C,irrelevant,0.316227766016838,feet,0.316227766016838
"('accommodate', np.int64(45))",accommodate,stripes,E,irrelevant,0.24253562503633297,stripes,0.24253562503633297
"('accommodate', np.int64(45))",accommodate,feet,C,relevant,0.9701425001453319,stripes,0.9701425001453319
"('accommodate', np.int64(46))",accommodate,stripes,W,relevant,0.6963106238227914,feet,0.6963106238227914
"('accommodate', np.int64(46))",accommodate,feet,C,irrelevant,0.6963106238227914,feet,0.6963106238227914
"('accommodate', np.int64(47))",accommodate,stripes,E,irrelevant,0.7844645405527362,stripes,0.7844645405527362
"('accommodate', np.int64(47))",accommodate,feet,F,relevant,0.5883484054145521,stripes,0.5883484054145521
"('accommodate', np.int64(48))",accommodate,stripes,E,relevant,0.9045340337332909,feet,0.9045340337332909
"('accommodate', np.int64(48))",accommodate,feet,F,irrelevant,-0.30151134457776363,feet,0.30151134457776363
"('accommodate', np.int64(49))",accommodate,stripes,E,irrelevant,0.808290376865476,stripes,0.808290376865476
"('accommodate', np.int64(49))",accommodate,feet,C,relevant,0.5773502691896257,stripes,0.5773502691896257
"('accommodate', np.int64(50))",accommodate,stripes,W,relevant,0.948683298050514,feet,0.948683298050514
"('accommodate', np.int64(50))",accommodate,feet,C,irrelevant,-0.316227766016838,feet,0.316227766016838
"('accommodate', np.int64(51))",accommodate,stripes,E,irrelevant,0.7071067811865476,stripes,0.7071067811865476
"('accommodate', np.int64(51))",accommodate,feet,F,relevant,0.7071067811865476,stripes,0.7071067811865476
"('accommodate', np.int64(52))",accommodate,stripes,E,relevant,0.9878783399072134,feet,0.9878783399072134
"('accommodate', np.int64(52))",accommodate,feet,C,irrelevant,0.10976425998969036,feet,0.10976425998969036
"('accommodate', np.int64(53))",accommodate,stripes,W,irrelevant,0.50709255283711,stripes,0.50709255283711
"('accommodate', np.int64(53))",accommodate,feet,C,relevant,-0.8451542547285166,stripes,0.8451542547285166
"('accommodate', np.int64(54))",accommodate,stripes,W,relevant,0.9309493362512627,feet,0.9309493362512627
"('accommodate', np.int64(54))",accommodate,feet,F,irrelevant,0.35805743701971643,feet,0.35805743701971643
"('accommodate', np.int64(55))",accommodate,stripes,W,irrelevant,0.06523280730534423,stripes,0.06523280730534423
"('accommodate', np.int64(55))",accommodate,feet,F,relevant,0.9784921095801633,stripes,0.9784921095801633
"('accommodate', np.int64(56))",accommodate,stripes,E,relevant,0.7683498199278325,feet,0.7683498199278325
"('accommodate', np.int64(56))",accommodate,feet,C,irrelevant,0.5488212999484517,feet,0.5488212999484517
"('accommodate', np.int64(57))",accommodate,stripes,W,irrelevant,0.0,stripes,0.0
"('accommodate', np.int64(57))",accommodate,feet,C,relevant,0.9701425001453319,stripes,0.9701425001453319
"('accommodate', np.int64(58))",accommodate,stripes,W,relevant,0.9878783399072134,feet,0.9878783399072134
"('accommodate', np.int64(58))",accommodate,feet,C,irrelevant,0.10976425998969036,feet,0.10976425998969036
"('accommodate', np.int64(59))",accommodate,stripes,W,irrelevant,-0.8392543274162826,stripes,0.8392543274162826
"('accommodate', np.int64(59))",accommodate,feet,F,relevant,0.4662524041201569,stripes,0.4662524041201569
"('accommodate', np.int64(60))",accommodate,stripes,E,relevant,0.8392543274162826,feet,0.8392543274162826
"('accommodate', np.int64(60))",accommodate,feet,C,irrelevant,0.4662524041201569,feet,0.4662524041201569
"('accommodate', np.int64(61))",accommodate,stripes,W,irrelevant,-0.3651483716701107,stripes,0.3651483716701107
"('accommodate', np.int64(61))",accommodate,feet,C,relevant,0.9128709291752768,stripes,0.9128709291752768
"('accommodate', np.int64(62))",accommodate,stripes,W,relevant,0.9284766908852594,feet,0.9284766908852594
"('accommodate', np.int64(62))",accommodate,feet,C,irrelevant,0.3713906763541037,feet,0.3713906763541037
"('accommodate', np.int64(63))",accommodate,stripes,W,irrelevant,0.3651483716701107,stripes,0.3651483716701107
"('accommodate', np.int64(63))",accommodate,feet,F,relevant,-0.9128709291752768,stripes,0.9128709291752768
"('accommodate', np.int64(64))",accommodate,stripes,E,relevant,0.0,feet,0.0
"('accommodate', np.int64(64))",accommodate,feet,F,irrelevant,0.8944271909999159,feet,0.8944271909999159
"('accommodate', np.int64(65))",accommodate,stripes,E,irrelevant,0.5488212999484517,stripes,0.5488212999484517
"('accommodate', np.int64(65))",accommodate,feet,C,relevant,0.7683498199278325,stripes,0.7683498199278325
"('accommodate', np.int64(66))",accommodate,stripes,W,relevant,0.7633700367119739,feet,0.7633700367119739
"('accommodate', np.int64(66))",accommodate,feet,C,irrelevant,0.5937322507759797,feet,0.5937322507759797
"('accommodate', np.int64(67))",accommodate,stripes,E,irrelevant,0.2294157338705618,stripes,0.2294157338705618
"('accommodate', np.int64(67))",accommodate,feet,F,relevant,0.6882472016116854,stripes,0.6882472016116854
"('accommodate', np.int64(68))",accommodate,stripes,E,relevant,0.9434563530497265,feet,0.9434563530497265
"('accommodate', np.int64(68))",accommodate,feet,C,irrelevant,0.3144854510165755,feet,0.3144854510165755
"('accommodate', np.int64(69))",accommodate,stripes,E,irrelevant,0.7071067811865476,stripes,0.7071067811865476
"('accommodate', np.int64(69))",accommodate,feet,C,relevant,0.7071067811865476,stripes,0.7071067811865476
"('accommodate', np.int64(70))",accommodate,stripes,W,relevant,0.0,feet,0.0
"('accommodate', np.int64(70))",accommodate,feet,F,irrelevant,1.0,feet,1.0
"('accommodate', np.int64(71))",accommodate,stripes,W,irrelevant,0.7071067811865476,stripes,0.7071067811865476
"('accommodate', np.int64(71))",accommodate,feet,F,relevant,0.7071067811865476,stripes,0.7071067811865476
"('accommodate', np.int64(72))",accommodate,stripes,E,relevant,0.7071067811865477,feet,0.7071067811865477
"('accommodate', np.int64(72))",accommodate,feet,F,irrelevant,0.7071067811865477,feet,0.7071067811865477
"('accommodate', np.int64(73))",accommodate,stripes,E,irrelevant,0.0,stripes,0.0
"('accommodate', np.int64(73))",accommodate,feet,C,relevant,1.0,stripes,1.0
"('accommodate', np.int64(74))",accommodate,stripes,W,relevant,0.9701425001453319,feet,0.9701425001453319
"('accommodate', np.int64(74))",accommodate,feet,F,irrelevant,0.24253562503633297,feet,0.24253562503633297
"('accommodate', np.int64(75))",accommodate,stripes,W,irrelevant,-0.5547001962252291,stripes,0.5547001962252291
"('accommodate', np.int64(75))",accommodate,feet,F,relevant,0.8320502943378437,stripes,0.8320502943378437
"('accommodate', np.int64(77))",accommodate,stripes,W,irrelevant,0.0,stripes,0.0
"('accommodate', np.int64(77))",accommodate,feet,C,relevant,1.0,stripes,1.0
"('accommodate', np.int64(78))",accommodate,stripes,W,relevant,0.9610744623271418,feet,0.9610744623271418
"('accommodate', np.int64(78))",accommodate,feet,C,irrelevant,0.26211121699831136,feet,0.26211121699831136
"('accommodate', np.int64(79))",accommodate,stripes,W,irrelevant,-0.8017837257372733,stripes,0.8017837257372733
"('accommodate', np.int64(79))",accommodate,feet,F,relevant,0.5345224838248488,stripes,0.5345224838248488
"('accommodate', np.int64(80))",accommodate,stripes,E,relevant,0.9128709291752768,feet,0.9128709291752768
"('accommodate', np.int64(80))",accommodate,feet,C,irrelevant,-0.18257418583505536,feet,0.18257418583505536
"('accommodate', np.int64(81))",accommodate,stripes,W,irrelevant,0.7071067811865476,stripes,0.7071067811865476
"('accommodate', np.int64(81))",accommodate,feet,C,relevant,0.7071067811865476,stripes,0.7071067811865476
"('accommodate', np.int64(82))",accommodate,stripes,W,relevant,-0.5883484054145521,feet,0.5883484054145521
"('accommodate', np.int64(82))",accommodate,feet,C,irrelevant,-0.7844645405527362,feet,0.7844645405527362
"('accommodate', np.int64(83))",accommodate,stripes,E,irrelevant,-0.8451542547285166,stripes,0.8451542547285166
"('accommodate', np.int64(83))",accommodate,feet,F,relevant,0.50709255283711,stripes,0.50709255283711
"('accommodate', np.int64(84))",accommodate,stripes,E,relevant,0.6666666666666667,feet,0.6666666666666667
"('accommodate', np.int64(84))",accommodate,feet,F,irrelevant,0.6666666666666667,feet,0.6666666666666667
"('accommodate', np.int64(85))",accommodate,stripes,W,irrelevant,0.24253562503633297,stripes,0.24253562503633297
"('accommodate', np.int64(85))",accommodate,feet,C,relevant,0.9701425001453319,stripes,0.9701425001453319
"('accommodate', np.int64(86))",accommodate,stripes,W,relevant,0.7049344049891617,feet,0.7049344049891617
"('accommodate', np.int64(86))",accommodate,feet,F,irrelevant,0.7049344049891617,feet,0.7049344049891617
"('accommodate', np.int64(87))",accommodate,stripes,W,irrelevant,-0.4364357804719847,stripes,0.4364357804719847
"('accommodate', np.int64(87))",accommodate,feet,F,relevant,0.8728715609439694,stripes,0.8728715609439694
"('accommodate', np.int64(88))",accommodate,stripes,E,relevant,0.8944271909999159,feet,0.8944271909999159
"('accommodate', np.int64(88))",accommodate,feet,C,irrelevant,0.4472135954999579,feet,0.4472135954999579
"('accommodate', np.int64(89))",accommodate,stripes,W,irrelevant,0.10976425998969036,stripes,0.10976425998969036
"('accommodate', np.int64(89))",accommodate,feet,C,relevant,0.9878783399072134,stripes,0.9878783399072134
"('accommodate', np.int64(90))",accommodate,stripes,W,relevant,0.9863939238321439,feet,0.9863939238321439
"('accommodate', np.int64(90))",accommodate,feet,C,irrelevant,0.0,feet,0.0
"('accommodate', np.int64(91))",accommodate,stripes,W,irrelevant,0.4472135954999579,stripes,0.4472135954999579
"('accommodate', np.int64(91))",accommodate,feet,F,relevant,0.8944271909999159,stripes,0.8944271909999159
"('accommodate', np.int64(92))",accommodate,stripes,E,relevant,0.8320502943378437,feet,0.8320502943378437
"('accommodate', np.int64(92))",accommodate,feet,C,irrelevant,-0.5547001962252291,feet,0.5547001962252291
"('accommodate', np.int64(93))",accommodate,stripes,W,irrelevant,-0.808290376865476,stripes,0.808290376865476
"('accommodate', np.int64(93))",accommodate,feet,C,relevant,0.5773502691896257,stripes,0.5773502691896257
"('accommodate', np.int64(94))",accommodate,stripes,W,relevant,0.9284766908852594,feet,0.9284766908852594
"('accommodate', np.int64(94))",accommodate,feet,F,irrelevant,0.3713906763541037,feet,0.3713906763541037
"('accommodate', np.int64(95))",accommodate,stripes,W,irrelevant,-0.10976425998969036,stripes,0.10976425998969036
"('accommodate', np.int64(95))",accommodate,feet,F,relevant,0.9878783399072134,stripes,0.9878783399072134
"('accommodate', np.int64(96))",accommodate,stripes,E,relevant,0.6882472016116854,feet,0.6882472016116854
"('accommodate', np.int64(96))",accommodate,feet,C,irrelevant,0.6882472016116854,feet,0.6882472016116854
"('accommodate', np.int64(97))",accommodate,stripes,E,irrelevant,0.7715167498104596,stripes,0.7715167498104596
"('accommodate', np.int64(97))",accommodate,feet,C,relevant,0.6172133998483676,stripes,0.6172133998483676
"('accommodate', np.int64(98))",accommodate,stripes,W,relevant,,feet,
"('accommodate', np.int64(98))",accommodate,feet,C,irrelevant,,feet,
"('accommodate', np.int64(99))",accommodate,stripes,W,irrelevant,0.4833682445228318,stripes,0.4833682445228318
"('accommodate', np.int64(99))",accommodate,feet,F,relevant,0.8700628401410974,stripes,0.8700628401410974
"('accommodate', np.int64(100))",accommodate,stripes,E,relevant,,feet,
"('accommodate', np.int64(100))",accommodate,feet,C,irrelevant,,feet,
"('accommodate', np.int64(101))",accommodate,stripes,W,irrelevant,-0.50709255283711,stripes,0.50709255283711
"('accommodate', np.int64(101))",accommodate,feet,C,relevant,-0.16903085094570333,stripes,0.16903085094570333
"('accommodate', np.int64(102))",accommodate,stripes,W,relevant,0.9284766908852594,feet,0.9284766908852594
"('accommodate', np.int64(102))",accommodate,feet,F,irrelevant,-0.3713906763541037,feet,0.3713906763541037
"('accommodate', np.int64(103))",accommodate,stripes,W,irrelevant,0.5937322507759797,stripes,0.5937322507759797
"('accommodate', np.int64(103))",accommodate,feet,F,relevant,0.7633700367119739,stripes,0.7633700367119739
"('accommodate', np.int64(104))",accommodate,stripes,E,relevant,0.40824829046386296,feet,0.40824829046386296
"('accommodate', np.int64(104))",accommodate,feet,C,irrelevant,-0.8164965809277259,feet,0.8164965809277259
"('accommodate', np.int64(105))",accommodate,stripes,E,irrelevant,-0.21821789023599236,stripes,0.21821789023599236
"('accommodate', np.int64(105))",accommodate,feet,C,relevant,0.8728715609439694,stripes,0.8728715609439694
"('accommodate', np.int64(106))",accommodate,stripes,W,relevant,0.4368520283305189,feet,0.4368520283305189
"('accommodate', np.int64(106))",accommodate,feet,C,irrelevant,0.7863336509949341,feet,0.7863336509949341
"('accommodate', np.int64(107))",accommodate,stripes,W,irrelevant,0.0,stripes,0.0
"('accommodate', np.int64(107))",accommodate,feet,F,relevant,0.9701425001453319,stripes,0.9701425001453319
"('accommodate', np.int64(108))",accommodate,stripes,E,relevant,0.8017837257372733,feet,0.8017837257372733
"('accommodate', np.int64(108))",accommodate,feet,C,irrelevant,-0.2672612419124244,feet,0.2672612419124244
"('accommodate', np.int64(109))",accommodate,stripes,W,irrelevant,0.4833682445228318,stripes,0.4833682445228318
"('accommodate', np.int64(109))",accommodate,feet,C,relevant,0.8700628401410974,stripes,0.8700628401410974
"('accommodate', np.int64(110))",accommodate,stripes,W,relevant,0.7071067811865476,feet,0.7071067811865476
"('accommodate', np.int64(110))",accommodate,feet,C,irrelevant,-0.7071067811865476,feet,0.7071067811865476
"('accommodate', np.int64(111))",accommodate,stripes,E,irrelevant,-0.3144854510165755,stripes,0.3144854510165755
"('accommodate', np.int64(111))",accommodate,feet,F,relevant,0.9434563530497265,stripes,0.9434563530497265
"('accommodate', np.int64(112))",accommodate,stripes,E,relevant,0.9701425001453319,feet,0.9701425001453319
"('accommodate', np.int64(112))",accommodate,feet,C,irrelevant,-0.24253562503633297,feet,0.24253562503633297
"('accommodate', np.int64(113))",accommodate,stripes,E,irrelevant,0.35805743701971643,stripes,0.35805743701971643
"('accommodate', np.int64(113))",accommodate,feet,C,relevant,0.9309493362512627,stripes,0.9309493362512627
"('accommodate', np.int64(114))",accommodate,stripes,W,relevant,,feet,
"('accommodate', np.int64(114))",accommodate,feet,F,irrelevant,,feet,
"('accommodate', np.int64(115))",accommodate,stripes,E,irrelevant,0.0,stripes,0.0
"('accommodate', np.int64(115))",accommodate,feet,F,relevant,-1.0,stripes,1.0
"('accommodate', np.int64(116))",accommodate,stripes,E,relevant,0.7863336509949341,feet,0.7863336509949341
"('accommodate', np.int64(116))",accommodate,feet,F,irrelevant,-0.6115928396627265,feet,0.6115928396627265
"('accommodate', np.int64(117))",accommodate,stripes,W,irrelevant,-0.19611613513818404,stripes,0.19611613513818404
"('accommodate', np.int64(117))",accommodate,feet,C,relevant,0.9805806756909202,stripes,0.9805806756909202
"('accommodate', np.int64(118))",accommodate,stripes,W,relevant,0.8451542547285166,feet,0.8451542547285166
"('accommodate', np.int64(118))",accommodate,feet,F,irrelevant,0.50709255283711,feet,0.50709255283711
"('accommodate', np.int64(119))",accommodate,stripes,E,irrelevant,0.4833682445228318,stripes,0.4833682445228318
"('accommodate', np.int64(119))",accommodate,feet,F,relevant,0.8700628401410974,stripes,0.8700628401410974
"('accommodate', np.int64(120))",accommodate,stripes,E,relevant,0.9610744623271418,feet,0.9610744623271418
"('accommodate', np.int64(120))",accommodate,feet,F,irrelevant,-0.26211121699831136,feet,0.26211121699831136
"('accommodate', np.int64(121))",accommodate,stripes,W,irrelevant,0.6115928396627265,stripes,0.6115928396627265
"('accommodate', np.int64(121))",accommodate,feet,C,relevant,0.7863336509949341,stripes,0.7863336509949341
"('accommodate', np.int64(122))",accommodate,stripes,W,relevant,0.5883484054145521,feet,0.5883484054145521
"('accommodate', np.int64(122))",accommodate,feet,F,irrelevant,0.7844645405527362,feet,0.7844645405527362
"('accommodate', np.int64(123))",accommodate,stripes,E,irrelevant,0.911322376865767,stripes,0.911322376865767
"('accommodate', np.int64(123))",accommodate,feet,F,relevant,0.39056673294247163,stripes,0.39056673294247163
"('accommodate', np.int64(124))",accommodate,stripes,E,relevant,0.7844645405527362,feet,0.7844645405527362
"('accommodate', np.int64(124))",accommodate,feet,F,irrelevant,0.5883484054145521,feet,0.5883484054145521
"('accommodate', np.int64(125))",accommodate,stripes,W,irrelevant,0.8944271909999159,stripes,0.8944271909999159
"('accommodate', np.int64(125))",accommodate,feet,C,relevant,0.4472135954999579,stripes,0.4472135954999579
"('accommodate', np.int64(126))",accommodate,stripes,W,relevant,0.07647191129018725,feet,0.07647191129018725
"('accommodate', np.int64(126))",accommodate,feet,C,irrelevant,0.9941348467724342,feet,0.9941348467724342
"('accommodate', np.int64(127))",accommodate,stripes,W,irrelevant,-0.808290376865476,stripes,0.808290376865476
"('accommodate', np.int64(127))",accommodate,feet,F,relevant,0.5773502691896257,stripes,0.5773502691896257
"('accommodate', np.int64(128))",accommodate,stripes,E,relevant,0.911322376865767,feet,0.911322376865767
"('accommodate', np.int64(128))",accommodate,feet,F,irrelevant,0.13018891098082386,feet,0.13018891098082386
"('accommodate', np.int64(129))",accommodate,stripes,E,irrelevant,0.4472135954999579,stripes,0.4472135954999579
"('accommodate', np.int64(129))",accommodate,feet,C,relevant,0.8944271909999159,stripes,0.8944271909999159
"('accommodate', np.int64(130))",accommodate,stripes,W,relevant,0.9899494936611667,feet,0.9899494936611667
"('accommodate', np.int64(130))",accommodate,feet,C,irrelevant,0.14142135623730953,feet,0.14142135623730953
"('accommodate', np.int64(131))",accommodate,stripes,W,irrelevant,0.9045340337332909,stripes,0.9045340337332909
"('accommodate', np.int64(131))",accommodate,feet,F,relevant,-0.30151134457776363,stripes,0.30151134457776363
"('accommodate', np.int64(132))",accommodate,stripes,E,relevant,0.8728715609439694,feet,0.8728715609439694
"('accommodate', np.int64(132))",accommodate,feet,C,irrelevant,0.4364357804719847,feet,0.4364357804719847
"('accommodate', np.int64(133))",accommodate,stripes,E,irrelevant,0.5937322507759797,stripes,0.5937322507759797
"('accommodate', np.int64(133))",accommodate,feet,C,relevant,0.7633700367119739,stripes,0.7633700367119739
"('accommodate', np.int64(134))",accommodate,stripes,W,relevant,0.7844645405527362,feet,0.7844645405527362
"('accommodate', np.int64(134))",accommodate,feet,C,irrelevant,0.5883484054145521,feet,0.5883484054145521
"('accommodate', np.int64(135))",accommodate,stripes,E,irrelevant,0.0,stripes,0.0
"('accommodate', np.int64(135))",accommodate,feet,F,relevant,0.8944271909999159,stripes,0.8944271909999159
"('accommodate', np.int64(136))",accommodate,stripes,E,relevant,0.948683298050514,feet,0.948683298050514
"('accommodate', np.int64(136))",accommodate,feet,F,irrelevant,-0.316227766016838,feet,0.316227766016838
"('accommodate', np.int64(137))",accommodate,stripes,W,irrelevant,-0.11547005383792516,stripes,0.11547005383792516
"('accommodate', np.int64(137))",accommodate,feet,C,relevant,0.808290376865476,stripes,0.808290376865476
"('accommodate', np.int64(138))",accommodate,stripes,W,relevant,0.0,feet,0.0
"('accommodate', np.int64(138))",accommodate,feet,C,irrelevant,-0.948683298050514,feet,0.948683298050514
"('accommodate', np.int64(139))",accommodate,stripes,W,irrelevant,-0.5345224838248488,stripes,0.5345224838248488
"('accommodate', np.int64(139))",accommodate,feet,F,relevant,-0.2672612419124244,stripes,0.2672612419124244
"('accommodate', np.int64(140))",accommodate,stripes,E,relevant,1.0,feet,1.0
"('accommodate', np.int64(140))",accommodate,feet,C,irrelevant,0.0,feet,0.0
"('accommodate', np.int64(141))",accommodate,stripes,W,irrelevant,0.26211121699831136,stripes,0.26211121699831136
"('accommodate', np.int64(141))",accommodate,feet,C,relevant,0.9610744623271418,stripes,0.9610744623271418
"('accommodate', np.int64(142))",accommodate,stripes,W,relevant,0.9918365981341756,feet,0.9918365981341756
"('accommodate', np.int64(142))",accommodate,feet,C,irrelevant,0.09016696346674323,feet,0.09016696346674323
"('accommodate', np.int64(143))",accommodate,stripes,E,irrelevant,0.7049344049891617,stripes,0.7049344049891617
"('accommodate', np.int64(143))",accommodate,feet,F,relevant,0.7049344049891617,stripes,0.7049344049891617
"('accommodate', np.int64(144))",accommodate,stripes,E,relevant,0.5773502691896257,feet,0.5773502691896257
"('accommodate', np.int64(144))",accommodate,feet,F,irrelevant,0.808290376865476,feet,0.808290376865476
"('accommodate', np.int64(145))",accommodate,stripes,E,irrelevant,0.6000000000000001,stripes,0.6000000000000001
"('accommodate', np.int64(145))",accommodate,feet,C,relevant,0.8,stripes,0.8
"('accommodate', np.int64(146))",accommodate,stripes,W,relevant,0.9801960588196068,feet,0.9801960588196068
"('accommodate', np.int64(146))",accommodate,feet,F,irrelevant,-0.14002800840280097,feet,0.14002800840280097
"('accommodate', np.int64(147))",accommodate,stripes,W,irrelevant,-0.502518907629606,stripes,0.502518907629606
"('accommodate', np.int64(147))",accommodate,feet,F,relevant,0.502518907629606,stripes,0.502518907629606
"('accommodate', np.int64(148))",accommodate,stripes,E,relevant,1.0,feet,1.0
"('accommodate', np.int64(148))",accommodate,feet,C,irrelevant,0.0,feet,0.0
"('accommodate', np.int64(149))",accommodate,stripes,W,irrelevant,-0.3144854510165755,stripes,0.3144854510165755
"('accommodate', np.int64(149))",accommodate,feet,C,relevant,0.9434563530497265,stripes,0.9434563530497265
"('accommodate', np.int64(150))",accommodate,stripes,W,relevant,0.9370425713316366,feet,0.9370425713316366
"('accommodate', np.int64(150))",accommodate,feet,C,irrelevant,0.15617376188860607,feet,0.15617376188860607
"('accommodate', np.int64(151))",accommodate,stripes,W,irrelevant,-0.30151134457776363,stripes,0.30151134457776363
"('accommodate', np.int64(151))",accommodate,feet,F,relevant,0.30151134457776363,stripes,0.30151134457776363
"('accommodate', np.int64(152))",accommodate,stripes,E,relevant,0.0,feet,0.0
"('accommodate', np.int64(152))",accommodate,feet,C,irrelevant,-1.0,feet,1.0
"('accommodate', np.int64(153))",accommodate,stripes,W,irrelevant,0.10976425998969036,stripes,0.10976425998969036
"('accommodate', np.int64(153))",accommodate,feet,C,relevant,0.9878783399072134,stripes,0.9878783399072134
"('accommodate', np.int64(154))",accommodate,stripes,W,relevant,-0.316227766016838,feet,0.316227766016838
"('accommodate', np.int64(154))",accommodate,feet,F,irrelevant,0.948683298050514,feet,0.948683298050514
"('accommodate', np.int64(155))",accommodate,stripes,W,irrelevant,0.7035264706814485,stripes,0.7035264706814485
"('accommodate', np.int64(155))",accommodate,feet,F,relevant,0.7035264706814485,stripes,0.7035264706814485
"('accommodate', np.int64(156))",accommodate,stripes,E,relevant,0.9878783399072134,feet,0.9878783399072134
"('accommodate', np.int64(156))",accommodate,feet,C,irrelevant,0.10976425998969036,feet,0.10976425998969036
"('accommodate', np.int64(157))",accommodate,stripes,W,irrelevant,0.19245008972987526,stripes,0.19245008972987526
"('accommodate', np.int64(157))",accommodate,feet,C,relevant,0.9622504486493761,stripes,0.9622504486493761
"('accommodate', np.int64(158))",accommodate,stripes,W,relevant,0.8017837257372733,feet,0.8017837257372733
"('accommodate', np.int64(158))",accommodate,feet,F,irrelevant,0.5345224838248488,feet,0.5345224838248488
"('accommodate', np.int64(159))",accommodate,stripes,E,irrelevant,0.0,stripes,0.0
"('accommodate', np.int64(159))",accommodate,feet,F,relevant,1.0,stripes,1.0
"('accommodate', np.int64(160))",accommodate,stripes,E,relevant,0.5773502691896257,feet,0.5773502691896257
"('accommodate', np.int64(160))",accommodate,feet,F,irrelevant,0.808290376865476,feet,0.808290376865476
"('accommodate', np.int64(161))",accommodate,stripes,W,irrelevant,0.4472135954999579,stripes,0.4472135954999579
"('accommodate', np.int64(161))",accommodate,feet,C,relevant,0.8944271909999159,stripes,0.8944271909999159
"('accommodate', np.int64(162))",accommodate,stripes,W,relevant,0.8728715609439694,feet,0.8728715609439694
"('accommodate', np.int64(162))",accommodate,feet,C,irrelevant,-0.21821789023599236,feet,0.21821789023599236
"('accommodate', np.int64(163))",accommodate,stripes,W,irrelevant,0.4472135954999579,stripes,0.4472135954999579
"('accommodate', np.int64(163))",accommodate,feet,F,relevant,0.8944271909999159,stripes,0.8944271909999159
"('accommodate', np.int64(164))",accommodate,stripes,E,relevant,0.8017837257372733,feet,0.8017837257372733
"('accommodate', np.int64(164))",accommodate,feet,C,irrelevant,0.5345224838248488,feet,0.5345224838248488
"('accommodate', np.int64(165))",accommodate,stripes,E,irrelevant,0.5773502691896257,stripes,0.5773502691896257
"('accommodate', np.int64(165))",accommodate,feet,C,relevant,0.808290376865476,stripes,0.808290376865476
"('accommodate', np.int64(166))",accommodate,stripes,W,relevant,0.8017837257372733,feet,0.8017837257372733
"('accommodate', np.int64(166))",accommodate,feet,F,irrelevant,0.2672612419124244,feet,0.2672612419124244
"('accommodate', np.int64(167))",accommodate,stripes,W,irrelevant,0.5345224838248488,stripes,0.5345224838248488
"('accommodate', np.int64(167))",accommodate,feet,F,relevant,0.8017837257372733,stripes,0.8017837257372733
"('accommodate', np.int64(168))",accommodate,stripes,E,relevant,0.3713906763541037,feet,0.3713906763541037
"('accommodate', np.int64(168))",accommodate,feet,C,irrelevant,0.0,feet,0.0
"('accommodate', np.int64(169))",accommodate,stripes,E,irrelevant,0.40824829046386296,stripes,0.40824829046386296
"('accommodate', np.int64(169))",accommodate,feet,C,relevant,0.40824829046386296,stripes,0.40824829046386296
"('accommodate', np.int64(170))",accommodate,stripes,W,relevant,0.948683298050514,feet,0.948683298050514
"('accommodate', np.int64(170))",accommodate,feet,C,irrelevant,0.316227766016838,feet,0.316227766016838
"('accommodate', np.int64(171))",accommodate,stripes,E,irrelevant,0.3651483716701107,stripes,0.3651483716701107
"('accommodate', np.int64(171))",accommodate,feet,F,relevant,0.9128709291752768,stripes,0.9128709291752768
"('accommodate', np.int64(172))",accommodate,stripes,E,relevant,0.9701425001453319,feet,0.9701425001453319
"('accommodate', np.int64(172))",accommodate,feet,C,irrelevant,0.0,feet,0.0
"('accommodate', np.int64(173))",accommodate,stripes,E,irrelevant,0.7633700367119739,stripes,0.7633700367119739
"('accommodate', np.int64(173))",accommodate,feet,C,relevant,0.5937322507759797,stripes,0.5937322507759797
"('accommodate', np.int64(174))",accommodate,stripes,W,relevant,-0.5345224838248488,feet,0.5345224838248488
"('accommodate', np.int64(174))",accommodate,feet,F,irrelevant,0.8017837257372733,feet,0.8017837257372733
"('accommodate', np.int64(175))",accommodate,stripes,E,irrelevant,0.5883484054145521,stripes,0.5883484054145521
"('accommodate', np.int64(175))",accommodate,feet,F,relevant,0.7844645405527362,stripes,0.7844645405527362
"('accommodate', np.int64(176))",accommodate,stripes,E,relevant,-0.7844645405527362,feet,0.7844645405527362
"('accommodate', np.int64(176))",accommodate,feet,F,irrelevant,0.5883484054145521,feet,0.5883484054145521
"('accommodate', np.int64(178))",accommodate,stripes,W,relevant,0.9284766908852594,feet,0.9284766908852594
"('accommodate', np.int64(178))",accommodate,feet,F,irrelevant,0.3713906763541037,feet,0.3713906763541037
"('accommodate', np.int64(179))",accommodate,stripes,W,irrelevant,0.30151134457776363,stripes,0.30151134457776363
"('accommodate', np.int64(179))",accommodate,feet,F,relevant,-0.9045340337332909,stripes,0.9045340337332909
"('accommodate', np.int64(180))",accommodate,stripes,E,relevant,0.9284766908852594,feet,0.9284766908852594
"('accommodate', np.int64(180))",accommodate,feet,F,irrelevant,0.0,feet,0.0
"('accommodate', np.int64(181))",accommodate,stripes,W,irrelevant,0.9045340337332909,stripes,0.9045340337332909
"('accommodate', np.int64(181))",accommodate,feet,C,relevant,-0.30151134457776363,stripes,0.30151134457776363
"('accommodate', np.int64(182))",accommodate,stripes,W,relevant,0.8944271909999159,feet,0.8944271909999159
"('accommodate', np.int64(182))",accommodate,feet,F,irrelevant,0.4472135954999579,feet,0.4472135954999579
"('accommodate', np.int64(183))",accommodate,stripes,W,irrelevant,-0.35805743701971643,stripes,0.35805743701971643
"('accommodate', np.int64(183))",accommodate,feet,F,relevant,-0.9309493362512627,stripes,0.9309493362512627
"('accommodate', np.int64(184))",accommodate,stripes,E,relevant,0.5773502691896257,feet,0.5773502691896257
"('accommodate', np.int64(184))",accommodate,feet,F,irrelevant,0.808290376865476,feet,0.808290376865476
"('accommodate', np.int64(185))",accommodate,stripes,E,irrelevant,0.5773502691896257,stripes,0.5773502691896257
"('accommodate', np.int64(185))",accommodate,feet,C,relevant,0.808290376865476,stripes,0.808290376865476
"('accommodate', np.int64(186))",accommodate,stripes,W,relevant,1.0,feet,1.0
"('accommodate', np.int64(186))",accommodate,feet,F,irrelevant,0.0,feet,0.0
"('accommodate', np.int64(187))",accommodate,stripes,E,irrelevant,0.6882472016116854,stripes,0.6882472016116854
"('accommodate', np.int64(187))",accommodate,feet,F,relevant,0.6882472016116854,stripes,0.6882472016116854
"('accommodate', np.int64(188))",accommodate,stripes,E,relevant,0.9801960588196068,feet,0.9801960588196068
"('accommodate', np.int64(188))",accommodate,feet,F,irrelevant,0.14002800840280097,feet,0.14002800840280097
"('accommodate', np.int64(189))",accommodate,stripes,W,irrelevant,0.0,stripes,0.0
"('accommodate', np.int64(189))",accommodate,feet,C,relevant,0.8944271909999159,stripes,0.8944271909999159
"('accommodate', np.int64(190))",accommodate,stripes,W,relevant,0.9805806756909202,feet,0.9805806756909202
"('accommodate', np.int64(190))",accommodate,feet,C,irrelevant,0.19611613513818404,feet,0.19611613513818404
"('accommodate', np.int64(191))",accommodate,stripes,E,irrelevant,0.39056673294247163,stripes,0.39056673294247163
"('accommodate', np.int64(191))",accommodate,feet,F,relevant,0.911322376865767,stripes,0.911322376865767
"('accommodate', np.int64(192))",accommodate,stripes,E,relevant,0.50709255283711,feet,0.50709255283711
"('accommodate', np.int64(192))",accommodate,feet,F,irrelevant,0.8451542547285166,feet,0.8451542547285166
"('accommodate', np.int64(193))",accommodate,stripes,E,irrelevant,0.5547001962252291,stripes,0.5547001962252291
"('accommodate', np.int64(193))",accommodate,feet,C,relevant,0.8320502943378437,stripes,0.8320502943378437
"('accommodate', np.int64(194))",accommodate,stripes,W,relevant,0.8164965809277259,feet,0.8164965809277259
"('accommodate', np.int64(194))",accommodate,feet,F,irrelevant,0.40824829046386296,feet,0.40824829046386296
"('accommodate', np.int64(195))",accommodate,stripes,E,irrelevant,0.3665083330689157,stripes,0.3665083330689157
"('accommodate', np.int64(195))",accommodate,feet,F,relevant,0.8551861104941366,stripes,0.8551861104941366
"('accommodate', np.int64(196))",accommodate,stripes,E,relevant,0.9072647087265548,feet,0.9072647087265548
"('accommodate', np.int64(196))",accommodate,feet,F,irrelevant,0.08247860988423225,feet,0.08247860988423225
"('accommodate', np.int64(197))",accommodate,stripes,W,irrelevant,0.16903085094570333,stripes,0.16903085094570333
"('accommodate', np.int64(197))",accommodate,feet,C,relevant,0.8451542547285166,stripes,0.8451542547285166
"('accommodate', np.int64(198))",accommodate,stripes,W,relevant,1.0,feet,1.0
"('accommodate', np.int64(198))",accommodate,feet,F,irrelevant,0.0,feet,0.0
"('accommodate', np.int64(199))",accommodate,stripes,E,irrelevant,0.10482848367219183,stripes,0.10482848367219183
"('accommodate', np.int64(199))",accommodate,feet,F,relevant,0.9434563530497265,stripes,0.9434563530497265
"('accommodate', np.int64(200))",accommodate,stripes,E,relevant,0.7071067811865476,feet,0.7071067811865476
"('accommodate', np.int64(200))",accommodate,feet,F,irrelevant,-0.7071067811865476,feet,0.7071067811865476
"('accommodate', np.int64(201))",accommodate,stripes,W,irrelevant,-0.6000000000000001,stripes,0.6000000000000001
"('accommodate', np.int64(201))",accommodate,feet,C,relevant,0.8,stripes,0.8
"('accommodate', np.int64(202))",accommodate,stripes,W,relevant,0.7863336509949341,feet,0.7863336509949341
"('accommodate', np.int64(202))",accommodate,feet,C,irrelevant,0.6115928396627265,feet,0.6115928396627265
"('accommodate', np.int64(203))",accommodate,stripes,W,irrelevant,0.0,stripes,0.0
"('accommodate', np.int64(203))",accommodate,feet,F,relevant,0.0,stripes,0.0
"('accommodate', np.int64(204))",accommodate,stripes,E,relevant,0.0,feet,0.0
"('accommodate', np.int64(204))",accommodate,feet,C,irrelevant,0.4472135954999579,feet,0.4472135954999579
"('accommodate', np.int64(205))",accommodate,stripes,E,irrelevant,-0.24253562503633297,stripes,0.24253562503633297
"('accommodate', np.int64(205))",accommodate,feet,C,relevant,0.9701425001453319,stripes,0.9701425001453319
"('accommodate', np.int64(206))",accommodate,stripes,W,relevant,0.948683298050514,feet,0.948683298050514
"('accommodate', np.int64(206))",accommodate,feet,F,irrelevant,0.0,feet,0.0
"('accommodate', np.int64(207))",accommodate,stripes,E,irrelevant,-0.5547001962252291,stripes,0.5547001962252291
"('accommodate', np.int64(207))",accommodate,feet,F,relevant,0.0,stripes,0.0
"('accommodate', np.int64(208))",accommodate,stripes,E,relevant,0.8574929257125442,feet,0.8574929257125442
"('accommodate', np.int64(208))",accommodate,feet,C,irrelevant,0.5144957554275266,feet,0.5144957554275266
"('accommodate', np.int64(209))",accommodate,stripes,W,irrelevant,0.15617376188860607,stripes,0.15617376188860607
"('accommodate', np.int64(209))",accommodate,feet,C,relevant,0.9370425713316366,stripes,0.9370425713316366
"('accommodate', np.int64(210))",accommodate,stripes,W,relevant,0.9128709291752768,feet,0.9128709291752768
"('accommodate', np.int64(210))",accommodate,feet,C,irrelevant,-0.18257418583505536,feet,0.18257418583505536
"('accommodate', np.int64(211))",accommodate,stripes,E,irrelevant,0.9284766908852594,stripes,0.9284766908852594
"('accommodate', np.int64(211))",accommodate,feet,F,relevant,0.3713906763541037,stripes,0.3713906763541037
"('accommodate', np.int64(212))",accommodate,stripes,E,relevant,0.7049344049891617,feet,0.7049344049891617
"('accommodate', np.int64(212))",accommodate,feet,F,irrelevant,0.7049344049891617,feet,0.7049344049891617
"('accommodate', np.int64(213))",accommodate,stripes,E,irrelevant,0.7049344049891617,stripes,0.7049344049891617
"('accommodate', np.int64(213))",accommodate,feet,C,relevant,0.7049344049891617,stripes,0.7049344049891617
"('accommodate', np.int64(214))",accommodate,stripes,W,relevant,0.8017837257372733,feet,0.8017837257372733
"('accommodate', np.int64(214))",accommodate,feet,C,irrelevant,0.5345224838248488,feet,0.5345224838248488
"('accommodate', np.int64(215))",accommodate,stripes,W,irrelevant,0.0,stripes,0.0
"('accommodate', np.int64(215))",accommodate,feet,F,relevant,1.0,stripes,1.0
"('accommodate', np.int64(216))",accommodate,stripes,E,relevant,0.9309493362512627,feet,0.9309493362512627
"('accommodate', np.int64(216))",accommodate,feet,F,irrelevant,-0.35805743701971643,feet,0.35805743701971643
"('accommodate', np.int64(217))",accommodate,stripes,W,irrelevant,0.7001400420140049,stripes,0.7001400420140049
"('accommodate', np.int64(217))",accommodate,feet,C,relevant,0.7001400420140049,stripes,0.7001400420140049
"('accommodate', np.int64(218))",accommodate,stripes,W,relevant,0.9878783399072134,feet,0.9878783399072134
"('accommodate', np.int64(218))",accommodate,feet,F,irrelevant,-0.10976425998969036,feet,0.10976425998969036
"('accommodate', np.int64(219))",accommodate,stripes,E,irrelevant,0.911322376865767,stripes,0.911322376865767
"('accommodate', np.int64(219))",accommodate,feet,F,relevant,0.39056673294247163,stripes,0.39056673294247163
"('accommodate', np.int64(220))",accommodate,stripes,E,relevant,-0.21821789023599236,feet,0.21821789023599236
"('accommodate', np.int64(220))",accommodate,feet,F,irrelevant,-0.8728715609439694,feet,0.8728715609439694
"('accommodate', np.int64(221))",accommodate,stripes,W,irrelevant,-0.26211121699831136,stripes,0.26211121699831136
"('accommodate', np.int64(221))",accommodate,feet,C,relevant,0.9610744623271418,stripes,0.9610744623271418
"('accommodate', np.int64(222))",accommodate,stripes,W,relevant,0.0,feet,0.0
"('accommodate', np.int64(222))",accommodate,feet,C,irrelevant,-0.8944271909999159,feet,0.8944271909999159
"('accommodate', np.int64(223))",accommodate,stripes,E,irrelevant,0.23570226039551587,stripes,0.23570226039551587
"('accommodate', np.int64(223))",accommodate,feet,F,relevant,0.9428090415820635,stripes,0.9428090415820635
"('accommodate', np.int64(224))",accommodate,stripes,E,relevant,0.9072647087265548,feet,0.9072647087265548
"('accommodate', np.int64(224))",accommodate,feet,C,irrelevant,0.08247860988423225,feet,0.08247860988423225
"('accommodate', np.int64(225))",accommodate,stripes,W,irrelevant,0.3665083330689157,stripes,0.3665083330689157
"('accommodate', np.int64(225))",accommodate,feet,C,relevant,0.3665083330689157,stripes,0.3665083330689157
"('accommodate', np.int64(226))",accommodate,stripes,W,relevant,,feet,
"('accommodate', np.int64(226))",accommodate,feet,C,irrelevant,,feet,
"('accommodate', np.int64(227))",accommodate,stripes,W,irrelevant,-0.10976425998969036,stripes,0.10976425998969036
"('accommodate', np.int64(227))",accommodate,feet,F,relevant,0.9878783399072134,stripes,0.9878783399072134
"('accommodate', np.int64(228))",accommodate,stripes,E,relevant,0.9434563530497265,feet,0.9434563530497265
"('accommodate', np.int64(228))",accommodate,feet,C,irrelevant,-0.10482848367219183,feet,0.10482848367219183
"('accommodate', np.int64(229))",accommodate,stripes,W,irrelevant,0.0,stripes,0.0
"('accommodate', np.int64(229))",accommodate,feet,C,relevant,-0.9701425001453319,stripes,0.9701425001453319
"('accommodate', np.int64(230))",accommodate,stripes,W,relevant,0.8700628401410974,feet,0.8700628401410974
"('accommodate', np.int64(230))",accommodate,feet,F,irrelevant,0.4833682445228318,feet,0.4833682445228318
"('accommodate', np.int64(231))",accommodate,stripes,E,irrelevant,-0.8451542547285166,stripes,0.8451542547285166
"('accommodate', np.int64(231))",accommodate,feet,F,relevant,0.50709255283711,stripes,0.50709255283711
"('accommodate', np.int64(232))",accommodate,stripes,E,relevant,0.0,feet,0.0
"('accommodate', np.int64(232))",accommodate,feet,F,irrelevant,0.4472135954999579,feet,0.4472135954999579
"('accommodate', np.int64(233))",accommodate,stripes,E,irrelevant,0.3651483716701107,stripes,0.3651483716701107
"('accommodate', np.int64(233))",accommodate,feet,C,relevant,0.9128709291752768,stripes,0.9128709291752768
"('accommodate', np.int64(234))",accommodate,stripes,W,relevant,-0.8728715609439694,feet,0.8728715609439694
"('accommodate', np.int64(234))",accommodate,feet,C,irrelevant,0.4364357804719847,feet,0.4364357804719847
"('accommodate', np.int64(235))",accommodate,stripes,W,irrelevant,0.948683298050514,stripes,0.948683298050514
"('accommodate', np.int64(235))",accommodate,feet,F,relevant,0.316227766016838,stripes,0.316227766016838
"('accommodate', np.int64(236))",accommodate,stripes,E,relevant,0.0,feet,0.0
"('accommodate', np.int64(236))",accommodate,feet,C,irrelevant,-1.0,feet,1.0
"('accommodate', np.int64(237))",accommodate,stripes,W,irrelevant,0.7035264706814485,stripes,0.7035264706814485
"('accommodate', np.int64(237))",accommodate,feet,C,relevant,0.7035264706814485,stripes,0.7035264706814485
"('accommodate', np.int64(238))",accommodate,stripes,W,relevant,0.6963106238227914,feet,0.6963106238227914
"('accommodate', np.int64(238))",accommodate,feet,C,irrelevant,0.6963106238227914,feet,0.6963106238227914
"('accommodate', np.int64(239))",accommodate,stripes,E,irrelevant,-0.7071067811865476,stripes,0.7071067811865476
"('accommodate', np.int64(239))",accommodate,feet,F,relevant,0.7071067811865476,stripes,0.7071067811865476
"('accommodate', np.int64(241))",accommodate,stripes,E,irrelevant,-0.07474350927519359,stripes,0.07474350927519359
"('accommodate', np.int64(241))",accommodate,feet,C,relevant,0.9716656205775166,stripes,0.9716656205775166
"('accommodate', np.int64(242))",accommodate,stripes,W,relevant,0.9701425001453319,feet,0.9701425001453319
"('accommodate', np.int64(242))",accommodate,feet,C,irrelevant,-0.24253562503633297,feet,0.24253562503633297
"('accommodate', np.int64(243))",accommodate,stripes,W,irrelevant,0.9610744623271418,stripes,0.9610744623271418
"('accommodate', np.int64(243))",accommodate,feet,F,relevant,0.26211121699831136,stripes,0.26211121699831136
"('accommodate', np.int64(244))",accommodate,stripes,E,relevant,0.9716656205775166,feet,0.9716656205775166
"('accommodate', np.int64(244))",accommodate,feet,C,irrelevant,-0.07474350927519359,feet,0.07474350927519359
"('accommodate', np.int64(245))",accommodate,stripes,W,irrelevant,-0.13018891098082386,stripes,0.13018891098082386
"('accommodate', np.int64(245))",accommodate,feet,C,relevant,-0.39056673294247163,stripes,0.39056673294247163
"('accommodate', np.int64(246))",accommodate,stripes,W,relevant,0.9610744623271418,feet,0.9610744623271418
"('accommodate', np.int64(246))",accommodate,feet,C,irrelevant,0.0873704056661038,feet,0.0873704056661038
"('accommodate', np.int64(247))",accommodate,stripes,E,irrelevant,0.0873704056661038,stripes,0.0873704056661038
"('accommodate', np.int64(247))",accommodate,feet,F,relevant,0.9610744623271418,stripes,0.9610744623271418
"('accommodate', np.int64(248))",accommodate,stripes,E,relevant,1.0,feet,1.0
"('accommodate', np.int64(248))",accommodate,feet,F,irrelevant,0.0,feet,0.0
"('accommodate', np.int64(249))",accommodate,stripes,E,irrelevant,,stripes,
"('accommodate', np.int64(249))",accommodate,feet,C,relevant,,stripes,
"('accommodate', np.int64(250))",accommodate,stripes,W,relevant,0.7035264706814485,feet,0.7035264706814485
"('accommodate', np.int64(250))",accommodate,feet,C,irrelevant,-0.7035264706814485,feet,0.7035264706814485
"('accommodate', np.int64(251))",accommodate,stripes,E,irrelevant,0.9045340337332909,stripes,0.9045340337332909
"('accommodate', np.int64(251))",accommodate,feet,F,relevant,0.30151134457776363,stripes,0.30151134457776363
"('accommodate', np.int64(252))",accommodate,stripes,E,relevant,0.9434563530497265,feet,0.9434563530497265
"('accommodate', np.int64(252))",accommodate,feet,F,irrelevant,-0.10482848367219183,feet,0.10482848367219183
"('accommodate', np.int64(253))",accommodate,stripes,E,irrelevant,0.7001400420140049,stripes,0.7001400420140049
"('accommodate', np.int64(253))",accommodate,feet,C,relevant,0.7001400420140049,stripes,0.7001400420140049
"('accommodate', np.int64(254))",accommodate,stripes,W,relevant,0.0,feet,0.0
"('accommodate', np.int64(254))",accommodate,feet,C,irrelevant,0.7071067811865476,feet,0.7071067811865476
"('accommodate', np.int64(255))",accommodate,stripes,W,irrelevant,-0.26211121699831136,stripes,0.26211121699831136
"('accommodate', np.int64(255))",accommodate,feet,F,relevant,-0.9610744623271418,stripes,0.9610744623271418
"('accommodate', np.int64(256))",accommodate,stripes,E,relevant,0.40824829046386296,feet,0.40824829046386296
"('accommodate', np.int64(256))",accommodate,feet,F,irrelevant,0.40824829046386296,feet,0.40824829046386296
"('accommodate', np.int64(257))",accommodate,stripes,W,irrelevant,-0.3144854510165755,stripes,0.3144854510165755
"('accommodate', np.int64(257))",accommodate,feet,C,relevant,0.9434563530497265,stripes,0.9434563530497265
"('accommodate', np.int64(258))",accommodate,stripes,W,relevant,0.8700628401410974,feet,0.8700628401410974
"('accommodate', np.int64(258))",accommodate,feet,F,irrelevant,0.4833682445228318,feet,0.4833682445228318
"('accommodate', np.int64(259))",accommodate,stripes,E,irrelevant,0.0,stripes,0.0
"('accommodate', np.int64(259))",accommodate,feet,F,relevant,1.0,stripes,1.0
"('accommodate', np.int64(260))",accommodate,stripes,E,relevant,0.8,feet,0.8
"('accommodate', np.int64(260))",accommodate,feet,C,irrelevant,0.6000000000000001,feet,0.6000000000000001
"('accommodate', np.int64(261))",accommodate,stripes,W,irrelevant,-0.10976425998969036,stripes,0.10976425998969036
"('accommodate', np.int64(261))",accommodate,feet,C,relevant,0.9878783399072134,stripes,0.9878783399072134
"('accommodate', np.int64(262))",accommodate,stripes,W,relevant,-0.25445667890399126,feet,0.25445667890399126
"('accommodate', np.int64(262))",accommodate,feet,C,irrelevant,-0.9330078226479681,feet,0.9330078226479681
"('accommodate', np.int64(264))",accommodate,stripes,E,relevant,0.8451542547285166,feet,0.8451542547285166
"('accommodate', np.int64(264))",accommodate,feet,F,irrelevant,0.50709255283711,feet,0.50709255283711
"('accommodate', np.int64(265))",accommodate,stripes,E,irrelevant,0.9622504486493761,stripes,0.9622504486493761
"('accommodate', np.int64(265))",accommodate,feet,C,relevant,0.19245008972987526,stripes,0.19245008972987526
"('accommodate', np.int64(266))",accommodate,stripes,W,relevant,1.0,feet,1.0
"('accommodate', np.int64(266))",accommodate,feet,C,irrelevant,0.0,feet,0.0
"('accommodate', np.int64(267))",accommodate,stripes,E,irrelevant,0.21821789023599236,stripes,0.21821789023599236
"('accommodate', np.int64(267))",accommodate,feet,F,relevant,-0.4364357804719847,stripes,0.4364357804719847
"('accommodate', np.int64(268))",accommodate,stripes,E,relevant,0.9128709291752768,feet,0.9128709291752768
"('accommodate', np.int64(268))",accommodate,feet,C,irrelevant,0.3651483716701107,feet,0.3651483716701107
"('accommodate', np.int64(269))",accommodate,stripes,W,irrelevant,0.26211121699831136,stripes,0.26211121699831136
"('accommodate', np.int64(269))",accommodate,feet,C,relevant,0.9610744623271418,stripes,0.9610744623271418
"('accommodate', np.int64(270))",accommodate,stripes,W,relevant,0.9072647087265548,feet,0.9072647087265548
"('accommodate', np.int64(270))",accommodate,feet,C,irrelevant,0.4123930494211613,feet,0.4123930494211613
"('accommodate', np.int64(271))",accommodate,stripes,E,irrelevant,-0.4364357804719847,stripes,0.4364357804719847
"('accommodate', np.int64(271))",accommodate,feet,F,relevant,-0.21821789023599236,stripes,0.21821789023599236
"('accommodate', np.int64(273))",accommodate,stripes,W,irrelevant,-0.5353033790313108,stripes,0.5353033790313108
"('accommodate', np.int64(273))",accommodate,feet,C,relevant,0.8411910241920598,stripes,0.8411910241920598
"('accommodate', np.int64(274))",accommodate,stripes,W,relevant,-0.9284766908852594,feet,0.9284766908852594
"('accommodate', np.int64(274))",accommodate,feet,F,irrelevant,-0.3713906763541037,feet,0.3713906763541037
"('accommodate', np.int64(276))",accommodate,stripes,E,relevant,0.9863939238321439,feet,0.9863939238321439
"('accommodate', np.int64(276))",accommodate,feet,F,irrelevant,0.1643989873053573,feet,0.1643989873053573
"('accommodate', np.int64(277))",accommodate,stripes,E,irrelevant,-0.14002800840280097,stripes,0.14002800840280097
"('accommodate', np.int64(277))",accommodate,feet,C,relevant,0.9801960588196068,stripes,0.9801960588196068
"('accommodate', np.int64(278))",accommodate,stripes,W,relevant,0.9863939238321439,feet,0.9863939238321439
"('accommodate', np.int64(278))",accommodate,feet,C,irrelevant,0.0,feet,0.0
"('accommodate', np.int64(279))",accommodate,stripes,E,irrelevant,-0.7001400420140049,stripes,0.7001400420140049
"('accommodate', np.int64(279))",accommodate,feet,F,relevant,0.14002800840280097,stripes,0.14002800840280097
"('accommodate', np.int64(280))",accommodate,stripes,E,relevant,0.7844645405527362,feet,0.7844645405527362
"('accommodate', np.int64(280))",accommodate,feet,F,irrelevant,0.5883484054145521,feet,0.5883484054145521
"('accommodate', np.int64(281))",accommodate,stripes,E,irrelevant,0.948683298050514,stripes,0.948683298050514
"('accommodate', np.int64(281))",accommodate,feet,C,relevant,0.316227766016838,stripes,0.316227766016838
"('accommodate', np.int64(282))",accommodate,stripes,W,relevant,-0.9284766908852594,feet,0.9284766908852594
"('accommodate', np.int64(282))",accommodate,feet,F,irrelevant,0.3713906763541037,feet,0.3713906763541037
"('accommodate', np.int64(283))",accommodate,stripes,W,irrelevant,0.3144854510165755,stripes,0.3144854510165755
"('accommodate', np.int64(283))",accommodate,feet,F,relevant,0.9434563530497265,stripes,0.9434563530497265
"('accommodate', np.int64(285))",accommodate,stripes,E,irrelevant,0.0,stripes,0.0
"('accommodate', np.int64(285))",accommodate,feet,C,relevant,1.0,stripes,1.0
"('accommodate', np.int64(286))",accommodate,stripes,W,relevant,0.9284766908852594,feet,0.9284766908852594
"('accommodate', np.int64(286))",accommodate,feet,F,irrelevant,0.3713906763541037,feet,0.3713906763541037
"('accommodate', np.int64(287))",accommodate,stripes,E,irrelevant,-0.911322376865767,stripes,0.911322376865767
"('accommodate', np.int64(287))",accommodate,feet,F,relevant,-0.13018891098082386,stripes,0.13018891098082386
"('accommodate', np.int64(288))",accommodate,stripes,E,relevant,0.0,feet,0.0
"('accommodate', np.int64(288))",accommodate,feet,F,irrelevant,1.0,feet,1.0
"('accommodate', np.int64(289))",accommodate,stripes,E,irrelevant,0.0663723311599972,stripes,0.0663723311599972
"('accommodate', np.int64(289))",accommodate,feet,C,relevant,0.995584967399958,stripes,0.995584967399958
"('accommodate', np.int64(290))",accommodate,stripes,W,relevant,0.14002800840280097,feet,0.14002800840280097
"('accommodate', np.int64(290))",accommodate,feet,C,irrelevant,-0.7001400420140049,feet,0.7001400420140049
"('accommodate', np.int64(291))",accommodate,stripes,W,irrelevant,0.4472135954999579,stripes,0.4472135954999579
"('accommodate', np.int64(291))",accommodate,feet,F,relevant,0.8944271909999159,stripes,0.8944271909999159
"('accommodate', np.int64(292))",accommodate,stripes,E,relevant,0.9805806756909202,feet,0.9805806756909202
"('accommodate', np.int64(292))",accommodate,feet,F,irrelevant,-0.19611613513818404,feet,0.19611613513818404
"('accommodate', np.int64(293))",accommodate,stripes,E,irrelevant,0.09667364890456637,stripes,0.09667364890456637
"('accommodate', np.int64(293))",accommodate,feet,C,relevant,0.8700628401410974,stripes,0.8700628401410974
"('accommodate', np.int64(294))",accommodate,stripes,W,relevant,0.7808688094430304,feet,0.7808688094430304
"('accommodate', np.int64(294))",accommodate,feet,F,irrelevant,0.6246950475544243,feet,0.6246950475544243
"('accommodate', np.int64(295))",accommodate,stripes,W,irrelevant,0.4472135954999579,stripes,0.4472135954999579
"('accommodate', np.int64(295))",accommodate,feet,F,relevant,0.8944271909999159,stripes,0.8944271909999159
"('accommodate', np.int64(296))",accommodate,stripes,E,relevant,0.9284766908852594,feet,0.9284766908852594
"('accommodate', np.int64(296))",accommodate,feet,F,irrelevant,0.3713906763541037,feet,0.3713906763541037
"('accommodate', np.int64(297))",accommodate,stripes,W,irrelevant,0.0,stripes,0.0
"('accommodate', np.int64(297))",accommodate,feet,C,relevant,0.948683298050514,stripes,0.948683298050514
"('accommodate', np.int64(298))",accommodate,stripes,W,relevant,-0.9805806756909202,feet,0.9805806756909202
"('accommodate', np.int64(298))",accommodate,feet,C,irrelevant,0.0,feet,0.0
"('accommodate', np.int64(299))",accommodate,stripes,E,irrelevant,-0.10482848367219183,stripes,0.10482848367219183
"('accommodate', np.int64(299))",accommodate,feet,F,relevant,0.9434563530497265,stripes,0.9434563530497265
"('accommodate', np.int64(300))",accommodate,stripes,E,relevant,0.8700628401410974,feet,0.8700628401410974
"('accommodate', np.int64(300))",accommodate,feet,F,irrelevant,0.4833682445228318,feet,0.4833682445228318
"('predict', np.int64(1))",predict,stripes,E,irrelevant,0.10482848367219183,stripes,0.10482848367219183
"('predict', np.int64(1))",predict,feet,C,relevant,0.9434563530497265,stripes,0.9434563530497265
"('predict', np.int64(2))",predict,stripes,W,relevant,0.9701425001453319,feet,0.9701425001453319
"('predict', np.int64(2))",predict,feet,C,irrelevant,0.0,feet,0.0
"('predict', np.int64(3))",predict,stripes,W,irrelevant,0.0,stripes,0.0
"('predict', np.int64(3))",predict,feet,F,relevant,1.0,stripes,1.0
"('predict', np.int64(4))",predict,stripes,E,relevant,0.8944271909999159,feet,0.8944271909999159
"('predict', np.int64(4))",predict,feet,F,irrelevant,0.4472135954999579,feet,0.4472135954999579
"('predict', np.int64(5))",predict,stripes,W,irrelevant,-0.19245008972987526,stripes,0.19245008972987526
"('predict', np.int64(5))",predict,feet,C,relevant,0.9622504486493761,stripes,0.9622504486493761
"('predict', np.int64(6))",predict,stripes,W,relevant,0.7035264706814485,feet,0.7035264706814485
"('predict', np.int64(6))",predict,feet,F,irrelevant,0.7035264706814485,feet,0.7035264706814485
"('predict', np.int64(7))",predict,stripes,W,irrelevant,0.0,stripes,0.0
"('predict', np.int64(7))",predict,feet,F,relevant,0.8944271909999159,stripes,0.8944271909999159
"('predict', np.int64(8))",predict,stripes,E,relevant,0.9701425001453319,feet,0.9701425001453319
"('predict', np.int64(8))",predict,feet,F,irrelevant,0.0,feet,0.0
"('predict', np.int64(9))",predict,stripes,W,irrelevant,0.26211121699831136,stripes,0.26211121699831136
"('predict', np.int64(9))",predict,feet,C,relevant,0.9610744623271418,stripes,0.9610744623271418
"('predict', np.int64(10))",predict,stripes,W,relevant,-0.8164965809277259,feet,0.8164965809277259
"('predict', np.int64(10))",predict,feet,C,irrelevant,0.40824829046386296,feet,0.40824829046386296
"('predict', np.int64(11))",predict,stripes,W,irrelevant,-0.3665083330689157,stripes,0.3665083330689157
"('predict', np.int64(11))",predict,feet,F,relevant,0.8551861104941366,stripes,0.8551861104941366
"('predict', np.int64(12))",predict,stripes,E,relevant,-0.4472135954999579,feet,0.4472135954999579
"('predict', np.int64(12))",predict,feet,F,irrelevant,-0.8944271909999159,feet,0.8944271909999159
"('predict', np.int64(13))",predict,stripes,E,irrelevant,0.5773502691896257,stripes,0.5773502691896257
"('predict', np.int64(13))",predict,feet,C,relevant,0.808290376865476,stripes,0.808290376865476
"('predict', np.int64(14))",predict,stripes,W,relevant,-0.13018891098082386,feet,0.13018891098082386
"('predict', np.int64(14))",predict,feet,F,irrelevant,0.39056673294247163,feet,0.39056673294247163
"('predict', np.int64(15))",predict,stripes,E,irrelevant,0.4833682445228318,stripes,0.4833682445228318
"('predict', np.int64(15))",predict,feet,F,relevant,0.8700628401410974,stripes,0.8700628401410974
"('predict', np.int64(16))",predict,stripes,E,relevant,0.5345224838248488,feet,0.5345224838248488
"('predict', np.int64(16))",predict,feet,F,irrelevant,0.8017837257372733,feet,0.8017837257372733
"('predict', np.int64(17))",predict,stripes,E,irrelevant,0.7035264706814485,stripes,0.7035264706814485
"('predict', np.int64(17))",predict,feet,C,relevant,0.7035264706814485,stripes,0.7035264706814485
"('predict', np.int64(18))",predict,stripes,W,relevant,0.0,feet,0.0
"('predict', np.int64(18))",predict,feet,F,irrelevant,0.4472135954999579,feet,0.4472135954999579
"('predict', np.int64(19))",predict,stripes,E,irrelevant,0.5937322507759797,stripes,0.5937322507759797
"('predict', np.int64(19))",predict,feet,F,relevant,0.7633700367119739,stripes,0.7633700367119739
"('predict', np.int64(20))",predict,stripes,E,relevant,0.0,feet,0.0
"('predict', np.int64(20))",predict,feet,C,irrelevant,0.8944271909999159,feet,0.8944271909999159
"('predict', np.int64(21))",predict,stripes,E,irrelevant,0.10976425998969036,stripes,0.10976425998969036
"('predict', np.int64(21))",predict,feet,C,relevant,0.9878783399072134,stripes,0.9878783399072134
"('predict', np.int64(22))",predict,stripes,W,relevant,0.9128709291752768,feet,0.9128709291752768
"('predict', np.int64(22))",predict,feet,F,irrelevant,0.3651483716701107,feet,0.3651483716701107
"('predict', np.int64(23))",predict,stripes,E,irrelevant,0.9128709291752768,stripes,0.9128709291752768
"('predict', np.int64(23))",predict,feet,F,relevant,-0.3651483716701107,stripes,0.3651483716701107
"('predict', np.int64(24))",predict,stripes,E,relevant,0.9801960588196068,feet,0.9801960588196068
"('predict', np.int64(24))",predict,feet,C,irrelevant,-0.14002800840280097,feet,0.14002800840280097
"('predict', np.int64(25))",predict,stripes,W,irrelevant,-0.5547001962252291,stripes,0.5547001962252291
"('predict', np.int64(25))",predict,feet,C,relevant,0.8320502943378437,stripes,0.8320502943378437
"('predict', np.int64(26))",predict,stripes,W,relevant,0.9701425001453319,feet,0.9701425001453319
"('predict', np.int64(26))",predict,feet,C,irrelevant,0.0,feet,0.0
"('predict', np.int64(27))",predict,stripes,E,irrelevant,0.8017837257372733,stripes,0.8017837257372733
"('predict', np.int64(27))",predict,feet,F,relevant,0.5345224838248488,stripes,0.5345224838248488
"('predict', np.int64(28))",predict,stripes,E,relevant,-0.3144854510165755,feet,0.3144854510165755
"('predict', np.int64(28))",predict,feet,F,irrelevant,0.10482848367219183,feet,0.10482848367219183
"('predict', np.int64(29))",predict,stripes,E,irrelevant,-0.09016696346674323,stripes,0.09016696346674323
"('predict', np.int64(29))",predict,feet,C,relevant,0.9918365981341756,stripes,0.9918365981341756
"('predict', np.int64(30))",predict,stripes,W,relevant,0.8017837257372733,feet,0.8017837257372733
"('predict', np.int64(30))",predict,feet,F,irrelevant,0.2672612419124244,feet,0.2672612419124244
"('predict', np.int64(31))",predict,stripes,E,irrelevant,0.0,stripes,0.0
"('predict', np.int64(31))",predict,feet,F,relevant,1.0,stripes,1.0
"('predict', np.int64(32))",predict,stripes,E,relevant,0.8411910241920598,feet,0.8411910241920598
"('predict', np.int64(32))",predict,feet,C,irrelevant,-0.07647191129018725,feet,0.07647191129018725
"('predict', np.int64(33))",predict,stripes,E,irrelevant,-0.14142135623730953,stripes,0.14142135623730953
"('predict', np.int64(33))",predict,feet,C,relevant,0.9899494936611667,stripes,0.9899494936611667
"('predict', np.int64(34))",predict,stripes,W,relevant,0.8451542547285166,feet,0.8451542547285166
"('predict', np.int64(34))",predict,feet,F,irrelevant,-0.16903085094570333,feet,0.16903085094570333
"('predict', np.int64(35))",predict,stripes,E,irrelevant,0.30151134457776363,stripes,0.30151134457776363
"('predict', np.int64(35))",predict,feet,F,relevant,0.9045340337332909,stripes,0.9045340337332909
"('predict', np.int64(36))",predict,stripes,E,relevant,0.8700628401410974,feet,0.8700628401410974
"('predict', np.int64(36))",predict,feet,F,irrelevant,0.4833682445228318,feet,0.4833682445228318
"('predict', np.int64(37))",predict,stripes,E,irrelevant,0.13018891098082386,stripes,0.13018891098082386
"('predict', np.int64(37))",predict,feet,C,relevant,0.911322376865767,stripes,0.911322376865767
"('predict', np.int64(38))",predict,stripes,W,relevant,0.9701425001453319,feet,0.9701425001453319
"('predict', np.int64(38))",predict,feet,C,irrelevant,-0.24253562503633297,feet,0.24253562503633297
"('predict', np.int64(39))",predict,stripes,W,irrelevant,0.26211121699831136,stripes,0.26211121699831136
"('predict', np.int64(39))",predict,feet,F,relevant,0.9610744623271418,stripes,0.9610744623271418
"('predict', np.int64(40))",predict,stripes,E,relevant,0.5547001962252291,feet,0.5547001962252291
"('predict', np.int64(40))",predict,feet,F,irrelevant,-0.8320502943378437,feet,0.8320502943378437
"('predict', np.int64(41))",predict,stripes,E,irrelevant,-0.6000000000000001,stripes,0.6000000000000001
"('predict', np.int64(41))",predict,feet,C,relevant,0.8,stripes,0.8
"('predict', np.int64(42))",predict,stripes,W,relevant,0.40824829046386296,feet,0.40824829046386296
"('predict', np.int64(42))",predict,feet,C,irrelevant,0.8164965809277259,feet,0.8164965809277259
"('predict', np.int64(43))",predict,stripes,E,irrelevant,0.21821789023599236,stripes,0.21821789023599236
"('predict', np.int64(43))",predict,feet,F,relevant,0.8728715609439694,stripes,0.8728715609439694
"('predict', np.int64(44))",predict,stripes,E,relevant,-0.8944271909999159,feet,0.8944271909999159
"('predict', np.int64(44))",predict,feet,C,irrelevant,0.4472135954999579,feet,0.4472135954999579
"('predict', np.int64(45))",predict,stripes,E,irrelevant,0.316227766016838,stripes,0.316227766016838
"('predict', np.int64(45))",predict,feet,C,relevant,0.948683298050514,stripes,0.948683298050514
"('predict', np.int64(46))",predict,stripes,W,relevant,0.9733285267845754,feet,0.9733285267845754
"('predict', np.int64(46))",predict,feet,C,irrelevant,0.16222142113076252,feet,0.16222142113076252
"('predict', np.int64(47))",predict,stripes,E,irrelevant,-0.24253562503633297,stripes,0.24253562503633297
"('predict', np.int64(47))",predict,feet,F,relevant,0.9701425001453319,stripes,0.9701425001453319
"('predict', np.int64(48))",predict,stripes,E,relevant,0.911322376865767,feet,0.911322376865767
"('predict', np.int64(48))",predict,feet,F,irrelevant,0.39056673294247163,feet,0.39056673294247163
"('predict', np.int64(49))",predict,stripes,E,irrelevant,-0.948683298050514,stripes,0.948683298050514
"('predict', np.int64(49))",predict,feet,C,relevant,0.316227766016838,stripes,0.316227766016838
"('predict', np.int64(50))",predict,stripes,W,relevant,0.39056673294247163,feet,0.39056673294247163
"('predict', np.int64(50))",predict,feet,C,irrelevant,-0.6509445549041193,feet,0.6509445549041193
"('predict', np.int64(51))",predict,stripes,E,irrelevant,0.5547001962252291,stripes,0.5547001962252291
"('predict', np.int64(51))",predict,feet,F,relevant,0.8320502943378437,stripes,0.8320502943378437
"('predict', np.int64(52))",predict,stripes,E,relevant,-0.6882472016116854,feet,0.6882472016116854
"('predict', np.int64(52))",predict,feet,C,irrelevant,0.6882472016116854,feet,0.6882472016116854
"('predict', np.int64(53))",predict,stripes,W,irrelevant,-1.0,stripes,1.0
"('predict', np.int64(53))",predict,feet,C,relevant,0.0,stripes,0.0
"('predict', np.int64(54))",predict,stripes,W,relevant,0.9615239476408233,feet,0.9615239476408233
"('predict', np.int64(54))",predict,feet,F,irrelevant,-0.27472112789737807,feet,0.27472112789737807
"('predict', np.int64(55))",predict,stripes,W,irrelevant,0.26211121699831136,stripes,0.26211121699831136
"('predict', np.int64(55))",predict,feet,F,relevant,0.9610744623271418,stripes,0.9610744623271418
"('predict', np.int64(56))",predict,stripes,E,relevant,0.1643989873053573,feet,0.1643989873053573
"('predict', np.int64(56))",predict,feet,C,irrelevant,0.9863939238321439,feet,0.9863939238321439
"('predict', np.int64(57))",predict,stripes,W,irrelevant,0.39056673294247163,stripes,0.39056673294247163
"('predict', np.int64(57))",predict,feet,C,relevant,0.911322376865767,stripes,0.911322376865767
"('predict', np.int64(58))",predict,stripes,W,relevant,0.6666666666666667,feet,0.6666666666666667
"('predict', np.int64(58))",predict,feet,C,irrelevant,0.33333333333333337,feet,0.33333333333333337
"('predict', np.int64(59))",predict,stripes,W,irrelevant,1.0,stripes,1.0
"('predict', np.int64(59))",predict,feet,F,relevant,0.0,stripes,0.0
"('predict', np.int64(60))",predict,stripes,E,relevant,0.9701425001453319,feet,0.9701425001453319
"('predict', np.int64(60))",predict,feet,C,irrelevant,0.0,feet,0.0
"('predict', np.int64(61))",predict,stripes,W,irrelevant,0.4833682445228318,stripes,0.4833682445228318
"('predict', np.int64(61))",predict,feet,C,relevant,0.8700628401410974,stripes,0.8700628401410974
"('predict', np.int64(62))",predict,stripes,W,relevant,0.24253562503633297,feet,0.24253562503633297
"('predict', np.int64(62))",predict,feet,C,irrelevant,-0.9701425001453319,feet,0.9701425001453319
"('predict', np.int64(63))",predict,stripes,W,irrelevant,0.4364357804719847,stripes,0.4364357804719847
"('predict', np.int64(63))",predict,feet,F,relevant,0.8728715609439694,stripes,0.8728715609439694
"('predict', np.int64(64))",predict,stripes,E,relevant,1.0,feet,1.0
"('predict', np.int64(64))",predict,feet,F,irrelevant,0.0,feet,0.0
"('predict', np.int64(65))",predict,stripes,E,irrelevant,0.50709255283711,stripes,0.50709255283711
"('predict', np.int64(65))",predict,feet,C,relevant,0.8451542547285166,stripes,0.8451542547285166
"('predict', np.int64(66))",predict,stripes,W,relevant,0.9610744623271418,feet,0.9610744623271418
"('predict', np.int64(66))",predict,feet,C,irrelevant,-0.26211121699831136,feet,0.26211121699831136
"('predict', np.int64(67))",predict,stripes,E,irrelevant,0.8017837257372733,stripes,0.8017837257372733
"('predict', np.int64(67))",predict,feet,F,relevant,0.5345224838248488,stripes,0.5345224838248488
"('predict', np.int64(68))",predict,stripes,E,relevant,0.9701425001453319,feet,0.9701425001453319
"('predict', np.int64(68))",predict,feet,C,irrelevant,0.24253562503633297,feet,0.24253562503633297
"('predict', np.int64(69))",predict,stripes,E,irrelevant,0.5547001962252291,stripes,0.5547001962252291
"('predict', np.int64(69))",predict,feet,C,relevant,0.8320502943378437,stripes,0.8320502943378437
"('predict', np.int64(70))",predict,stripes,W,relevant,0.8700628401410974,feet,0.8700628401410974
"('predict', np.int64(70))",predict,feet,F,irrelevant,0.4833682445228318,feet,0.4833682445228318
"('predict', np.int64(71))",predict,stripes,W,irrelevant,0.24253562503633297,stripes,0.24253562503633297
"('predict', np.int64(71))",predict,feet,F,relevant,0.9701425001453319,stripes,0.9701425001453319
"('predict', np.int64(72))",predict,stripes,E,relevant,0.9284766908852594,feet,0.9284766908852594
"('predict', np.int64(72))",predict,feet,F,irrelevant,-0.3713906763541037,feet,0.3713906763541037
"('predict', np.int64(73))",predict,stripes,E,irrelevant,0.39056673294247163,stripes,0.39056673294247163
"('predict', np.int64(73))",predict,feet,C,relevant,0.911322376865767,stripes,0.911322376865767
"('predict', np.int64(74))",predict,stripes,W,relevant,0.6882472016116854,feet,0.6882472016116854
"('predict', np.int64(74))",predict,feet,F,irrelevant,-0.2294157338705618,feet,0.2294157338705618
"('predict', np.int64(75))",predict,stripes,W,irrelevant,-0.08247860988423225,stripes,0.08247860988423225
"('predict', np.int64(75))",predict,feet,F,relevant,0.4123930494211613,stripes,0.4123930494211613
"('predict', np.int64(77))",predict,stripes,W,irrelevant,0.0,stripes,0.0
"('predict', np.int64(77))",predict,feet,C,relevant,0.8944271909999159,stripes,0.8944271909999159
"('predict', np.int64(78))",predict,stripes,W,relevant,0.7035264706814485,feet,0.7035264706814485
"('predict', np.int64(78))",predict,feet,C,irrelevant,0.7035264706814485,feet,0.7035264706814485
"('predict', np.int64(79))",predict,stripes,W,irrelevant,0.10976425998969036,stripes,0.10976425998969036
"('predict', np.int64(79))",predict,feet,F,relevant,-0.10976425998969036,stripes,0.10976425998969036
"('predict', np.int64(80))",predict,stripes,E,relevant,-0.7071067811865476,feet,0.7071067811865476
"('predict', np.int64(80))",predict,feet,C,irrelevant,0.0,feet,0.0
"('predict', np.int64(81))",predict,stripes,W,irrelevant,0.0873704056661038,stripes,0.0873704056661038
"('predict', np.int64(81))",predict,feet,C,relevant,0.9610744623271418,stripes,0.9610744623271418
"('predict', np.int64(82))",predict,stripes,W,relevant,0.0,feet,0.0
"('predict', np.int64(82))",predict,feet,C,irrelevant,0.8944271909999159,feet,0.8944271909999159
"('predict', np.int64(83))",predict,stripes,E,irrelevant,0.5488212999484517,stripes,0.5488212999484517
"('predict', np.int64(83))",predict,feet,F,relevant,0.7683498199278325,stripes,0.7683498199278325
"('predict', np.int64(84))",predict,stripes,E,relevant,0.9610744623271418,feet,0.9610744623271418
"('predict', np.int64(84))",predict,feet,F,irrelevant,-0.0873704056661038,feet,0.0873704056661038
"('predict', np.int64(85))",predict,stripes,W,irrelevant,-0.3713906763541037,stripes,0.3713906763541037
"('predict', np.int64(85))",predict,feet,C,relevant,0.9284766908852594,stripes,0.9284766908852594
"('predict', np.int64(86))",predict,stripes,W,relevant,0.9863939238321439,feet,0.9863939238321439
"('predict', np.int64(86))",predict,feet,F,irrelevant,0.0,feet,0.0
"('predict', np.int64(87))",predict,stripes,W,irrelevant,0.19245008972987526,stripes,0.19245008972987526
"('predict', np.int64(87))",predict,feet,F,relevant,0.9622504486493761,stripes,0.9622504486493761
"('predict', np.int64(88))",predict,stripes,E,relevant,0.0,feet,0.0
"('predict', np.int64(88))",predict,feet,C,irrelevant,0.4472135954999579,feet,0.4472135954999579
"('predict', np.int64(89))",predict,stripes,W,irrelevant,-0.23570226039551587,stripes,0.23570226039551587
"('predict', np.int64(89))",predict,feet,C,relevant,0.9428090415820635,stripes,0.9428090415820635
"('predict', np.int64(90))",predict,stripes,W,relevant,0.5773502691896257,feet,0.5773502691896257
"('predict', np.int64(90))",predict,feet,C,irrelevant,0.808290376865476,feet,0.808290376865476
"('predict', np.int64(91))",predict,stripes,W,irrelevant,0.6666666666666667,stripes,0.6666666666666667
"('predict', np.int64(91))",predict,feet,F,relevant,0.33333333333333337,stripes,0.33333333333333337
"('predict', np.int64(92))",predict,stripes,E,relevant,0.9610744623271418,feet,0.9610744623271418
"('predict', np.int64(92))",predict,feet,C,irrelevant,-0.26211121699831136,feet,0.26211121699831136
"('predict', np.int64(93))",predict,stripes,W,irrelevant,0.39056673294247163,stripes,0.39056673294247163
"('predict', np.int64(93))",predict,feet,C,relevant,0.911322376865767,stripes,0.911322376865767
"('predict', np.int64(94))",predict,stripes,W,relevant,0.8411910241920598,feet,0.8411910241920598
"('predict', np.int64(94))",predict,feet,F,irrelevant,0.5353033790313108,feet,0.5353033790313108
"('predict', np.int64(95))",predict,stripes,W,irrelevant,-0.13018891098082386,stripes,0.13018891098082386
"('predict', np.int64(95))",predict,feet,F,relevant,0.911322376865767,stripes,0.911322376865767
"('predict', np.int64(96))",predict,stripes,E,relevant,0.8,feet,0.8
"('predict', np.int64(96))",predict,feet,C,irrelevant,0.6000000000000001,feet,0.6000000000000001
"('predict', np.int64(97))",predict,stripes,E,irrelevant,0.4123930494211613,stripes,0.4123930494211613
"('predict', np.int64(97))",predict,feet,C,relevant,0.9072647087265548,stripes,0.9072647087265548
"('predict', np.int64(98))",predict,stripes,W,relevant,0.7683498199278325,feet,0.7683498199278325
"('predict', np.int64(98))",predict,feet,C,irrelevant,0.5488212999484517,feet,0.5488212999484517
"('predict', np.int64(99))",predict,stripes,W,irrelevant,0.0,stripes,0.0
"('predict', np.int64(99))",predict,feet,F,relevant,0.8574929257125442,stripes,0.8574929257125442
"('predict', np.int64(100))",predict,stripes,E,relevant,0.6882472016116854,feet,0.6882472016116854
"('predict', np.int64(100))",predict,feet,C,irrelevant,-0.6882472016116854,feet,0.6882472016116854
"('predict', np.int64(101))",predict,stripes,W,irrelevant,0.0,stripes,0.0
"('predict', np.int64(101))",predict,feet,C,relevant,0.948683298050514,stripes,0.948683298050514
"('predict', np.int64(102))",predict,stripes,W,relevant,0.9434563530497265,feet,0.9434563530497265
"('predict', np.int64(102))",predict,feet,F,irrelevant,-0.3144854510165755,feet,0.3144854510165755
"('predict', np.int64(103))",predict,stripes,W,irrelevant,0.6246950475544243,stripes,0.6246950475544243
"('predict', np.int64(103))",predict,feet,F,relevant,0.7808688094430304,stripes,0.7808688094430304
"('predict', np.int64(104))",predict,stripes,E,relevant,0.8392543274162826,feet,0.8392543274162826
"('predict', np.int64(104))",predict,feet,C,irrelevant,-0.27975144247209416,feet,0.27975144247209416
"('predict', np.int64(105))",predict,stripes,E,irrelevant,-0.19569842191603268,stripes,0.19569842191603268
"('predict', np.int64(105))",predict,feet,C,relevant,0.9784921095801633,stripes,0.9784921095801633
"('predict', np.int64(106))",predict,stripes,W,relevant,-0.8017837257372733,feet,0.8017837257372733
"('predict', np.int64(106))",predict,feet,C,irrelevant,-0.2672612419124244,feet,0.2672612419124244
"('predict', np.int64(107))",predict,stripes,W,irrelevant,0.26211121699831136,stripes,0.26211121699831136
"('predict', np.int64(107))",predict,feet,F,relevant,0.9610744623271418,stripes,0.9610744623271418
"('predict', np.int64(108))",predict,stripes,E,relevant,-0.8944271909999159,feet,0.8944271909999159
"('predict', np.int64(108))",predict,feet,C,irrelevant,0.4472135954999579,feet,0.4472135954999579
"('predict', np.int64(109))",predict,stripes,W,irrelevant,-0.3651483716701107,stripes,0.3651483716701107
"('predict', np.int64(109))",predict,feet,C,relevant,0.9128709291752768,stripes,0.9128709291752768
"('predict', np.int64(110))",predict,stripes,W,relevant,-0.2294157338705618,feet,0.2294157338705618
"('predict', np.int64(110))",predict,feet,C,irrelevant,0.6882472016116854,feet,0.6882472016116854
"('predict', np.int64(111))",predict,stripes,E,irrelevant,-0.39056673294247163,stripes,0.39056673294247163
"('predict', np.int64(111))",predict,feet,F,relevant,0.911322376865767,stripes,0.911322376865767
"('predict', np.int64(112))",predict,stripes,E,relevant,0.9072647087265548,feet,0.9072647087265548
"('predict', np.int64(112))",predict,feet,C,irrelevant,0.4123930494211613,feet,0.4123930494211613
"('predict', np.int64(113))",predict,stripes,E,irrelevant,0.0,stripes,0.0
"('predict', np.int64(113))",predict,feet,C,relevant,1.0,stripes,1.0
"('predict', np.int64(114))",predict,stripes,W,relevant,0.0,feet,0.0
"('predict', np.int64(114))",predict,feet,F,irrelevant,1.0,feet,1.0
"('predict', np.int64(115))",predict,stripes,E,irrelevant,0.5144957554275266,stripes,0.5144957554275266
"('predict', np.int64(115))",predict,feet,F,relevant,0.8574929257125442,stripes,0.8574929257125442
"('predict', np.int64(116))",predict,stripes,E,relevant,0.9941348467724342,feet,0.9941348467724342
"('predict', np.int64(116))",predict,feet,F,irrelevant,-0.07647191129018725,feet,0.07647191129018725
"('predict', np.int64(117))",predict,stripes,W,irrelevant,-0.7071067811865476,stripes,0.7071067811865476
"('predict', np.int64(117))",predict,feet,C,relevant,0.7071067811865476,stripes,0.7071067811865476
"('predict', np.int64(118))",predict,stripes,W,relevant,0.6882472016116853,feet,0.6882472016116853
"('predict', np.int64(118))",predict,feet,F,irrelevant,0.6882472016116853,feet,0.6882472016116853
"('predict', np.int64(119))",predict,stripes,E,irrelevant,0.8,stripes,0.8
"('predict', np.int64(119))",predict,feet,F,relevant,0.0,stripes,0.0
"('predict', np.int64(120))",predict,stripes,E,relevant,0.9716656205775166,feet,0.9716656205775166
"('predict', np.int64(120))",predict,feet,F,irrelevant,-0.07474350927519359,feet,0.07474350927519359
"('predict', np.int64(121))",predict,stripes,W,irrelevant,0.0,stripes,0.0
"('predict', np.int64(121))",predict,feet,C,relevant,0.9701425001453319,stripes,0.9701425001453319
"('predict', np.int64(122))",predict,stripes,W,relevant,0.7844645405527362,feet,0.7844645405527362
"('predict', np.int64(122))",predict,feet,F,irrelevant,0.5883484054145521,feet,0.5883484054145521
"('predict', np.int64(123))",predict,stripes,E,irrelevant,0.4472135954999579,stripes,0.4472135954999579
"('predict', np.int64(123))",predict,feet,F,relevant,0.8944271909999159,stripes,0.8944271909999159
"('predict', np.int64(124))",predict,stripes,E,relevant,0.9610744623271418,feet,0.9610744623271418
"('predict', np.int64(124))",predict,feet,F,irrelevant,0.26211121699831136,feet,0.26211121699831136
"('predict', np.int64(125))",predict,stripes,W,irrelevant,0.3713906763541037,stripes,0.3713906763541037
"('predict', np.int64(125))",predict,feet,C,relevant,0.9284766908852594,stripes,0.9284766908852594
"('predict', np.int64(126))",predict,stripes,W,relevant,1.0,feet,1.0
"('predict', np.int64(126))",predict,feet,C,irrelevant,0.0,feet,0.0
"('predict', np.int64(127))",predict,stripes,W,irrelevant,-0.3713906763541037,stripes,0.3713906763541037
"('predict', np.int64(127))",predict,feet,F,relevant,0.9284766908852594,stripes,0.9284766908852594
"('predict', np.int64(128))",predict,stripes,E,relevant,0.7683498199278325,feet,0.7683498199278325
"('predict', np.int64(128))",predict,feet,F,irrelevant,0.5488212999484517,feet,0.5488212999484517
"('predict', np.int64(129))",predict,stripes,E,irrelevant,0.09016696346674323,stripes,0.09016696346674323
"('predict', np.int64(129))",predict,feet,C,relevant,0.9918365981341756,stripes,0.9918365981341756
"('predict', np.int64(130))",predict,stripes,W,relevant,0.9701425001453319,feet,0.9701425001453319
"('predict', np.int64(130))",predict,feet,C,irrelevant,0.0,feet,0.0
"('predict', np.int64(131))",predict,stripes,W,irrelevant,0.7427813527082074,stripes,0.7427813527082074
"('predict', np.int64(131))",predict,feet,F,relevant,0.5570860145311556,stripes,0.5570860145311556
"('predict', np.int64(132))",predict,stripes,E,relevant,0.7071067811865476,feet,0.7071067811865476
"('predict', np.int64(132))",predict,feet,C,irrelevant,-0.7071067811865476,feet,0.7071067811865476
"('predict', np.int64(133))",predict,stripes,E,irrelevant,0.0,stripes,0.0
"('predict', np.int64(133))",predict,feet,C,relevant,0.8,stripes,0.8
"('predict', np.int64(134))",predict,stripes,W,relevant,0.7624928516630233,feet,0.7624928516630233
"('predict', np.int64(134))",predict,feet,C,irrelevant,0.45749571099781405,feet,0.45749571099781405
"('predict', np.int64(135))",predict,stripes,E,irrelevant,0.3144854510165755,stripes,0.3144854510165755
"('predict', np.int64(135))",predict,feet,F,relevant,-0.10482848367219183,stripes,0.10482848367219183
"('predict', np.int64(136))",predict,stripes,E,relevant,0.9701425001453319,feet,0.9701425001453319
"('predict', np.int64(136))",predict,feet,F,irrelevant,0.24253562503633297,feet,0.24253562503633297
"('predict', np.int64(137))",predict,stripes,W,irrelevant,0.9434563530497265,stripes,0.9434563530497265
"('predict', np.int64(137))",predict,feet,C,relevant,0.3144854510165755,stripes,0.3144854510165755
"('predict', np.int64(138))",predict,stripes,W,relevant,0.9801960588196068,feet,0.9801960588196068
"('predict', np.int64(138))",predict,feet,C,irrelevant,-0.14002800840280097,feet,0.14002800840280097
"('predict', np.int64(139))",predict,stripes,W,irrelevant,0.10482848367219183,stripes,0.10482848367219183
"('predict', np.int64(139))",predict,feet,F,relevant,0.9434563530497265,stripes,0.9434563530497265
"('predict', np.int64(140))",predict,stripes,E,relevant,0.40824829046386296,feet,0.40824829046386296
"('predict', np.int64(140))",predict,feet,C,irrelevant,0.8164965809277259,feet,0.8164965809277259
"('predict', np.int64(141))",predict,stripes,W,irrelevant,0.4833682445228318,stripes,0.4833682445228318
"('predict', np.int64(141))",predict,feet,C,relevant,0.8700628401410974,stripes,0.8700628401410974
"('predict', np.int64(142))",predict,stripes,W,relevant,0.5773502691896257,feet,0.5773502691896257
"('predict', np.int64(142))",predict,feet,C,irrelevant,-0.5773502691896257,feet,0.5773502691896257
"('predict', np.int64(143))",predict,stripes,E,irrelevant,-0.4833682445228318,stripes,0.4833682445228318
"('predict', np.int64(143))",predict,feet,F,relevant,0.8700628401410974,stripes,0.8700628401410974
"('predict', np.int64(144))",predict,stripes,E,relevant,0.911322376865767,feet,0.911322376865767
"('predict', np.int64(144))",predict,feet,F,irrelevant,0.13018891098082386,feet,0.13018891098082386
"('predict', np.int64(145))",predict,stripes,E,irrelevant,0.0,stripes,0.0
"('predict', np.int64(145))",predict,feet,C,relevant,1.0,stripes,1.0
"('predict', np.int64(146))",predict,stripes,W,relevant,0.808290376865476,feet,0.808290376865476
"('predict', np.int64(146))",predict,feet,F,irrelevant,-0.11547005383792516,feet,0.11547005383792516
"('predict', np.int64(147))",predict,stripes,W,irrelevant,0.0,stripes,0.0
"('predict', np.int64(147))",predict,feet,F,relevant,-1.0,stripes,1.0
"('predict', np.int64(148))",predict,stripes,E,relevant,0.9434563530497265,feet,0.9434563530497265
"('predict', np.int64(148))",predict,feet,C,irrelevant,-0.3144854510165755,feet,0.3144854510165755
"('predict', np.int64(149))",predict,stripes,W,irrelevant,-0.39056673294247163,stripes,0.39056673294247163
"('predict', np.int64(149))",predict,feet,C,relevant,0.911322376865767,stripes,0.911322376865767
"('predict', np.int64(150))",predict,stripes,W,relevant,0.40824829046386296,feet,0.40824829046386296
"('predict', np.int64(150))",predict,feet,C,irrelevant,-0.8164965809277259,feet,0.8164965809277259
"('predict', np.int64(151))",predict,stripes,W,irrelevant,-0.316227766016838,stripes,0.316227766016838
"('predict', np.int64(151))",predict,feet,F,relevant,0.948683298050514,stripes,0.948683298050514
"('predict', np.int64(152))",predict,stripes,E,relevant,0.911322376865767,feet,0.911322376865767
"('predict', np.int64(152))",predict,feet,C,irrelevant,0.39056673294247163,feet,0.39056673294247163
"('predict', np.int64(153))",predict,stripes,W,irrelevant,0.39056673294247163,stripes,0.39056673294247163
"('predict', np.int64(153))",predict,feet,C,relevant,-0.911322376865767,stripes,0.911322376865767
"('predict', np.int64(154))",predict,stripes,W,relevant,0.0,feet,0.0
"('predict', np.int64(154))",predict,feet,F,irrelevant,1.0,feet,1.0
"('predict', np.int64(155))",predict,stripes,W,irrelevant,-0.10976425998969036,stripes,0.10976425998969036
"('predict', np.int64(155))",predict,feet,F,relevant,0.9878783399072134,stripes,0.9878783399072134
"('predict', np.int64(156))",predict,stripes,E,relevant,0.7808688094430304,feet,0.7808688094430304
"('predict', np.int64(156))",predict,feet,C,irrelevant,0.6246950475544243,feet,0.6246950475544243
"('predict', np.int64(157))",predict,stripes,W,irrelevant,-0.6509445549041193,stripes,0.6509445549041193
"('predict', np.int64(157))",predict,feet,C,relevant,0.39056673294247163,stripes,0.39056673294247163
"('predict', np.int64(158))",predict,stripes,W,relevant,-0.5773502691896257,feet,0.5773502691896257
"('predict', np.int64(158))",predict,feet,F,irrelevant,-0.5773502691896257,feet,0.5773502691896257
"('predict', np.int64(159))",predict,stripes,E,irrelevant,0.5570860145311556,stripes,0.5570860145311556
"('predict', np.int64(159))",predict,feet,F,relevant,0.3713906763541037,stripes,0.3713906763541037
"('predict', np.int64(160))",predict,stripes,E,relevant,0.9622504486493761,feet,0.9622504486493761
"('predict', np.int64(160))",predict,feet,F,irrelevant,0.19245008972987526,feet,0.19245008972987526
"('predict', np.int64(161))",predict,stripes,W,irrelevant,0.0,stripes,0.0
"('predict', np.int64(161))",predict,feet,C,relevant,0.9701425001453319,stripes,0.9701425001453319
"('predict', np.int64(162))",predict,stripes,W,relevant,0.9801960588196068,feet,0.9801960588196068
"('predict', np.int64(162))",predict,feet,C,irrelevant,0.14002800840280097,feet,0.14002800840280097
"('predict', np.int64(163))",predict,stripes,W,irrelevant,0.23570226039551587,stripes,0.23570226039551587
"('predict', np.int64(163))",predict,feet,F,relevant,0.9428090415820635,stripes,0.9428090415820635
"('predict', np.int64(164))",predict,stripes,E,relevant,0.9610744623271418,feet,0.9610744623271418
"('predict', np.int64(164))",predict,feet,C,irrelevant,0.26211121699831136,feet,0.26211121699831136
"('predict', np.int64(165))",predict,stripes,E,irrelevant,0.8944271909999159,stripes,0.8944271909999159
"('predict', np.int64(165))",predict,feet,C,relevant,0.0,stripes,0.0
"('predict', np.int64(166))",predict,stripes,W,relevant,-0.40824829046386296,feet,0.40824829046386296
"('predict', np.int64(166))",predict,feet,F,irrelevant,-0.8164965809277259,feet,0.8164965809277259
"('predict', np.int64(167))",predict,stripes,W,irrelevant,0.3144854510165755,stripes,0.3144854510165755
"('predict', np.int64(167))",predict,feet,F,relevant,0.9434563530497265,stripes,0.9434563530497265
"('predict', np.int64(168))",predict,stripes,E,relevant,0.8700628401410974,feet,0.8700628401410974
"('predict', np.int64(168))",predict,feet,C,irrelevant,0.4833682445228318,feet,0.4833682445228318
"('predict', np.int64(169))",predict,stripes,E,irrelevant,0.0,stripes,0.0
"('predict', np.int64(169))",predict,feet,C,relevant,0.7808688094430304,stripes,0.7808688094430304
"('predict', np.int64(170))",predict,stripes,W,relevant,0.9805806756909202,feet,0.9805806756909202
"('predict', np.int64(170))",predict,feet,C,irrelevant,0.0,feet,0.0
"('predict', np.int64(171))",predict,stripes,E,irrelevant,0.808290376865476,stripes,0.808290376865476
"('predict', np.int64(171))",predict,feet,F,relevant,0.5773502691896257,stripes,0.5773502691896257
"('predict', np.int64(172))",predict,stripes,E,relevant,0.9878783399072134,feet,0.9878783399072134
"('predict', np.int64(172))",predict,feet,C,irrelevant,-0.10976425998969036,feet,0.10976425998969036
"('predict', np.int64(173))",predict,stripes,E,irrelevant,0.808290376865476,stripes,0.808290376865476
"('predict', np.int64(173))",predict,feet,C,relevant,0.5773502691896257,stripes,0.5773502691896257
"('predict', np.int64(174))",predict,stripes,W,relevant,0.50709255283711,feet,0.50709255283711
"('predict', np.int64(174))",predict,feet,F,irrelevant,-0.8451542547285166,feet,0.8451542547285166
"('predict', np.int64(175))",predict,stripes,E,irrelevant,0.7001400420140049,stripes,0.7001400420140049
"('predict', np.int64(175))",predict,feet,F,relevant,0.7001400420140049,stripes,0.7001400420140049
"('predict', np.int64(176))",predict,stripes,E,relevant,0.911322376865767,feet,0.911322376865767
"('predict', np.int64(176))",predict,feet,F,irrelevant,0.13018891098082386,feet,0.13018891098082386
"('predict', np.int64(178))",predict,stripes,W,relevant,0.911322376865767,feet,0.911322376865767
"('predict', np.int64(178))",predict,feet,F,irrelevant,0.13018891098082386,feet,0.13018891098082386
"('predict', np.int64(179))",predict,stripes,W,irrelevant,0.0,stripes,0.0
"('predict', np.int64(179))",predict,feet,F,relevant,0.7071067811865476,stripes,0.7071067811865476
"('predict', np.int64(180))",predict,stripes,E,relevant,-0.8451542547285166,feet,0.8451542547285166
"('predict', np.int64(180))",predict,feet,F,irrelevant,-0.50709255283711,feet,0.50709255283711
"('predict', np.int64(181))",predict,stripes,W,irrelevant,0.6000000000000001,stripes,0.6000000000000001
"('predict', np.int64(181))",predict,feet,C,relevant,0.8,stripes,0.8
"('predict', np.int64(182))",predict,stripes,W,relevant,0.9805806756909202,feet,0.9805806756909202
"('predict', np.int64(182))",predict,feet,F,irrelevant,0.0,feet,0.0
"('predict', np.int64(183))",predict,stripes,W,irrelevant,0.19245008972987526,stripes,0.19245008972987526
"('predict', np.int64(183))",predict,feet,F,relevant,0.9622504486493761,stripes,0.9622504486493761
"('predict', np.int64(184))",predict,stripes,E,relevant,0.7071067811865476,feet,0.7071067811865476
"('predict', np.int64(184))",predict,feet,F,irrelevant,0.0,feet,0.0
"('predict', np.int64(185))",predict,stripes,E,irrelevant,0.7001400420140049,stripes,0.7001400420140049
"('predict', np.int64(185))",predict,feet,C,relevant,0.7001400420140049,stripes,0.7001400420140049
"('predict', np.int64(186))",predict,stripes,W,relevant,-0.16903085094570333,feet,0.16903085094570333
"('predict', np.int64(186))",predict,feet,F,irrelevant,-0.8451542547285166,feet,0.8451542547285166
"('predict', np.int64(187))",predict,stripes,E,irrelevant,0.9128709291752768,stripes,0.9128709291752768
"('predict', np.int64(187))",predict,feet,F,relevant,0.18257418583505536,stripes,0.18257418583505536
"('predict', np.int64(188))",predict,stripes,E,relevant,0.9610744623271418,feet,0.9610744623271418
"('predict', np.int64(188))",predict,feet,F,irrelevant,0.26211121699831136,feet,0.26211121699831136
"('predict', np.int64(189))",predict,stripes,W,irrelevant,0.30151134457776363,stripes,0.30151134457776363
"('predict', np.int64(189))",predict,feet,C,relevant,0.30151134457776363,stripes,0.30151134457776363
"('predict', np.int64(190))",predict,stripes,W,relevant,0.9863939238321439,feet,0.9863939238321439
"('predict', np.int64(190))",predict,feet,C,irrelevant,-0.1643989873053573,feet,0.1643989873053573
"('predict', np.int64(191))",predict,stripes,E,irrelevant,0.23570226039551587,stripes,0.23570226039551587
"('predict', np.int64(191))",predict,feet,F,relevant,0.9428090415820635,stripes,0.9428090415820635
"('predict', np.int64(192))",predict,stripes,E,relevant,0.9622504486493761,feet,0.9622504486493761
"('predict', np.int64(192))",predict,feet,F,irrelevant,-0.19245008972987526,feet,0.19245008972987526
"('predict', np.int64(193))",predict,stripes,E,irrelevant,0.8700628401410974,stripes,0.8700628401410974
"('predict', np.int64(193))",predict,feet,C,relevant,0.4833682445228318,stripes,0.4833682445228318
"('predict', np.int64(194))",predict,stripes,W,relevant,0.9716656205775166,feet,0.9716656205775166
"('predict', np.int64(194))",predict,feet,F,irrelevant,0.2242305278255808,feet,0.2242305278255808
"('predict', np.int64(195))",predict,stripes,E,irrelevant,-0.808290376865476,stripes,0.808290376865476
"('predict', np.int64(195))",predict,feet,F,relevant,0.5773502691896257,stripes,0.5773502691896257
"('predict', np.int64(196))",predict,stripes,E,relevant,0.8944271909999159,feet,0.8944271909999159
"('predict', np.int64(196))",predict,feet,F,irrelevant,0.4472135954999579,feet,0.4472135954999579
"('predict', np.int64(197))",predict,stripes,W,irrelevant,0.10976425998969036,stripes,0.10976425998969036
"('predict', np.int64(197))",predict,feet,C,relevant,0.9878783399072134,stripes,0.9878783399072134
"('predict', np.int64(198))",predict,stripes,W,relevant,0.07647191129018725,feet,0.07647191129018725
"('predict', np.int64(198))",predict,feet,F,irrelevant,0.5353033790313108,feet,0.5353033790313108
"('predict', np.int64(199))",predict,stripes,E,irrelevant,0.5773502691896257,stripes,0.5773502691896257
"('predict', np.int64(199))",predict,feet,F,relevant,-0.5773502691896257,stripes,0.5773502691896257
"('predict', np.int64(200))",predict,stripes,E,relevant,0.9622504486493761,feet,0.9622504486493761
"('predict', np.int64(200))",predict,feet,F,irrelevant,-0.19245008972987526,feet,0.19245008972987526
"('predict', np.int64(201))",predict,stripes,W,irrelevant,0.19611613513818404,stripes,0.19611613513818404
"('predict', np.int64(201))",predict,feet,C,relevant,0.7844645405527362,stripes,0.7844645405527362
"('predict', np.int64(202))",predict,stripes,W,relevant,0.23570226039551587,feet,0.23570226039551587
"('predict', np.int64(202))",predict,feet,C,irrelevant,-0.23570226039551587,feet,0.23570226039551587
"('predict', np.int64(203))",predict,stripes,W,irrelevant,-0.9434563530497265,stripes,0.9434563530497265
"('predict', np.int64(203))",predict,feet,F,relevant,0.3144854510165755,stripes,0.3144854510165755
"('predict', np.int64(204))",predict,stripes,E,relevant,0.30151134457776363,feet,0.30151134457776363
"('predict', np.int64(204))",predict,feet,C,irrelevant,0.9045340337332909,feet,0.9045340337332909
"('predict', np.int64(205))",predict,stripes,E,irrelevant,0.9284766908852594,stripes,0.9284766908852594
"('predict', np.int64(205))",predict,feet,C,relevant,0.3713906763541037,stripes,0.3713906763541037
"('predict', np.int64(206))",predict,stripes,W,relevant,0.0,feet,0.0
"('predict', np.int64(206))",predict,feet,F,irrelevant,-0.7071067811865476,feet,0.7071067811865476
"('predict', np.int64(207))",predict,stripes,E,irrelevant,0.7035264706814485,stripes,0.7035264706814485
"('predict', np.int64(207))",predict,feet,F,relevant,0.502518907629606,stripes,0.502518907629606
"('predict', np.int64(208))",predict,stripes,E,relevant,0.4123930494211613,feet,0.4123930494211613
"('predict', np.int64(208))",predict,feet,C,irrelevant,-0.9072647087265548,feet,0.9072647087265548
"('predict', np.int64(209))",predict,stripes,W,irrelevant,0.0,stripes,0.0
"('predict', np.int64(209))",predict,feet,C,relevant,0.9701425001453319,stripes,0.9701425001453319
"('predict', np.int64(210))",predict,stripes,W,relevant,0.5345224838248488,feet,0.5345224838248488
"('predict', np.int64(210))",predict,feet,C,irrelevant,-0.8017837257372733,feet,0.8017837257372733
"('predict', np.int64(211))",predict,stripes,E,irrelevant,-0.10482848367219183,stripes,0.10482848367219183
"('predict', np.int64(211))",predict,feet,F,relevant,0.9434563530497265,stripes,0.9434563530497265
"('predict', np.int64(212))",predict,stripes,E,relevant,0.7071067811865476,feet,0.7071067811865476
"('predict', np.int64(212))",predict,feet,F,irrelevant,0.7071067811865476,feet,0.7071067811865476
"('predict', np.int64(213))",predict,stripes,E,irrelevant,0.0,stripes,0.0
"('predict', np.int64(213))",predict,feet,C,relevant,0.9701425001453319,stripes,0.9701425001453319
"('predict', np.int64(214))",predict,stripes,W,relevant,0.9309493362512627,feet,0.9309493362512627
"('predict', np.int64(214))",predict,feet,C,irrelevant,0.0716114874039433,feet,0.0716114874039433
"('predict', np.int64(215))",predict,stripes,W,irrelevant,-0.8451542547285166,stripes,0.8451542547285166
"('predict', np.int64(215))",predict,feet,F,relevant,0.50709255283711,stripes,0.50709255283711
"('predict', np.int64(216))",predict,stripes,E,relevant,0.9733285267845754,feet,0.9733285267845754
"('predict', np.int64(216))",predict,feet,F,irrelevant,0.16222142113076252,feet,0.16222142113076252
"('predict', np.int64(217))",predict,stripes,W,irrelevant,-0.8700628401410974,stripes,0.8700628401410974
"('predict', np.int64(217))",predict,feet,C,relevant,0.4833682445228318,stripes,0.4833682445228318
"('predict', np.int64(218))",predict,stripes,W,relevant,0.9610744623271418,feet,0.9610744623271418
"('predict', np.int64(218))",predict,feet,F,irrelevant,0.0873704056661038,feet,0.0873704056661038
"('predict', np.int64(219))",predict,stripes,E,irrelevant,0.4364357804719847,stripes,0.4364357804719847
"('predict', np.int64(219))",predict,feet,F,relevant,-0.21821789023599236,stripes,0.21821789023599236
"('predict', np.int64(220))",predict,stripes,E,relevant,0.3015113445777637,feet,0.3015113445777637
"('predict', np.int64(220))",predict,feet,F,irrelevant,0.3015113445777637,feet,0.3015113445777637
"('predict', np.int64(221))",predict,stripes,W,irrelevant,,stripes,
"('predict', np.int64(221))",predict,feet,C,relevant,,stripes,
"('predict', np.int64(222))",predict,stripes,W,relevant,0.9434563530497265,feet,0.9434563530497265
"('predict', np.int64(222))",predict,feet,C,irrelevant,-0.10482848367219183,feet,0.10482848367219183
"('predict', np.int64(223))",predict,stripes,E,irrelevant,0.0,stripes,0.0
"('predict', np.int64(223))",predict,feet,F,relevant,1.0,stripes,1.0
"('predict', np.int64(224))",predict,stripes,E,relevant,0.9801960588196068,feet,0.9801960588196068
"('predict', np.int64(224))",predict,feet,C,irrelevant,0.14002800840280097,feet,0.14002800840280097
"('predict', np.int64(225))",predict,stripes,W,irrelevant,0.0,stripes,0.0
"('predict', np.int64(225))",predict,feet,C,relevant,1.0,stripes,1.0
"('predict', np.int64(226))",predict,stripes,W,relevant,0.8,feet,0.8
"('predict', np.int64(226))",predict,feet,C,irrelevant,0.6000000000000001,feet,0.6000000000000001
"('predict', np.int64(227))",predict,stripes,W,irrelevant,-0.09016696346674323,stripes,0.09016696346674323
"('predict', np.int64(227))",predict,feet,F,relevant,0.9918365981341756,stripes,0.9918365981341756
"('predict', np.int64(228))",predict,stripes,E,relevant,0.0873704056661038,feet,0.0873704056661038
"('predict', np.int64(228))",predict,feet,C,irrelevant,0.26211121699831136,feet,0.26211121699831136
"('predict', np.int64(229))",predict,stripes,W,irrelevant,0.24253562503633297,stripes,0.24253562503633297
"('predict', np.int64(229))",predict,feet,C,relevant,0.9701425001453319,stripes,0.9701425001453319
"('predict', np.int64(230))",predict,stripes,W,relevant,0.808290376865476,feet,0.808290376865476
"('predict', np.int64(230))",predict,feet,F,irrelevant,0.5773502691896257,feet,0.5773502691896257
"('predict', np.int64(231))",predict,stripes,E,irrelevant,-0.14002800840280097,stripes,0.14002800840280097
"('predict', np.int64(231))",predict,feet,F,relevant,0.9801960588196068,stripes,0.9801960588196068
"('predict', np.int64(232))",predict,stripes,E,relevant,0.9428090415820635,feet,0.9428090415820635
"('predict', np.int64(232))",predict,feet,F,irrelevant,0.23570226039551587,feet,0.23570226039551587
"('predict', np.int64(233))",predict,stripes,E,irrelevant,0.7049344049891617,stripes,0.7049344049891617
"('predict', np.int64(233))",predict,feet,C,relevant,0.7049344049891617,stripes,0.7049344049891617
"('predict', np.int64(234))",predict,stripes,W,relevant,0.10482848367219183,feet,0.10482848367219183
"('predict', np.int64(234))",predict,feet,C,irrelevant,0.9434563530497265,feet,0.9434563530497265
"('predict', np.int64(235))",predict,stripes,W,irrelevant,-0.50709255283711,stripes,0.50709255283711
"('predict', np.int64(235))",predict,feet,F,relevant,-0.16903085094570333,stripes,0.16903085094570333
"('predict', np.int64(236))",predict,stripes,E,relevant,0.3665083330689157,feet,0.3665083330689157
"('predict', np.int64(236))",predict,feet,C,irrelevant,0.8551861104941366,feet,0.8551861104941366
"('predict', np.int64(237))",predict,stripes,W,irrelevant,0.0,stripes,0.0
"('predict', np.int64(237))",predict,feet,C,relevant,0.0,stripes,0.0
"('predict', np.int64(238))",predict,stripes,W,relevant,0.9434563530497265,feet,0.9434563530497265
"('predict', np.int64(238))",predict,feet,C,irrelevant,0.3144854510165755,feet,0.3144854510165755
"('predict', np.int64(239))",predict,stripes,E,irrelevant,-0.4364357804719847,stripes,0.4364357804719847
"('predict', np.int64(239))",predict,feet,F,relevant,0.8728715609439694,stripes,0.8728715609439694
"('predict', np.int64(241))",predict,stripes,E,irrelevant,0.10976425998969036,stripes,0.10976425998969036
"('predict', np.int64(241))",predict,feet,C,relevant,0.9878783399072134,stripes,0.9878783399072134
"('predict', np.int64(242))",predict,stripes,W,relevant,-0.5773502691896257,feet,0.5773502691896257
"('predict', np.int64(242))",predict,feet,C,irrelevant,-0.5773502691896257,feet,0.5773502691896257
"('predict', np.int64(243))",predict,stripes,W,irrelevant,0.19245008972987526,stripes,0.19245008972987526
"('predict', np.int64(243))",predict,feet,F,relevant,0.19245008972987526,stripes,0.19245008972987526
"('predict', np.int64(244))",predict,stripes,E,relevant,-0.808290376865476,feet,0.808290376865476
"('predict', np.int64(244))",predict,feet,C,irrelevant,-0.5773502691896257,feet,0.5773502691896257
"('predict', np.int64(245))",predict,stripes,W,irrelevant,-0.4472135954999579,stripes,0.4472135954999579
"('predict', np.int64(245))",predict,feet,C,relevant,0.8944271909999159,stripes,0.8944271909999159
"('predict', np.int64(246))",predict,stripes,W,relevant,0.9045340337332909,feet,0.9045340337332909
"('predict', np.int64(246))",predict,feet,C,irrelevant,0.30151134457776363,feet,0.30151134457776363
"('predict', np.int64(247))",predict,stripes,E,irrelevant,0.5488212999484517,stripes,0.5488212999484517
"('predict', np.int64(247))",predict,feet,F,relevant,0.3292927799690711,stripes,0.3292927799690711
"('predict', np.int64(248))",predict,stripes,E,relevant,0.911322376865767,feet,0.911322376865767
"('predict', np.int64(248))",predict,feet,F,irrelevant,-0.39056673294247163,feet,0.39056673294247163
"('predict', np.int64(249))",predict,stripes,E,irrelevant,-0.40824829046386296,stripes,0.40824829046386296
"('predict', np.int64(249))",predict,feet,C,relevant,0.40824829046386296,stripes,0.40824829046386296
"('predict', np.int64(250))",predict,stripes,W,relevant,0.9805806756909202,feet,0.9805806756909202
"('predict', np.int64(250))",predict,feet,C,irrelevant,-0.19611613513818404,feet,0.19611613513818404
"('predict', np.int64(251))",predict,stripes,E,irrelevant,0.13608276348795437,stripes,0.13608276348795437
"('predict', np.int64(251))",predict,feet,F,relevant,0.27216552697590873,stripes,0.27216552697590873
"('predict', np.int64(252))",predict,stripes,E,relevant,0.9801960588196068,feet,0.9801960588196068
"('predict', np.int64(252))",predict,feet,F,irrelevant,-0.14002800840280097,feet,0.14002800840280097
"('predict', np.int64(253))",predict,stripes,E,irrelevant,0.0,stripes,0.0
"('predict', np.int64(253))",predict,feet,C,relevant,0.9701425001453319,stripes,0.9701425001453319
"('predict', np.int64(254))",predict,stripes,W,relevant,-0.4833682445228318,feet,0.4833682445228318
"('predict', np.int64(254))",predict,feet,C,irrelevant,0.8700628401410974,feet,0.8700628401410974
"('predict', np.int64(255))",predict,stripes,W,irrelevant,0.0,stripes,0.0
"('predict', np.int64(255))",predict,feet,F,relevant,1.0,stripes,1.0
"('predict', np.int64(256))",predict,stripes,E,relevant,0.11547005383792516,feet,0.11547005383792516
"('predict', np.int64(256))",predict,feet,F,irrelevant,0.5773502691896257,feet,0.5773502691896257
"('predict', np.int64(257))",predict,stripes,W,irrelevant,0.0,stripes,0.0
"('predict', np.int64(257))",predict,feet,C,relevant,1.0,stripes,1.0
"('predict', np.int64(258))",predict,stripes,W,relevant,0.0,feet,0.0
"('predict', np.int64(258))",predict,feet,F,irrelevant,0.12403473458920845,feet,0.12403473458920845
"('predict', np.int64(259))",predict,stripes,E,irrelevant,0.7001400420140049,stripes,0.7001400420140049
"('predict', np.int64(259))",predict,feet,F,relevant,0.7001400420140049,stripes,0.7001400420140049
"('predict', np.int64(260))",predict,stripes,E,relevant,0.5345224838248488,feet,0.5345224838248488
"('predict', np.int64(260))",predict,feet,C,irrelevant,-0.2672612419124244,feet,0.2672612419124244
"('predict', np.int64(261))",predict,stripes,W,irrelevant,-0.09016696346674323,stripes,0.09016696346674323
"('predict', np.int64(261))",predict,feet,C,relevant,0.9918365981341756,stripes,0.9918365981341756
"('predict', np.int64(262))",predict,stripes,W,relevant,-0.39056673294247163,feet,0.39056673294247163
"('predict', np.int64(262))",predict,feet,C,irrelevant,0.911322376865767,feet,0.911322376865767
"('predict', np.int64(264))",predict,stripes,E,relevant,-0.23570226039551587,feet,0.23570226039551587
"('predict', np.int64(264))",predict,feet,F,irrelevant,-0.23570226039551587,feet,0.23570226039551587
"('predict', np.int64(265))",predict,stripes,E,irrelevant,0.6767155423319645,stripes,0.6767155423319645
"('predict', np.int64(265))",predict,feet,C,relevant,0.6767155423319645,stripes,0.6767155423319645
"('predict', np.int64(266))",predict,stripes,W,relevant,0.8164965809277259,feet,0.8164965809277259
"('predict', np.int64(266))",predict,feet,C,irrelevant,0.40824829046386296,feet,0.40824829046386296
"('predict', np.int64(267))",predict,stripes,E,irrelevant,0.0,stripes,0.0
"('predict', np.int64(267))",predict,feet,F,relevant,0.9863939238321439,stripes,0.9863939238321439
"('predict', np.int64(268))",predict,stripes,E,relevant,0.8846517369293829,feet,0.8846517369293829
"('predict', np.int64(268))",predict,feet,C,irrelevant,-0.44232586846469146,feet,0.44232586846469146
"('predict', np.int64(269))",predict,stripes,W,irrelevant,-0.24253562503633297,stripes,0.24253562503633297
"('predict', np.int64(269))",predict,feet,C,relevant,0.9701425001453319,stripes,0.9701425001453319
"('predict', np.int64(270))",predict,stripes,W,relevant,0.9610744623271418,feet,0.9610744623271418
"('predict', np.int64(270))",predict,feet,C,irrelevant,0.0873704056661038,feet,0.0873704056661038
"('predict', np.int64(271))",predict,stripes,E,irrelevant,-0.7035264706814485,stripes,0.7035264706814485
"('predict', np.int64(271))",predict,feet,F,relevant,0.7035264706814485,stripes,0.7035264706814485
"('predict', np.int64(273))",predict,stripes,W,irrelevant,-0.33333333333333337,stripes,0.33333333333333337
"('predict', np.int64(273))",predict,feet,C,relevant,0.6666666666666667,stripes,0.6666666666666667
"('predict', np.int64(274))",predict,stripes,W,relevant,0.9863939238321439,feet,0.9863939238321439
"('predict', np.int64(274))",predict,feet,F,irrelevant,-0.1643989873053573,feet,0.1643989873053573
"('predict', np.int64(276))",predict,stripes,E,relevant,0.9370425713316366,feet,0.9370425713316366
"('predict', np.int64(276))",predict,feet,F,irrelevant,-0.15617376188860607,feet,0.15617376188860607
"('predict', np.int64(277))",predict,stripes,E,irrelevant,-0.8700628401410974,stripes,0.8700628401410974
"('predict', np.int64(277))",predict,feet,C,relevant,0.4833682445228318,stripes,0.4833682445228318
"('predict', np.int64(278))",predict,stripes,W,relevant,0.8700628401410974,feet,0.8700628401410974
"('predict', np.int64(278))",predict,feet,C,irrelevant,0.4833682445228318,feet,0.4833682445228318
"('predict', np.int64(279))",predict,stripes,E,irrelevant,0.06523280730534423,stripes,0.06523280730534423
"('predict', np.int64(279))",predict,feet,F,relevant,0.9784921095801633,stripes,0.9784921095801633
"('predict', np.int64(280))",predict,stripes,E,relevant,-0.4472135954999579,feet,0.4472135954999579
"('predict', np.int64(280))",predict,feet,F,irrelevant,0.8944271909999159,feet,0.8944271909999159
"('predict', np.int64(281))",predict,stripes,E,irrelevant,0.0,stripes,0.0
"('predict', np.int64(281))",predict,feet,C,relevant,1.0,stripes,1.0
"('predict', np.int64(282))",predict,stripes,W,relevant,0.9863939238321439,feet,0.9863939238321439
"('predict', np.int64(282))",predict,feet,F,irrelevant,0.0,feet,0.0
"('predict', np.int64(283))",predict,stripes,W,irrelevant,-0.8451542547285166,stripes,0.8451542547285166
"('predict', np.int64(283))",predict,feet,F,relevant,0.50709255283711,stripes,0.50709255283711
"('predict', np.int64(285))",predict,stripes,E,irrelevant,0.8320502943378437,stripes,0.8320502943378437
"('predict', np.int64(285))",predict,feet,C,relevant,0.5547001962252291,stripes,0.5547001962252291
"('predict', np.int64(286))",predict,stripes,W,relevant,0.9434563530497265,feet,0.9434563530497265
"('predict', np.int64(286))",predict,feet,F,irrelevant,-0.3144854510165755,feet,0.3144854510165755
"('predict', np.int64(287))",predict,stripes,E,irrelevant,-0.6666666666666667,stripes,0.6666666666666667
"('predict', np.int64(287))",predict,feet,F,relevant,0.33333333333333337,stripes,0.33333333333333337
"('predict', np.int64(288))",predict,stripes,E,relevant,0.9878783399072134,feet,0.9878783399072134
"('predict', np.int64(288))",predict,feet,F,irrelevant,-0.10976425998969036,feet,0.10976425998969036
"('predict', np.int64(289))",predict,stripes,E,irrelevant,0.2294157338705618,stripes,0.2294157338705618
"('predict', np.int64(289))",predict,feet,C,relevant,-0.6882472016116854,stripes,0.6882472016116854
"('predict', np.int64(290))",predict,stripes,W,relevant,1.0,feet,1.0
"('predict', np.int64(290))",predict,feet,C,irrelevant,0.0,feet,0.0
"('predict', np.int64(291))",predict,stripes,W,irrelevant,0.8164965809277259,stripes,0.8164965809277259
"('predict', np.int64(291))",predict,feet,F,relevant,0.40824829046386296,stripes,0.40824829046386296
"('predict', np.int64(292))",predict,stripes,E,relevant,0.0,feet,0.0
"('predict', np.int64(292))",predict,feet,F,irrelevant,0.7071067811865476,feet,0.7071067811865476
"('predict', np.int64(293))",predict,stripes,E,irrelevant,-0.8164965809277259,stripes,0.8164965809277259
"('predict', np.int64(293))",predict,feet,C,relevant,-0.40824829046386296,stripes,0.40824829046386296
"('predict', np.int64(294))",predict,stripes,W,relevant,0.3713906763541037,feet,0.3713906763541037
"('predict', np.int64(294))",predict,feet,F,irrelevant,0.7427813527082074,feet,0.7427813527082074
"('predict', np.int64(295))",predict,stripes,W,irrelevant,0.09667364890456637,stripes,0.09667364890456637
"('predict', np.int64(295))",predict,feet,F,relevant,-0.8700628401410974,stripes,0.8700628401410974
"('predict', np.int64(296))",predict,stripes,E,relevant,0.9284766908852594,feet,0.9284766908852594
"('predict', np.int64(296))",predict,feet,F,irrelevant,0.3713906763541037,feet,0.3713906763541037
"('predict', np.int64(297))",predict,stripes,W,irrelevant,0.23570226039551587,stripes,0.23570226039551587
"('predict', np.int64(297))",predict,feet,C,relevant,0.9428090415820635,stripes,0.9428090415820635
"('predict', np.int64(298))",predict,stripes,W,relevant,0.9434563530497265,feet,0.9434563530497265
"('predict', np.int64(298))",predict,feet,C,irrelevant,0.10482848367219183,feet,0.10482848367219183
"('predict', np.int64(299))",predict,stripes,E,irrelevant,0.0,stripes,0.0
"('predict', np.int64(299))",predict,feet,F,relevant,1.0,stripes,1.0
"('predict', np.int64(300))",predict,stripes,E,relevant,0.6396021490668313,feet,0.6396021490668313
"('predict', np.int64(300))",predict,feet,F,irrelevant,0.6396021490668313,feet,0.6396021490668313
