participant,task,task_explanation_group,explanation_type,has_causal_explanation,relevant_dim,irrelevant_dim,stripes_high,feet_high,feet_discrete_slider.response,feature_dimension,feature_importance,time,feature_relevance
226,accommodate,accommodate_none,none,False,stripes,feet,W,C,No,feet,0.0,end,irrelevant
210,accommodate,accommodate_none,none,False,stripes,feet,W,C,No,feet,0.0,end,irrelevant
269,accommodate,accommodate_causal,both,True,feet,stripes,W,C,Yes,feet,7.0,end,relevant
215,accommodate,accommodate_none,none,False,feet,stripes,W,F,Yes,feet,4.0,end,relevant
83,accommodate,accommodate_none,none,False,feet,stripes,E,F,No,feet,0.0,end,relevant
171,accommodate,accommodate_none,none,False,feet,stripes,E,F,Yes,feet,6.0,end,relevant
157,accommodate,accommodate_causal,feet,True,feet,stripes,W,C,Yes,feet,6.0,end,relevant
1,accommodate,accommodate_none,none,False,feet,stripes,E,C,Yes,feet,5.0,end,relevant
122,accommodate,accommodate_none,none,False,stripes,feet,W,F,Yes,feet,7.0,end,irrelevant
149,accommodate,accommodate_none,none,False,feet,stripes,W,C,Yes,feet,6.0,end,relevant
262,accommodate,accommodate_none,none,False,stripes,feet,W,C,Yes,feet,-7.0,end,irrelevant
244,accommodate,accommodate_none,none,False,stripes,feet,E,C,No,feet,0.0,end,irrelevant
175,accommodate,accommodate_causal,both,True,feet,stripes,E,F,Yes,feet,6.0,end,relevant
208,accommodate,accommodate_none,none,False,stripes,feet,E,C,Yes,feet,6.0,end,irrelevant
283,accommodate,accommodate_none,none,False,feet,stripes,W,F,Yes,feet,7.0,end,relevant
143,accommodate,accommodate_none,none,False,feet,stripes,E,F,Yes,feet,7.0,end,relevant
119,accommodate,accommodate_causal,feet,True,feet,stripes,E,F,Yes,feet,6.0,end,relevant
19,accommodate,accommodate_none,none,False,feet,stripes,E,F,Yes,feet,6.0,end,relevant
170,accommodate,accommodate_none,none,False,stripes,feet,W,C,Yes,feet,2.0,end,irrelevant
297,accommodate,accommodate_causal,both,True,feet,stripes,W,C,Yes,feet,4.0,end,relevant
285,accommodate,accommodate_none,none,False,feet,stripes,E,C,Yes,feet,7.0,end,relevant
227,accommodate,accommodate_none,none,False,feet,stripes,W,F,Yes,feet,7.0,end,relevant
174,accommodate,accommodate_causal,both,True,stripes,feet,W,F,Yes,feet,7.0,end,irrelevant
89,accommodate,accommodate_causal,both,True,feet,stripes,W,C,Yes,feet,6.0,end,relevant
287,accommodate,accommodate_none,none,False,feet,stripes,E,F,Yes,feet,-5.0,end,relevant
6,accommodate,accommodate_none,none,False,stripes,feet,W,F,No,feet,0.0,end,irrelevant
27,accommodate,accommodate_causal,feet,True,feet,stripes,E,F,Yes,feet,6.0,end,relevant
124,accommodate,accommodate_none,none,False,stripes,feet,E,F,Yes,feet,4.0,end,irrelevant
158,accommodate,accommodate_none,none,False,stripes,feet,W,F,Yes,feet,5.0,end,irrelevant
150,accommodate,accommodate_none,none,False,stripes,feet,W,C,Yes,feet,4.0,end,irrelevant
96,accommodate,accommodate_causal,both,True,stripes,feet,E,C,Yes,feet,5.0,end,irrelevant
84,accommodate,accommodate_none,none,False,stripes,feet,E,F,Yes,feet,4.0,end,irrelevant
179,accommodate,accommodate_none,none,False,feet,stripes,W,F,Yes,feet,-5.0,end,relevant
30,accommodate,accommodate_none,none,False,stripes,feet,W,F,Yes,feet,2.0,end,irrelevant
151,accommodate,accommodate_none,none,False,feet,stripes,W,F,No,feet,0.0,end,relevant
86,accommodate,accommodate_none,none,False,stripes,feet,W,F,Yes,feet,5.0,end,irrelevant
69,accommodate,accommodate_none,none,False,feet,stripes,E,C,Yes,feet,4.0,end,relevant
29,accommodate,accommodate_none,none,False,feet,stripes,E,C,Yes,feet,7.0,end,relevant
16,accommodate,accommodate_none,none,False,stripes,feet,E,F,Yes,feet,4.0,end,irrelevant
286,accommodate,accommodate_causal,stripes,True,stripes,feet,W,F,Yes,feet,6.0,end,irrelevant
88,accommodate,accommodate_none,none,False,stripes,feet,E,C,No,feet,0.0,end,irrelevant
75,accommodate,accommodate_none,none,False,feet,stripes,W,F,Yes,feet,6.0,end,relevant
242,accommodate,accommodate_none,none,False,stripes,feet,W,C,Yes,feet,-2.0,end,irrelevant
79,accommodate,accommodate_none,none,False,feet,stripes,W,F,Yes,feet,5.0,end,relevant
182,accommodate,accommodate_none,none,False,stripes,feet,W,F,Yes,feet,3.0,end,irrelevant
117,accommodate,accommodate_none,none,False,feet,stripes,W,C,Yes,feet,7.0,end,relevant
196,accommodate,accommodate_none,none,False,stripes,feet,E,F,Yes,feet,5.0,end,irrelevant
193,accommodate,accommodate_none,none,False,feet,stripes,E,C,Yes,feet,6.0,end,relevant
53,accommodate,accommodate_causal,feet,True,feet,stripes,W,C,Yes,feet,4.0,end,relevant
34,accommodate,accommodate_none,none,False,stripes,feet,W,F,No,feet,0.0,end,irrelevant
114,accommodate,accommodate_none,none,False,stripes,feet,W,F,No,feet,0.0,end,irrelevant
103,accommodate,accommodate_none,none,False,feet,stripes,W,F,Yes,feet,6.0,end,relevant
58,accommodate,accommodate_none,none,False,stripes,feet,W,C,No,feet,0.0,end,irrelevant
228,accommodate,accommodate_none,none,False,stripes,feet,E,C,Yes,feet,2.0,end,irrelevant
51,accommodate,accommodate_none,none,False,feet,stripes,E,F,Yes,feet,5.0,end,relevant
130,accommodate,accommodate_none,none,False,stripes,feet,W,C,No,feet,0.0,end,irrelevant
163,accommodate,accommodate_none,none,False,feet,stripes,W,F,Yes,feet,6.0,end,relevant
236,accommodate,accommodate_none,none,False,stripes,feet,E,C,Yes,feet,-4.0,end,irrelevant
159,accommodate,accommodate_causal,feet,True,feet,stripes,E,F,Yes,feet,7.0,end,relevant
202,accommodate,accommodate_none,none,False,stripes,feet,W,C,Yes,feet,3.0,end,irrelevant
248,accommodate,accommodate_none,none,False,stripes,feet,E,F,No,feet,0.0,end,irrelevant
132,accommodate,accommodate_none,none,False,stripes,feet,E,C,Yes,feet,5.0,end,irrelevant
11,accommodate,accommodate_none,none,False,feet,stripes,W,F,Yes,feet,6.0,end,relevant
190,accommodate,accommodate_none,none,False,stripes,feet,W,C,Yes,feet,2.0,end,irrelevant
80,accommodate,accommodate_none,none,False,stripes,feet,E,C,Yes,feet,-3.0,end,irrelevant
223,accommodate,accommodate_causal,stripes,True,feet,stripes,E,F,Yes,feet,6.0,end,relevant
13,accommodate,accommodate_none,none,False,feet,stripes,E,C,Yes,feet,6.0,end,relevant
111,accommodate,accommodate_none,none,False,feet,stripes,E,F,Yes,feet,6.0,end,relevant
219,accommodate,accommodate_none,none,False,feet,stripes,E,F,Yes,feet,7.0,end,relevant
201,accommodate,accommodate_causal,both,True,feet,stripes,W,C,Yes,feet,5.0,end,relevant
5,accommodate,accommodate_none,none,False,feet,stripes,W,C,Yes,feet,6.0,end,relevant
255,accommodate,accommodate_causal,stripes,True,feet,stripes,W,F,Yes,feet,6.0,end,relevant
181,accommodate,accommodate_none,none,False,feet,stripes,W,C,Yes,feet,-4.0,end,relevant
125,accommodate,accommodate_none,none,False,feet,stripes,W,C,Yes,feet,5.0,end,relevant
162,accommodate,accommodate_none,none,False,stripes,feet,W,C,Yes,feet,5.0,end,irrelevant
198,accommodate,accommodate_none,none,False,stripes,feet,W,F,No,feet,0.0,end,irrelevant
293,accommodate,accommodate_none,none,False,feet,stripes,E,C,Yes,feet,7.0,end,relevant
9,accommodate,accommodate_none,none,False,feet,stripes,W,C,Yes,feet,7.0,end,relevant
176,accommodate,accommodate_none,none,False,stripes,feet,E,F,Yes,feet,5.0,end,irrelevant
85,accommodate,accommodate_causal,feet,True,feet,stripes,W,C,Yes,feet,6.0,end,relevant
139,accommodate,accommodate_none,none,False,feet,stripes,W,F,Yes,feet,5.0,end,relevant
271,accommodate,accommodate_none,none,False,feet,stripes,E,F,Yes,feet,-6.0,end,relevant
4,accommodate,accommodate_none,none,False,stripes,feet,E,F,Yes,feet,5.0,end,irrelevant
231,accommodate,accommodate_none,none,False,feet,stripes,E,F,Yes,feet,6.0,end,relevant
224,accommodate,accommodate_none,none,False,stripes,feet,E,C,Yes,feet,-5.0,end,irrelevant
87,accommodate,accommodate_none,none,False,feet,stripes,W,F,Yes,feet,7.0,end,relevant
189,accommodate,accommodate_none,none,False,feet,stripes,W,C,Yes,feet,6.0,end,relevant
135,accommodate,accommodate_none,none,False,feet,stripes,E,F,Yes,feet,6.0,end,relevant
70,accommodate,accommodate_causal,both,True,stripes,feet,W,F,Yes,feet,5.0,end,irrelevant
115,accommodate,accommodate_none,none,False,feet,stripes,E,F,Yes,feet,-3.0,end,relevant
197,accommodate,accommodate_none,none,False,feet,stripes,W,C,Yes,feet,6.0,end,relevant
209,accommodate,accommodate_causal,both,True,feet,stripes,W,C,Yes,feet,7.0,end,relevant
191,accommodate,accommodate_none,none,False,feet,stripes,E,F,Yes,feet,6.0,end,relevant
50,accommodate,accommodate_none,none,False,stripes,feet,W,C,Yes,feet,-4.0,end,irrelevant
91,accommodate,accommodate_none,none,False,feet,stripes,W,F,Yes,feet,3.0,end,relevant
61,accommodate,accommodate_none,none,False,feet,stripes,W,C,Yes,feet,3.0,end,relevant
164,accommodate,accommodate_none,none,False,stripes,feet,E,C,No,feet,0.0,end,irrelevant
48,accommodate,accommodate_none,none,False,stripes,feet,E,F,Yes,feet,4.0,end,irrelevant
106,accommodate,accommodate_none,none,False,stripes,feet,W,C,Yes,feet,7.0,end,irrelevant
148,accommodate,accommodate_none,none,False,stripes,feet,E,C,No,feet,0.0,end,irrelevant
136,accommodate,accommodate_none,none,False,stripes,feet,E,F,Yes,feet,-1.0,end,irrelevant
94,accommodate,accommodate_none,none,False,stripes,feet,W,F,Yes,feet,5.0,end,irrelevant
222,accommodate,accommodate_none,none,False,stripes,feet,W,C,No,feet,0.0,end,irrelevant
14,accommodate,accommodate_none,none,False,stripes,feet,W,F,No,feet,0.0,end,irrelevant
97,accommodate,accommodate_none,none,False,feet,stripes,E,C,Yes,feet,7.0,end,relevant
281,accommodate,accommodate_none,none,False,feet,stripes,E,C,No,feet,0.0,end,relevant
62,accommodate,accommodate_none,none,False,stripes,feet,W,C,Yes,feet,7.0,end,irrelevant
258,accommodate,accommodate_none,none,False,stripes,feet,W,F,Yes,feet,4.0,end,irrelevant
257,accommodate,accommodate_none,none,False,feet,stripes,W,C,Yes,feet,6.0,end,relevant
17,accommodate,accommodate_none,none,False,feet,stripes,E,C,Yes,feet,6.0,end,relevant
212,accommodate,accommodate_none,none,False,stripes,feet,E,F,Yes,feet,5.0,end,irrelevant
294,accommodate,accommodate_none,none,False,stripes,feet,W,F,Yes,feet,6.0,end,irrelevant
168,accommodate,accommodate_causal,both,True,stripes,feet,E,C,Yes,feet,4.0,end,irrelevant
194,accommodate,accommodate_none,none,False,stripes,feet,W,F,Yes,feet,4.0,end,irrelevant
185,accommodate,accommodate_none,none,False,feet,stripes,E,C,Yes,feet,7.0,end,relevant
288,accommodate,accommodate_none,none,False,stripes,feet,E,F,No,feet,0.0,end,irrelevant
121,accommodate,accommodate_causal,both,True,feet,stripes,W,C,Yes,feet,6.0,end,relevant
78,accommodate,accommodate_none,none,False,stripes,feet,W,C,Yes,feet,5.0,end,irrelevant
57,accommodate,accommodate_none,none,False,feet,stripes,W,C,Yes,feet,5.0,end,relevant
259,accommodate,accommodate_none,none,False,feet,stripes,E,F,Yes,feet,6.0,end,relevant
120,accommodate,accommodate_none,none,False,stripes,feet,E,F,Yes,feet,-2.0,end,irrelevant
90,accommodate,accommodate_none,none,False,stripes,feet,W,C,No,feet,0.0,end,irrelevant
180,accommodate,accommodate_none,none,False,stripes,feet,E,F,No,feet,0.0,end,irrelevant
22,accommodate,accommodate_none,none,False,stripes,feet,W,F,Yes,feet,2.0,end,irrelevant
145,accommodate,accommodate_none,none,False,feet,stripes,E,C,Yes,feet,6.0,end,relevant
123,accommodate,accommodate_none,none,False,feet,stripes,E,F,Yes,feet,3.0,end,relevant
220,accommodate,accommodate_none,none,False,stripes,feet,E,F,No,feet,0.0,end,irrelevant
40,accommodate,accommodate_none,none,False,stripes,feet,E,F,No,feet,0.0,end,irrelevant
82,accommodate,accommodate_none,none,False,stripes,feet,W,C,Yes,feet,-5.0,end,irrelevant
54,accommodate,accommodate_none,none,False,stripes,feet,W,F,Yes,feet,3.0,end,irrelevant
155,accommodate,accommodate_none,none,False,feet,stripes,W,F,Yes,feet,7.0,end,relevant
105,accommodate,accommodate_none,none,False,feet,stripes,E,C,Yes,feet,6.0,end,relevant
237,accommodate,accommodate_causal,both,True,feet,stripes,W,C,Yes,feet,5.0,end,relevant
173,accommodate,accommodate_none,none,False,feet,stripes,E,C,Yes,feet,6.0,end,relevant
25,accommodate,accommodate_none,none,False,feet,stripes,W,C,Yes,feet,7.0,end,relevant
299,accommodate,accommodate_causal,both,True,feet,stripes,E,F,Yes,feet,5.0,end,relevant
108,accommodate,accommodate_none,none,False,stripes,feet,E,C,Yes,feet,-4.0,end,irrelevant
245,accommodate,accommodate_none,none,False,feet,stripes,W,C,Yes,feet,6.0,end,relevant
247,accommodate,accommodate_none,none,False,feet,stripes,E,F,Yes,feet,6.0,end,relevant
72,accommodate,accommodate_none,none,False,stripes,feet,E,F,Yes,feet,4.0,end,irrelevant
266,accommodate,accommodate_none,none,False,stripes,feet,W,C,No,feet,0.0,end,irrelevant
243,accommodate,accommodate_none,none,False,feet,stripes,W,F,Yes,feet,6.0,end,relevant
249,accommodate,accommodate_none,none,False,feet,stripes,E,C,No,feet,0.0,end,relevant
63,accommodate,accommodate_causal,both,True,feet,stripes,W,F,Yes,feet,-7.0,end,relevant
38,accommodate,accommodate_none,none,False,stripes,feet,W,C,Yes,feet,-6.0,end,irrelevant
60,accommodate,accommodate_none,none,False,stripes,feet,E,C,Yes,feet,3.0,end,irrelevant
256,accommodate,accommodate_none,none,False,stripes,feet,E,F,Yes,feet,4.0,end,irrelevant
184,accommodate,accommodate_none,none,False,stripes,feet,E,F,Yes,feet,3.0,end,irrelevant
23,accommodate,accommodate_none,none,False,feet,stripes,E,F,Yes,feet,6.0,end,relevant
277,accommodate,accommodate_none,none,False,feet,stripes,E,C,Yes,feet,4.0,end,relevant
141,accommodate,accommodate_none,none,False,feet,stripes,W,C,Yes,feet,7.0,end,relevant
33,accommodate,accommodate_causal,both,True,feet,stripes,E,C,Yes,feet,7.0,end,relevant
213,accommodate,accommodate_none,none,False,feet,stripes,E,C,Yes,feet,-7.0,end,relevant
233,accommodate,accommodate_none,none,False,feet,stripes,E,C,Yes,feet,6.0,end,relevant
12,accommodate,accommodate_none,none,False,stripes,feet,E,F,Yes,feet,-5.0,end,irrelevant
41,accommodate,accommodate_none,none,False,feet,stripes,E,C,No,feet,0.0,end,relevant
126,accommodate,accommodate_none,none,False,stripes,feet,W,C,Yes,feet,6.0,end,irrelevant
39,accommodate,accommodate_none,none,False,feet,stripes,W,F,Yes,feet,7.0,end,relevant
137,accommodate,accommodate_causal,both,True,feet,stripes,W,C,Yes,feet,6.0,end,relevant
73,accommodate,accommodate_none,none,False,feet,stripes,E,C,Yes,feet,7.0,end,relevant
246,accommodate,accommodate_none,none,False,stripes,feet,W,C,Yes,feet,4.0,end,irrelevant
274,accommodate,accommodate_none,none,False,stripes,feet,W,F,Yes,feet,-4.0,end,irrelevant
113,accommodate,accommodate_causal,feet,True,feet,stripes,E,C,Yes,feet,7.0,end,relevant
172,accommodate,accommodate_none,none,False,stripes,feet,E,C,No,feet,0.0,end,irrelevant
147,accommodate,accommodate_causal,both,True,feet,stripes,W,F,Yes,feet,-7.0,end,relevant
18,accommodate,accommodate_none,none,False,stripes,feet,W,F,Yes,feet,-4.0,end,irrelevant
134,accommodate,accommodate_none,none,False,stripes,feet,W,C,Yes,feet,2.0,end,irrelevant
129,accommodate,accommodate_none,none,False,feet,stripes,E,C,Yes,feet,7.0,end,relevant
7,accommodate,accommodate_none,none,False,feet,stripes,W,F,Yes,feet,5.0,end,relevant
26,accommodate,accommodate_causal,feet,True,stripes,feet,W,C,Yes,feet,4.0,end,irrelevant
235,accommodate,accommodate_none,none,False,feet,stripes,W,F,Yes,feet,4.0,end,relevant
49,accommodate,accommodate_none,none,False,feet,stripes,E,C,Yes,feet,5.0,end,relevant
261,accommodate,accommodate_none,none,False,feet,stripes,W,C,Yes,feet,6.0,end,relevant
205,accommodate,accommodate_causal,both,True,feet,stripes,E,C,Yes,feet,5.0,end,relevant
56,accommodate,accommodate_none,none,False,stripes,feet,E,C,Yes,feet,5.0,end,irrelevant
42,accommodate,accommodate_none,none,False,stripes,feet,W,C,No,feet,0.0,end,irrelevant
2,accommodate,accommodate_none,none,False,stripes,feet,W,C,Yes,feet,3.0,end,irrelevant
252,accommodate,accommodate_none,none,False,stripes,feet,E,F,Yes,feet,5.0,end,irrelevant
290,accommodate,accommodate_none,none,False,stripes,feet,W,C,Yes,feet,-6.0,end,irrelevant
260,accommodate,accommodate_none,none,False,stripes,feet,E,C,Yes,feet,4.0,end,irrelevant
230,accommodate,accommodate_none,none,False,stripes,feet,W,F,Yes,feet,5.0,end,irrelevant
187,accommodate,accommodate_none,none,False,feet,stripes,E,F,Yes,feet,-5.0,end,relevant
188,accommodate,accommodate_none,none,False,stripes,feet,E,F,Yes,feet,5.0,end,irrelevant
232,accommodate,accommodate_none,none,False,stripes,feet,E,F,Yes,feet,4.0,end,irrelevant
92,accommodate,accommodate_none,none,False,stripes,feet,E,C,Yes,feet,-4.0,end,irrelevant
214,accommodate,accommodate_none,none,False,stripes,feet,W,C,Yes,feet,5.0,end,irrelevant
138,accommodate,accommodate_none,none,False,stripes,feet,W,C,Yes,feet,-5.0,end,irrelevant
217,accommodate,accommodate_none,none,False,feet,stripes,W,C,No,feet,0.0,end,relevant
64,accommodate,accommodate_causal,both,True,stripes,feet,E,F,Yes,feet,4.0,end,irrelevant
211,accommodate,accommodate_none,none,False,feet,stripes,E,F,Yes,feet,4.0,end,relevant
221,accommodate,accommodate_none,none,False,feet,stripes,W,C,Yes,feet,7.0,end,relevant
47,accommodate,accommodate_none,none,False,feet,stripes,E,F,Yes,feet,6.0,end,relevant
218,accommodate,accommodate_none,none,False,stripes,feet,W,F,No,feet,0.0,end,irrelevant
273,accommodate,accommodate_none,none,False,feet,stripes,W,C,Yes,feet,7.0,end,relevant
278,accommodate,accommodate_none,none,False,stripes,feet,W,C,No,feet,0.0,end,irrelevant
267,accommodate,accommodate_none,none,False,feet,stripes,E,F,No,feet,0.0,end,relevant
160,accommodate,accommodate_causal,both,True,stripes,feet,E,F,Yes,feet,3.0,end,irrelevant
74,accommodate,accommodate_none,none,False,stripes,feet,W,F,Yes,feet,2.0,end,irrelevant
195,accommodate,accommodate_none,none,False,feet,stripes,E,F,Yes,feet,6.0,end,relevant
128,accommodate,accommodate_none,none,False,stripes,feet,E,F,No,feet,0.0,end,irrelevant
110,accommodate,accommodate_none,none,False,stripes,feet,W,C,Yes,feet,-6.0,end,irrelevant
102,accommodate,accommodate_causal,both,True,stripes,feet,W,F,Yes,feet,-3.0,end,irrelevant
100,accommodate,accommodate_none,none,False,stripes,feet,E,C,No,feet,0.0,end,irrelevant
199,accommodate,accommodate_none,none,False,feet,stripes,E,F,Yes,feet,6.0,end,relevant
131,accommodate,accommodate_none,none,False,feet,stripes,W,F,Yes,feet,5.0,end,relevant
140,accommodate,accommodate_causal,both,True,stripes,feet,E,C,No,feet,0.0,end,irrelevant
127,accommodate,accommodate_none,none,False,feet,stripes,W,F,Yes,feet,-4.0,end,relevant
280,accommodate,accommodate_none,none,False,stripes,feet,E,F,Yes,feet,6.0,end,irrelevant
265,accommodate,accommodate_none,none,False,feet,stripes,E,C,No,feet,0.0,end,relevant
279,accommodate,accommodate_none,none,False,feet,stripes,E,F,Yes,feet,5.0,end,relevant
238,accommodate,accommodate_none,none,False,stripes,feet,W,C,Yes,feet,6.0,end,irrelevant
178,accommodate,accommodate_none,none,False,stripes,feet,W,F,Yes,feet,7.0,end,irrelevant
35,accommodate,accommodate_causal,both,True,feet,stripes,E,F,Yes,feet,7.0,end,relevant
52,accommodate,accommodate_none,none,False,stripes,feet,E,C,Yes,feet,-7.0,end,irrelevant
229,accommodate,accommodate_none,none,False,feet,stripes,W,C,Yes,feet,-3.0,end,relevant
10,accommodate,accommodate_none,none,False,stripes,feet,W,C,No,feet,0.0,end,irrelevant
65,accommodate,accommodate_none,none,False,feet,stripes,E,C,Yes,feet,7.0,end,relevant
289,accommodate,accommodate_none,none,False,feet,stripes,E,C,Yes,feet,7.0,end,relevant
253,accommodate,accommodate_none,none,False,feet,stripes,E,C,Yes,feet,6.0,end,relevant
59,accommodate,accommodate_none,none,False,feet,stripes,W,F,Yes,feet,6.0,end,relevant
68,accommodate,accommodate_none,none,False,stripes,feet,E,C,No,feet,0.0,end,irrelevant
95,accommodate,accommodate_none,none,False,feet,stripes,W,F,Yes,feet,6.0,end,relevant
268,accommodate,accommodate_none,none,False,stripes,feet,E,C,Yes,feet,6.0,end,irrelevant
234,accommodate,accommodate_none,none,False,stripes,feet,W,C,Yes,feet,4.0,end,irrelevant
101,accommodate,accommodate_none,none,False,feet,stripes,W,C,Yes,feet,6.0,end,relevant
116,accommodate,accommodate_none,none,False,stripes,feet,E,F,Yes,feet,-4.0,end,irrelevant
264,accommodate,accommodate_none,none,False,stripes,feet,E,F,Yes,feet,5.0,end,irrelevant
46,accommodate,accommodate_none,none,False,stripes,feet,W,C,Yes,feet,2.0,end,irrelevant
112,accommodate,accommodate_none,none,False,stripes,feet,E,C,No,feet,0.0,end,irrelevant
21,accommodate,accommodate_none,none,False,feet,stripes,E,C,Yes,feet,6.0,end,relevant
81,accommodate,accommodate_causal,both,True,feet,stripes,W,C,Yes,feet,5.0,end,relevant
291,accommodate,accommodate_none,none,False,feet,stripes,W,F,Yes,feet,6.0,end,relevant
156,accommodate,accommodate_none,none,False,stripes,feet,E,C,No,feet,0.0,end,irrelevant
295,accommodate,accommodate_none,none,False,feet,stripes,W,F,Yes,feet,7.0,end,relevant
67,accommodate,accommodate_none,none,False,feet,stripes,E,F,Yes,feet,6.0,end,relevant
104,accommodate,accommodate_causal,feet,True,stripes,feet,E,C,Yes,feet,-4.0,end,irrelevant
37,accommodate,accommodate_none,none,False,feet,stripes,E,C,Yes,feet,6.0,end,relevant
186,accommodate,accommodate_none,none,False,stripes,feet,W,F,No,feet,0.0,end,irrelevant
165,accommodate,accommodate_none,none,False,feet,stripes,E,C,Yes,feet,6.0,end,relevant
204,accommodate,accommodate_none,none,False,stripes,feet,E,C,No,feet,0.0,end,irrelevant
32,accommodate,accommodate_causal,none,True,stripes,feet,E,C,Yes,feet,-1.0,end,irrelevant
93,accommodate,accommodate_none,none,False,feet,stripes,W,C,Yes,feet,7.0,end,relevant
153,accommodate,accommodate_none,none,False,feet,stripes,W,C,Yes,feet,5.0,end,relevant
71,accommodate,accommodate_none,none,False,feet,stripes,W,F,Yes,feet,5.0,end,relevant
207,accommodate,accommodate_causal,stripes,True,feet,stripes,E,F,No,feet,0.0,end,relevant
133,accommodate,accommodate_none,none,False,feet,stripes,E,C,Yes,feet,7.0,end,relevant
36,accommodate,accommodate_none,none,False,stripes,feet,E,F,No,feet,0.0,end,irrelevant
206,accommodate,accommodate_none,none,False,stripes,feet,W,F,Yes,feet,-5.0,end,irrelevant
169,accommodate,accommodate_causal,none,True,feet,stripes,E,C,Yes,feet,5.0,end,relevant
300,accommodate,accommodate_none,none,False,stripes,feet,E,F,Yes,feet,4.0,end,irrelevant
24,accommodate,accommodate_none,none,False,stripes,feet,E,C,Yes,feet,-5.0,end,irrelevant
250,accommodate,accommodate_none,none,False,stripes,feet,W,C,Yes,feet,-4.0,end,irrelevant
161,accommodate,accommodate_causal,both,True,feet,stripes,W,C,Yes,feet,7.0,end,relevant
109,accommodate,accommodate_none,none,False,feet,stripes,W,C,Yes,feet,6.0,end,relevant
152,accommodate,accommodate_none,none,False,stripes,feet,E,C,Yes,feet,-5.0,end,irrelevant
296,accommodate,accommodate_none,none,False,stripes,feet,E,F,Yes,feet,2.0,end,irrelevant
43,accommodate,accommodate_none,none,False,feet,stripes,E,F,Yes,feet,5.0,end,relevant
107,accommodate,accommodate_none,none,False,feet,stripes,W,F,Yes,feet,5.0,end,relevant
241,accommodate,accommodate_none,none,False,feet,stripes,E,C,Yes,feet,7.0,end,relevant
66,accommodate,accommodate_none,none,False,stripes,feet,W,C,Yes,feet,5.0,end,irrelevant
146,accommodate,accommodate_none,none,False,stripes,feet,W,F,No,feet,0.0,end,irrelevant
31,accommodate,accommodate_none,none,False,feet,stripes,E,F,Yes,feet,6.0,end,relevant
55,accommodate,accommodate_none,none,False,feet,stripes,W,F,Yes,feet,7.0,end,relevant
251,accommodate,accommodate_none,none,False,feet,stripes,E,F,No,feet,0.0,end,relevant
166,accommodate,accommodate_causal,stripes,True,stripes,feet,W,F,Yes,feet,3.0,end,irrelevant
99,accommodate,accommodate_none,none,False,feet,stripes,W,F,Yes,feet,6.0,end,relevant
44,accommodate,accommodate_none,none,False,stripes,feet,E,C,Yes,feet,3.0,end,irrelevant
118,accommodate,accommodate_none,none,False,stripes,feet,W,F,Yes,feet,3.0,end,irrelevant
216,accommodate,accommodate_none,none,False,stripes,feet,E,F,Yes,feet,3.0,end,irrelevant
183,accommodate,accommodate_none,none,False,feet,stripes,W,F,Yes,feet,-7.0,end,relevant
20,accommodate,accommodate_causal,none,True,stripes,feet,E,C,Yes,feet,6.0,end,irrelevant
282,accommodate,accommodate_none,none,False,stripes,feet,W,F,Yes,feet,2.0,end,irrelevant
239,accommodate,accommodate_causal,both,True,feet,stripes,E,F,Yes,feet,5.0,end,relevant
15,accommodate,accommodate_none,none,False,feet,stripes,E,F,No,feet,0.0,end,relevant
203,accommodate,accommodate_none,none,False,feet,stripes,W,F,No,feet,0.0,end,relevant
276,accommodate,accommodate_none,none,False,stripes,feet,E,F,Yes,feet,2.0,end,irrelevant
45,accommodate,accommodate_none,none,False,feet,stripes,E,C,Yes,feet,7.0,end,relevant
200,accommodate,accommodate_none,none,False,stripes,feet,E,F,Yes,feet,-6.0,end,irrelevant
225,accommodate,accommodate_causal,both,True,feet,stripes,W,C,No,feet,0.0,end,relevant
3,accommodate,accommodate_none,none,False,feet,stripes,W,F,Yes,feet,7.0,end,relevant
98,accommodate,accommodate_none,none,False,stripes,feet,W,C,No,feet,0.0,end,irrelevant
77,accommodate,accommodate_none,none,False,feet,stripes,W,C,Yes,feet,7.0,end,relevant
298,accommodate,accommodate_none,none,False,stripes,feet,W,C,No,feet,0.0,end,irrelevant
142,accommodate,accommodate_none,none,False,stripes,feet,W,C,Yes,feet,5.0,end,irrelevant
270,accommodate,accommodate_causal,both,True,stripes,feet,W,C,Yes,feet,6.0,end,irrelevant
292,accommodate,accommodate_none,none,False,stripes,feet,E,F,No,feet,0.0,end,irrelevant
192,accommodate,accommodate_causal,both,True,stripes,feet,E,F,Yes,feet,6.0,end,irrelevant
254,accommodate,accommodate_none,none,False,stripes,feet,W,C,Yes,feet,4.0,end,irrelevant
144,accommodate,accommodate_none,none,False,stripes,feet,E,F,Yes,feet,4.0,end,irrelevant
8,accommodate,accommodate_none,none,False,stripes,feet,E,F,Yes,feet,-6.0,end,irrelevant
167,accommodate,accommodate_none,none,False,feet,stripes,W,F,Yes,feet,6.0,end,relevant
28,accommodate,accommodate_none,none,False,stripes,feet,E,F,Yes,feet,7.0,end,irrelevant
154,accommodate,accommodate_none,none,False,stripes,feet,W,F,Yes,feet,3.0,end,irrelevant
282,predict,predict,,,stripes,feet,W,F,No,feet,0.0,end,irrelevant
74,predict,predict,,,stripes,feet,W,F,No,feet,0.0,end,irrelevant
211,predict,predict,,,feet,stripes,E,F,Yes,feet,7.0,end,relevant
94,predict,predict,,,stripes,feet,W,F,Yes,feet,3.0,end,irrelevant
289,predict,predict,,,feet,stripes,E,C,Yes,feet,6.0,end,relevant
270,predict,predict,,,stripes,feet,W,C,Yes,feet,-2.0,end,irrelevant
254,predict,predict,,,stripes,feet,W,C,Yes,feet,4.0,end,irrelevant
186,predict,predict,,,stripes,feet,W,F,Yes,feet,4.0,end,irrelevant
40,predict,predict,,,stripes,feet,E,F,Yes,feet,-5.0,end,irrelevant
266,predict,predict,,,stripes,feet,W,C,No,feet,0.0,end,irrelevant
132,predict,predict,,,stripes,feet,E,C,Yes,feet,5.0,end,irrelevant
245,predict,predict,,,feet,stripes,W,C,Yes,feet,7.0,end,relevant
62,predict,predict,,,stripes,feet,W,C,No,feet,0.0,end,irrelevant
101,predict,predict,,,feet,stripes,W,C,Yes,feet,7.0,end,relevant
256,predict,predict,,,stripes,feet,E,F,Yes,feet,5.0,end,irrelevant
173,predict,predict,,,feet,stripes,E,C,Yes,feet,2.0,end,relevant
201,predict,predict,,,feet,stripes,W,C,Yes,feet,6.0,end,relevant
233,predict,predict,,,feet,stripes,E,C,Yes,feet,7.0,end,relevant
283,predict,predict,,,feet,stripes,W,F,Yes,feet,4.0,end,relevant
24,predict,predict,,,stripes,feet,E,C,No,feet,0.0,end,irrelevant
135,predict,predict,,,feet,stripes,E,F,Yes,feet,6.0,end,relevant
91,predict,predict,,,feet,stripes,W,F,Yes,feet,6.0,end,relevant
295,predict,predict,,,feet,stripes,W,F,No,feet,0.0,end,relevant
257,predict,predict,,,feet,stripes,W,C,Yes,feet,7.0,end,relevant
102,predict,predict,,,stripes,feet,W,F,Yes,feet,-5.0,end,irrelevant
22,predict,predict,,,stripes,feet,W,F,Yes,feet,5.0,end,irrelevant
196,predict,predict,,,stripes,feet,E,F,Yes,feet,3.0,end,irrelevant
157,predict,predict,,,feet,stripes,W,C,Yes,feet,5.0,end,relevant
260,predict,predict,,,stripes,feet,E,C,No,feet,0.0,end,irrelevant
216,predict,predict,,,stripes,feet,E,F,No,feet,0.0,end,irrelevant
60,predict,predict,,,stripes,feet,E,C,No,feet,0.0,end,irrelevant
207,predict,predict,,,feet,stripes,E,F,Yes,feet,4.0,end,relevant
83,predict,predict,,,feet,stripes,E,F,Yes,feet,5.0,end,relevant
45,predict,predict,,,feet,stripes,E,C,Yes,feet,6.0,end,relevant
47,predict,predict,,,feet,stripes,E,F,Yes,feet,6.0,end,relevant
300,predict,predict,,,stripes,feet,E,F,Yes,feet,6.0,end,irrelevant
71,predict,predict,,,feet,stripes,W,F,Yes,feet,6.0,end,relevant
2,predict,predict,,,stripes,feet,W,C,No,feet,0.0,end,irrelevant
154,predict,predict,,,stripes,feet,W,F,Yes,feet,5.0,end,irrelevant
159,predict,predict,,,feet,stripes,E,F,No,feet,0.0,end,relevant
28,predict,predict,,,stripes,feet,E,F,Yes,feet,7.0,end,irrelevant
242,predict,predict,,,stripes,feet,W,C,Yes,feet,-2.0,end,irrelevant
248,predict,predict,,,stripes,feet,E,F,Yes,feet,-6.0,end,irrelevant
93,predict,predict,,,feet,stripes,W,C,Yes,feet,7.0,end,relevant
148,predict,predict,,,stripes,feet,E,C,Yes,feet,-4.0,end,irrelevant
70,predict,predict,,,stripes,feet,W,F,Yes,feet,4.0,end,irrelevant
126,predict,predict,,,stripes,feet,W,C,No,feet,0.0,end,irrelevant
195,predict,predict,,,feet,stripes,E,F,Yes,feet,6.0,end,relevant
46,predict,predict,,,stripes,feet,W,C,No,feet,0.0,end,irrelevant
33,predict,predict,,,feet,stripes,E,C,Yes,feet,7.0,end,relevant
49,predict,predict,,,feet,stripes,E,C,Yes,feet,-7.0,end,relevant
258,predict,predict,,,stripes,feet,W,F,Yes,feet,2.0,end,irrelevant
64,predict,predict,,,stripes,feet,E,F,Yes,feet,-5.0,end,irrelevant
68,predict,predict,,,stripes,feet,E,C,Yes,feet,-3.0,end,irrelevant
55,predict,predict,,,feet,stripes,W,F,Yes,feet,7.0,end,relevant
192,predict,predict,,,stripes,feet,E,F,Yes,feet,-5.0,end,irrelevant
278,predict,predict,,,stripes,feet,W,C,No,feet,0.0,end,irrelevant
156,predict,predict,,,stripes,feet,E,C,Yes,feet,4.0,end,irrelevant
253,predict,predict,,,feet,stripes,E,C,Yes,feet,-6.0,end,relevant
225,predict,predict,,,feet,stripes,W,C,Yes,feet,5.0,end,relevant
61,predict,predict,,,feet,stripes,W,C,Yes,feet,7.0,end,relevant
115,predict,predict,,,feet,stripes,E,F,Yes,feet,6.0,end,relevant
97,predict,predict,,,feet,stripes,E,C,Yes,feet,7.0,end,relevant
79,predict,predict,,,feet,stripes,W,F,Yes,feet,-4.0,end,relevant
198,predict,predict,,,stripes,feet,W,F,Yes,feet,7.0,end,irrelevant
147,predict,predict,,,feet,stripes,W,F,Yes,feet,-5.0,end,relevant
181,predict,predict,,,feet,stripes,W,C,Yes,feet,3.0,end,relevant
133,predict,predict,,,feet,stripes,E,C,Yes,feet,2.0,end,relevant
35,predict,predict,,,feet,stripes,E,F,Yes,feet,6.0,end,relevant
175,predict,predict,,,feet,stripes,E,F,Yes,feet,6.0,end,relevant
56,predict,predict,,,stripes,feet,E,C,Yes,feet,7.0,end,irrelevant
239,predict,predict,,,feet,stripes,E,F,Yes,feet,4.0,end,relevant
153,predict,predict,,,feet,stripes,W,C,Yes,feet,7.0,end,relevant
142,predict,predict,,,stripes,feet,W,C,No,feet,0.0,end,irrelevant
189,predict,predict,,,feet,stripes,W,C,No,feet,0.0,end,relevant
165,predict,predict,,,feet,stripes,E,C,Yes,feet,-5.0,end,relevant
63,predict,predict,,,feet,stripes,W,F,Yes,feet,6.0,end,relevant
158,predict,predict,,,stripes,feet,W,F,No,feet,0.0,end,irrelevant
136,predict,predict,,,stripes,feet,E,F,Yes,feet,-6.0,end,irrelevant
143,predict,predict,,,feet,stripes,E,F,Yes,feet,7.0,end,relevant
41,predict,predict,,,feet,stripes,E,C,Yes,feet,6.0,end,relevant
222,predict,predict,,,stripes,feet,W,C,Yes,feet,5.0,end,irrelevant
162,predict,predict,,,stripes,feet,W,C,No,feet,0.0,end,irrelevant
169,predict,predict,,,feet,stripes,E,C,Yes,feet,3.0,end,relevant
297,predict,predict,,,feet,stripes,W,C,Yes,feet,4.0,end,relevant
32,predict,predict,,,stripes,feet,E,C,Yes,feet,-3.0,end,irrelevant
212,predict,predict,,,stripes,feet,E,F,Yes,feet,5.0,end,irrelevant
262,predict,predict,,,stripes,feet,W,C,Yes,feet,5.0,end,irrelevant
23,predict,predict,,,feet,stripes,E,F,Yes,feet,6.0,end,relevant
264,predict,predict,,,stripes,feet,E,F,No,feet,0.0,end,irrelevant
238,predict,predict,,,stripes,feet,W,C,No,feet,0.0,end,irrelevant
267,predict,predict,,,feet,stripes,E,F,Yes,feet,6.0,end,relevant
34,predict,predict,,,stripes,feet,W,F,Yes,feet,6.0,end,irrelevant
164,predict,predict,,,stripes,feet,E,C,Yes,feet,-5.0,end,irrelevant
52,predict,predict,,,stripes,feet,E,C,No,feet,0.0,end,irrelevant
218,predict,predict,,,stripes,feet,W,F,No,feet,0.0,end,irrelevant
75,predict,predict,,,feet,stripes,W,F,Yes,feet,4.0,end,relevant
208,predict,predict,,,stripes,feet,E,C,Yes,feet,-6.0,end,irrelevant
27,predict,predict,,,feet,stripes,E,F,Yes,feet,-5.0,end,relevant
3,predict,predict,,,feet,stripes,W,F,Yes,feet,5.0,end,relevant
146,predict,predict,,,stripes,feet,W,F,Yes,feet,2.0,end,irrelevant
30,predict,predict,,,stripes,feet,W,F,Yes,feet,3.0,end,irrelevant
92,predict,predict,,,stripes,feet,E,C,Yes,feet,-3.0,end,irrelevant
220,predict,predict,,,stripes,feet,E,F,Yes,feet,4.0,end,irrelevant
172,predict,predict,,,stripes,feet,E,C,Yes,feet,-4.0,end,irrelevant
31,predict,predict,,,feet,stripes,E,F,Yes,feet,6.0,end,relevant
113,predict,predict,,,feet,stripes,E,C,Yes,feet,3.0,end,relevant
273,predict,predict,,,feet,stripes,W,C,Yes,feet,5.0,end,relevant
88,predict,predict,,,stripes,feet,E,C,Yes,feet,3.0,end,irrelevant
194,predict,predict,,,stripes,feet,W,F,Yes,feet,6.0,end,irrelevant
105,predict,predict,,,feet,stripes,E,C,Yes,feet,7.0,end,relevant
230,predict,predict,,,stripes,feet,W,F,Yes,feet,3.0,end,irrelevant
50,predict,predict,,,stripes,feet,W,C,No,feet,0.0,end,irrelevant
26,predict,predict,,,stripes,feet,W,C,No,feet,0.0,end,irrelevant
166,predict,predict,,,stripes,feet,W,F,Yes,feet,-2.0,end,irrelevant
145,predict,predict,,,feet,stripes,E,C,Yes,feet,5.0,end,relevant
206,predict,predict,,,stripes,feet,W,F,Yes,feet,5.0,end,irrelevant
13,predict,predict,,,feet,stripes,E,C,Yes,feet,7.0,end,relevant
116,predict,predict,,,stripes,feet,E,F,No,feet,0.0,end,irrelevant
251,predict,predict,,,feet,stripes,E,F,No,feet,0.0,end,relevant
100,predict,predict,,,stripes,feet,E,C,Yes,feet,-6.0,end,irrelevant
299,predict,predict,,,feet,stripes,E,F,Yes,feet,7.0,end,relevant
199,predict,predict,,,feet,stripes,E,F,Yes,feet,4.0,end,relevant
53,predict,predict,,,feet,stripes,W,C,No,feet,0.0,end,relevant
152,predict,predict,,,stripes,feet,E,C,Yes,feet,3.0,end,irrelevant
204,predict,predict,,,stripes,feet,E,C,Yes,feet,-5.0,end,irrelevant
185,predict,predict,,,feet,stripes,E,C,Yes,feet,4.0,end,relevant
15,predict,predict,,,feet,stripes,E,F,Yes,feet,7.0,end,relevant
174,predict,predict,,,stripes,feet,W,F,No,feet,0.0,end,irrelevant
163,predict,predict,,,feet,stripes,W,F,Yes,feet,6.0,end,relevant
122,predict,predict,,,stripes,feet,W,F,No,feet,0.0,end,irrelevant
250,predict,predict,,,stripes,feet,W,C,Yes,feet,-2.0,end,irrelevant
193,predict,predict,,,feet,stripes,E,C,Yes,feet,5.0,end,relevant
43,predict,predict,,,feet,stripes,E,F,Yes,feet,5.0,end,relevant
269,predict,predict,,,feet,stripes,W,C,Yes,feet,5.0,end,relevant
274,predict,predict,,,stripes,feet,W,F,Yes,feet,5.0,end,irrelevant
57,predict,predict,,,feet,stripes,W,C,Yes,feet,6.0,end,relevant
67,predict,predict,,,feet,stripes,E,F,Yes,feet,2.0,end,relevant
286,predict,predict,,,stripes,feet,W,F,No,feet,0.0,end,irrelevant
246,predict,predict,,,stripes,feet,W,C,Yes,feet,5.0,end,irrelevant
6,predict,predict,,,stripes,feet,W,F,Yes,feet,5.0,end,irrelevant
134,predict,predict,,,stripes,feet,W,C,Yes,feet,5.0,end,irrelevant
298,predict,predict,,,stripes,feet,W,C,Yes,feet,4.0,end,irrelevant
82,predict,predict,,,stripes,feet,W,C,Yes,feet,-2.0,end,irrelevant
276,predict,predict,,,stripes,feet,E,F,Yes,feet,2.0,end,irrelevant
228,predict,predict,,,stripes,feet,E,C,Yes,feet,2.0,end,irrelevant
229,predict,predict,,,feet,stripes,W,C,Yes,feet,6.0,end,relevant
291,predict,predict,,,feet,stripes,W,F,Yes,feet,5.0,end,relevant
219,predict,predict,,,feet,stripes,E,F,No,feet,0.0,end,relevant
125,predict,predict,,,feet,stripes,W,C,Yes,feet,7.0,end,relevant
77,predict,predict,,,feet,stripes,W,C,Yes,feet,5.0,end,relevant
81,predict,predict,,,feet,stripes,W,C,Yes,feet,7.0,end,relevant
44,predict,predict,,,stripes,feet,E,C,No,feet,0.0,end,irrelevant
87,predict,predict,,,feet,stripes,W,F,Yes,feet,7.0,end,relevant
292,predict,predict,,,stripes,feet,E,F,Yes,feet,2.0,end,irrelevant
144,predict,predict,,,stripes,feet,E,F,Yes,feet,-6.0,end,irrelevant
149,predict,predict,,,feet,stripes,W,C,Yes,feet,6.0,end,relevant
237,predict,predict,,,feet,stripes,W,C,Yes,feet,5.0,end,relevant
171,predict,predict,,,feet,stripes,E,F,Yes,feet,6.0,end,relevant
202,predict,predict,,,stripes,feet,W,C,No,feet,0.0,end,irrelevant
179,predict,predict,,,feet,stripes,W,F,No,feet,0.0,end,relevant
10,predict,predict,,,stripes,feet,W,C,Yes,feet,-5.0,end,irrelevant
261,predict,predict,,,feet,stripes,W,C,Yes,feet,6.0,end,relevant
66,predict,predict,,,stripes,feet,W,C,Yes,feet,5.0,end,irrelevant
139,predict,predict,,,feet,stripes,W,F,Yes,feet,6.0,end,relevant
215,predict,predict,,,feet,stripes,W,F,Yes,feet,5.0,end,relevant
1,predict,predict,,,feet,stripes,E,C,Yes,feet,4.0,end,relevant
84,predict,predict,,,stripes,feet,E,F,Yes,feet,5.0,end,irrelevant
231,predict,predict,,,feet,stripes,E,F,Yes,feet,5.0,end,relevant
244,predict,predict,,,stripes,feet,E,C,Yes,feet,-6.0,end,irrelevant
7,predict,predict,,,feet,stripes,W,F,Yes,feet,-4.0,end,relevant
243,predict,predict,,,feet,stripes,W,F,No,feet,0.0,end,relevant
14,predict,predict,,,stripes,feet,W,F,Yes,feet,4.0,end,irrelevant
255,predict,predict,,,feet,stripes,W,F,Yes,feet,7.0,end,relevant
137,predict,predict,,,feet,stripes,W,C,Yes,feet,-5.0,end,relevant
98,predict,predict,,,stripes,feet,W,C,Yes,feet,3.0,end,irrelevant
21,predict,predict,,,feet,stripes,E,C,Yes,feet,6.0,end,relevant
271,predict,predict,,,feet,stripes,E,F,Yes,feet,-5.0,end,relevant
183,predict,predict,,,feet,stripes,W,F,No,feet,0.0,end,relevant
280,predict,predict,,,stripes,feet,E,F,Yes,feet,6.0,end,irrelevant
118,predict,predict,,,stripes,feet,W,F,Yes,feet,3.0,end,irrelevant
155,predict,predict,,,feet,stripes,W,F,Yes,feet,6.0,end,relevant
287,predict,predict,,,feet,stripes,E,F,Yes,feet,6.0,end,relevant
54,predict,predict,,,stripes,feet,W,F,No,feet,0.0,end,irrelevant
65,predict,predict,,,feet,stripes,E,C,Yes,feet,3.0,end,relevant
203,predict,predict,,,feet,stripes,W,F,Yes,feet,4.0,end,relevant
59,predict,predict,,,feet,stripes,W,F,No,feet,0.0,end,relevant
103,predict,predict,,,feet,stripes,W,F,Yes,feet,7.0,end,relevant
85,predict,predict,,,feet,stripes,W,C,Yes,feet,5.0,end,relevant
131,predict,predict,,,feet,stripes,W,F,No,feet,0.0,end,relevant
170,predict,predict,,,stripes,feet,W,C,No,feet,0.0,end,irrelevant
12,predict,predict,,,stripes,feet,E,F,Yes,feet,5.0,end,irrelevant
281,predict,predict,,,feet,stripes,E,C,Yes,feet,6.0,end,relevant
227,predict,predict,,,feet,stripes,W,F,Yes,feet,7.0,end,relevant
268,predict,predict,,,stripes,feet,E,C,No,feet,0.0,end,irrelevant
296,predict,predict,,,stripes,feet,E,F,Yes,feet,2.0,end,irrelevant
294,predict,predict,,,stripes,feet,W,F,Yes,feet,7.0,end,irrelevant
37,predict,predict,,,feet,stripes,E,C,Yes,feet,-4.0,end,relevant
124,predict,predict,,,stripes,feet,E,F,No,feet,0.0,end,irrelevant
209,predict,predict,,,feet,stripes,W,C,Yes,feet,6.0,end,relevant
123,predict,predict,,,feet,stripes,E,F,Yes,feet,7.0,end,relevant
217,predict,predict,,,feet,stripes,W,C,Yes,feet,3.0,end,relevant
69,predict,predict,,,feet,stripes,E,C,Yes,feet,6.0,end,relevant
226,predict,predict,,,stripes,feet,W,C,Yes,feet,6.0,end,irrelevant
72,predict,predict,,,stripes,feet,E,F,Yes,feet,-3.0,end,irrelevant
129,predict,predict,,,feet,stripes,E,C,Yes,feet,6.0,end,relevant
48,predict,predict,,,stripes,feet,E,F,Yes,feet,3.0,end,irrelevant
190,predict,predict,,,stripes,feet,W,C,No,feet,0.0,end,irrelevant
236,predict,predict,,,stripes,feet,E,C,Yes,feet,6.0,end,irrelevant
178,predict,predict,,,stripes,feet,W,F,Yes,feet,6.0,end,irrelevant
16,predict,predict,,,stripes,feet,E,F,Yes,feet,-4.0,end,irrelevant
119,predict,predict,,,feet,stripes,E,F,Yes,feet,5.0,end,relevant
107,predict,predict,,,feet,stripes,W,F,Yes,feet,6.0,end,relevant
168,predict,predict,,,stripes,feet,E,C,Yes,feet,4.0,end,irrelevant
73,predict,predict,,,feet,stripes,E,C,Yes,feet,5.0,end,relevant
138,predict,predict,,,stripes,feet,W,C,Yes,feet,-2.0,end,irrelevant
214,predict,predict,,,stripes,feet,W,C,Yes,feet,6.0,end,irrelevant
151,predict,predict,,,feet,stripes,W,F,Yes,feet,7.0,end,relevant
99,predict,predict,,,feet,stripes,W,F,Yes,feet,7.0,end,relevant
187,predict,predict,,,feet,stripes,E,F,Yes,feet,6.0,end,relevant
128,predict,predict,,,stripes,feet,E,F,Yes,feet,7.0,end,irrelevant
58,predict,predict,,,stripes,feet,W,C,Yes,feet,4.0,end,irrelevant
224,predict,predict,,,stripes,feet,E,C,No,feet,0.0,end,irrelevant
140,predict,predict,,,stripes,feet,E,C,Yes,feet,3.0,end,irrelevant
232,predict,predict,,,stripes,feet,E,F,Yes,feet,6.0,end,irrelevant
9,predict,predict,,,feet,stripes,W,C,No,feet,0.0,end,relevant
4,predict,predict,,,stripes,feet,E,F,Yes,feet,6.0,end,irrelevant
191,predict,predict,,,feet,stripes,E,F,Yes,feet,6.0,end,relevant
80,predict,predict,,,stripes,feet,E,C,No,feet,0.0,end,irrelevant
252,predict,predict,,,stripes,feet,E,F,Yes,feet,-4.0,end,irrelevant
141,predict,predict,,,feet,stripes,W,C,Yes,feet,6.0,end,relevant
200,predict,predict,,,stripes,feet,E,F,Yes,feet,4.0,end,irrelevant
39,predict,predict,,,feet,stripes,W,F,Yes,feet,6.0,end,relevant
17,predict,predict,,,feet,stripes,E,C,Yes,feet,6.0,end,relevant
108,predict,predict,,,stripes,feet,E,C,No,feet,0.0,end,irrelevant
11,predict,predict,,,feet,stripes,W,F,Yes,feet,5.0,end,relevant
121,predict,predict,,,feet,stripes,W,C,Yes,feet,5.0,end,relevant
188,predict,predict,,,stripes,feet,E,F,Yes,feet,3.0,end,irrelevant
167,predict,predict,,,feet,stripes,W,F,Yes,feet,6.0,end,relevant
150,predict,predict,,,stripes,feet,W,C,Yes,feet,-5.0,end,irrelevant
184,predict,predict,,,stripes,feet,E,F,Yes,feet,-5.0,end,irrelevant
19,predict,predict,,,feet,stripes,E,F,Yes,feet,5.0,end,relevant
38,predict,predict,,,stripes,feet,W,C,No,feet,0.0,end,irrelevant
180,predict,predict,,,stripes,feet,E,F,Yes,feet,4.0,end,irrelevant
89,predict,predict,,,feet,stripes,W,C,Yes,feet,5.0,end,relevant
279,predict,predict,,,feet,stripes,E,F,Yes,feet,7.0,end,relevant
95,predict,predict,,,feet,stripes,W,F,Yes,feet,6.0,end,relevant
20,predict,predict,,,stripes,feet,E,C,Yes,feet,2.0,end,irrelevant
117,predict,predict,,,feet,stripes,W,C,Yes,feet,4.0,end,relevant
160,predict,predict,,,stripes,feet,E,F,Yes,feet,3.0,end,irrelevant
109,predict,predict,,,feet,stripes,W,C,Yes,feet,7.0,end,relevant
234,predict,predict,,,stripes,feet,W,C,Yes,feet,7.0,end,irrelevant
176,predict,predict,,,stripes,feet,E,F,Yes,feet,3.0,end,irrelevant
18,predict,predict,,,stripes,feet,W,F,Yes,feet,7.0,end,irrelevant
210,predict,predict,,,stripes,feet,W,C,No,feet,0.0,end,irrelevant
5,predict,predict,,,feet,stripes,W,C,Yes,feet,5.0,end,relevant
106,predict,predict,,,stripes,feet,W,C,Yes,feet,2.0,end,irrelevant
127,predict,predict,,,feet,stripes,W,F,Yes,feet,6.0,end,relevant
120,predict,predict,,,stripes,feet,E,F,Yes,feet,6.0,end,irrelevant
25,predict,predict,,,feet,stripes,W,C,Yes,feet,7.0,end,relevant
182,predict,predict,,,stripes,feet,W,F,No,feet,0.0,end,irrelevant
205,predict,predict,,,feet,stripes,E,C,Yes,feet,4.0,end,relevant
96,predict,predict,,,stripes,feet,E,C,Yes,feet,7.0,end,irrelevant
42,predict,predict,,,stripes,feet,W,C,No,feet,0.0,end,irrelevant
259,predict,predict,,,feet,stripes,E,F,Yes,feet,5.0,end,relevant
288,predict,predict,,,stripes,feet,E,F,No,feet,0.0,end,irrelevant
247,predict,predict,,,feet,stripes,E,F,Yes,feet,3.0,end,relevant
221,predict,predict,,,feet,stripes,W,C,Yes,feet,-4.0,end,relevant
130,predict,predict,,,stripes,feet,W,C,No,feet,0.0,end,irrelevant
241,predict,predict,,,feet,stripes,E,C,Yes,feet,7.0,end,relevant
249,predict,predict,,,feet,stripes,E,C,Yes,feet,5.0,end,relevant
277,predict,predict,,,feet,stripes,E,C,Yes,feet,6.0,end,relevant
111,predict,predict,,,feet,stripes,E,F,Yes,feet,5.0,end,relevant
8,predict,predict,,,stripes,feet,E,F,No,feet,0.0,end,irrelevant
290,predict,predict,,,stripes,feet,W,C,No,feet,0.0,end,irrelevant
213,predict,predict,,,feet,stripes,E,C,Yes,feet,5.0,end,relevant
223,predict,predict,,,feet,stripes,E,F,Yes,feet,6.0,end,relevant
36,predict,predict,,,stripes,feet,E,F,Yes,feet,5.0,end,irrelevant
112,predict,predict,,,stripes,feet,E,C,Yes,feet,-4.0,end,irrelevant
104,predict,predict,,,stripes,feet,E,C,Yes,feet,6.0,end,irrelevant
51,predict,predict,,,feet,stripes,E,F,Yes,feet,5.0,end,relevant
293,predict,predict,,,feet,stripes,E,C,Yes,feet,-5.0,end,relevant
90,predict,predict,,,stripes,feet,W,C,Yes,feet,6.0,end,irrelevant
114,predict,predict,,,stripes,feet,W,F,No,feet,0.0,end,irrelevant
110,predict,predict,,,stripes,feet,W,C,Yes,feet,5.0,end,irrelevant
29,predict,predict,,,feet,stripes,E,C,Yes,feet,5.0,end,relevant
285,predict,predict,,,feet,stripes,E,C,No,feet,0.0,end,relevant
161,predict,predict,,,feet,stripes,W,C,Yes,feet,2.0,end,relevant
235,predict,predict,,,feet,stripes,W,F,Yes,feet,-6.0,end,relevant
78,predict,predict,,,stripes,feet,W,C,Yes,feet,5.0,end,irrelevant
197,predict,predict,,,feet,stripes,W,C,Yes,feet,4.0,end,relevant
265,predict,predict,,,feet,stripes,E,C,Yes,feet,4.0,end,relevant
86,predict,predict,,,stripes,feet,W,F,No,feet,0.0,end,irrelevant
226,accommodate,accommodate_none,none,False,stripes,feet,W,C,No,stripes,0.0,end,relevant
210,accommodate,accommodate_none,none,False,stripes,feet,W,C,No,stripes,7.0,end,relevant
269,accommodate,accommodate_causal,both,True,feet,stripes,W,C,Yes,stripes,5.0,end,irrelevant
215,accommodate,accommodate_none,none,False,feet,stripes,W,F,Yes,stripes,0.0,end,irrelevant
83,accommodate,accommodate_none,none,False,feet,stripes,E,F,No,stripes,0.0,end,irrelevant
171,accommodate,accommodate_none,none,False,feet,stripes,E,F,Yes,stripes,4.0,end,irrelevant
157,accommodate,accommodate_causal,feet,True,feet,stripes,W,C,Yes,stripes,6.0,end,irrelevant
1,accommodate,accommodate_none,none,False,feet,stripes,E,C,Yes,stripes,4.0,end,irrelevant
122,accommodate,accommodate_none,none,False,stripes,feet,W,F,Yes,stripes,7.0,end,relevant
149,accommodate,accommodate_none,none,False,feet,stripes,W,C,Yes,stripes,0.0,end,irrelevant
262,accommodate,accommodate_none,none,False,stripes,feet,W,C,Yes,stripes,6.0,end,relevant
244,accommodate,accommodate_none,none,False,stripes,feet,E,C,No,stripes,7.0,end,relevant
175,accommodate,accommodate_causal,both,True,feet,stripes,E,F,Yes,stripes,3.0,end,irrelevant
208,accommodate,accommodate_none,none,False,stripes,feet,E,C,Yes,stripes,6.0,end,relevant
283,accommodate,accommodate_none,none,False,feet,stripes,W,F,Yes,stripes,4.0,end,irrelevant
143,accommodate,accommodate_none,none,False,feet,stripes,E,F,Yes,stripes,4.0,end,irrelevant
119,accommodate,accommodate_causal,feet,True,feet,stripes,E,F,Yes,stripes,-3.0,end,irrelevant
19,accommodate,accommodate_none,none,False,feet,stripes,E,F,Yes,stripes,4.0,end,irrelevant
170,accommodate,accommodate_none,none,False,stripes,feet,W,C,Yes,stripes,6.0,end,relevant
297,accommodate,accommodate_causal,both,True,feet,stripes,W,C,Yes,stripes,-5.0,end,irrelevant
285,accommodate,accommodate_none,none,False,feet,stripes,E,C,Yes,stripes,0.0,end,irrelevant
227,accommodate,accommodate_none,none,False,feet,stripes,W,F,Yes,stripes,-7.0,end,irrelevant
174,accommodate,accommodate_causal,both,True,stripes,feet,W,F,Yes,stripes,-5.0,end,relevant
89,accommodate,accommodate_causal,both,True,feet,stripes,W,C,Yes,stripes,0.0,end,irrelevant
287,accommodate,accommodate_none,none,False,feet,stripes,E,F,Yes,stripes,-6.0,end,irrelevant
6,accommodate,accommodate_none,none,False,stripes,feet,W,F,No,stripes,7.0,end,relevant
27,accommodate,accommodate_causal,feet,True,feet,stripes,E,F,Yes,stripes,0.0,end,irrelevant
124,accommodate,accommodate_none,none,False,stripes,feet,E,F,Yes,stripes,6.0,end,relevant
158,accommodate,accommodate_none,none,False,stripes,feet,W,F,Yes,stripes,6.0,end,relevant
150,accommodate,accommodate_none,none,False,stripes,feet,W,C,Yes,stripes,7.0,end,relevant
96,accommodate,accommodate_causal,both,True,stripes,feet,E,C,Yes,stripes,6.0,end,relevant
84,accommodate,accommodate_none,none,False,stripes,feet,E,F,Yes,stripes,3.0,end,relevant
179,accommodate,accommodate_none,none,False,feet,stripes,W,F,Yes,stripes,4.0,end,irrelevant
30,accommodate,accommodate_none,none,False,stripes,feet,W,F,Yes,stripes,6.0,end,relevant
151,accommodate,accommodate_none,none,False,feet,stripes,W,F,No,stripes,0.0,end,irrelevant
86,accommodate,accommodate_none,none,False,stripes,feet,W,F,Yes,stripes,6.0,end,relevant
69,accommodate,accommodate_none,none,False,feet,stripes,E,C,Yes,stripes,4.0,end,irrelevant
29,accommodate,accommodate_none,none,False,feet,stripes,E,C,Yes,stripes,0.0,end,irrelevant
16,accommodate,accommodate_none,none,False,stripes,feet,E,F,Yes,stripes,6.0,end,relevant
286,accommodate,accommodate_causal,stripes,True,stripes,feet,W,F,Yes,stripes,7.0,end,relevant
88,accommodate,accommodate_none,none,False,stripes,feet,E,C,No,stripes,6.0,end,relevant
75,accommodate,accommodate_none,none,False,feet,stripes,W,F,Yes,stripes,-3.0,end,irrelevant
242,accommodate,accommodate_none,none,False,stripes,feet,W,C,Yes,stripes,5.0,end,relevant
79,accommodate,accommodate_none,none,False,feet,stripes,W,F,Yes,stripes,-5.0,end,irrelevant
182,accommodate,accommodate_none,none,False,stripes,feet,W,F,Yes,stripes,4.0,end,relevant
117,accommodate,accommodate_none,none,False,feet,stripes,W,C,Yes,stripes,0.0,end,irrelevant
196,accommodate,accommodate_none,none,False,stripes,feet,E,F,Yes,stripes,6.0,end,relevant
193,accommodate,accommodate_none,none,False,feet,stripes,E,C,Yes,stripes,5.0,end,irrelevant
53,accommodate,accommodate_causal,feet,True,feet,stripes,W,C,Yes,stripes,0.0,end,irrelevant
34,accommodate,accommodate_none,none,False,stripes,feet,W,F,No,stripes,6.0,end,relevant
114,accommodate,accommodate_none,none,False,stripes,feet,W,F,No,stripes,0.0,end,relevant
103,accommodate,accommodate_none,none,False,feet,stripes,W,F,Yes,stripes,6.0,end,irrelevant
58,accommodate,accommodate_none,none,False,stripes,feet,W,C,No,stripes,6.0,end,relevant
228,accommodate,accommodate_none,none,False,stripes,feet,E,C,Yes,stripes,5.0,end,relevant
51,accommodate,accommodate_none,none,False,feet,stripes,E,F,Yes,stripes,5.0,end,irrelevant
130,accommodate,accommodate_none,none,False,stripes,feet,W,C,No,stripes,7.0,end,relevant
163,accommodate,accommodate_none,none,False,feet,stripes,W,F,Yes,stripes,5.0,end,irrelevant
236,accommodate,accommodate_none,none,False,stripes,feet,E,C,Yes,stripes,0.0,end,relevant
159,accommodate,accommodate_causal,feet,True,feet,stripes,E,F,Yes,stripes,0.0,end,irrelevant
202,accommodate,accommodate_none,none,False,stripes,feet,W,C,Yes,stripes,7.0,end,relevant
248,accommodate,accommodate_none,none,False,stripes,feet,E,F,No,stripes,7.0,end,relevant
132,accommodate,accommodate_none,none,False,stripes,feet,E,C,Yes,stripes,6.0,end,relevant
11,accommodate,accommodate_none,none,False,feet,stripes,W,F,Yes,stripes,4.0,end,irrelevant
190,accommodate,accommodate_none,none,False,stripes,feet,W,C,Yes,stripes,6.0,end,relevant
80,accommodate,accommodate_none,none,False,stripes,feet,E,C,Yes,stripes,7.0,end,relevant
223,accommodate,accommodate_causal,stripes,True,feet,stripes,E,F,Yes,stripes,2.0,end,irrelevant
13,accommodate,accommodate_none,none,False,feet,stripes,E,C,Yes,stripes,6.0,end,irrelevant
111,accommodate,accommodate_none,none,False,feet,stripes,E,F,Yes,stripes,-3.0,end,irrelevant
219,accommodate,accommodate_none,none,False,feet,stripes,E,F,Yes,stripes,3.0,end,irrelevant
201,accommodate,accommodate_causal,both,True,feet,stripes,W,C,Yes,stripes,-4.0,end,irrelevant
5,accommodate,accommodate_none,none,False,feet,stripes,W,C,Yes,stripes,0.0,end,irrelevant
255,accommodate,accommodate_causal,stripes,True,feet,stripes,W,F,Yes,stripes,-5.0,end,irrelevant
181,accommodate,accommodate_none,none,False,feet,stripes,W,C,Yes,stripes,5.0,end,irrelevant
125,accommodate,accommodate_none,none,False,feet,stripes,W,C,Yes,stripes,5.0,end,irrelevant
162,accommodate,accommodate_none,none,False,stripes,feet,W,C,Yes,stripes,4.0,end,relevant
198,accommodate,accommodate_none,none,False,stripes,feet,W,F,No,stripes,4.0,end,relevant
293,accommodate,accommodate_none,none,False,feet,stripes,E,C,Yes,stripes,6.0,end,irrelevant
9,accommodate,accommodate_none,none,False,feet,stripes,W,C,Yes,stripes,4.0,end,irrelevant
176,accommodate,accommodate_none,none,False,stripes,feet,E,F,Yes,stripes,6.0,end,relevant
85,accommodate,accommodate_causal,feet,True,feet,stripes,W,C,Yes,stripes,1.0,end,irrelevant
139,accommodate,accommodate_none,none,False,feet,stripes,W,F,Yes,stripes,6.0,end,irrelevant
271,accommodate,accommodate_none,none,False,feet,stripes,E,F,Yes,stripes,6.0,end,irrelevant
4,accommodate,accommodate_none,none,False,stripes,feet,E,F,Yes,stripes,6.0,end,relevant
231,accommodate,accommodate_none,none,False,feet,stripes,E,F,Yes,stripes,-2.0,end,irrelevant
224,accommodate,accommodate_none,none,False,stripes,feet,E,C,Yes,stripes,6.0,end,relevant
87,accommodate,accommodate_none,none,False,feet,stripes,W,F,Yes,stripes,-4.0,end,irrelevant
189,accommodate,accommodate_none,none,False,feet,stripes,W,C,Yes,stripes,0.0,end,irrelevant
135,accommodate,accommodate_none,none,False,feet,stripes,E,F,Yes,stripes,0.0,end,irrelevant
70,accommodate,accommodate_causal,both,True,stripes,feet,W,F,Yes,stripes,0.0,end,relevant
115,accommodate,accommodate_none,none,False,feet,stripes,E,F,Yes,stripes,-4.0,end,irrelevant
197,accommodate,accommodate_none,none,False,feet,stripes,W,C,Yes,stripes,3.0,end,irrelevant
209,accommodate,accommodate_causal,both,True,feet,stripes,W,C,Yes,stripes,-5.0,end,irrelevant
191,accommodate,accommodate_none,none,False,feet,stripes,E,F,Yes,stripes,4.0,end,irrelevant
50,accommodate,accommodate_none,none,False,stripes,feet,W,C,Yes,stripes,6.0,end,relevant
91,accommodate,accommodate_none,none,False,feet,stripes,W,F,Yes,stripes,4.0,end,irrelevant
61,accommodate,accommodate_none,none,False,feet,stripes,W,C,Yes,stripes,-3.0,end,irrelevant
164,accommodate,accommodate_none,none,False,stripes,feet,E,C,No,stripes,6.0,end,relevant
48,accommodate,accommodate_none,none,False,stripes,feet,E,F,Yes,stripes,5.0,end,relevant
106,accommodate,accommodate_none,none,False,stripes,feet,W,C,Yes,stripes,5.0,end,relevant
148,accommodate,accommodate_none,none,False,stripes,feet,E,C,No,stripes,6.0,end,relevant
136,accommodate,accommodate_none,none,False,stripes,feet,E,F,Yes,stripes,5.0,end,relevant
94,accommodate,accommodate_none,none,False,stripes,feet,W,F,Yes,stripes,7.0,end,relevant
222,accommodate,accommodate_none,none,False,stripes,feet,W,C,No,stripes,0.0,end,relevant
14,accommodate,accommodate_none,none,False,stripes,feet,W,F,No,stripes,7.0,end,relevant
97,accommodate,accommodate_none,none,False,feet,stripes,E,C,Yes,stripes,4.0,end,irrelevant
281,accommodate,accommodate_none,none,False,feet,stripes,E,C,No,stripes,6.0,end,irrelevant
62,accommodate,accommodate_none,none,False,stripes,feet,W,C,Yes,stripes,7.0,end,relevant
258,accommodate,accommodate_none,none,False,stripes,feet,W,F,Yes,stripes,6.0,end,relevant
257,accommodate,accommodate_none,none,False,feet,stripes,W,C,Yes,stripes,-5.0,end,irrelevant
17,accommodate,accommodate_none,none,False,feet,stripes,E,C,Yes,stripes,3.0,end,irrelevant
212,accommodate,accommodate_none,none,False,stripes,feet,E,F,Yes,stripes,7.0,end,relevant
294,accommodate,accommodate_none,none,False,stripes,feet,W,F,Yes,stripes,6.0,end,relevant
168,accommodate,accommodate_causal,both,True,stripes,feet,E,C,Yes,stripes,3.0,end,relevant
194,accommodate,accommodate_none,none,False,stripes,feet,W,F,Yes,stripes,6.0,end,relevant
185,accommodate,accommodate_none,none,False,feet,stripes,E,C,Yes,stripes,4.0,end,irrelevant
288,accommodate,accommodate_none,none,False,stripes,feet,E,F,No,stripes,0.0,end,relevant
121,accommodate,accommodate_causal,both,True,feet,stripes,W,C,Yes,stripes,5.0,end,irrelevant
78,accommodate,accommodate_none,none,False,stripes,feet,W,C,Yes,stripes,6.0,end,relevant
57,accommodate,accommodate_none,none,False,feet,stripes,W,C,Yes,stripes,5.0,end,irrelevant
259,accommodate,accommodate_none,none,False,feet,stripes,E,F,Yes,stripes,0.0,end,irrelevant
120,accommodate,accommodate_none,none,False,stripes,feet,E,F,Yes,stripes,7.0,end,relevant
90,accommodate,accommodate_none,none,False,stripes,feet,W,C,No,stripes,-7.0,end,relevant
180,accommodate,accommodate_none,none,False,stripes,feet,E,F,No,stripes,7.0,end,relevant
22,accommodate,accommodate_none,none,False,stripes,feet,W,F,Yes,stripes,6.0,end,relevant
145,accommodate,accommodate_none,none,False,feet,stripes,E,C,Yes,stripes,5.0,end,irrelevant
123,accommodate,accommodate_none,none,False,feet,stripes,E,F,Yes,stripes,6.0,end,irrelevant
220,accommodate,accommodate_none,none,False,stripes,feet,E,F,No,stripes,0.0,end,relevant
40,accommodate,accommodate_none,none,False,stripes,feet,E,F,No,stripes,6.0,end,relevant
82,accommodate,accommodate_none,none,False,stripes,feet,W,C,Yes,stripes,-5.0,end,relevant
54,accommodate,accommodate_none,none,False,stripes,feet,W,F,Yes,stripes,7.0,end,relevant
155,accommodate,accommodate_none,none,False,feet,stripes,W,F,Yes,stripes,5.0,end,irrelevant
105,accommodate,accommodate_none,none,False,feet,stripes,E,C,Yes,stripes,-5.0,end,irrelevant
237,accommodate,accommodate_causal,both,True,feet,stripes,W,C,Yes,stripes,5.0,end,irrelevant
173,accommodate,accommodate_none,none,False,feet,stripes,E,C,Yes,stripes,3.0,end,irrelevant
25,accommodate,accommodate_none,none,False,feet,stripes,W,C,Yes,stripes,7.0,end,irrelevant
299,accommodate,accommodate_causal,both,True,feet,stripes,E,F,Yes,stripes,0.0,end,irrelevant
108,accommodate,accommodate_none,none,False,stripes,feet,E,C,Yes,stripes,6.0,end,relevant
245,accommodate,accommodate_none,none,False,feet,stripes,W,C,Yes,stripes,6.0,end,irrelevant
247,accommodate,accommodate_none,none,False,feet,stripes,E,F,Yes,stripes,3.0,end,irrelevant
72,accommodate,accommodate_none,none,False,stripes,feet,E,F,Yes,stripes,7.0,end,relevant
266,accommodate,accommodate_none,none,False,stripes,feet,W,C,No,stripes,7.0,end,relevant
243,accommodate,accommodate_none,none,False,feet,stripes,W,F,Yes,stripes,6.0,end,irrelevant
249,accommodate,accommodate_none,none,False,feet,stripes,E,C,No,stripes,0.0,end,irrelevant
63,accommodate,accommodate_causal,both,True,feet,stripes,W,F,Yes,stripes,6.0,end,irrelevant
38,accommodate,accommodate_none,none,False,stripes,feet,W,C,Yes,stripes,6.0,end,relevant
60,accommodate,accommodate_none,none,False,stripes,feet,E,C,Yes,stripes,5.0,end,relevant
256,accommodate,accommodate_none,none,False,stripes,feet,E,F,Yes,stripes,4.0,end,relevant
184,accommodate,accommodate_none,none,False,stripes,feet,E,F,Yes,stripes,6.0,end,relevant
23,accommodate,accommodate_none,none,False,feet,stripes,E,F,Yes,stripes,0.0,end,irrelevant
277,accommodate,accommodate_none,none,False,feet,stripes,E,C,Yes,stripes,0.0,end,irrelevant
141,accommodate,accommodate_none,none,False,feet,stripes,W,C,Yes,stripes,1.0,end,irrelevant
33,accommodate,accommodate_causal,both,True,feet,stripes,E,C,Yes,stripes,3.0,end,irrelevant
213,accommodate,accommodate_none,none,False,feet,stripes,E,C,Yes,stripes,7.0,end,irrelevant
233,accommodate,accommodate_none,none,False,feet,stripes,E,C,Yes,stripes,3.0,end,irrelevant
12,accommodate,accommodate_none,none,False,stripes,feet,E,F,Yes,stripes,6.0,end,relevant
41,accommodate,accommodate_none,none,False,feet,stripes,E,C,No,stripes,7.0,end,irrelevant
126,accommodate,accommodate_none,none,False,stripes,feet,W,C,Yes,stripes,-6.0,end,relevant
39,accommodate,accommodate_none,none,False,feet,stripes,W,F,Yes,stripes,0.0,end,irrelevant
137,accommodate,accommodate_causal,both,True,feet,stripes,W,C,Yes,stripes,4.0,end,irrelevant
73,accommodate,accommodate_none,none,False,feet,stripes,E,C,Yes,stripes,0.0,end,irrelevant
246,accommodate,accommodate_none,none,False,stripes,feet,W,C,Yes,stripes,5.0,end,relevant
274,accommodate,accommodate_none,none,False,stripes,feet,W,F,Yes,stripes,7.0,end,relevant
113,accommodate,accommodate_causal,feet,True,feet,stripes,E,C,Yes,stripes,4.0,end,irrelevant
172,accommodate,accommodate_none,none,False,stripes,feet,E,C,No,stripes,6.0,end,relevant
147,accommodate,accommodate_causal,both,True,feet,stripes,W,F,Yes,stripes,-6.0,end,irrelevant
18,accommodate,accommodate_none,none,False,stripes,feet,W,F,Yes,stripes,6.0,end,relevant
134,accommodate,accommodate_none,none,False,stripes,feet,W,C,Yes,stripes,5.0,end,relevant
129,accommodate,accommodate_none,none,False,feet,stripes,E,C,Yes,stripes,4.0,end,irrelevant
7,accommodate,accommodate_none,none,False,feet,stripes,W,F,Yes,stripes,5.0,end,irrelevant
26,accommodate,accommodate_causal,feet,True,stripes,feet,W,C,Yes,stripes,7.0,end,relevant
235,accommodate,accommodate_none,none,False,feet,stripes,W,F,Yes,stripes,6.0,end,irrelevant
49,accommodate,accommodate_none,none,False,feet,stripes,E,C,Yes,stripes,5.0,end,irrelevant
261,accommodate,accommodate_none,none,False,feet,stripes,W,C,Yes,stripes,0.0,end,irrelevant
205,accommodate,accommodate_causal,both,True,feet,stripes,E,C,Yes,stripes,-5.0,end,irrelevant
56,accommodate,accommodate_none,none,False,stripes,feet,E,C,Yes,stripes,6.0,end,relevant
42,accommodate,accommodate_none,none,False,stripes,feet,W,C,No,stripes,0.0,end,relevant
2,accommodate,accommodate_none,none,False,stripes,feet,W,C,Yes,stripes,6.0,end,relevant
252,accommodate,accommodate_none,none,False,stripes,feet,E,F,Yes,stripes,5.0,end,relevant
290,accommodate,accommodate_none,none,False,stripes,feet,W,C,Yes,stripes,6.0,end,relevant
260,accommodate,accommodate_none,none,False,stripes,feet,E,C,Yes,stripes,5.0,end,relevant
230,accommodate,accommodate_none,none,False,stripes,feet,W,F,Yes,stripes,-7.0,end,relevant
187,accommodate,accommodate_none,none,False,feet,stripes,E,F,Yes,stripes,6.0,end,irrelevant
188,accommodate,accommodate_none,none,False,stripes,feet,E,F,Yes,stripes,5.0,end,relevant
232,accommodate,accommodate_none,none,False,stripes,feet,E,F,Yes,stripes,6.0,end,relevant
92,accommodate,accommodate_none,none,False,stripes,feet,E,C,Yes,stripes,6.0,end,relevant
214,accommodate,accommodate_none,none,False,stripes,feet,W,C,Yes,stripes,6.0,end,relevant
138,accommodate,accommodate_none,none,False,stripes,feet,W,C,Yes,stripes,0.0,end,relevant
217,accommodate,accommodate_none,none,False,feet,stripes,W,C,No,stripes,0.0,end,irrelevant
64,accommodate,accommodate_causal,both,True,stripes,feet,E,F,Yes,stripes,-1.0,end,relevant
211,accommodate,accommodate_none,none,False,feet,stripes,E,F,Yes,stripes,0.0,end,irrelevant
221,accommodate,accommodate_none,none,False,feet,stripes,W,C,Yes,stripes,-3.0,end,irrelevant
47,accommodate,accommodate_none,none,False,feet,stripes,E,F,Yes,stripes,6.0,end,irrelevant
218,accommodate,accommodate_none,none,False,stripes,feet,W,F,No,stripes,7.0,end,relevant
273,accommodate,accommodate_none,none,False,feet,stripes,W,C,Yes,stripes,-2.0,end,irrelevant
278,accommodate,accommodate_none,none,False,stripes,feet,W,C,No,stripes,7.0,end,relevant
267,accommodate,accommodate_none,none,False,feet,stripes,E,F,No,stripes,0.0,end,irrelevant
160,accommodate,accommodate_causal,both,True,stripes,feet,E,F,Yes,stripes,5.0,end,relevant
74,accommodate,accommodate_none,none,False,stripes,feet,W,F,Yes,stripes,7.0,end,relevant
195,accommodate,accommodate_none,none,False,feet,stripes,E,F,Yes,stripes,5.0,end,irrelevant
128,accommodate,accommodate_none,none,False,stripes,feet,E,F,No,stripes,6.0,end,relevant
110,accommodate,accommodate_none,none,False,stripes,feet,W,C,Yes,stripes,-5.0,end,relevant
102,accommodate,accommodate_causal,both,True,stripes,feet,W,F,Yes,stripes,6.0,end,relevant
100,accommodate,accommodate_none,none,False,stripes,feet,E,C,No,stripes,0.0,end,relevant
199,accommodate,accommodate_none,none,False,feet,stripes,E,F,Yes,stripes,0.0,end,irrelevant
131,accommodate,accommodate_none,none,False,feet,stripes,W,F,Yes,stripes,-5.0,end,irrelevant
140,accommodate,accommodate_causal,both,True,stripes,feet,E,C,No,stripes,6.0,end,relevant
127,accommodate,accommodate_none,none,False,feet,stripes,W,F,Yes,stripes,4.0,end,irrelevant
280,accommodate,accommodate_none,none,False,stripes,feet,E,F,Yes,stripes,7.0,end,relevant
265,accommodate,accommodate_none,none,False,feet,stripes,E,C,No,stripes,0.0,end,irrelevant
279,accommodate,accommodate_none,none,False,feet,stripes,E,F,Yes,stripes,0.0,end,irrelevant
238,accommodate,accommodate_none,none,False,stripes,feet,W,C,Yes,stripes,6.0,end,relevant
178,accommodate,accommodate_none,none,False,stripes,feet,W,F,Yes,stripes,7.0,end,relevant
35,accommodate,accommodate_causal,both,True,feet,stripes,E,F,Yes,stripes,-4.0,end,irrelevant
52,accommodate,accommodate_none,none,False,stripes,feet,E,C,Yes,stripes,7.0,end,relevant
229,accommodate,accommodate_none,none,False,feet,stripes,W,C,Yes,stripes,0.0,end,irrelevant
10,accommodate,accommodate_none,none,False,stripes,feet,W,C,No,stripes,5.0,end,relevant
65,accommodate,accommodate_none,none,False,feet,stripes,E,C,Yes,stripes,4.0,end,irrelevant
289,accommodate,accommodate_none,none,False,feet,stripes,E,C,Yes,stripes,0.0,end,irrelevant
253,accommodate,accommodate_none,none,False,feet,stripes,E,C,Yes,stripes,6.0,end,irrelevant
59,accommodate,accommodate_none,none,False,feet,stripes,W,F,Yes,stripes,-5.0,end,irrelevant
68,accommodate,accommodate_none,none,False,stripes,feet,E,C,No,stripes,6.0,end,relevant
95,accommodate,accommodate_none,none,False,feet,stripes,W,F,Yes,stripes,0.0,end,irrelevant
268,accommodate,accommodate_none,none,False,stripes,feet,E,C,Yes,stripes,-6.0,end,relevant
234,accommodate,accommodate_none,none,False,stripes,feet,W,C,Yes,stripes,-7.0,end,relevant
101,accommodate,accommodate_none,none,False,feet,stripes,W,C,Yes,stripes,0.0,end,irrelevant
116,accommodate,accommodate_none,none,False,stripes,feet,E,F,Yes,stripes,6.0,end,relevant
264,accommodate,accommodate_none,none,False,stripes,feet,E,F,Yes,stripes,3.0,end,relevant
46,accommodate,accommodate_none,none,False,stripes,feet,W,C,Yes,stripes,6.0,end,relevant
112,accommodate,accommodate_none,none,False,stripes,feet,E,C,No,stripes,6.0,end,relevant
21,accommodate,accommodate_none,none,False,feet,stripes,E,C,Yes,stripes,-3.0,end,irrelevant
81,accommodate,accommodate_causal,both,True,feet,stripes,W,C,Yes,stripes,5.0,end,irrelevant
291,accommodate,accommodate_none,none,False,feet,stripes,W,F,Yes,stripes,3.0,end,irrelevant
156,accommodate,accommodate_none,none,False,stripes,feet,E,C,No,stripes,6.0,end,relevant
295,accommodate,accommodate_none,none,False,feet,stripes,W,F,Yes,stripes,6.0,end,irrelevant
67,accommodate,accommodate_none,none,False,feet,stripes,E,F,Yes,stripes,-6.0,end,irrelevant
104,accommodate,accommodate_causal,feet,True,stripes,feet,E,C,Yes,stripes,0.0,end,relevant
37,accommodate,accommodate_none,none,False,feet,stripes,E,C,Yes,stripes,5.0,end,irrelevant
186,accommodate,accommodate_none,none,False,stripes,feet,W,F,No,stripes,7.0,end,relevant
165,accommodate,accommodate_none,none,False,feet,stripes,E,C,Yes,stripes,4.0,end,irrelevant
204,accommodate,accommodate_none,none,False,stripes,feet,E,C,No,stripes,5.0,end,relevant
32,accommodate,accommodate_causal,none,True,stripes,feet,E,C,Yes,stripes,7.0,end,relevant
93,accommodate,accommodate_none,none,False,feet,stripes,W,C,Yes,stripes,0.0,end,irrelevant
153,accommodate,accommodate_none,none,False,feet,stripes,W,C,Yes,stripes,0.0,end,irrelevant
71,accommodate,accommodate_none,none,False,feet,stripes,W,F,Yes,stripes,5.0,end,irrelevant
207,accommodate,accommodate_causal,stripes,True,feet,stripes,E,F,No,stripes,0.0,end,irrelevant
133,accommodate,accommodate_none,none,False,feet,stripes,E,C,Yes,stripes,2.0,end,irrelevant
36,accommodate,accommodate_none,none,False,stripes,feet,E,F,No,stripes,0.0,end,relevant
206,accommodate,accommodate_none,none,False,stripes,feet,W,F,Yes,stripes,5.0,end,relevant
169,accommodate,accommodate_causal,none,True,feet,stripes,E,C,Yes,stripes,4.0,end,irrelevant
300,accommodate,accommodate_none,none,False,stripes,feet,E,F,Yes,stripes,6.0,end,relevant
24,accommodate,accommodate_none,none,False,stripes,feet,E,C,Yes,stripes,5.0,end,relevant
250,accommodate,accommodate_none,none,False,stripes,feet,W,C,Yes,stripes,4.0,end,relevant
161,accommodate,accommodate_causal,both,True,feet,stripes,W,C,Yes,stripes,3.0,end,irrelevant
109,accommodate,accommodate_none,none,False,feet,stripes,W,C,Yes,stripes,4.0,end,irrelevant
152,accommodate,accommodate_none,none,False,stripes,feet,E,C,Yes,stripes,0.0,end,relevant
296,accommodate,accommodate_none,none,False,stripes,feet,E,F,Yes,stripes,-5.0,end,relevant
43,accommodate,accommodate_none,none,False,feet,stripes,E,F,Yes,stripes,0.0,end,irrelevant
107,accommodate,accommodate_none,none,False,feet,stripes,W,F,Yes,stripes,0.0,end,irrelevant
241,accommodate,accommodate_none,none,False,feet,stripes,E,C,Yes,stripes,0.0,end,irrelevant
66,accommodate,accommodate_none,none,False,stripes,feet,W,C,Yes,stripes,6.0,end,relevant
146,accommodate,accommodate_none,none,False,stripes,feet,W,F,No,stripes,7.0,end,relevant
31,accommodate,accommodate_none,none,False,feet,stripes,E,F,Yes,stripes,5.0,end,irrelevant
55,accommodate,accommodate_none,none,False,feet,stripes,W,F,Yes,stripes,0.0,end,irrelevant
251,accommodate,accommodate_none,none,False,feet,stripes,E,F,No,stripes,7.0,end,irrelevant
166,accommodate,accommodate_causal,stripes,True,stripes,feet,W,F,Yes,stripes,6.0,end,relevant
99,accommodate,accommodate_none,none,False,feet,stripes,W,F,Yes,stripes,3.0,end,irrelevant
44,accommodate,accommodate_none,none,False,stripes,feet,E,C,Yes,stripes,6.0,end,relevant
118,accommodate,accommodate_none,none,False,stripes,feet,W,F,Yes,stripes,6.0,end,relevant
216,accommodate,accommodate_none,none,False,stripes,feet,E,F,Yes,stripes,7.0,end,relevant
183,accommodate,accommodate_none,none,False,feet,stripes,W,F,Yes,stripes,0.0,end,irrelevant
20,accommodate,accommodate_causal,none,True,stripes,feet,E,C,Yes,stripes,5.0,end,relevant
282,accommodate,accommodate_none,none,False,stripes,feet,W,F,Yes,stripes,-7.0,end,relevant
239,accommodate,accommodate_causal,both,True,feet,stripes,E,F,Yes,stripes,0.0,end,irrelevant
15,accommodate,accommodate_none,none,False,feet,stripes,E,F,No,stripes,0.0,end,irrelevant
203,accommodate,accommodate_none,none,False,feet,stripes,W,F,No,stripes,0.0,end,irrelevant
276,accommodate,accommodate_none,none,False,stripes,feet,E,F,Yes,stripes,6.0,end,relevant
45,accommodate,accommodate_none,none,False,feet,stripes,E,C,Yes,stripes,2.0,end,irrelevant
200,accommodate,accommodate_none,none,False,stripes,feet,E,F,Yes,stripes,5.0,end,relevant
225,accommodate,accommodate_causal,both,True,feet,stripes,W,C,No,stripes,0.0,end,irrelevant
3,accommodate,accommodate_none,none,False,feet,stripes,W,F,Yes,stripes,-4.0,end,irrelevant
98,accommodate,accommodate_none,none,False,stripes,feet,W,C,No,stripes,0.0,end,relevant
77,accommodate,accommodate_none,none,False,feet,stripes,W,C,Yes,stripes,0.0,end,irrelevant
298,accommodate,accommodate_none,none,False,stripes,feet,W,C,No,stripes,-7.0,end,relevant
142,accommodate,accommodate_none,none,False,stripes,feet,W,C,Yes,stripes,6.0,end,relevant
270,accommodate,accommodate_causal,both,True,stripes,feet,W,C,Yes,stripes,5.0,end,relevant
292,accommodate,accommodate_none,none,False,stripes,feet,E,F,No,stripes,6.0,end,relevant
192,accommodate,accommodate_causal,both,True,stripes,feet,E,F,Yes,stripes,5.0,end,relevant
254,accommodate,accommodate_none,none,False,stripes,feet,W,C,Yes,stripes,3.0,end,relevant
144,accommodate,accommodate_none,none,False,stripes,feet,E,F,Yes,stripes,5.0,end,relevant
8,accommodate,accommodate_none,none,False,stripes,feet,E,F,Yes,stripes,3.0,end,relevant
167,accommodate,accommodate_none,none,False,feet,stripes,W,F,Yes,stripes,5.0,end,irrelevant
28,accommodate,accommodate_none,none,False,stripes,feet,E,F,Yes,stripes,-6.0,end,relevant
154,accommodate,accommodate_none,none,False,stripes,feet,W,F,Yes,stripes,0.0,end,relevant
282,predict,predict,,,stripes,feet,W,F,No,stripes,6.0,end,relevant
74,predict,predict,,,stripes,feet,W,F,No,stripes,4.0,end,relevant
211,predict,predict,,,feet,stripes,E,F,Yes,stripes,-6.0,end,irrelevant
94,predict,predict,,,stripes,feet,W,F,Yes,stripes,5.0,end,relevant
289,predict,predict,,,feet,stripes,E,C,Yes,stripes,6.0,end,irrelevant
270,predict,predict,,,stripes,feet,W,C,Yes,stripes,6.0,end,relevant
254,predict,predict,,,stripes,feet,W,C,Yes,stripes,-4.0,end,relevant
186,predict,predict,,,stripes,feet,W,F,Yes,stripes,-6.0,end,relevant
40,predict,predict,,,stripes,feet,E,F,Yes,stripes,6.0,end,relevant
266,predict,predict,,,stripes,feet,W,C,No,stripes,5.0,end,relevant
132,predict,predict,,,stripes,feet,E,C,Yes,stripes,4.0,end,relevant
245,predict,predict,,,feet,stripes,W,C,Yes,stripes,-2.0,end,irrelevant
62,predict,predict,,,stripes,feet,W,C,No,stripes,0.0,end,relevant
101,predict,predict,,,feet,stripes,W,C,Yes,stripes,0.0,end,irrelevant
256,predict,predict,,,stripes,feet,E,F,Yes,stripes,5.0,end,relevant
173,predict,predict,,,feet,stripes,E,C,Yes,stripes,3.0,end,irrelevant
201,predict,predict,,,feet,stripes,W,C,Yes,stripes,0.0,end,irrelevant
233,predict,predict,,,feet,stripes,E,C,Yes,stripes,7.0,end,irrelevant
283,predict,predict,,,feet,stripes,W,F,Yes,stripes,-4.0,end,irrelevant
24,predict,predict,,,stripes,feet,E,C,No,stripes,6.0,end,relevant
135,predict,predict,,,feet,stripes,E,F,Yes,stripes,1.0,end,irrelevant
91,predict,predict,,,feet,stripes,W,F,Yes,stripes,4.0,end,irrelevant
295,predict,predict,,,feet,stripes,W,F,No,stripes,3.0,end,irrelevant
257,predict,predict,,,feet,stripes,W,C,Yes,stripes,0.0,end,irrelevant
102,predict,predict,,,stripes,feet,W,F,Yes,stripes,0.0,end,relevant
22,predict,predict,,,stripes,feet,W,F,Yes,stripes,6.0,end,relevant
196,predict,predict,,,stripes,feet,E,F,Yes,stripes,7.0,end,relevant
157,predict,predict,,,feet,stripes,W,C,Yes,stripes,-5.0,end,irrelevant
260,predict,predict,,,stripes,feet,E,C,No,stripes,0.0,end,relevant
216,predict,predict,,,stripes,feet,E,F,No,stripes,7.0,end,relevant
60,predict,predict,,,stripes,feet,E,C,No,stripes,6.0,end,relevant
207,predict,predict,,,feet,stripes,E,F,Yes,stripes,4.0,end,irrelevant
83,predict,predict,,,feet,stripes,E,F,Yes,stripes,-6.0,end,irrelevant
45,predict,predict,,,feet,stripes,E,C,Yes,stripes,4.0,end,irrelevant
47,predict,predict,,,feet,stripes,E,F,Yes,stripes,0.0,end,irrelevant
300,predict,predict,,,stripes,feet,E,F,Yes,stripes,6.0,end,relevant
71,predict,predict,,,feet,stripes,W,F,Yes,stripes,2.0,end,irrelevant
2,predict,predict,,,stripes,feet,W,C,No,stripes,-6.0,end,relevant
154,predict,predict,,,stripes,feet,W,F,Yes,stripes,-4.0,end,relevant
159,predict,predict,,,feet,stripes,E,F,No,stripes,0.0,end,irrelevant
28,predict,predict,,,stripes,feet,E,F,Yes,stripes,-7.0,end,relevant
242,predict,predict,,,stripes,feet,W,C,Yes,stripes,2.0,end,relevant
248,predict,predict,,,stripes,feet,E,F,Yes,stripes,6.0,end,relevant
93,predict,predict,,,feet,stripes,W,C,Yes,stripes,0.0,end,irrelevant
148,predict,predict,,,stripes,feet,E,C,Yes,stripes,7.0,end,relevant
70,predict,predict,,,stripes,feet,W,F,Yes,stripes,7.0,end,relevant
126,predict,predict,,,stripes,feet,W,C,No,stripes,7.0,end,relevant
195,predict,predict,,,feet,stripes,E,F,Yes,stripes,-4.0,end,irrelevant
46,predict,predict,,,stripes,feet,W,C,No,stripes,7.0,end,relevant
33,predict,predict,,,feet,stripes,E,C,Yes,stripes,0.0,end,irrelevant
49,predict,predict,,,feet,stripes,E,C,Yes,stripes,0.0,end,irrelevant
258,predict,predict,,,stripes,feet,W,F,Yes,stripes,7.0,end,relevant
64,predict,predict,,,stripes,feet,E,F,Yes,stripes,5.0,end,relevant
68,predict,predict,,,stripes,feet,E,C,Yes,stripes,4.0,end,relevant
55,predict,predict,,,feet,stripes,W,F,Yes,stripes,1.0,end,irrelevant
192,predict,predict,,,stripes,feet,E,F,Yes,stripes,5.0,end,relevant
278,predict,predict,,,stripes,feet,W,C,No,stripes,6.0,end,relevant
156,predict,predict,,,stripes,feet,E,C,Yes,stripes,-7.0,end,relevant
253,predict,predict,,,feet,stripes,E,C,Yes,stripes,-6.0,end,irrelevant
225,predict,predict,,,feet,stripes,W,C,Yes,stripes,0.0,end,irrelevant
61,predict,predict,,,feet,stripes,W,C,Yes,stripes,3.0,end,irrelevant
115,predict,predict,,,feet,stripes,E,F,Yes,stripes,5.0,end,irrelevant
97,predict,predict,,,feet,stripes,E,C,Yes,stripes,6.0,end,irrelevant
79,predict,predict,,,feet,stripes,W,F,Yes,stripes,-4.0,end,irrelevant
198,predict,predict,,,stripes,feet,W,F,Yes,stripes,7.0,end,relevant
147,predict,predict,,,feet,stripes,W,F,Yes,stripes,-5.0,end,irrelevant
181,predict,predict,,,feet,stripes,W,C,Yes,stripes,3.0,end,irrelevant
133,predict,predict,,,feet,stripes,E,C,Yes,stripes,7.0,end,irrelevant
35,predict,predict,,,feet,stripes,E,F,Yes,stripes,4.0,end,irrelevant
175,predict,predict,,,feet,stripes,E,F,Yes,stripes,2.0,end,irrelevant
56,predict,predict,,,stripes,feet,E,C,Yes,stripes,7.0,end,relevant
239,predict,predict,,,feet,stripes,E,F,Yes,stripes,3.0,end,irrelevant
153,predict,predict,,,feet,stripes,W,C,Yes,stripes,4.0,end,irrelevant
142,predict,predict,,,stripes,feet,W,C,No,stripes,0.0,end,relevant
189,predict,predict,,,feet,stripes,W,C,No,stripes,0.0,end,irrelevant
165,predict,predict,,,feet,stripes,E,C,Yes,stripes,4.0,end,irrelevant
63,predict,predict,,,feet,stripes,W,F,Yes,stripes,4.0,end,irrelevant
158,predict,predict,,,stripes,feet,W,F,No,stripes,4.0,end,relevant
136,predict,predict,,,stripes,feet,E,F,Yes,stripes,6.0,end,relevant
143,predict,predict,,,feet,stripes,E,F,Yes,stripes,-5.0,end,irrelevant
41,predict,predict,,,feet,stripes,E,C,Yes,stripes,-2.0,end,irrelevant
222,predict,predict,,,stripes,feet,W,C,Yes,stripes,6.0,end,relevant
162,predict,predict,,,stripes,feet,W,C,No,stripes,5.0,end,relevant
169,predict,predict,,,feet,stripes,E,C,Yes,stripes,4.0,end,irrelevant
297,predict,predict,,,feet,stripes,W,C,Yes,stripes,0.0,end,irrelevant
32,predict,predict,,,stripes,feet,E,C,Yes,stripes,6.0,end,relevant
212,predict,predict,,,stripes,feet,E,F,Yes,stripes,7.0,end,relevant
262,predict,predict,,,stripes,feet,W,C,Yes,stripes,-3.0,end,relevant
23,predict,predict,,,feet,stripes,E,F,Yes,stripes,5.0,end,irrelevant
264,predict,predict,,,stripes,feet,E,F,No,stripes,-5.0,end,relevant
238,predict,predict,,,stripes,feet,W,C,No,stripes,7.0,end,relevant
267,predict,predict,,,feet,stripes,E,F,Yes,stripes,5.0,end,irrelevant
34,predict,predict,,,stripes,feet,W,F,Yes,stripes,0.0,end,relevant
164,predict,predict,,,stripes,feet,E,C,Yes,stripes,4.0,end,relevant
52,predict,predict,,,stripes,feet,E,C,No,stripes,0.0,end,relevant
218,predict,predict,,,stripes,feet,W,F,No,stripes,0.0,end,relevant
75,predict,predict,,,feet,stripes,W,F,Yes,stripes,3.0,end,irrelevant
208,predict,predict,,,stripes,feet,E,C,Yes,stripes,6.0,end,relevant
27,predict,predict,,,feet,stripes,E,F,Yes,stripes,5.0,end,irrelevant
3,predict,predict,,,feet,stripes,W,F,Yes,stripes,0.0,end,irrelevant
146,predict,predict,,,stripes,feet,W,F,Yes,stripes,4.0,end,relevant
30,predict,predict,,,stripes,feet,W,F,Yes,stripes,6.0,end,relevant
92,predict,predict,,,stripes,feet,E,C,Yes,stripes,6.0,end,relevant
220,predict,predict,,,stripes,feet,E,F,Yes,stripes,5.0,end,relevant
172,predict,predict,,,stripes,feet,E,C,Yes,stripes,6.0,end,relevant
31,predict,predict,,,feet,stripes,E,F,Yes,stripes,0.0,end,irrelevant
113,predict,predict,,,feet,stripes,E,C,Yes,stripes,0.0,end,irrelevant
273,predict,predict,,,feet,stripes,W,C,Yes,stripes,-6.0,end,irrelevant
88,predict,predict,,,stripes,feet,E,C,Yes,stripes,4.0,end,relevant
194,predict,predict,,,stripes,feet,W,F,Yes,stripes,6.0,end,relevant
105,predict,predict,,,feet,stripes,E,C,Yes,stripes,0.0,end,irrelevant
230,predict,predict,,,stripes,feet,W,F,Yes,stripes,5.0,end,relevant
50,predict,predict,,,stripes,feet,W,C,No,stripes,6.0,end,relevant
26,predict,predict,,,stripes,feet,W,C,No,stripes,6.0,end,relevant
166,predict,predict,,,stripes,feet,W,F,Yes,stripes,0.0,end,relevant
145,predict,predict,,,feet,stripes,E,C,Yes,stripes,0.0,end,irrelevant
206,predict,predict,,,stripes,feet,W,F,Yes,stripes,5.0,end,relevant
13,predict,predict,,,feet,stripes,E,C,Yes,stripes,5.0,end,irrelevant
116,predict,predict,,,stripes,feet,E,F,No,stripes,6.0,end,relevant
251,predict,predict,,,feet,stripes,E,F,No,stripes,2.0,end,irrelevant
100,predict,predict,,,stripes,feet,E,C,Yes,stripes,6.0,end,relevant
299,predict,predict,,,feet,stripes,E,F,Yes,stripes,0.0,end,irrelevant
199,predict,predict,,,feet,stripes,E,F,Yes,stripes,4.0,end,irrelevant
53,predict,predict,,,feet,stripes,W,C,No,stripes,0.0,end,irrelevant
152,predict,predict,,,stripes,feet,E,C,Yes,stripes,6.0,end,relevant
204,predict,predict,,,stripes,feet,E,C,Yes,stripes,6.0,end,relevant
185,predict,predict,,,feet,stripes,E,C,Yes,stripes,5.0,end,irrelevant
15,predict,predict,,,feet,stripes,E,F,Yes,stripes,4.0,end,irrelevant
174,predict,predict,,,stripes,feet,W,F,No,stripes,0.0,end,relevant
163,predict,predict,,,feet,stripes,W,F,Yes,stripes,0.0,end,irrelevant
122,predict,predict,,,stripes,feet,W,F,No,stripes,5.0,end,relevant
250,predict,predict,,,stripes,feet,W,C,Yes,stripes,7.0,end,relevant
193,predict,predict,,,feet,stripes,E,C,Yes,stripes,0.0,end,irrelevant
43,predict,predict,,,feet,stripes,E,F,Yes,stripes,-4.0,end,irrelevant
269,predict,predict,,,feet,stripes,W,C,Yes,stripes,-2.0,end,irrelevant
274,predict,predict,,,stripes,feet,W,F,Yes,stripes,6.0,end,relevant
57,predict,predict,,,feet,stripes,W,C,Yes,stripes,-5.0,end,irrelevant
67,predict,predict,,,feet,stripes,E,F,Yes,stripes,0.0,end,irrelevant
286,predict,predict,,,stripes,feet,W,F,No,stripes,5.0,end,relevant
246,predict,predict,,,stripes,feet,W,C,Yes,stripes,5.0,end,relevant
6,predict,predict,,,stripes,feet,W,F,Yes,stripes,5.0,end,relevant
134,predict,predict,,,stripes,feet,W,C,Yes,stripes,6.0,end,relevant
298,predict,predict,,,stripes,feet,W,C,Yes,stripes,6.0,end,relevant
82,predict,predict,,,stripes,feet,W,C,Yes,stripes,-2.0,end,relevant
276,predict,predict,,,stripes,feet,E,F,Yes,stripes,6.0,end,relevant
228,predict,predict,,,stripes,feet,E,C,Yes,stripes,6.0,end,relevant
229,predict,predict,,,feet,stripes,W,C,Yes,stripes,-3.0,end,irrelevant
291,predict,predict,,,feet,stripes,W,F,Yes,stripes,6.0,end,irrelevant
219,predict,predict,,,feet,stripes,E,F,No,stripes,0.0,end,irrelevant
125,predict,predict,,,feet,stripes,W,C,Yes,stripes,0.0,end,irrelevant
77,predict,predict,,,feet,stripes,W,C,Yes,stripes,-5.0,end,irrelevant
81,predict,predict,,,feet,stripes,W,C,Yes,stripes,2.0,end,irrelevant
44,predict,predict,,,stripes,feet,E,C,No,stripes,0.0,end,relevant
87,predict,predict,,,feet,stripes,W,F,Yes,stripes,2.0,end,irrelevant
292,predict,predict,,,stripes,feet,E,F,Yes,stripes,0.0,end,relevant
144,predict,predict,,,stripes,feet,E,F,Yes,stripes,4.0,end,relevant
149,predict,predict,,,feet,stripes,W,C,Yes,stripes,-5.0,end,irrelevant
237,predict,predict,,,feet,stripes,W,C,Yes,stripes,-4.0,end,irrelevant
171,predict,predict,,,feet,stripes,E,F,Yes,stripes,5.0,end,irrelevant
202,predict,predict,,,stripes,feet,W,C,No,stripes,0.0,end,relevant
179,predict,predict,,,feet,stripes,W,F,No,stripes,0.0,end,irrelevant
10,predict,predict,,,stripes,feet,W,C,Yes,stripes,5.0,end,relevant
261,predict,predict,,,feet,stripes,W,C,Yes,stripes,0.0,end,irrelevant
66,predict,predict,,,stripes,feet,W,C,Yes,stripes,5.0,end,relevant
139,predict,predict,,,feet,stripes,W,F,Yes,stripes,6.0,end,irrelevant
215,predict,predict,,,feet,stripes,W,F,Yes,stripes,-6.0,end,irrelevant
1,predict,predict,,,feet,stripes,E,C,Yes,stripes,0.0,end,irrelevant
84,predict,predict,,,stripes,feet,E,F,Yes,stripes,6.0,end,relevant
231,predict,predict,,,feet,stripes,E,F,Yes,stripes,0.0,end,irrelevant
244,predict,predict,,,stripes,feet,E,C,Yes,stripes,6.0,end,relevant
7,predict,predict,,,feet,stripes,W,F,Yes,stripes,-4.0,end,irrelevant
243,predict,predict,,,feet,stripes,W,F,No,stripes,0.0,end,irrelevant
14,predict,predict,,,stripes,feet,W,F,Yes,stripes,-5.0,end,relevant
255,predict,predict,,,feet,stripes,W,F,Yes,stripes,0.0,end,irrelevant
137,predict,predict,,,feet,stripes,W,C,Yes,stripes,4.0,end,irrelevant
98,predict,predict,,,stripes,feet,W,C,Yes,stripes,2.0,end,relevant
21,predict,predict,,,feet,stripes,E,C,Yes,stripes,0.0,end,irrelevant
271,predict,predict,,,feet,stripes,E,F,Yes,stripes,5.0,end,irrelevant
183,predict,predict,,,feet,stripes,W,F,No,stripes,4.0,end,irrelevant
280,predict,predict,,,stripes,feet,E,F,Yes,stripes,6.0,end,relevant
118,predict,predict,,,stripes,feet,W,F,Yes,stripes,6.0,end,relevant
155,predict,predict,,,feet,stripes,W,F,Yes,stripes,2.0,end,irrelevant
287,predict,predict,,,feet,stripes,E,F,Yes,stripes,-5.0,end,irrelevant
54,predict,predict,,,stripes,feet,W,F,No,stripes,6.0,end,relevant
65,predict,predict,,,feet,stripes,E,C,Yes,stripes,0.0,end,irrelevant
203,predict,predict,,,feet,stripes,W,F,Yes,stripes,-5.0,end,irrelevant
59,predict,predict,,,feet,stripes,W,F,No,stripes,0.0,end,irrelevant
103,predict,predict,,,feet,stripes,W,F,Yes,stripes,4.0,end,irrelevant
85,predict,predict,,,feet,stripes,W,C,Yes,stripes,-2.0,end,irrelevant
131,predict,predict,,,feet,stripes,W,F,No,stripes,6.0,end,irrelevant
170,predict,predict,,,stripes,feet,W,C,No,stripes,7.0,end,relevant
12,predict,predict,,,stripes,feet,E,F,Yes,stripes,-5.0,end,relevant
281,predict,predict,,,feet,stripes,E,C,Yes,stripes,0.0,end,irrelevant
227,predict,predict,,,feet,stripes,W,F,Yes,stripes,0.0,end,irrelevant
268,predict,predict,,,stripes,feet,E,C,No,stripes,5.0,end,relevant
296,predict,predict,,,stripes,feet,E,F,Yes,stripes,6.0,end,relevant
294,predict,predict,,,stripes,feet,W,F,Yes,stripes,-6.0,end,relevant
37,predict,predict,,,feet,stripes,E,C,Yes,stripes,6.0,end,irrelevant
124,predict,predict,,,stripes,feet,E,F,No,stripes,7.0,end,relevant
209,predict,predict,,,feet,stripes,W,C,Yes,stripes,0.0,end,irrelevant
123,predict,predict,,,feet,stripes,E,F,Yes,stripes,5.0,end,irrelevant
217,predict,predict,,,feet,stripes,W,C,Yes,stripes,-6.0,end,irrelevant
69,predict,predict,,,feet,stripes,E,C,Yes,stripes,5.0,end,irrelevant
226,predict,predict,,,stripes,feet,W,C,Yes,stripes,-3.0,end,relevant
72,predict,predict,,,stripes,feet,E,F,Yes,stripes,7.0,end,relevant
129,predict,predict,,,feet,stripes,E,C,Yes,stripes,0.0,end,irrelevant
48,predict,predict,,,stripes,feet,E,F,Yes,stripes,6.0,end,relevant
190,predict,predict,,,stripes,feet,W,C,No,stripes,6.0,end,relevant
236,predict,predict,,,stripes,feet,E,C,Yes,stripes,5.0,end,relevant
178,predict,predict,,,stripes,feet,W,F,Yes,stripes,6.0,end,relevant
16,predict,predict,,,stripes,feet,E,F,Yes,stripes,7.0,end,relevant
119,predict,predict,,,feet,stripes,E,F,Yes,stripes,4.0,end,irrelevant
107,predict,predict,,,feet,stripes,W,F,Yes,stripes,5.0,end,irrelevant
168,predict,predict,,,stripes,feet,E,C,Yes,stripes,7.0,end,relevant
73,predict,predict,,,feet,stripes,E,C,Yes,stripes,5.0,end,irrelevant
138,predict,predict,,,stripes,feet,W,C,Yes,stripes,5.0,end,relevant
214,predict,predict,,,stripes,feet,W,C,Yes,stripes,3.0,end,relevant
151,predict,predict,,,feet,stripes,W,F,Yes,stripes,0.0,end,irrelevant
99,predict,predict,,,feet,stripes,W,F,Yes,stripes,-6.0,end,irrelevant
187,predict,predict,,,feet,stripes,E,F,Yes,stripes,6.0,end,irrelevant
128,predict,predict,,,stripes,feet,E,F,Yes,stripes,6.0,end,relevant
58,predict,predict,,,stripes,feet,W,C,Yes,stripes,4.0,end,relevant
224,predict,predict,,,stripes,feet,E,C,No,stripes,4.0,end,relevant
140,predict,predict,,,stripes,feet,E,C,Yes,stripes,-4.0,end,relevant
232,predict,predict,,,stripes,feet,E,F,Yes,stripes,6.0,end,relevant
9,predict,predict,,,feet,stripes,W,C,No,stripes,0.0,end,irrelevant
4,predict,predict,,,stripes,feet,E,F,Yes,stripes,5.0,end,relevant
191,predict,predict,,,feet,stripes,E,F,Yes,stripes,5.0,end,irrelevant
80,predict,predict,,,stripes,feet,E,C,No,stripes,6.0,end,relevant
252,predict,predict,,,stripes,feet,E,F,Yes,stripes,5.0,end,relevant
141,predict,predict,,,feet,stripes,W,C,Yes,stripes,3.0,end,irrelevant
200,predict,predict,,,stripes,feet,E,F,Yes,stripes,-5.0,end,relevant
39,predict,predict,,,feet,stripes,W,F,Yes,stripes,0.0,end,irrelevant
17,predict,predict,,,feet,stripes,E,C,Yes,stripes,3.0,end,irrelevant
108,predict,predict,,,stripes,feet,E,C,No,stripes,-5.0,end,relevant
11,predict,predict,,,feet,stripes,W,F,Yes,stripes,4.0,end,irrelevant
121,predict,predict,,,feet,stripes,W,C,Yes,stripes,-2.0,end,irrelevant
188,predict,predict,,,stripes,feet,E,F,Yes,stripes,7.0,end,relevant
167,predict,predict,,,feet,stripes,W,F,Yes,stripes,0.0,end,irrelevant
150,predict,predict,,,stripes,feet,W,C,Yes,stripes,5.0,end,relevant
184,predict,predict,,,stripes,feet,E,F,Yes,stripes,-4.0,end,relevant
19,predict,predict,,,feet,stripes,E,F,Yes,stripes,4.0,end,irrelevant
38,predict,predict,,,stripes,feet,W,C,No,stripes,7.0,end,relevant
180,predict,predict,,,stripes,feet,E,F,Yes,stripes,6.0,end,relevant
89,predict,predict,,,feet,stripes,W,C,Yes,stripes,6.0,end,irrelevant
279,predict,predict,,,feet,stripes,E,F,Yes,stripes,0.0,end,irrelevant
95,predict,predict,,,feet,stripes,W,F,Yes,stripes,0.0,end,irrelevant
20,predict,predict,,,stripes,feet,E,C,Yes,stripes,2.0,end,relevant
117,predict,predict,,,feet,stripes,W,C,Yes,stripes,-3.0,end,irrelevant
160,predict,predict,,,stripes,feet,E,F,Yes,stripes,6.0,end,relevant
109,predict,predict,,,feet,stripes,W,C,Yes,stripes,6.0,end,irrelevant
234,predict,predict,,,stripes,feet,W,C,Yes,stripes,-7.0,end,relevant
176,predict,predict,,,stripes,feet,E,F,Yes,stripes,7.0,end,relevant
18,predict,predict,,,stripes,feet,W,F,Yes,stripes,3.0,end,relevant
210,predict,predict,,,stripes,feet,W,C,No,stripes,0.0,end,relevant
5,predict,predict,,,feet,stripes,W,C,Yes,stripes,-5.0,end,irrelevant
106,predict,predict,,,stripes,feet,W,C,Yes,stripes,5.0,end,relevant
127,predict,predict,,,feet,stripes,W,F,Yes,stripes,-5.0,end,irrelevant
120,predict,predict,,,stripes,feet,E,F,Yes,stripes,6.0,end,relevant
25,predict,predict,,,feet,stripes,W,C,Yes,stripes,-5.0,end,irrelevant
182,predict,predict,,,stripes,feet,W,F,No,stripes,5.0,end,relevant
205,predict,predict,,,feet,stripes,E,C,Yes,stripes,-7.0,end,irrelevant
96,predict,predict,,,stripes,feet,E,C,Yes,stripes,5.0,end,relevant
42,predict,predict,,,stripes,feet,W,C,No,stripes,0.0,end,relevant
259,predict,predict,,,feet,stripes,E,F,Yes,stripes,6.0,end,irrelevant
288,predict,predict,,,stripes,feet,E,F,No,stripes,6.0,end,relevant
247,predict,predict,,,feet,stripes,E,F,Yes,stripes,0.0,end,irrelevant
221,predict,predict,,,feet,stripes,W,C,Yes,stripes,-4.0,end,irrelevant
130,predict,predict,,,stripes,feet,W,C,No,stripes,3.0,end,relevant
241,predict,predict,,,feet,stripes,E,C,Yes,stripes,0.0,end,irrelevant
249,predict,predict,,,feet,stripes,E,C,Yes,stripes,-5.0,end,irrelevant
277,predict,predict,,,feet,stripes,E,C,Yes,stripes,-6.0,end,irrelevant
111,predict,predict,,,feet,stripes,E,F,Yes,stripes,-4.0,end,irrelevant
8,predict,predict,,,stripes,feet,E,F,No,stripes,7.0,end,relevant
290,predict,predict,,,stripes,feet,W,C,No,stripes,7.0,end,relevant
213,predict,predict,,,feet,stripes,E,C,Yes,stripes,0.0,end,irrelevant
223,predict,predict,,,feet,stripes,E,F,Yes,stripes,0.0,end,irrelevant
36,predict,predict,,,stripes,feet,E,F,Yes,stripes,7.0,end,relevant
112,predict,predict,,,stripes,feet,E,C,Yes,stripes,6.0,end,relevant
104,predict,predict,,,stripes,feet,E,C,Yes,stripes,5.0,end,relevant
51,predict,predict,,,feet,stripes,E,F,Yes,stripes,3.0,end,irrelevant
293,predict,predict,,,feet,stripes,E,C,Yes,stripes,-6.0,end,irrelevant
90,predict,predict,,,stripes,feet,W,C,Yes,stripes,6.0,end,relevant
114,predict,predict,,,stripes,feet,W,F,No,stripes,-5.0,end,relevant
110,predict,predict,,,stripes,feet,W,C,Yes,stripes,0.0,end,relevant
29,predict,predict,,,feet,stripes,E,C,Yes,stripes,0.0,end,irrelevant
285,predict,predict,,,feet,stripes,E,C,No,stripes,0.0,end,irrelevant
161,predict,predict,,,feet,stripes,W,C,Yes,stripes,-2.0,end,irrelevant
235,predict,predict,,,feet,stripes,W,F,Yes,stripes,0.0,end,irrelevant
78,predict,predict,,,stripes,feet,W,C,Yes,stripes,6.0,end,relevant
197,predict,predict,,,feet,stripes,W,C,Yes,stripes,0.0,end,irrelevant
265,predict,predict,,,feet,stripes,E,C,Yes,stripes,3.0,end,irrelevant
86,predict,predict,,,stripes,feet,W,F,No,stripes,5.0,end,relevant
226,accommodate,accommodate_none,none,False,stripes,feet,W,C,No,feet,0.0,mid,irrelevant
210,accommodate,accommodate_none,none,False,stripes,feet,W,C,No,feet,-7.0,mid,irrelevant
269,accommodate,accommodate_causal,both,True,feet,stripes,W,C,Yes,feet,6.0,mid,relevant
215,accommodate,accommodate_none,none,False,feet,stripes,W,F,Yes,feet,6.0,mid,relevant
83,accommodate,accommodate_none,none,False,feet,stripes,E,F,No,feet,0.0,mid,relevant
171,accommodate,accommodate_none,none,False,feet,stripes,E,F,Yes,feet,7.0,mid,relevant
157,accommodate,accommodate_causal,feet,True,feet,stripes,W,C,Yes,feet,6.0,mid,relevant
1,accommodate,accommodate_none,none,False,feet,stripes,E,C,Yes,feet,6.0,mid,relevant
122,accommodate,accommodate_none,none,False,stripes,feet,W,F,Yes,feet,7.0,mid,irrelevant
149,accommodate,accommodate_none,none,False,feet,stripes,W,C,Yes,feet,7.0,mid,relevant
262,accommodate,accommodate_none,none,False,stripes,feet,W,C,Yes,feet,-7.0,mid,irrelevant
244,accommodate,accommodate_none,none,False,stripes,feet,E,C,No,feet,0.0,mid,irrelevant
175,accommodate,accommodate_causal,both,True,feet,stripes,E,F,Yes,feet,6.0,mid,relevant
208,accommodate,accommodate_none,none,False,stripes,feet,E,C,Yes,feet,5.0,mid,irrelevant
283,accommodate,accommodate_none,none,False,feet,stripes,W,F,Yes,feet,6.0,mid,relevant
143,accommodate,accommodate_none,none,False,feet,stripes,E,F,Yes,feet,7.0,mid,relevant
119,accommodate,accommodate_causal,feet,True,feet,stripes,E,F,Yes,feet,5.0,mid,relevant
19,accommodate,accommodate_none,none,False,feet,stripes,E,F,Yes,feet,5.0,mid,relevant
170,accommodate,accommodate_none,none,False,stripes,feet,W,C,Yes,feet,0.0,mid,irrelevant
297,accommodate,accommodate_causal,both,True,feet,stripes,W,C,Yes,feet,0.0,mid,relevant
285,accommodate,accommodate_none,none,False,feet,stripes,E,C,Yes,feet,5.0,mid,relevant
227,accommodate,accommodate_none,none,False,feet,stripes,W,F,Yes,feet,-5.0,mid,relevant
174,accommodate,accommodate_causal,both,True,stripes,feet,W,F,Yes,feet,7.0,mid,irrelevant
89,accommodate,accommodate_causal,both,True,feet,stripes,W,C,Yes,feet,6.0,mid,relevant
287,accommodate,accommodate_none,none,False,feet,stripes,E,F,Yes,feet,-5.0,mid,relevant
6,accommodate,accommodate_none,none,False,stripes,feet,W,F,No,feet,0.0,mid,irrelevant
27,accommodate,accommodate_causal,feet,True,feet,stripes,E,F,Yes,feet,0.0,mid,relevant
124,accommodate,accommodate_none,none,False,stripes,feet,E,F,Yes,feet,4.0,mid,irrelevant
158,accommodate,accommodate_none,none,False,stripes,feet,W,F,Yes,feet,3.0,mid,irrelevant
150,accommodate,accommodate_none,none,False,stripes,feet,W,C,Yes,feet,4.0,mid,irrelevant
96,accommodate,accommodate_causal,both,True,stripes,feet,E,C,Yes,feet,6.0,mid,irrelevant
84,accommodate,accommodate_none,none,False,stripes,feet,E,F,Yes,feet,-3.0,mid,irrelevant
179,accommodate,accommodate_none,none,False,feet,stripes,W,F,Yes,feet,5.0,mid,relevant
30,accommodate,accommodate_none,none,False,stripes,feet,W,F,Yes,feet,0.0,mid,irrelevant
151,accommodate,accommodate_none,none,False,feet,stripes,W,F,No,feet,0.0,mid,relevant
86,accommodate,accommodate_none,none,False,stripes,feet,W,F,Yes,feet,7.0,mid,irrelevant
69,accommodate,accommodate_none,none,False,feet,stripes,E,C,Yes,feet,0.0,mid,relevant
29,accommodate,accommodate_none,none,False,feet,stripes,E,C,Yes,feet,7.0,mid,relevant
16,accommodate,accommodate_none,none,False,stripes,feet,E,F,Yes,feet,4.0,mid,irrelevant
286,accommodate,accommodate_causal,stripes,True,stripes,feet,W,F,Yes,feet,5.0,mid,irrelevant
88,accommodate,accommodate_none,none,False,stripes,feet,E,C,No,feet,5.0,mid,irrelevant
75,accommodate,accommodate_none,none,False,feet,stripes,W,F,Yes,feet,6.0,mid,relevant
242,accommodate,accommodate_none,none,False,stripes,feet,W,C,Yes,feet,-2.0,mid,irrelevant
79,accommodate,accommodate_none,none,False,feet,stripes,W,F,Yes,feet,6.0,mid,relevant
182,accommodate,accommodate_none,none,False,stripes,feet,W,F,Yes,feet,3.0,mid,irrelevant
117,accommodate,accommodate_none,none,False,feet,stripes,W,C,Yes,feet,6.0,mid,relevant
196,accommodate,accommodate_none,none,False,stripes,feet,E,F,Yes,feet,5.0,mid,irrelevant
193,accommodate,accommodate_none,none,False,feet,stripes,E,C,Yes,feet,5.0,mid,relevant
53,accommodate,accommodate_causal,feet,True,feet,stripes,W,C,Yes,feet,6.0,mid,relevant
34,accommodate,accommodate_none,none,False,stripes,feet,W,F,No,feet,0.0,mid,irrelevant
114,accommodate,accommodate_none,none,False,stripes,feet,W,F,No,feet,0.0,mid,irrelevant
103,accommodate,accommodate_none,none,False,feet,stripes,W,F,Yes,feet,6.0,mid,relevant
58,accommodate,accommodate_none,none,False,stripes,feet,W,C,No,feet,0.0,mid,irrelevant
228,accommodate,accommodate_none,none,False,stripes,feet,E,C,Yes,feet,0.0,mid,irrelevant
51,accommodate,accommodate_none,none,False,feet,stripes,E,F,Yes,feet,5.0,mid,relevant
130,accommodate,accommodate_none,none,False,stripes,feet,W,C,No,feet,0.0,mid,irrelevant
163,accommodate,accommodate_none,none,False,feet,stripes,W,F,Yes,feet,5.0,mid,relevant
236,accommodate,accommodate_none,none,False,stripes,feet,E,C,Yes,feet,0.0,mid,irrelevant
159,accommodate,accommodate_causal,feet,True,feet,stripes,E,F,Yes,feet,-7.0,mid,relevant
202,accommodate,accommodate_none,none,False,stripes,feet,W,C,Yes,feet,0.0,mid,irrelevant
248,accommodate,accommodate_none,none,False,stripes,feet,E,F,No,feet,0.0,mid,irrelevant
132,accommodate,accommodate_none,none,False,stripes,feet,E,C,Yes,feet,0.0,mid,irrelevant
11,accommodate,accommodate_none,none,False,feet,stripes,W,F,Yes,feet,5.0,mid,relevant
190,accommodate,accommodate_none,none,False,stripes,feet,W,C,Yes,feet,0.0,mid,irrelevant
80,accommodate,accommodate_none,none,False,stripes,feet,E,C,Yes,feet,-4.0,mid,irrelevant
223,accommodate,accommodate_causal,stripes,True,feet,stripes,E,F,Yes,feet,0.0,mid,relevant
13,accommodate,accommodate_none,none,False,feet,stripes,E,C,Yes,feet,5.0,mid,relevant
111,accommodate,accommodate_none,none,False,feet,stripes,E,F,Yes,feet,5.0,mid,relevant
219,accommodate,accommodate_none,none,False,feet,stripes,E,F,Yes,feet,6.0,mid,relevant
201,accommodate,accommodate_causal,both,True,feet,stripes,W,C,Yes,feet,4.0,mid,relevant
5,accommodate,accommodate_none,none,False,feet,stripes,W,C,Yes,feet,5.0,mid,relevant
255,accommodate,accommodate_causal,stripes,True,feet,stripes,W,F,Yes,feet,0.0,mid,relevant
181,accommodate,accommodate_none,none,False,feet,stripes,W,C,Yes,feet,-4.0,mid,relevant
125,accommodate,accommodate_none,none,False,feet,stripes,W,C,Yes,feet,0.0,mid,relevant
162,accommodate,accommodate_none,none,False,stripes,feet,W,C,Yes,feet,0.0,mid,irrelevant
198,accommodate,accommodate_none,none,False,stripes,feet,W,F,No,feet,0.0,mid,irrelevant
293,accommodate,accommodate_none,none,False,feet,stripes,E,C,Yes,feet,7.0,mid,relevant
9,accommodate,accommodate_none,none,False,feet,stripes,W,C,Yes,feet,6.0,mid,relevant
176,accommodate,accommodate_none,none,False,stripes,feet,E,F,Yes,feet,5.0,mid,irrelevant
85,accommodate,accommodate_causal,feet,True,feet,stripes,W,C,Yes,feet,6.0,mid,relevant
139,accommodate,accommodate_none,none,False,feet,stripes,W,F,Yes,feet,0.0,mid,relevant
271,accommodate,accommodate_none,none,False,feet,stripes,E,F,Yes,feet,-5.0,mid,relevant
4,accommodate,accommodate_none,none,False,stripes,feet,E,F,Yes,feet,5.0,mid,irrelevant
231,accommodate,accommodate_none,none,False,feet,stripes,E,F,Yes,feet,6.0,mid,relevant
224,accommodate,accommodate_none,none,False,stripes,feet,E,C,Yes,feet,-7.0,mid,irrelevant
87,accommodate,accommodate_none,none,False,feet,stripes,W,F,Yes,feet,6.0,mid,relevant
189,accommodate,accommodate_none,none,False,feet,stripes,W,C,Yes,feet,5.0,mid,relevant
135,accommodate,accommodate_none,none,False,feet,stripes,E,F,Yes,feet,6.0,mid,relevant
70,accommodate,accommodate_causal,both,True,stripes,feet,W,F,Yes,feet,5.0,mid,irrelevant
115,accommodate,accommodate_none,none,False,feet,stripes,E,F,Yes,feet,5.0,mid,relevant
197,accommodate,accommodate_none,none,False,feet,stripes,W,C,Yes,feet,5.0,mid,relevant
209,accommodate,accommodate_causal,both,True,feet,stripes,W,C,Yes,feet,6.0,mid,relevant
191,accommodate,accommodate_none,none,False,feet,stripes,E,F,Yes,feet,5.0,mid,relevant
50,accommodate,accommodate_none,none,False,stripes,feet,W,C,Yes,feet,0.0,mid,irrelevant
91,accommodate,accommodate_none,none,False,feet,stripes,W,F,Yes,feet,3.0,mid,relevant
61,accommodate,accommodate_none,none,False,feet,stripes,W,C,Yes,feet,3.0,mid,relevant
164,accommodate,accommodate_none,none,False,stripes,feet,E,C,No,feet,4.0,mid,irrelevant
48,accommodate,accommodate_none,none,False,stripes,feet,E,F,Yes,feet,6.0,mid,irrelevant
106,accommodate,accommodate_none,none,False,stripes,feet,W,C,Yes,feet,-3.0,mid,irrelevant
148,accommodate,accommodate_none,none,False,stripes,feet,E,C,No,feet,0.0,mid,irrelevant
136,accommodate,accommodate_none,none,False,stripes,feet,E,F,Yes,feet,0.0,mid,irrelevant
94,accommodate,accommodate_none,none,False,stripes,feet,W,F,Yes,feet,5.0,mid,irrelevant
222,accommodate,accommodate_none,none,False,stripes,feet,W,C,No,feet,0.0,mid,irrelevant
14,accommodate,accommodate_none,none,False,stripes,feet,W,F,No,feet,0.0,mid,irrelevant
97,accommodate,accommodate_none,none,False,feet,stripes,E,C,Yes,feet,5.0,mid,relevant
281,accommodate,accommodate_none,none,False,feet,stripes,E,C,No,feet,0.0,mid,relevant
62,accommodate,accommodate_none,none,False,stripes,feet,W,C,Yes,feet,0.0,mid,irrelevant
258,accommodate,accommodate_none,none,False,stripes,feet,W,F,Yes,feet,5.0,mid,irrelevant
257,accommodate,accommodate_none,none,False,feet,stripes,W,C,Yes,feet,7.0,mid,relevant
17,accommodate,accommodate_none,none,False,feet,stripes,E,C,Yes,feet,4.0,mid,relevant
212,accommodate,accommodate_none,none,False,stripes,feet,E,F,Yes,feet,0.0,mid,irrelevant
294,accommodate,accommodate_none,none,False,stripes,feet,W,F,Yes,feet,0.0,mid,irrelevant
168,accommodate,accommodate_causal,both,True,stripes,feet,E,C,Yes,feet,6.0,mid,irrelevant
194,accommodate,accommodate_none,none,False,stripes,feet,W,F,Yes,feet,0.0,mid,irrelevant
185,accommodate,accommodate_none,none,False,feet,stripes,E,C,Yes,feet,7.0,mid,relevant
288,accommodate,accommodate_none,none,False,stripes,feet,E,F,No,feet,0.0,mid,irrelevant
121,accommodate,accommodate_causal,both,True,feet,stripes,W,C,Yes,feet,7.0,mid,relevant
78,accommodate,accommodate_none,none,False,stripes,feet,W,C,Yes,feet,0.0,mid,irrelevant
57,accommodate,accommodate_none,none,False,feet,stripes,W,C,Yes,feet,0.0,mid,relevant
259,accommodate,accommodate_none,none,False,feet,stripes,E,F,Yes,feet,6.0,mid,relevant
120,accommodate,accommodate_none,none,False,stripes,feet,E,F,Yes,feet,-3.0,mid,irrelevant
90,accommodate,accommodate_none,none,False,stripes,feet,W,C,No,feet,0.0,mid,irrelevant
180,accommodate,accommodate_none,none,False,stripes,feet,E,F,No,feet,4.0,mid,irrelevant
22,accommodate,accommodate_none,none,False,stripes,feet,W,F,Yes,feet,0.0,mid,irrelevant
145,accommodate,accommodate_none,none,False,feet,stripes,E,C,Yes,feet,6.0,mid,relevant
123,accommodate,accommodate_none,none,False,feet,stripes,E,F,Yes,feet,2.0,mid,relevant
220,accommodate,accommodate_none,none,False,stripes,feet,E,F,No,feet,4.0,mid,irrelevant
40,accommodate,accommodate_none,none,False,stripes,feet,E,F,No,feet,0.0,mid,irrelevant
82,accommodate,accommodate_none,none,False,stripes,feet,W,C,Yes,feet,4.0,mid,irrelevant
54,accommodate,accommodate_none,none,False,stripes,feet,W,F,Yes,feet,3.0,mid,irrelevant
155,accommodate,accommodate_none,none,False,feet,stripes,W,F,Yes,feet,7.0,mid,relevant
105,accommodate,accommodate_none,none,False,feet,stripes,E,C,Yes,feet,5.0,mid,relevant
237,accommodate,accommodate_causal,both,True,feet,stripes,W,C,Yes,feet,6.0,mid,relevant
173,accommodate,accommodate_none,none,False,feet,stripes,E,C,Yes,feet,5.0,mid,relevant
25,accommodate,accommodate_none,none,False,feet,stripes,W,C,Yes,feet,7.0,mid,relevant
299,accommodate,accommodate_causal,both,True,feet,stripes,E,F,Yes,feet,4.0,mid,relevant
108,accommodate,accommodate_none,none,False,stripes,feet,E,C,Yes,feet,0.0,mid,irrelevant
245,accommodate,accommodate_none,none,False,feet,stripes,W,C,Yes,feet,-6.0,mid,relevant
247,accommodate,accommodate_none,none,False,feet,stripes,E,F,Yes,feet,6.0,mid,relevant
72,accommodate,accommodate_none,none,False,stripes,feet,E,F,Yes,feet,4.0,mid,irrelevant
266,accommodate,accommodate_none,none,False,stripes,feet,W,C,No,feet,0.0,mid,irrelevant
243,accommodate,accommodate_none,none,False,feet,stripes,W,F,Yes,feet,6.0,mid,relevant
249,accommodate,accommodate_none,none,False,feet,stripes,E,C,No,feet,4.0,mid,relevant
63,accommodate,accommodate_causal,both,True,feet,stripes,W,F,Yes,feet,-7.0,mid,relevant
38,accommodate,accommodate_none,none,False,stripes,feet,W,C,Yes,feet,0.0,mid,irrelevant
60,accommodate,accommodate_none,none,False,stripes,feet,E,C,Yes,feet,4.0,mid,irrelevant
256,accommodate,accommodate_none,none,False,stripes,feet,E,F,Yes,feet,0.0,mid,irrelevant
184,accommodate,accommodate_none,none,False,stripes,feet,E,F,Yes,feet,6.0,mid,irrelevant
23,accommodate,accommodate_none,none,False,feet,stripes,E,F,Yes,feet,-5.0,mid,relevant
277,accommodate,accommodate_none,none,False,feet,stripes,E,C,Yes,feet,0.0,mid,relevant
141,accommodate,accommodate_none,none,False,feet,stripes,W,C,Yes,feet,7.0,mid,relevant
33,accommodate,accommodate_causal,both,True,feet,stripes,E,C,Yes,feet,5.0,mid,relevant
213,accommodate,accommodate_none,none,False,feet,stripes,E,C,Yes,feet,-4.0,mid,relevant
233,accommodate,accommodate_none,none,False,feet,stripes,E,C,Yes,feet,7.0,mid,relevant
12,accommodate,accommodate_none,none,False,stripes,feet,E,F,Yes,feet,5.0,mid,irrelevant
41,accommodate,accommodate_none,none,False,feet,stripes,E,C,No,feet,0.0,mid,relevant
126,accommodate,accommodate_none,none,False,stripes,feet,W,C,Yes,feet,-6.0,mid,irrelevant
39,accommodate,accommodate_none,none,False,feet,stripes,W,F,Yes,feet,5.0,mid,relevant
137,accommodate,accommodate_causal,both,True,feet,stripes,W,C,Yes,feet,7.0,mid,relevant
73,accommodate,accommodate_none,none,False,feet,stripes,E,C,Yes,feet,7.0,mid,relevant
246,accommodate,accommodate_none,none,False,stripes,feet,W,C,Yes,feet,0.0,mid,irrelevant
274,accommodate,accommodate_none,none,False,stripes,feet,W,F,Yes,feet,-5.0,mid,irrelevant
113,accommodate,accommodate_causal,feet,True,feet,stripes,E,C,Yes,feet,7.0,mid,relevant
172,accommodate,accommodate_none,none,False,stripes,feet,E,C,No,feet,0.0,mid,irrelevant
147,accommodate,accommodate_causal,both,True,feet,stripes,W,F,Yes,feet,7.0,mid,relevant
18,accommodate,accommodate_none,none,False,stripes,feet,W,F,Yes,feet,-3.0,mid,irrelevant
134,accommodate,accommodate_none,none,False,stripes,feet,W,C,Yes,feet,-2.0,mid,irrelevant
129,accommodate,accommodate_none,none,False,feet,stripes,E,C,Yes,feet,7.0,mid,relevant
7,accommodate,accommodate_none,none,False,feet,stripes,W,F,Yes,feet,4.0,mid,relevant
26,accommodate,accommodate_causal,feet,True,stripes,feet,W,C,Yes,feet,4.0,mid,irrelevant
235,accommodate,accommodate_none,none,False,feet,stripes,W,F,Yes,feet,0.0,mid,relevant
49,accommodate,accommodate_none,none,False,feet,stripes,E,C,Yes,feet,6.0,mid,relevant
261,accommodate,accommodate_none,none,False,feet,stripes,W,C,Yes,feet,5.0,mid,relevant
205,accommodate,accommodate_causal,both,True,feet,stripes,E,C,Yes,feet,6.0,mid,relevant
56,accommodate,accommodate_none,none,False,stripes,feet,E,C,Yes,feet,5.0,mid,irrelevant
42,accommodate,accommodate_none,none,False,stripes,feet,W,C,No,feet,0.0,mid,irrelevant
2,accommodate,accommodate_none,none,False,stripes,feet,W,C,Yes,feet,4.0,mid,irrelevant
252,accommodate,accommodate_none,none,False,stripes,feet,E,F,Yes,feet,-4.0,mid,irrelevant
290,accommodate,accommodate_none,none,False,stripes,feet,W,C,Yes,feet,0.0,mid,irrelevant
260,accommodate,accommodate_none,none,False,stripes,feet,E,C,Yes,feet,0.0,mid,irrelevant
230,accommodate,accommodate_none,none,False,stripes,feet,W,F,Yes,feet,0.0,mid,irrelevant
187,accommodate,accommodate_none,none,False,feet,stripes,E,F,Yes,feet,-5.0,mid,relevant
188,accommodate,accommodate_none,none,False,stripes,feet,E,F,Yes,feet,6.0,mid,irrelevant
232,accommodate,accommodate_none,none,False,stripes,feet,E,F,Yes,feet,6.0,mid,irrelevant
92,accommodate,accommodate_none,none,False,stripes,feet,E,C,Yes,feet,-4.0,mid,irrelevant
214,accommodate,accommodate_none,none,False,stripes,feet,W,C,Yes,feet,0.0,mid,irrelevant
138,accommodate,accommodate_none,none,False,stripes,feet,W,C,Yes,feet,0.0,mid,irrelevant
217,accommodate,accommodate_none,none,False,feet,stripes,W,C,No,feet,0.0,mid,relevant
64,accommodate,accommodate_causal,both,True,stripes,feet,E,F,Yes,feet,0.0,mid,irrelevant
211,accommodate,accommodate_none,none,False,feet,stripes,E,F,Yes,feet,-5.0,mid,relevant
221,accommodate,accommodate_none,none,False,feet,stripes,W,C,Yes,feet,6.0,mid,relevant
47,accommodate,accommodate_none,none,False,feet,stripes,E,F,Yes,feet,4.0,mid,relevant
218,accommodate,accommodate_none,none,False,stripes,feet,W,F,No,feet,-6.0,mid,irrelevant
273,accommodate,accommodate_none,none,False,feet,stripes,W,C,Yes,feet,4.0,mid,relevant
278,accommodate,accommodate_none,none,False,stripes,feet,W,C,No,feet,5.0,mid,irrelevant
267,accommodate,accommodate_none,none,False,feet,stripes,E,F,No,feet,0.0,mid,relevant
160,accommodate,accommodate_causal,both,True,stripes,feet,E,F,Yes,feet,5.0,mid,irrelevant
74,accommodate,accommodate_none,none,False,stripes,feet,W,F,Yes,feet,2.0,mid,irrelevant
195,accommodate,accommodate_none,none,False,feet,stripes,E,F,Yes,feet,6.0,mid,relevant
128,accommodate,accommodate_none,none,False,stripes,feet,E,F,No,feet,0.0,mid,irrelevant
110,accommodate,accommodate_none,none,False,stripes,feet,W,C,Yes,feet,-5.0,mid,irrelevant
102,accommodate,accommodate_causal,both,True,stripes,feet,W,F,Yes,feet,-3.0,mid,irrelevant
100,accommodate,accommodate_none,none,False,stripes,feet,E,C,No,feet,0.0,mid,irrelevant
199,accommodate,accommodate_none,none,False,feet,stripes,E,F,Yes,feet,6.0,mid,relevant
131,accommodate,accommodate_none,none,False,feet,stripes,W,F,Yes,feet,4.0,mid,relevant
140,accommodate,accommodate_causal,both,True,stripes,feet,E,C,No,feet,0.0,mid,irrelevant
127,accommodate,accommodate_none,none,False,feet,stripes,W,F,Yes,feet,5.0,mid,relevant
280,accommodate,accommodate_none,none,False,stripes,feet,E,F,Yes,feet,6.0,mid,irrelevant
265,accommodate,accommodate_none,none,False,feet,stripes,E,C,No,feet,6.0,mid,relevant
279,accommodate,accommodate_none,none,False,feet,stripes,E,F,Yes,feet,5.0,mid,relevant
238,accommodate,accommodate_none,none,False,stripes,feet,W,C,Yes,feet,-6.0,mid,irrelevant
178,accommodate,accommodate_none,none,False,stripes,feet,W,F,Yes,feet,5.0,mid,irrelevant
35,accommodate,accommodate_causal,both,True,feet,stripes,E,F,Yes,feet,6.0,mid,relevant
52,accommodate,accommodate_none,none,False,stripes,feet,E,C,Yes,feet,7.0,mid,irrelevant
229,accommodate,accommodate_none,none,False,feet,stripes,W,C,Yes,feet,-2.0,mid,relevant
10,accommodate,accommodate_none,none,False,stripes,feet,W,C,No,feet,-3.0,mid,irrelevant
65,accommodate,accommodate_none,none,False,feet,stripes,E,C,Yes,feet,0.0,mid,relevant
289,accommodate,accommodate_none,none,False,feet,stripes,E,C,Yes,feet,6.0,mid,relevant
253,accommodate,accommodate_none,none,False,feet,stripes,E,C,Yes,feet,0.0,mid,relevant
59,accommodate,accommodate_none,none,False,feet,stripes,W,F,Yes,feet,5.0,mid,relevant
68,accommodate,accommodate_none,none,False,stripes,feet,E,C,No,feet,0.0,mid,irrelevant
95,accommodate,accommodate_none,none,False,feet,stripes,W,F,Yes,feet,5.0,mid,relevant
268,accommodate,accommodate_none,none,False,stripes,feet,E,C,Yes,feet,6.0,mid,irrelevant
234,accommodate,accommodate_none,none,False,stripes,feet,W,C,Yes,feet,6.0,mid,irrelevant
101,accommodate,accommodate_none,none,False,feet,stripes,W,C,Yes,feet,5.0,mid,relevant
116,accommodate,accommodate_none,none,False,stripes,feet,E,F,Yes,feet,-5.0,mid,irrelevant
264,accommodate,accommodate_none,none,False,stripes,feet,E,F,Yes,feet,5.0,mid,irrelevant
46,accommodate,accommodate_none,none,False,stripes,feet,W,C,Yes,feet,2.0,mid,irrelevant
112,accommodate,accommodate_none,none,False,stripes,feet,E,C,No,feet,3.0,mid,irrelevant
21,accommodate,accommodate_none,none,False,feet,stripes,E,C,Yes,feet,5.0,mid,relevant
81,accommodate,accommodate_causal,both,True,feet,stripes,W,C,Yes,feet,7.0,mid,relevant
291,accommodate,accommodate_none,none,False,feet,stripes,W,F,Yes,feet,5.0,mid,relevant
156,accommodate,accommodate_none,none,False,stripes,feet,E,C,No,feet,0.0,mid,irrelevant
295,accommodate,accommodate_none,none,False,feet,stripes,W,F,Yes,feet,0.0,mid,relevant
67,accommodate,accommodate_none,none,False,feet,stripes,E,F,Yes,feet,-4.0,mid,relevant
104,accommodate,accommodate_causal,feet,True,stripes,feet,E,C,Yes,feet,4.0,mid,irrelevant
37,accommodate,accommodate_none,none,False,feet,stripes,E,C,Yes,feet,6.0,mid,relevant
186,accommodate,accommodate_none,none,False,stripes,feet,W,F,No,feet,0.0,mid,irrelevant
165,accommodate,accommodate_none,none,False,feet,stripes,E,C,Yes,feet,5.0,mid,relevant
204,accommodate,accommodate_none,none,False,stripes,feet,E,C,No,feet,4.0,mid,irrelevant
32,accommodate,accommodate_causal,none,True,stripes,feet,E,C,Yes,feet,-3.0,mid,irrelevant
93,accommodate,accommodate_none,none,False,feet,stripes,W,C,Yes,feet,6.0,mid,relevant
153,accommodate,accommodate_none,none,False,feet,stripes,W,C,Yes,feet,5.0,mid,relevant
71,accommodate,accommodate_none,none,False,feet,stripes,W,F,Yes,feet,5.0,mid,relevant
207,accommodate,accommodate_causal,stripes,True,feet,stripes,E,F,No,feet,0.0,mid,relevant
133,accommodate,accommodate_none,none,False,feet,stripes,E,C,Yes,feet,6.0,mid,relevant
36,accommodate,accommodate_none,none,False,stripes,feet,E,F,No,feet,0.0,mid,irrelevant
206,accommodate,accommodate_none,none,False,stripes,feet,W,F,Yes,feet,6.0,mid,irrelevant
169,accommodate,accommodate_causal,none,True,feet,stripes,E,C,Yes,feet,5.0,mid,relevant
300,accommodate,accommodate_none,none,False,stripes,feet,E,F,Yes,feet,5.0,mid,irrelevant
24,accommodate,accommodate_none,none,False,stripes,feet,E,C,Yes,feet,4.0,mid,irrelevant
250,accommodate,accommodate_none,none,False,stripes,feet,W,C,Yes,feet,-3.0,mid,irrelevant
161,accommodate,accommodate_causal,both,True,feet,stripes,W,C,Yes,feet,7.0,mid,relevant
109,accommodate,accommodate_none,none,False,feet,stripes,W,C,Yes,feet,6.0,mid,relevant
152,accommodate,accommodate_none,none,False,stripes,feet,E,C,Yes,feet,-5.0,mid,irrelevant
296,accommodate,accommodate_none,none,False,stripes,feet,E,F,Yes,feet,6.0,mid,irrelevant
43,accommodate,accommodate_none,none,False,feet,stripes,E,F,Yes,feet,6.0,mid,relevant
107,accommodate,accommodate_none,none,False,feet,stripes,W,F,Yes,feet,7.0,mid,relevant
241,accommodate,accommodate_none,none,False,feet,stripes,E,C,Yes,feet,7.0,mid,relevant
66,accommodate,accommodate_none,none,False,stripes,feet,W,C,Yes,feet,-4.0,mid,irrelevant
146,accommodate,accommodate_none,none,False,stripes,feet,W,F,No,feet,4.0,mid,irrelevant
31,accommodate,accommodate_none,none,False,feet,stripes,E,F,Yes,feet,5.0,mid,relevant
55,accommodate,accommodate_none,none,False,feet,stripes,W,F,Yes,feet,0.0,mid,relevant
251,accommodate,accommodate_none,none,False,feet,stripes,E,F,No,feet,0.0,mid,relevant
166,accommodate,accommodate_causal,stripes,True,stripes,feet,W,F,Yes,feet,0.0,mid,irrelevant
99,accommodate,accommodate_none,none,False,feet,stripes,W,F,Yes,feet,5.0,mid,relevant
44,accommodate,accommodate_none,none,False,stripes,feet,E,C,Yes,feet,5.0,mid,irrelevant
118,accommodate,accommodate_none,none,False,stripes,feet,W,F,Yes,feet,3.0,mid,irrelevant
216,accommodate,accommodate_none,none,False,stripes,feet,E,F,Yes,feet,0.0,mid,irrelevant
183,accommodate,accommodate_none,none,False,feet,stripes,W,F,Yes,feet,0.0,mid,relevant
20,accommodate,accommodate_causal,none,True,stripes,feet,E,C,Yes,feet,-6.0,mid,irrelevant
282,accommodate,accommodate_none,none,False,stripes,feet,W,F,Yes,feet,5.0,mid,irrelevant
239,accommodate,accommodate_causal,both,True,feet,stripes,E,F,Yes,feet,5.0,mid,relevant
15,accommodate,accommodate_none,none,False,feet,stripes,E,F,No,feet,0.0,mid,relevant
203,accommodate,accommodate_none,none,False,feet,stripes,W,F,No,feet,0.0,mid,relevant
276,accommodate,accommodate_none,none,False,stripes,feet,E,F,Yes,feet,2.0,mid,irrelevant
45,accommodate,accommodate_none,none,False,feet,stripes,E,C,Yes,feet,6.0,mid,relevant
200,accommodate,accommodate_none,none,False,stripes,feet,E,F,Yes,feet,3.0,mid,irrelevant
225,accommodate,accommodate_causal,both,True,feet,stripes,W,C,No,feet,4.0,mid,relevant
3,accommodate,accommodate_none,none,False,feet,stripes,W,F,Yes,feet,6.0,mid,relevant
98,accommodate,accommodate_none,none,False,stripes,feet,W,C,No,feet,0.0,mid,irrelevant
77,accommodate,accommodate_none,none,False,feet,stripes,W,C,Yes,feet,7.0,mid,relevant
298,accommodate,accommodate_none,none,False,stripes,feet,W,C,No,feet,0.0,mid,irrelevant
142,accommodate,accommodate_none,none,False,stripes,feet,W,C,Yes,feet,5.0,mid,irrelevant
270,accommodate,accommodate_causal,both,True,stripes,feet,W,C,Yes,feet,5.0,mid,irrelevant
292,accommodate,accommodate_none,none,False,stripes,feet,E,F,No,feet,0.0,mid,irrelevant
192,accommodate,accommodate_causal,both,True,stripes,feet,E,F,Yes,feet,6.0,mid,irrelevant
254,accommodate,accommodate_none,none,False,stripes,feet,W,C,Yes,feet,4.0,mid,irrelevant
144,accommodate,accommodate_none,none,False,stripes,feet,E,F,Yes,feet,0.0,mid,irrelevant
8,accommodate,accommodate_none,none,False,stripes,feet,E,F,Yes,feet,5.0,mid,irrelevant
167,accommodate,accommodate_none,none,False,feet,stripes,W,F,Yes,feet,0.0,mid,relevant
28,accommodate,accommodate_none,none,False,stripes,feet,E,F,Yes,feet,7.0,mid,irrelevant
154,accommodate,accommodate_none,none,False,stripes,feet,W,F,Yes,feet,0.0,mid,irrelevant
282,predict,predict,,,stripes,feet,W,F,No,feet,0.0,mid,irrelevant
74,predict,predict,,,stripes,feet,W,F,No,feet,0.0,mid,irrelevant
211,predict,predict,,,feet,stripes,E,F,Yes,feet,4.0,mid,relevant
94,predict,predict,,,stripes,feet,W,F,Yes,feet,0.0,mid,irrelevant
289,predict,predict,,,feet,stripes,E,C,Yes,feet,5.0,mid,relevant
270,predict,predict,,,stripes,feet,W,C,Yes,feet,-5.0,mid,irrelevant
254,predict,predict,,,stripes,feet,W,C,Yes,feet,6.0,mid,irrelevant
186,predict,predict,,,stripes,feet,W,F,Yes,feet,4.0,mid,irrelevant
40,predict,predict,,,stripes,feet,E,F,Yes,feet,-4.0,mid,irrelevant
266,predict,predict,,,stripes,feet,W,C,No,feet,5.0,mid,irrelevant
132,predict,predict,,,stripes,feet,E,C,Yes,feet,5.0,mid,irrelevant
245,predict,predict,,,feet,stripes,W,C,Yes,feet,6.0,mid,relevant
62,predict,predict,,,stripes,feet,W,C,No,feet,3.0,mid,irrelevant
101,predict,predict,,,feet,stripes,W,C,Yes,feet,7.0,mid,relevant
256,predict,predict,,,stripes,feet,E,F,Yes,feet,5.0,mid,irrelevant
173,predict,predict,,,feet,stripes,E,C,Yes,feet,0.0,mid,relevant
201,predict,predict,,,feet,stripes,W,C,Yes,feet,5.0,mid,relevant
233,predict,predict,,,feet,stripes,E,C,Yes,feet,-3.0,mid,relevant
283,predict,predict,,,feet,stripes,W,F,Yes,feet,5.0,mid,relevant
24,predict,predict,,,stripes,feet,E,C,No,feet,0.0,mid,irrelevant
135,predict,predict,,,feet,stripes,E,F,Yes,feet,5.0,mid,relevant
91,predict,predict,,,feet,stripes,W,F,Yes,feet,7.0,mid,relevant
295,predict,predict,,,feet,stripes,W,F,No,feet,0.0,mid,relevant
257,predict,predict,,,feet,stripes,W,C,Yes,feet,6.0,mid,relevant
102,predict,predict,,,stripes,feet,W,F,Yes,feet,0.0,mid,irrelevant
22,predict,predict,,,stripes,feet,W,F,Yes,feet,0.0,mid,irrelevant
196,predict,predict,,,stripes,feet,E,F,Yes,feet,3.0,mid,irrelevant
157,predict,predict,,,feet,stripes,W,C,Yes,feet,0.0,mid,relevant
260,predict,predict,,,stripes,feet,E,C,No,feet,4.0,mid,irrelevant
216,predict,predict,,,stripes,feet,E,F,No,feet,-5.0,mid,irrelevant
60,predict,predict,,,stripes,feet,E,C,No,feet,0.0,mid,irrelevant
207,predict,predict,,,feet,stripes,E,F,Yes,feet,0.0,mid,relevant
83,predict,predict,,,feet,stripes,E,F,Yes,feet,7.0,mid,relevant
45,predict,predict,,,feet,stripes,E,C,Yes,feet,6.0,mid,relevant
47,predict,predict,,,feet,stripes,E,F,Yes,feet,4.0,mid,relevant
300,predict,predict,,,stripes,feet,E,F,Yes,feet,0.0,mid,irrelevant
71,predict,predict,,,feet,stripes,W,F,Yes,feet,6.0,mid,relevant
2,predict,predict,,,stripes,feet,W,C,No,feet,0.0,mid,irrelevant
154,predict,predict,,,stripes,feet,W,F,Yes,feet,5.0,mid,irrelevant
159,predict,predict,,,feet,stripes,E,F,No,feet,0.0,mid,relevant
28,predict,predict,,,stripes,feet,E,F,Yes,feet,7.0,mid,irrelevant
242,predict,predict,,,stripes,feet,W,C,Yes,feet,0.0,mid,irrelevant
248,predict,predict,,,stripes,feet,E,F,Yes,feet,-6.0,mid,irrelevant
93,predict,predict,,,feet,stripes,W,C,Yes,feet,4.0,mid,relevant
148,predict,predict,,,stripes,feet,E,C,Yes,feet,-5.0,mid,irrelevant
70,predict,predict,,,stripes,feet,W,F,Yes,feet,3.0,mid,irrelevant
126,predict,predict,,,stripes,feet,W,C,No,feet,2.0,mid,irrelevant
195,predict,predict,,,feet,stripes,E,F,Yes,feet,6.0,mid,relevant
46,predict,predict,,,stripes,feet,W,C,No,feet,2.0,mid,irrelevant
33,predict,predict,,,feet,stripes,E,C,Yes,feet,7.0,mid,relevant
49,predict,predict,,,feet,stripes,E,C,Yes,feet,-5.0,mid,relevant
258,predict,predict,,,stripes,feet,W,F,Yes,feet,4.0,mid,irrelevant
64,predict,predict,,,stripes,feet,E,F,Yes,feet,5.0,mid,irrelevant
68,predict,predict,,,stripes,feet,E,C,Yes,feet,-3.0,mid,irrelevant
55,predict,predict,,,feet,stripes,W,F,Yes,feet,6.0,mid,relevant
192,predict,predict,,,stripes,feet,E,F,Yes,feet,0.0,mid,irrelevant
278,predict,predict,,,stripes,feet,W,C,No,feet,-4.0,mid,irrelevant
156,predict,predict,,,stripes,feet,E,C,Yes,feet,-6.0,mid,irrelevant
253,predict,predict,,,feet,stripes,E,C,Yes,feet,7.0,mid,relevant
225,predict,predict,,,feet,stripes,W,C,Yes,feet,6.0,mid,relevant
61,predict,predict,,,feet,stripes,W,C,Yes,feet,5.0,mid,relevant
115,predict,predict,,,feet,stripes,E,F,Yes,feet,5.0,mid,relevant
97,predict,predict,,,feet,stripes,E,C,Yes,feet,7.0,mid,relevant
79,predict,predict,,,feet,stripes,W,F,Yes,feet,-4.0,mid,relevant
198,predict,predict,,,stripes,feet,W,F,Yes,feet,-4.0,mid,irrelevant
147,predict,predict,,,feet,stripes,W,F,Yes,feet,-4.0,mid,relevant
181,predict,predict,,,feet,stripes,W,C,Yes,feet,5.0,mid,relevant
133,predict,predict,,,feet,stripes,E,C,Yes,feet,-6.0,mid,relevant
35,predict,predict,,,feet,stripes,E,F,Yes,feet,6.0,mid,relevant
175,predict,predict,,,feet,stripes,E,F,Yes,feet,6.0,mid,relevant
56,predict,predict,,,stripes,feet,E,C,Yes,feet,6.0,mid,irrelevant
239,predict,predict,,,feet,stripes,E,F,Yes,feet,5.0,mid,relevant
153,predict,predict,,,feet,stripes,W,C,Yes,feet,5.0,mid,relevant
142,predict,predict,,,stripes,feet,W,C,No,feet,5.0,mid,irrelevant
189,predict,predict,,,feet,stripes,W,C,No,feet,0.0,mid,relevant
165,predict,predict,,,feet,stripes,E,C,Yes,feet,4.0,mid,relevant
63,predict,predict,,,feet,stripes,W,F,Yes,feet,5.0,mid,relevant
158,predict,predict,,,stripes,feet,W,F,No,feet,6.0,mid,irrelevant
136,predict,predict,,,stripes,feet,E,F,Yes,feet,-6.0,mid,irrelevant
143,predict,predict,,,feet,stripes,E,F,Yes,feet,5.0,mid,relevant
41,predict,predict,,,feet,stripes,E,C,Yes,feet,6.0,mid,relevant
222,predict,predict,,,stripes,feet,W,C,Yes,feet,5.0,mid,irrelevant
162,predict,predict,,,stripes,feet,W,C,No,feet,-4.0,mid,irrelevant
169,predict,predict,,,feet,stripes,E,C,Yes,feet,5.0,mid,relevant
297,predict,predict,,,feet,stripes,W,C,Yes,feet,0.0,mid,relevant
32,predict,predict,,,stripes,feet,E,C,Yes,feet,-6.0,mid,irrelevant
212,predict,predict,,,stripes,feet,E,F,Yes,feet,4.0,mid,irrelevant
262,predict,predict,,,stripes,feet,W,C,Yes,feet,5.0,mid,irrelevant
23,predict,predict,,,feet,stripes,E,F,Yes,feet,-6.0,mid,relevant
264,predict,predict,,,stripes,feet,E,F,No,feet,-6.0,mid,irrelevant
238,predict,predict,,,stripes,feet,W,C,No,feet,0.0,mid,irrelevant
267,predict,predict,,,feet,stripes,E,F,Yes,feet,0.0,mid,relevant
34,predict,predict,,,stripes,feet,W,F,Yes,feet,5.0,mid,irrelevant
164,predict,predict,,,stripes,feet,E,C,Yes,feet,-3.0,mid,irrelevant
52,predict,predict,,,stripes,feet,E,C,No,feet,5.0,mid,irrelevant
218,predict,predict,,,stripes,feet,W,F,No,feet,0.0,mid,irrelevant
75,predict,predict,,,feet,stripes,W,F,Yes,feet,0.0,mid,relevant
208,predict,predict,,,stripes,feet,E,C,Yes,feet,-6.0,mid,irrelevant
27,predict,predict,,,feet,stripes,E,F,Yes,feet,5.0,mid,relevant
3,predict,predict,,,feet,stripes,W,F,Yes,feet,3.0,mid,relevant
146,predict,predict,,,stripes,feet,W,F,Yes,feet,2.0,mid,irrelevant
30,predict,predict,,,stripes,feet,W,F,Yes,feet,0.0,mid,irrelevant
92,predict,predict,,,stripes,feet,E,C,Yes,feet,-3.0,mid,irrelevant
220,predict,predict,,,stripes,feet,E,F,Yes,feet,-5.0,mid,irrelevant
172,predict,predict,,,stripes,feet,E,C,Yes,feet,4.0,mid,irrelevant
31,predict,predict,,,feet,stripes,E,F,Yes,feet,5.0,mid,relevant
113,predict,predict,,,feet,stripes,E,C,Yes,feet,4.0,mid,relevant
273,predict,predict,,,feet,stripes,W,C,Yes,feet,0.0,mid,relevant
88,predict,predict,,,stripes,feet,E,C,Yes,feet,3.0,mid,irrelevant
194,predict,predict,,,stripes,feet,W,F,Yes,feet,6.0,mid,irrelevant
105,predict,predict,,,feet,stripes,E,C,Yes,feet,6.0,mid,relevant
230,predict,predict,,,stripes,feet,W,F,Yes,feet,0.0,mid,irrelevant
50,predict,predict,,,stripes,feet,W,C,No,feet,0.0,mid,irrelevant
26,predict,predict,,,stripes,feet,W,C,No,feet,-5.0,mid,irrelevant
166,predict,predict,,,stripes,feet,W,F,Yes,feet,0.0,mid,irrelevant
145,predict,predict,,,feet,stripes,E,C,Yes,feet,3.0,mid,relevant
206,predict,predict,,,stripes,feet,W,F,Yes,feet,0.0,mid,irrelevant
13,predict,predict,,,feet,stripes,E,C,Yes,feet,6.0,mid,relevant
116,predict,predict,,,stripes,feet,E,F,No,feet,0.0,mid,irrelevant
251,predict,predict,,,feet,stripes,E,F,No,feet,0.0,mid,relevant
100,predict,predict,,,stripes,feet,E,C,Yes,feet,-6.0,mid,irrelevant
299,predict,predict,,,feet,stripes,E,F,Yes,feet,6.0,mid,relevant
199,predict,predict,,,feet,stripes,E,F,Yes,feet,4.0,mid,relevant
53,predict,predict,,,feet,stripes,W,C,No,feet,0.0,mid,relevant
152,predict,predict,,,stripes,feet,E,C,Yes,feet,0.0,mid,irrelevant
204,predict,predict,,,stripes,feet,E,C,Yes,feet,-5.0,mid,irrelevant
185,predict,predict,,,feet,stripes,E,C,Yes,feet,-3.0,mid,relevant
15,predict,predict,,,feet,stripes,E,F,Yes,feet,7.0,mid,relevant
174,predict,predict,,,stripes,feet,W,F,No,feet,-3.0,mid,irrelevant
163,predict,predict,,,feet,stripes,W,F,Yes,feet,0.0,mid,relevant
122,predict,predict,,,stripes,feet,W,F,No,feet,5.0,mid,irrelevant
250,predict,predict,,,stripes,feet,W,C,Yes,feet,0.0,mid,irrelevant
193,predict,predict,,,feet,stripes,E,C,Yes,feet,-5.0,mid,relevant
43,predict,predict,,,feet,stripes,E,F,Yes,feet,6.0,mid,relevant
269,predict,predict,,,feet,stripes,W,C,Yes,feet,7.0,mid,relevant
274,predict,predict,,,stripes,feet,W,F,Yes,feet,0.0,mid,irrelevant
57,predict,predict,,,feet,stripes,W,C,Yes,feet,5.0,mid,relevant
67,predict,predict,,,feet,stripes,E,F,Yes,feet,7.0,mid,relevant
286,predict,predict,,,stripes,feet,W,F,No,feet,0.0,mid,irrelevant
246,predict,predict,,,stripes,feet,W,C,Yes,feet,0.0,mid,irrelevant
6,predict,predict,,,stripes,feet,W,F,Yes,feet,0.0,mid,irrelevant
134,predict,predict,,,stripes,feet,W,C,Yes,feet,-5.0,mid,irrelevant
298,predict,predict,,,stripes,feet,W,C,Yes,feet,3.0,mid,irrelevant
82,predict,predict,,,stripes,feet,W,C,Yes,feet,5.0,mid,irrelevant
276,predict,predict,,,stripes,feet,E,F,Yes,feet,3.0,mid,irrelevant
228,predict,predict,,,stripes,feet,E,C,Yes,feet,0.0,mid,irrelevant
229,predict,predict,,,feet,stripes,W,C,Yes,feet,6.0,mid,relevant
291,predict,predict,,,feet,stripes,W,F,Yes,feet,0.0,mid,relevant
219,predict,predict,,,feet,stripes,E,F,No,feet,0.0,mid,relevant
125,predict,predict,,,feet,stripes,W,C,Yes,feet,6.0,mid,relevant
77,predict,predict,,,feet,stripes,W,C,Yes,feet,6.0,mid,relevant
81,predict,predict,,,feet,stripes,W,C,Yes,feet,7.0,mid,relevant
44,predict,predict,,,stripes,feet,E,C,No,feet,5.0,mid,irrelevant
87,predict,predict,,,feet,stripes,W,F,Yes,feet,7.0,mid,relevant
292,predict,predict,,,stripes,feet,E,F,Yes,feet,0.0,mid,irrelevant
144,predict,predict,,,stripes,feet,E,F,Yes,feet,-6.0,mid,irrelevant
149,predict,predict,,,feet,stripes,W,C,Yes,feet,6.0,mid,relevant
237,predict,predict,,,feet,stripes,W,C,Yes,feet,-6.0,mid,relevant
171,predict,predict,,,feet,stripes,E,F,Yes,feet,6.0,mid,relevant
202,predict,predict,,,stripes,feet,W,C,No,feet,0.0,mid,irrelevant
179,predict,predict,,,feet,stripes,W,F,No,feet,5.0,mid,relevant
10,predict,predict,,,stripes,feet,W,C,Yes,feet,-4.0,mid,irrelevant
261,predict,predict,,,feet,stripes,W,C,Yes,feet,0.0,mid,relevant
66,predict,predict,,,stripes,feet,W,C,Yes,feet,-5.0,mid,irrelevant
139,predict,predict,,,feet,stripes,W,F,Yes,feet,6.0,mid,relevant
215,predict,predict,,,feet,stripes,W,F,Yes,feet,6.0,mid,relevant
1,predict,predict,,,feet,stripes,E,C,Yes,feet,3.0,mid,relevant
84,predict,predict,,,stripes,feet,E,F,Yes,feet,-5.0,mid,irrelevant
231,predict,predict,,,feet,stripes,E,F,Yes,feet,0.0,mid,relevant
244,predict,predict,,,stripes,feet,E,C,Yes,feet,7.0,mid,irrelevant
7,predict,predict,,,feet,stripes,W,F,Yes,feet,4.0,mid,relevant
243,predict,predict,,,feet,stripes,W,F,No,feet,-5.0,mid,relevant
14,predict,predict,,,stripes,feet,W,F,Yes,feet,0.0,mid,irrelevant
255,predict,predict,,,feet,stripes,W,F,Yes,feet,7.0,mid,relevant
137,predict,predict,,,feet,stripes,W,C,Yes,feet,4.0,mid,relevant
98,predict,predict,,,stripes,feet,W,C,Yes,feet,3.0,mid,irrelevant
21,predict,predict,,,feet,stripes,E,C,Yes,feet,5.0,mid,relevant
271,predict,predict,,,feet,stripes,E,F,Yes,feet,-5.0,mid,relevant
183,predict,predict,,,feet,stripes,W,F,No,feet,-6.0,mid,relevant
280,predict,predict,,,stripes,feet,E,F,Yes,feet,-6.0,mid,irrelevant
118,predict,predict,,,stripes,feet,W,F,Yes,feet,-4.0,mid,irrelevant
155,predict,predict,,,feet,stripes,W,F,Yes,feet,6.0,mid,relevant
287,predict,predict,,,feet,stripes,E,F,Yes,feet,-5.0,mid,relevant
54,predict,predict,,,stripes,feet,W,F,No,feet,5.0,mid,irrelevant
65,predict,predict,,,feet,stripes,E,C,Yes,feet,0.0,mid,relevant
203,predict,predict,,,feet,stripes,W,F,Yes,feet,5.0,mid,relevant
59,predict,predict,,,feet,stripes,W,F,No,feet,0.0,mid,relevant
103,predict,predict,,,feet,stripes,W,F,Yes,feet,6.0,mid,relevant
85,predict,predict,,,feet,stripes,W,C,Yes,feet,5.0,mid,relevant
131,predict,predict,,,feet,stripes,W,F,No,feet,0.0,mid,relevant
170,predict,predict,,,stripes,feet,W,C,No,feet,0.0,mid,irrelevant
12,predict,predict,,,stripes,feet,E,F,Yes,feet,-5.0,mid,irrelevant
281,predict,predict,,,feet,stripes,E,C,Yes,feet,4.0,mid,relevant
227,predict,predict,,,feet,stripes,W,F,Yes,feet,5.0,mid,relevant
268,predict,predict,,,stripes,feet,E,C,No,feet,-6.0,mid,irrelevant
296,predict,predict,,,stripes,feet,E,F,Yes,feet,0.0,mid,irrelevant
294,predict,predict,,,stripes,feet,W,F,Yes,feet,6.0,mid,irrelevant
37,predict,predict,,,feet,stripes,E,C,Yes,feet,3.0,mid,relevant
124,predict,predict,,,stripes,feet,E,F,No,feet,2.0,mid,irrelevant
209,predict,predict,,,feet,stripes,W,C,Yes,feet,4.0,mid,relevant
123,predict,predict,,,feet,stripes,E,F,Yes,feet,7.0,mid,relevant
217,predict,predict,,,feet,stripes,W,C,Yes,feet,0.0,mid,relevant
69,predict,predict,,,feet,stripes,E,C,Yes,feet,0.0,mid,relevant
226,predict,predict,,,stripes,feet,W,C,Yes,feet,5.0,mid,irrelevant
72,predict,predict,,,stripes,feet,E,F,Yes,feet,-4.0,mid,irrelevant
129,predict,predict,,,feet,stripes,E,C,Yes,feet,6.0,mid,relevant
48,predict,predict,,,stripes,feet,E,F,Yes,feet,0.0,mid,irrelevant
190,predict,predict,,,stripes,feet,W,C,No,feet,0.0,mid,irrelevant
236,predict,predict,,,stripes,feet,E,C,Yes,feet,6.0,mid,irrelevant
178,predict,predict,,,stripes,feet,W,F,Yes,feet,6.0,mid,irrelevant
16,predict,predict,,,stripes,feet,E,F,Yes,feet,0.0,mid,irrelevant
119,predict,predict,,,feet,stripes,E,F,Yes,feet,0.0,mid,relevant
107,predict,predict,,,feet,stripes,W,F,Yes,feet,6.0,mid,relevant
168,predict,predict,,,stripes,feet,E,C,Yes,feet,7.0,mid,irrelevant
73,predict,predict,,,feet,stripes,E,C,Yes,feet,5.0,mid,relevant
138,predict,predict,,,stripes,feet,W,C,Yes,feet,-2.0,mid,irrelevant
214,predict,predict,,,stripes,feet,W,C,Yes,feet,0.0,mid,irrelevant
151,predict,predict,,,feet,stripes,W,F,Yes,feet,7.0,mid,relevant
99,predict,predict,,,feet,stripes,W,F,Yes,feet,5.0,mid,relevant
187,predict,predict,,,feet,stripes,E,F,Yes,feet,3.0,mid,relevant
128,predict,predict,,,stripes,feet,E,F,Yes,feet,6.0,mid,irrelevant
58,predict,predict,,,stripes,feet,W,C,Yes,feet,4.0,mid,irrelevant
224,predict,predict,,,stripes,feet,E,C,No,feet,0.0,mid,irrelevant
140,predict,predict,,,stripes,feet,E,C,Yes,feet,3.0,mid,irrelevant
232,predict,predict,,,stripes,feet,E,F,Yes,feet,5.0,mid,irrelevant
9,predict,predict,,,feet,stripes,W,C,No,feet,0.0,mid,relevant
4,predict,predict,,,stripes,feet,E,F,Yes,feet,5.0,mid,irrelevant
191,predict,predict,,,feet,stripes,E,F,Yes,feet,-4.0,mid,relevant
80,predict,predict,,,stripes,feet,E,C,No,feet,3.0,mid,irrelevant
252,predict,predict,,,stripes,feet,E,F,Yes,feet,-2.0,mid,irrelevant
141,predict,predict,,,feet,stripes,W,C,Yes,feet,6.0,mid,relevant
200,predict,predict,,,stripes,feet,E,F,Yes,feet,-5.0,mid,irrelevant
39,predict,predict,,,feet,stripes,W,F,Yes,feet,5.0,mid,relevant
17,predict,predict,,,feet,stripes,E,C,Yes,feet,5.0,mid,relevant
108,predict,predict,,,stripes,feet,E,C,No,feet,6.0,mid,irrelevant
11,predict,predict,,,feet,stripes,W,F,Yes,feet,7.0,mid,relevant
121,predict,predict,,,feet,stripes,W,C,Yes,feet,6.0,mid,relevant
188,predict,predict,,,stripes,feet,E,F,Yes,feet,5.0,mid,irrelevant
167,predict,predict,,,feet,stripes,W,F,Yes,feet,0.0,mid,relevant
150,predict,predict,,,stripes,feet,W,C,Yes,feet,5.0,mid,irrelevant
184,predict,predict,,,stripes,feet,E,F,Yes,feet,3.0,mid,irrelevant
19,predict,predict,,,feet,stripes,E,F,Yes,feet,7.0,mid,relevant
38,predict,predict,,,stripes,feet,W,C,No,feet,0.0,mid,irrelevant
180,predict,predict,,,stripes,feet,E,F,Yes,feet,-4.0,mid,irrelevant
89,predict,predict,,,feet,stripes,W,C,Yes,feet,5.0,mid,relevant
279,predict,predict,,,feet,stripes,E,F,Yes,feet,5.0,mid,relevant
95,predict,predict,,,feet,stripes,W,F,Yes,feet,5.0,mid,relevant
20,predict,predict,,,stripes,feet,E,C,Yes,feet,0.0,mid,irrelevant
117,predict,predict,,,feet,stripes,W,C,Yes,feet,5.0,mid,relevant
160,predict,predict,,,stripes,feet,E,F,Yes,feet,3.0,mid,irrelevant
109,predict,predict,,,feet,stripes,W,C,Yes,feet,-4.0,mid,relevant
234,predict,predict,,,stripes,feet,W,C,Yes,feet,-7.0,mid,irrelevant
176,predict,predict,,,stripes,feet,E,F,Yes,feet,7.0,mid,irrelevant
18,predict,predict,,,stripes,feet,W,F,Yes,feet,5.0,mid,irrelevant
210,predict,predict,,,stripes,feet,W,C,No,feet,0.0,mid,irrelevant
5,predict,predict,,,feet,stripes,W,C,Yes,feet,3.0,mid,relevant
106,predict,predict,,,stripes,feet,W,C,Yes,feet,-2.0,mid,irrelevant
127,predict,predict,,,feet,stripes,W,F,Yes,feet,-5.0,mid,relevant
120,predict,predict,,,stripes,feet,E,F,Yes,feet,4.0,mid,irrelevant
25,predict,predict,,,feet,stripes,W,C,Yes,feet,0.0,mid,relevant
182,predict,predict,,,stripes,feet,W,F,No,feet,0.0,mid,irrelevant
205,predict,predict,,,feet,stripes,E,C,Yes,feet,6.0,mid,relevant
96,predict,predict,,,stripes,feet,E,C,Yes,feet,-6.0,mid,irrelevant
42,predict,predict,,,stripes,feet,W,C,No,feet,5.0,mid,irrelevant
259,predict,predict,,,feet,stripes,E,F,Yes,feet,-4.0,mid,relevant
288,predict,predict,,,stripes,feet,E,F,No,feet,-4.0,mid,irrelevant
247,predict,predict,,,feet,stripes,E,F,Yes,feet,0.0,mid,relevant
221,predict,predict,,,feet,stripes,W,C,Yes,feet,-4.0,mid,relevant
130,predict,predict,,,stripes,feet,W,C,No,feet,0.0,mid,irrelevant
241,predict,predict,,,feet,stripes,E,C,Yes,feet,6.0,mid,relevant
249,predict,predict,,,feet,stripes,E,C,Yes,feet,5.0,mid,relevant
277,predict,predict,,,feet,stripes,E,C,Yes,feet,5.0,mid,relevant
111,predict,predict,,,feet,stripes,E,F,Yes,feet,4.0,mid,relevant
8,predict,predict,,,stripes,feet,E,F,No,feet,6.0,mid,irrelevant
290,predict,predict,,,stripes,feet,W,C,No,feet,0.0,mid,irrelevant
213,predict,predict,,,feet,stripes,E,C,Yes,feet,6.0,mid,relevant
223,predict,predict,,,feet,stripes,E,F,Yes,feet,6.0,mid,relevant
36,predict,predict,,,stripes,feet,E,F,Yes,feet,4.0,mid,irrelevant
112,predict,predict,,,stripes,feet,E,C,Yes,feet,-5.0,mid,irrelevant
104,predict,predict,,,stripes,feet,E,C,Yes,feet,-5.0,mid,irrelevant
51,predict,predict,,,feet,stripes,E,F,Yes,feet,4.0,mid,relevant
293,predict,predict,,,feet,stripes,E,C,Yes,feet,0.0,mid,relevant
90,predict,predict,,,stripes,feet,W,C,Yes,feet,6.0,mid,irrelevant
114,predict,predict,,,stripes,feet,W,F,No,feet,6.0,mid,irrelevant
110,predict,predict,,,stripes,feet,W,C,Yes,feet,3.0,mid,irrelevant
29,predict,predict,,,feet,stripes,E,C,Yes,feet,0.0,mid,relevant
285,predict,predict,,,feet,stripes,E,C,No,feet,6.0,mid,relevant
161,predict,predict,,,feet,stripes,W,C,Yes,feet,5.0,mid,relevant
235,predict,predict,,,feet,stripes,W,F,Yes,feet,4.0,mid,relevant
78,predict,predict,,,stripes,feet,W,C,Yes,feet,4.0,mid,irrelevant
197,predict,predict,,,feet,stripes,W,C,Yes,feet,7.0,mid,relevant
265,predict,predict,,,feet,stripes,E,C,Yes,feet,-5.0,mid,relevant
86,predict,predict,,,stripes,feet,W,F,No,feet,-5.0,mid,irrelevant
226,accommodate,accommodate_none,none,False,stripes,feet,W,C,No,stripes,0.0,mid,relevant
210,accommodate,accommodate_none,none,False,stripes,feet,W,C,No,stripes,-7.0,mid,relevant
269,accommodate,accommodate_causal,both,True,feet,stripes,W,C,Yes,stripes,-6.0,mid,irrelevant
215,accommodate,accommodate_none,none,False,feet,stripes,W,F,Yes,stripes,0.0,mid,irrelevant
83,accommodate,accommodate_none,none,False,feet,stripes,E,F,No,stripes,0.0,mid,irrelevant
171,accommodate,accommodate_none,none,False,feet,stripes,E,F,Yes,stripes,0.0,mid,irrelevant
157,accommodate,accommodate_causal,feet,True,feet,stripes,W,C,Yes,stripes,4.0,mid,irrelevant
1,accommodate,accommodate_none,none,False,feet,stripes,E,C,Yes,stripes,-5.0,mid,irrelevant
122,accommodate,accommodate_none,none,False,stripes,feet,W,F,Yes,stripes,7.0,mid,relevant
149,accommodate,accommodate_none,none,False,feet,stripes,W,C,Yes,stripes,4.0,mid,irrelevant
262,accommodate,accommodate_none,none,False,stripes,feet,W,C,Yes,stripes,-6.0,mid,relevant
244,accommodate,accommodate_none,none,False,stripes,feet,E,C,No,stripes,-7.0,mid,relevant
175,accommodate,accommodate_causal,both,True,feet,stripes,E,F,Yes,stripes,4.0,mid,irrelevant
208,accommodate,accommodate_none,none,False,stripes,feet,E,C,Yes,stripes,6.0,mid,relevant
283,accommodate,accommodate_none,none,False,feet,stripes,W,F,Yes,stripes,0.0,mid,irrelevant
143,accommodate,accommodate_none,none,False,feet,stripes,E,F,Yes,stripes,5.0,mid,irrelevant
119,accommodate,accommodate_causal,feet,True,feet,stripes,E,F,Yes,stripes,0.0,mid,irrelevant
19,accommodate,accommodate_none,none,False,feet,stripes,E,F,Yes,stripes,4.0,mid,irrelevant
170,accommodate,accommodate_none,none,False,stripes,feet,W,C,Yes,stripes,6.0,mid,relevant
297,accommodate,accommodate_causal,both,True,feet,stripes,W,C,Yes,stripes,0.0,mid,irrelevant
285,accommodate,accommodate_none,none,False,feet,stripes,E,C,Yes,stripes,3.0,mid,irrelevant
227,accommodate,accommodate_none,none,False,feet,stripes,W,F,Yes,stripes,-5.0,mid,irrelevant
174,accommodate,accommodate_causal,both,True,stripes,feet,W,F,Yes,stripes,5.0,mid,relevant
89,accommodate,accommodate_causal,both,True,feet,stripes,W,C,Yes,stripes,5.0,mid,irrelevant
287,accommodate,accommodate_none,none,False,feet,stripes,E,F,Yes,stripes,-6.0,mid,irrelevant
6,accommodate,accommodate_none,none,False,stripes,feet,W,F,No,stripes,6.0,mid,relevant
27,accommodate,accommodate_causal,feet,True,feet,stripes,E,F,Yes,stripes,0.0,mid,irrelevant
124,accommodate,accommodate_none,none,False,stripes,feet,E,F,Yes,stripes,6.0,mid,relevant
158,accommodate,accommodate_none,none,False,stripes,feet,W,F,Yes,stripes,4.0,mid,relevant
150,accommodate,accommodate_none,none,False,stripes,feet,W,C,Yes,stripes,5.0,mid,relevant
96,accommodate,accommodate_causal,both,True,stripes,feet,E,C,Yes,stripes,5.0,mid,relevant
84,accommodate,accommodate_none,none,False,stripes,feet,E,F,Yes,stripes,4.0,mid,relevant
179,accommodate,accommodate_none,none,False,feet,stripes,W,F,Yes,stripes,4.0,mid,irrelevant
30,accommodate,accommodate_none,none,False,stripes,feet,W,F,Yes,stripes,5.0,mid,relevant
151,accommodate,accommodate_none,none,False,feet,stripes,W,F,No,stripes,0.0,mid,irrelevant
86,accommodate,accommodate_none,none,False,stripes,feet,W,F,Yes,stripes,7.0,mid,relevant
69,accommodate,accommodate_none,none,False,feet,stripes,E,C,Yes,stripes,3.0,mid,irrelevant
29,accommodate,accommodate_none,none,False,feet,stripes,E,C,Yes,stripes,0.0,mid,irrelevant
16,accommodate,accommodate_none,none,False,stripes,feet,E,F,Yes,stripes,6.0,mid,relevant
286,accommodate,accommodate_causal,stripes,True,stripes,feet,W,F,Yes,stripes,7.0,mid,relevant
88,accommodate,accommodate_none,none,False,stripes,feet,E,C,No,stripes,6.0,mid,relevant
75,accommodate,accommodate_none,none,False,feet,stripes,W,F,Yes,stripes,0.0,mid,irrelevant
242,accommodate,accommodate_none,none,False,stripes,feet,W,C,Yes,stripes,5.0,mid,relevant
79,accommodate,accommodate_none,none,False,feet,stripes,W,F,Yes,stripes,5.0,mid,irrelevant
182,accommodate,accommodate_none,none,False,stripes,feet,W,F,Yes,stripes,4.0,mid,relevant
117,accommodate,accommodate_none,none,False,feet,stripes,W,C,Yes,stripes,3.0,mid,irrelevant
196,accommodate,accommodate_none,none,False,stripes,feet,E,F,Yes,stripes,5.0,mid,relevant
193,accommodate,accommodate_none,none,False,feet,stripes,E,C,Yes,stripes,5.0,mid,irrelevant
53,accommodate,accommodate_causal,feet,True,feet,stripes,W,C,Yes,stripes,4.0,mid,irrelevant
34,accommodate,accommodate_none,none,False,stripes,feet,W,F,No,stripes,6.0,mid,relevant
114,accommodate,accommodate_none,none,False,stripes,feet,W,F,No,stripes,0.0,mid,relevant
103,accommodate,accommodate_none,none,False,feet,stripes,W,F,Yes,stripes,6.0,mid,irrelevant
58,accommodate,accommodate_none,none,False,stripes,feet,W,C,No,stripes,7.0,mid,relevant
228,accommodate,accommodate_none,none,False,stripes,feet,E,C,Yes,stripes,5.0,mid,relevant
51,accommodate,accommodate_none,none,False,feet,stripes,E,F,Yes,stripes,5.0,mid,irrelevant
130,accommodate,accommodate_none,none,False,stripes,feet,W,C,No,stripes,7.0,mid,relevant
163,accommodate,accommodate_none,none,False,feet,stripes,W,F,Yes,stripes,7.0,mid,irrelevant
236,accommodate,accommodate_none,none,False,stripes,feet,E,C,Yes,stripes,0.0,mid,relevant
159,accommodate,accommodate_causal,feet,True,feet,stripes,E,F,Yes,stripes,0.0,mid,irrelevant
202,accommodate,accommodate_none,none,False,stripes,feet,W,C,Yes,stripes,6.0,mid,relevant
248,accommodate,accommodate_none,none,False,stripes,feet,E,F,No,stripes,5.0,mid,relevant
132,accommodate,accommodate_none,none,False,stripes,feet,E,C,Yes,stripes,6.0,mid,relevant
11,accommodate,accommodate_none,none,False,feet,stripes,W,F,Yes,stripes,3.0,mid,irrelevant
190,accommodate,accommodate_none,none,False,stripes,feet,W,C,Yes,stripes,5.0,mid,relevant
80,accommodate,accommodate_none,none,False,stripes,feet,E,C,Yes,stripes,6.0,mid,relevant
223,accommodate,accommodate_causal,stripes,True,feet,stripes,E,F,Yes,stripes,-3.0,mid,irrelevant
13,accommodate,accommodate_none,none,False,feet,stripes,E,C,Yes,stripes,6.0,mid,irrelevant
111,accommodate,accommodate_none,none,False,feet,stripes,E,F,Yes,stripes,0.0,mid,irrelevant
219,accommodate,accommodate_none,none,False,feet,stripes,E,F,Yes,stripes,6.0,mid,irrelevant
201,accommodate,accommodate_causal,both,True,feet,stripes,W,C,Yes,stripes,-3.0,mid,irrelevant
5,accommodate,accommodate_none,none,False,feet,stripes,W,C,Yes,stripes,0.0,mid,irrelevant
255,accommodate,accommodate_causal,stripes,True,feet,stripes,W,F,Yes,stripes,0.0,mid,irrelevant
181,accommodate,accommodate_none,none,False,feet,stripes,W,C,Yes,stripes,4.0,mid,irrelevant
125,accommodate,accommodate_none,none,False,feet,stripes,W,C,Yes,stripes,5.0,mid,irrelevant
162,accommodate,accommodate_none,none,False,stripes,feet,W,C,Yes,stripes,0.0,mid,relevant
198,accommodate,accommodate_none,none,False,stripes,feet,W,F,No,stripes,0.0,mid,relevant
293,accommodate,accommodate_none,none,False,feet,stripes,E,C,Yes,stripes,-7.0,mid,irrelevant
9,accommodate,accommodate_none,none,False,feet,stripes,W,C,Yes,stripes,0.0,mid,irrelevant
176,accommodate,accommodate_none,none,False,stripes,feet,E,F,Yes,stripes,0.0,mid,relevant
85,accommodate,accommodate_causal,feet,True,feet,stripes,W,C,Yes,stripes,0.0,mid,irrelevant
139,accommodate,accommodate_none,none,False,feet,stripes,W,F,Yes,stripes,-5.0,mid,irrelevant
271,accommodate,accommodate_none,none,False,feet,stripes,E,F,Yes,stripes,4.0,mid,irrelevant
4,accommodate,accommodate_none,none,False,stripes,feet,E,F,Yes,stripes,5.0,mid,relevant
231,accommodate,accommodate_none,none,False,feet,stripes,E,F,Yes,stripes,-3.0,mid,irrelevant
224,accommodate,accommodate_none,none,False,stripes,feet,E,C,Yes,stripes,7.0,mid,relevant
87,accommodate,accommodate_none,none,False,feet,stripes,W,F,Yes,stripes,0.0,mid,irrelevant
189,accommodate,accommodate_none,none,False,feet,stripes,W,C,Yes,stripes,0.0,mid,irrelevant
135,accommodate,accommodate_none,none,False,feet,stripes,E,F,Yes,stripes,0.0,mid,irrelevant
70,accommodate,accommodate_causal,both,True,stripes,feet,W,F,Yes,stripes,0.0,mid,relevant
115,accommodate,accommodate_none,none,False,feet,stripes,E,F,Yes,stripes,-5.0,mid,irrelevant
197,accommodate,accommodate_none,none,False,feet,stripes,W,C,Yes,stripes,3.0,mid,irrelevant
209,accommodate,accommodate_causal,both,True,feet,stripes,W,C,Yes,stripes,-5.0,mid,irrelevant
191,accommodate,accommodate_none,none,False,feet,stripes,E,F,Yes,stripes,5.0,mid,irrelevant
50,accommodate,accommodate_none,none,False,stripes,feet,W,C,Yes,stripes,6.0,mid,relevant
91,accommodate,accommodate_none,none,False,feet,stripes,W,F,Yes,stripes,-3.0,mid,irrelevant
61,accommodate,accommodate_none,none,False,feet,stripes,W,C,Yes,stripes,0.0,mid,irrelevant
164,accommodate,accommodate_none,none,False,stripes,feet,E,C,No,stripes,4.0,mid,relevant
48,accommodate,accommodate_none,none,False,stripes,feet,E,F,Yes,stripes,6.0,mid,relevant
106,accommodate,accommodate_none,none,False,stripes,feet,W,C,Yes,stripes,5.0,mid,relevant
148,accommodate,accommodate_none,none,False,stripes,feet,E,C,No,stripes,6.0,mid,relevant
136,accommodate,accommodate_none,none,False,stripes,feet,E,F,Yes,stripes,5.0,mid,relevant
94,accommodate,accommodate_none,none,False,stripes,feet,W,F,Yes,stripes,7.0,mid,relevant
222,accommodate,accommodate_none,none,False,stripes,feet,W,C,No,stripes,0.0,mid,relevant
14,accommodate,accommodate_none,none,False,stripes,feet,W,F,No,stripes,5.0,mid,relevant
97,accommodate,accommodate_none,none,False,feet,stripes,E,C,Yes,stripes,0.0,mid,irrelevant
281,accommodate,accommodate_none,none,False,feet,stripes,E,C,No,stripes,5.0,mid,irrelevant
62,accommodate,accommodate_none,none,False,stripes,feet,W,C,Yes,stripes,7.0,mid,relevant
258,accommodate,accommodate_none,none,False,stripes,feet,W,F,Yes,stripes,6.0,mid,relevant
257,accommodate,accommodate_none,none,False,feet,stripes,W,C,Yes,stripes,3.0,mid,irrelevant
17,accommodate,accommodate_none,none,False,feet,stripes,E,C,Yes,stripes,0.0,mid,irrelevant
212,accommodate,accommodate_none,none,False,stripes,feet,E,F,Yes,stripes,0.0,mid,relevant
294,accommodate,accommodate_none,none,False,stripes,feet,W,F,Yes,stripes,6.0,mid,relevant
168,accommodate,accommodate_causal,both,True,stripes,feet,E,C,Yes,stripes,3.0,mid,relevant
194,accommodate,accommodate_none,none,False,stripes,feet,W,F,Yes,stripes,0.0,mid,relevant
185,accommodate,accommodate_none,none,False,feet,stripes,E,C,Yes,stripes,4.0,mid,irrelevant
288,accommodate,accommodate_none,none,False,stripes,feet,E,F,No,stripes,0.0,mid,relevant
121,accommodate,accommodate_causal,both,True,feet,stripes,W,C,Yes,stripes,3.0,mid,irrelevant
78,accommodate,accommodate_none,none,False,stripes,feet,W,C,Yes,stripes,7.0,mid,relevant
57,accommodate,accommodate_none,none,False,feet,stripes,W,C,Yes,stripes,0.0,mid,irrelevant
259,accommodate,accommodate_none,none,False,feet,stripes,E,F,Yes,stripes,0.0,mid,irrelevant
120,accommodate,accommodate_none,none,False,stripes,feet,E,F,Yes,stripes,7.0,mid,relevant
90,accommodate,accommodate_none,none,False,stripes,feet,W,C,No,stripes,-6.0,mid,relevant
180,accommodate,accommodate_none,none,False,stripes,feet,E,F,No,stripes,7.0,mid,relevant
22,accommodate,accommodate_none,none,False,stripes,feet,W,F,Yes,stripes,6.0,mid,relevant
145,accommodate,accommodate_none,none,False,feet,stripes,E,C,Yes,stripes,5.0,mid,irrelevant
123,accommodate,accommodate_none,none,False,feet,stripes,E,F,Yes,stripes,6.0,mid,irrelevant
220,accommodate,accommodate_none,none,False,stripes,feet,E,F,No,stripes,0.0,mid,relevant
40,accommodate,accommodate_none,none,False,stripes,feet,E,F,No,stripes,3.0,mid,relevant
82,accommodate,accommodate_none,none,False,stripes,feet,W,C,Yes,stripes,4.0,mid,relevant
54,accommodate,accommodate_none,none,False,stripes,feet,W,F,Yes,stripes,7.0,mid,relevant
155,accommodate,accommodate_none,none,False,feet,stripes,W,F,Yes,stripes,6.0,mid,irrelevant
105,accommodate,accommodate_none,none,False,feet,stripes,E,C,Yes,stripes,-6.0,mid,irrelevant
237,accommodate,accommodate_causal,both,True,feet,stripes,W,C,Yes,stripes,0.0,mid,irrelevant
173,accommodate,accommodate_none,none,False,feet,stripes,E,C,Yes,stripes,2.0,mid,irrelevant
25,accommodate,accommodate_none,none,False,feet,stripes,W,C,Yes,stripes,7.0,mid,irrelevant
299,accommodate,accommodate_causal,both,True,feet,stripes,E,F,Yes,stripes,-5.0,mid,irrelevant
108,accommodate,accommodate_none,none,False,stripes,feet,E,C,Yes,stripes,-5.0,mid,relevant
245,accommodate,accommodate_none,none,False,feet,stripes,W,C,Yes,stripes,-6.0,mid,irrelevant
247,accommodate,accommodate_none,none,False,feet,stripes,E,F,Yes,stripes,3.0,mid,irrelevant
72,accommodate,accommodate_none,none,False,stripes,feet,E,F,Yes,stripes,3.0,mid,relevant
266,accommodate,accommodate_none,none,False,stripes,feet,W,C,No,stripes,7.0,mid,relevant
243,accommodate,accommodate_none,none,False,feet,stripes,W,F,Yes,stripes,5.0,mid,irrelevant
249,accommodate,accommodate_none,none,False,feet,stripes,E,C,No,stripes,0.0,mid,irrelevant
63,accommodate,accommodate_causal,both,True,feet,stripes,W,F,Yes,stripes,0.0,mid,irrelevant
38,accommodate,accommodate_none,none,False,stripes,feet,W,C,Yes,stripes,-7.0,mid,relevant
60,accommodate,accommodate_none,none,False,stripes,feet,E,C,Yes,stripes,6.0,mid,relevant
256,accommodate,accommodate_none,none,False,stripes,feet,E,F,Yes,stripes,5.0,mid,relevant
184,accommodate,accommodate_none,none,False,stripes,feet,E,F,Yes,stripes,6.0,mid,relevant
23,accommodate,accommodate_none,none,False,feet,stripes,E,F,Yes,stripes,0.0,mid,irrelevant
277,accommodate,accommodate_none,none,False,feet,stripes,E,C,Yes,stripes,6.0,mid,irrelevant
141,accommodate,accommodate_none,none,False,feet,stripes,W,C,Yes,stripes,0.0,mid,irrelevant
33,accommodate,accommodate_causal,both,True,feet,stripes,E,C,Yes,stripes,0.0,mid,irrelevant
213,accommodate,accommodate_none,none,False,feet,stripes,E,C,Yes,stripes,4.0,mid,irrelevant
233,accommodate,accommodate_none,none,False,feet,stripes,E,C,Yes,stripes,0.0,mid,irrelevant
12,accommodate,accommodate_none,none,False,stripes,feet,E,F,Yes,stripes,6.0,mid,relevant
41,accommodate,accommodate_none,none,False,feet,stripes,E,C,No,stripes,7.0,mid,irrelevant
126,accommodate,accommodate_none,none,False,stripes,feet,W,C,Yes,stripes,-6.0,mid,relevant
39,accommodate,accommodate_none,none,False,feet,stripes,W,F,Yes,stripes,0.0,mid,irrelevant
137,accommodate,accommodate_causal,both,True,feet,stripes,W,C,Yes,stripes,0.0,mid,irrelevant
73,accommodate,accommodate_none,none,False,feet,stripes,E,C,Yes,stripes,0.0,mid,irrelevant
246,accommodate,accommodate_none,none,False,stripes,feet,W,C,Yes,stripes,6.0,mid,relevant
274,accommodate,accommodate_none,none,False,stripes,feet,W,F,Yes,stripes,6.0,mid,relevant
113,accommodate,accommodate_causal,feet,True,feet,stripes,E,C,Yes,stripes,0.0,mid,irrelevant
172,accommodate,accommodate_none,none,False,stripes,feet,E,C,No,stripes,7.0,mid,relevant
147,accommodate,accommodate_causal,both,True,feet,stripes,W,F,Yes,stripes,6.0,mid,irrelevant
18,accommodate,accommodate_none,none,False,stripes,feet,W,F,Yes,stripes,-2.0,mid,relevant
134,accommodate,accommodate_none,none,False,stripes,feet,W,C,Yes,stripes,6.0,mid,relevant
129,accommodate,accommodate_none,none,False,feet,stripes,E,C,Yes,stripes,3.0,mid,irrelevant
7,accommodate,accommodate_none,none,False,feet,stripes,W,F,Yes,stripes,7.0,mid,irrelevant
26,accommodate,accommodate_causal,feet,True,stripes,feet,W,C,Yes,stripes,-3.0,mid,relevant
235,accommodate,accommodate_none,none,False,feet,stripes,W,F,Yes,stripes,5.0,mid,irrelevant
49,accommodate,accommodate_none,none,False,feet,stripes,E,C,Yes,stripes,0.0,mid,irrelevant
261,accommodate,accommodate_none,none,False,feet,stripes,W,C,Yes,stripes,0.0,mid,irrelevant
205,accommodate,accommodate_causal,both,True,feet,stripes,E,C,Yes,stripes,0.0,mid,irrelevant
56,accommodate,accommodate_none,none,False,stripes,feet,E,C,Yes,stripes,6.0,mid,relevant
42,accommodate,accommodate_none,none,False,stripes,feet,W,C,No,stripes,0.0,mid,relevant
2,accommodate,accommodate_none,none,False,stripes,feet,W,C,Yes,stripes,7.0,mid,relevant
252,accommodate,accommodate_none,none,False,stripes,feet,E,F,Yes,stripes,6.0,mid,relevant
290,accommodate,accommodate_none,none,False,stripes,feet,W,C,Yes,stripes,0.0,mid,relevant
260,accommodate,accommodate_none,none,False,stripes,feet,E,C,Yes,stripes,-4.0,mid,relevant
230,accommodate,accommodate_none,none,False,stripes,feet,W,F,Yes,stripes,-7.0,mid,relevant
187,accommodate,accommodate_none,none,False,feet,stripes,E,F,Yes,stripes,4.0,mid,irrelevant
188,accommodate,accommodate_none,none,False,stripes,feet,E,F,Yes,stripes,6.0,mid,relevant
232,accommodate,accommodate_none,none,False,stripes,feet,E,F,Yes,stripes,0.0,mid,relevant
92,accommodate,accommodate_none,none,False,stripes,feet,E,C,Yes,stripes,5.0,mid,relevant
214,accommodate,accommodate_none,none,False,stripes,feet,W,C,Yes,stripes,5.0,mid,relevant
138,accommodate,accommodate_none,none,False,stripes,feet,W,C,Yes,stripes,5.0,mid,relevant
217,accommodate,accommodate_none,none,False,feet,stripes,W,C,No,stripes,0.0,mid,irrelevant
64,accommodate,accommodate_causal,both,True,stripes,feet,E,F,Yes,stripes,0.0,mid,relevant
211,accommodate,accommodate_none,none,False,feet,stripes,E,F,Yes,stripes,6.0,mid,irrelevant
221,accommodate,accommodate_none,none,False,feet,stripes,W,C,Yes,stripes,0.0,mid,irrelevant
47,accommodate,accommodate_none,none,False,feet,stripes,E,F,Yes,stripes,5.0,mid,irrelevant
218,accommodate,accommodate_none,none,False,stripes,feet,W,F,No,stripes,0.0,mid,relevant
273,accommodate,accommodate_none,none,False,feet,stripes,W,C,Yes,stripes,-4.0,mid,irrelevant
278,accommodate,accommodate_none,none,False,stripes,feet,W,C,No,stripes,6.0,mid,relevant
267,accommodate,accommodate_none,none,False,feet,stripes,E,F,No,stripes,0.0,mid,irrelevant
160,accommodate,accommodate_causal,both,True,stripes,feet,E,F,Yes,stripes,5.0,mid,relevant
74,accommodate,accommodate_none,none,False,stripes,feet,W,F,Yes,stripes,7.0,mid,relevant
195,accommodate,accommodate_none,none,False,feet,stripes,E,F,Yes,stripes,5.0,mid,irrelevant
128,accommodate,accommodate_none,none,False,stripes,feet,E,F,No,stripes,6.0,mid,relevant
110,accommodate,accommodate_none,none,False,stripes,feet,W,C,Yes,stripes,-6.0,mid,relevant
102,accommodate,accommodate_causal,both,True,stripes,feet,W,F,Yes,stripes,6.0,mid,relevant
100,accommodate,accommodate_none,none,False,stripes,feet,E,C,No,stripes,0.0,mid,relevant
199,accommodate,accommodate_none,none,False,feet,stripes,E,F,Yes,stripes,0.0,mid,irrelevant
131,accommodate,accommodate_none,none,False,feet,stripes,W,F,Yes,stripes,-4.0,mid,irrelevant
140,accommodate,accommodate_causal,both,True,stripes,feet,E,C,No,stripes,5.0,mid,relevant
127,accommodate,accommodate_none,none,False,feet,stripes,W,F,Yes,stripes,-5.0,mid,irrelevant
280,accommodate,accommodate_none,none,False,stripes,feet,E,F,Yes,stripes,6.0,mid,relevant
265,accommodate,accommodate_none,none,False,feet,stripes,E,C,No,stripes,4.0,mid,irrelevant
279,accommodate,accommodate_none,none,False,feet,stripes,E,F,Yes,stripes,0.0,mid,irrelevant
238,accommodate,accommodate_none,none,False,stripes,feet,W,C,Yes,stripes,-6.0,mid,relevant
178,accommodate,accommodate_none,none,False,stripes,feet,W,F,Yes,stripes,6.0,mid,relevant
35,accommodate,accommodate_causal,both,True,feet,stripes,E,F,Yes,stripes,3.0,mid,irrelevant
52,accommodate,accommodate_none,none,False,stripes,feet,E,C,Yes,stripes,7.0,mid,relevant
229,accommodate,accommodate_none,none,False,feet,stripes,W,C,Yes,stripes,-2.0,mid,irrelevant
10,accommodate,accommodate_none,none,False,stripes,feet,W,C,No,stripes,0.0,mid,relevant
65,accommodate,accommodate_none,none,False,feet,stripes,E,C,Yes,stripes,0.0,mid,irrelevant
289,accommodate,accommodate_none,none,False,feet,stripes,E,C,Yes,stripes,-2.0,mid,irrelevant
253,accommodate,accommodate_none,none,False,feet,stripes,E,C,Yes,stripes,3.0,mid,irrelevant
59,accommodate,accommodate_none,none,False,feet,stripes,W,F,Yes,stripes,-6.0,mid,irrelevant
68,accommodate,accommodate_none,none,False,stripes,feet,E,C,No,stripes,6.0,mid,relevant
95,accommodate,accommodate_none,none,False,feet,stripes,W,F,Yes,stripes,-3.0,mid,irrelevant
268,accommodate,accommodate_none,none,False,stripes,feet,E,C,Yes,stripes,5.0,mid,relevant
234,accommodate,accommodate_none,none,False,stripes,feet,W,C,Yes,stripes,-6.0,mid,relevant
101,accommodate,accommodate_none,none,False,feet,stripes,W,C,Yes,stripes,0.0,mid,irrelevant
116,accommodate,accommodate_none,none,False,stripes,feet,E,F,Yes,stripes,-6.0,mid,relevant
264,accommodate,accommodate_none,none,False,stripes,feet,E,F,Yes,stripes,0.0,mid,relevant
46,accommodate,accommodate_none,none,False,stripes,feet,W,C,Yes,stripes,6.0,mid,relevant
112,accommodate,accommodate_none,none,False,stripes,feet,E,C,No,stripes,0.0,mid,relevant
21,accommodate,accommodate_none,none,False,feet,stripes,E,C,Yes,stripes,0.0,mid,irrelevant
81,accommodate,accommodate_causal,both,True,feet,stripes,W,C,Yes,stripes,0.0,mid,irrelevant
291,accommodate,accommodate_none,none,False,feet,stripes,W,F,Yes,stripes,3.0,mid,irrelevant
156,accommodate,accommodate_none,none,False,stripes,feet,E,C,No,stripes,5.0,mid,relevant
295,accommodate,accommodate_none,none,False,feet,stripes,W,F,Yes,stripes,7.0,mid,irrelevant
67,accommodate,accommodate_none,none,False,feet,stripes,E,F,Yes,stripes,-4.0,mid,irrelevant
104,accommodate,accommodate_causal,feet,True,stripes,feet,E,C,Yes,stripes,0.0,mid,relevant
37,accommodate,accommodate_none,none,False,feet,stripes,E,C,Yes,stripes,5.0,mid,irrelevant
186,accommodate,accommodate_none,none,False,stripes,feet,W,F,No,stripes,7.0,mid,relevant
165,accommodate,accommodate_none,none,False,feet,stripes,E,C,Yes,stripes,0.0,mid,irrelevant
204,accommodate,accommodate_none,none,False,stripes,feet,E,C,No,stripes,-5.0,mid,relevant
32,accommodate,accommodate_causal,none,True,stripes,feet,E,C,Yes,stripes,6.0,mid,relevant
93,accommodate,accommodate_none,none,False,feet,stripes,W,C,Yes,stripes,0.0,mid,irrelevant
153,accommodate,accommodate_none,none,False,feet,stripes,W,C,Yes,stripes,4.0,mid,irrelevant
71,accommodate,accommodate_none,none,False,feet,stripes,W,F,Yes,stripes,5.0,mid,irrelevant
207,accommodate,accommodate_causal,stripes,True,feet,stripes,E,F,No,stripes,0.0,mid,irrelevant
133,accommodate,accommodate_none,none,False,feet,stripes,E,C,Yes,stripes,6.0,mid,irrelevant
36,accommodate,accommodate_none,none,False,stripes,feet,E,F,No,stripes,0.0,mid,relevant
206,accommodate,accommodate_none,none,False,stripes,feet,W,F,Yes,stripes,6.0,mid,relevant
169,accommodate,accommodate_causal,none,True,feet,stripes,E,C,Yes,stripes,0.0,mid,irrelevant
300,accommodate,accommodate_none,none,False,stripes,feet,E,F,Yes,stripes,4.0,mid,relevant
24,accommodate,accommodate_none,none,False,stripes,feet,E,C,Yes,stripes,7.0,mid,relevant
250,accommodate,accommodate_none,none,False,stripes,feet,W,C,Yes,stripes,3.0,mid,relevant
161,accommodate,accommodate_causal,both,True,feet,stripes,W,C,Yes,stripes,0.0,mid,irrelevant
109,accommodate,accommodate_none,none,False,feet,stripes,W,C,Yes,stripes,3.0,mid,irrelevant
152,accommodate,accommodate_none,none,False,stripes,feet,E,C,Yes,stripes,0.0,mid,relevant
296,accommodate,accommodate_none,none,False,stripes,feet,E,F,Yes,stripes,-5.0,mid,relevant
43,accommodate,accommodate_none,none,False,feet,stripes,E,F,Yes,stripes,0.0,mid,irrelevant
107,accommodate,accommodate_none,none,False,feet,stripes,W,F,Yes,stripes,0.0,mid,irrelevant
241,accommodate,accommodate_none,none,False,feet,stripes,E,C,Yes,stripes,0.0,mid,irrelevant
66,accommodate,accommodate_none,none,False,stripes,feet,W,C,Yes,stripes,6.0,mid,relevant
146,accommodate,accommodate_none,none,False,stripes,feet,W,F,No,stripes,7.0,mid,relevant
31,accommodate,accommodate_none,none,False,feet,stripes,E,F,Yes,stripes,5.0,mid,irrelevant
55,accommodate,accommodate_none,none,False,feet,stripes,W,F,Yes,stripes,-4.0,mid,irrelevant
251,accommodate,accommodate_none,none,False,feet,stripes,E,F,No,stripes,-5.0,mid,irrelevant
166,accommodate,accommodate_causal,stripes,True,stripes,feet,W,F,Yes,stripes,5.0,mid,relevant
99,accommodate,accommodate_none,none,False,feet,stripes,W,F,Yes,stripes,0.0,mid,irrelevant
44,accommodate,accommodate_none,none,False,stripes,feet,E,C,Yes,stripes,6.0,mid,relevant
118,accommodate,accommodate_none,none,False,stripes,feet,W,F,Yes,stripes,5.0,mid,relevant
216,accommodate,accommodate_none,none,False,stripes,feet,E,F,Yes,stripes,7.0,mid,relevant
183,accommodate,accommodate_none,none,False,feet,stripes,W,F,Yes,stripes,0.0,mid,irrelevant
20,accommodate,accommodate_causal,none,True,stripes,feet,E,C,Yes,stripes,0.0,mid,relevant
282,accommodate,accommodate_none,none,False,stripes,feet,W,F,Yes,stripes,-3.0,mid,relevant
239,accommodate,accommodate_causal,both,True,feet,stripes,E,F,Yes,stripes,5.0,mid,irrelevant
15,accommodate,accommodate_none,none,False,feet,stripes,E,F,No,stripes,0.0,mid,irrelevant
203,accommodate,accommodate_none,none,False,feet,stripes,W,F,No,stripes,0.0,mid,irrelevant
276,accommodate,accommodate_none,none,False,stripes,feet,E,F,Yes,stripes,6.0,mid,relevant
45,accommodate,accommodate_none,none,False,feet,stripes,E,C,Yes,stripes,4.0,mid,irrelevant
200,accommodate,accommodate_none,none,False,stripes,feet,E,F,Yes,stripes,0.0,mid,relevant
225,accommodate,accommodate_causal,both,True,feet,stripes,W,C,No,stripes,0.0,mid,irrelevant
3,accommodate,accommodate_none,none,False,feet,stripes,W,F,Yes,stripes,-5.0,mid,irrelevant
98,accommodate,accommodate_none,none,False,stripes,feet,W,C,No,stripes,0.0,mid,relevant
77,accommodate,accommodate_none,none,False,feet,stripes,W,C,Yes,stripes,0.0,mid,irrelevant
298,accommodate,accommodate_none,none,False,stripes,feet,W,C,No,stripes,0.0,mid,relevant
142,accommodate,accommodate_none,none,False,stripes,feet,W,C,Yes,stripes,6.0,mid,relevant
270,accommodate,accommodate_causal,both,True,stripes,feet,W,C,Yes,stripes,4.0,mid,relevant
292,accommodate,accommodate_none,none,False,stripes,feet,E,F,No,stripes,6.0,mid,relevant
192,accommodate,accommodate_causal,both,True,stripes,feet,E,F,Yes,stripes,0.0,mid,relevant
254,accommodate,accommodate_none,none,False,stripes,feet,W,C,Yes,stripes,3.0,mid,relevant
144,accommodate,accommodate_none,none,False,stripes,feet,E,F,Yes,stripes,0.0,mid,relevant
8,accommodate,accommodate_none,none,False,stripes,feet,E,F,Yes,stripes,-6.0,mid,relevant
167,accommodate,accommodate_none,none,False,feet,stripes,W,F,Yes,stripes,6.0,mid,irrelevant
28,accommodate,accommodate_none,none,False,stripes,feet,E,F,Yes,stripes,7.0,mid,relevant
154,accommodate,accommodate_none,none,False,stripes,feet,W,F,Yes,stripes,0.0,mid,relevant
282,predict,predict,,,stripes,feet,W,F,No,stripes,0.0,mid,relevant
74,predict,predict,,,stripes,feet,W,F,No,stripes,0.0,mid,relevant
211,predict,predict,,,feet,stripes,E,F,Yes,stripes,5.0,mid,irrelevant
94,predict,predict,,,stripes,feet,W,F,Yes,stripes,3.0,mid,relevant
289,predict,predict,,,feet,stripes,E,C,Yes,stripes,5.0,mid,irrelevant
270,predict,predict,,,stripes,feet,W,C,Yes,stripes,-5.0,mid,relevant
254,predict,predict,,,stripes,feet,W,C,Yes,stripes,0.0,mid,relevant
186,predict,predict,,,stripes,feet,W,F,Yes,stripes,5.0,mid,relevant
40,predict,predict,,,stripes,feet,E,F,Yes,stripes,5.0,mid,relevant
266,predict,predict,,,stripes,feet,W,C,No,stripes,6.0,mid,relevant
132,predict,predict,,,stripes,feet,E,C,Yes,stripes,-3.0,mid,relevant
245,predict,predict,,,feet,stripes,W,C,Yes,stripes,-3.0,mid,irrelevant
62,predict,predict,,,stripes,feet,W,C,No,stripes,0.0,mid,relevant
101,predict,predict,,,feet,stripes,W,C,Yes,stripes,0.0,mid,irrelevant
256,predict,predict,,,stripes,feet,E,F,Yes,stripes,-5.0,mid,relevant
173,predict,predict,,,feet,stripes,E,C,Yes,stripes,3.0,mid,irrelevant
201,predict,predict,,,feet,stripes,W,C,Yes,stripes,0.0,mid,irrelevant
233,predict,predict,,,feet,stripes,E,C,Yes,stripes,6.0,mid,irrelevant
283,predict,predict,,,feet,stripes,W,F,Yes,stripes,-5.0,mid,irrelevant
24,predict,predict,,,stripes,feet,E,C,No,stripes,7.0,mid,relevant
135,predict,predict,,,feet,stripes,E,F,Yes,stripes,3.0,mid,irrelevant
91,predict,predict,,,feet,stripes,W,F,Yes,stripes,5.0,mid,irrelevant
295,predict,predict,,,feet,stripes,W,F,No,stripes,4.0,mid,irrelevant
257,predict,predict,,,feet,stripes,W,C,Yes,stripes,-3.0,mid,irrelevant
102,predict,predict,,,stripes,feet,W,F,Yes,stripes,7.0,mid,relevant
22,predict,predict,,,stripes,feet,W,F,Yes,stripes,5.0,mid,relevant
196,predict,predict,,,stripes,feet,E,F,Yes,stripes,6.0,mid,relevant
157,predict,predict,,,feet,stripes,W,C,Yes,stripes,0.0,mid,irrelevant
260,predict,predict,,,stripes,feet,E,C,No,stripes,5.0,mid,relevant
216,predict,predict,,,stripes,feet,E,F,No,stripes,-7.0,mid,relevant
60,predict,predict,,,stripes,feet,E,C,No,stripes,5.0,mid,relevant
207,predict,predict,,,feet,stripes,E,F,Yes,stripes,4.0,mid,irrelevant
83,predict,predict,,,feet,stripes,E,F,Yes,stripes,5.0,mid,irrelevant
45,predict,predict,,,feet,stripes,E,C,Yes,stripes,5.0,mid,irrelevant
47,predict,predict,,,feet,stripes,E,F,Yes,stripes,0.0,mid,irrelevant
300,predict,predict,,,stripes,feet,E,F,Yes,stripes,-5.0,mid,relevant
71,predict,predict,,,feet,stripes,W,F,Yes,stripes,3.0,mid,irrelevant
2,predict,predict,,,stripes,feet,W,C,No,stripes,-5.0,mid,relevant
154,predict,predict,,,stripes,feet,W,F,Yes,stripes,5.0,mid,relevant
159,predict,predict,,,feet,stripes,E,F,No,stripes,0.0,mid,irrelevant
28,predict,predict,,,stripes,feet,E,F,Yes,stripes,7.0,mid,relevant
242,predict,predict,,,stripes,feet,W,C,Yes,stripes,6.0,mid,relevant
248,predict,predict,,,stripes,feet,E,F,Yes,stripes,6.0,mid,relevant
93,predict,predict,,,feet,stripes,W,C,Yes,stripes,0.0,mid,irrelevant
148,predict,predict,,,stripes,feet,E,C,Yes,stripes,6.0,mid,relevant
70,predict,predict,,,stripes,feet,W,F,Yes,stripes,6.0,mid,relevant
126,predict,predict,,,stripes,feet,W,C,No,stripes,-4.0,mid,relevant
195,predict,predict,,,feet,stripes,E,F,Yes,stripes,5.0,mid,irrelevant
46,predict,predict,,,stripes,feet,W,C,No,stripes,4.0,mid,relevant
33,predict,predict,,,feet,stripes,E,C,Yes,stripes,0.0,mid,irrelevant
49,predict,predict,,,feet,stripes,E,C,Yes,stripes,0.0,mid,irrelevant
258,predict,predict,,,stripes,feet,W,F,Yes,stripes,5.0,mid,relevant
64,predict,predict,,,stripes,feet,E,F,Yes,stripes,-5.0,mid,relevant
68,predict,predict,,,stripes,feet,E,C,Yes,stripes,4.0,mid,relevant
55,predict,predict,,,feet,stripes,W,F,Yes,stripes,3.0,mid,irrelevant
192,predict,predict,,,stripes,feet,E,F,Yes,stripes,-4.0,mid,relevant
278,predict,predict,,,stripes,feet,W,C,No,stripes,5.0,mid,relevant
156,predict,predict,,,stripes,feet,E,C,Yes,stripes,-6.0,mid,relevant
253,predict,predict,,,feet,stripes,E,C,Yes,stripes,-7.0,mid,irrelevant
225,predict,predict,,,feet,stripes,W,C,Yes,stripes,0.0,mid,irrelevant
61,predict,predict,,,feet,stripes,W,C,Yes,stripes,0.0,mid,irrelevant
115,predict,predict,,,feet,stripes,E,F,Yes,stripes,5.0,mid,irrelevant
97,predict,predict,,,feet,stripes,E,C,Yes,stripes,0.0,mid,irrelevant
79,predict,predict,,,feet,stripes,W,F,Yes,stripes,4.0,mid,irrelevant
198,predict,predict,,,stripes,feet,W,F,Yes,stripes,0.0,mid,relevant
147,predict,predict,,,feet,stripes,W,F,Yes,stripes,-5.0,mid,irrelevant
181,predict,predict,,,feet,stripes,W,C,Yes,stripes,0.0,mid,irrelevant
133,predict,predict,,,feet,stripes,E,C,Yes,stripes,-3.0,mid,irrelevant
35,predict,predict,,,feet,stripes,E,F,Yes,stripes,0.0,mid,irrelevant
175,predict,predict,,,feet,stripes,E,F,Yes,stripes,2.0,mid,irrelevant
56,predict,predict,,,stripes,feet,E,C,Yes,stripes,0.0,mid,relevant
239,predict,predict,,,feet,stripes,E,F,Yes,stripes,5.0,mid,irrelevant
153,predict,predict,,,feet,stripes,W,C,Yes,stripes,3.0,mid,irrelevant
142,predict,predict,,,stripes,feet,W,C,No,stripes,0.0,mid,relevant
189,predict,predict,,,feet,stripes,W,C,No,stripes,3.0,mid,irrelevant
165,predict,predict,,,feet,stripes,E,C,Yes,stripes,5.0,mid,irrelevant
63,predict,predict,,,feet,stripes,W,F,Yes,stripes,3.0,mid,irrelevant
158,predict,predict,,,stripes,feet,W,F,No,stripes,4.0,mid,relevant
136,predict,predict,,,stripes,feet,E,F,Yes,stripes,6.0,mid,relevant
143,predict,predict,,,feet,stripes,E,F,Yes,stripes,-5.0,mid,irrelevant
41,predict,predict,,,feet,stripes,E,C,Yes,stripes,0.0,mid,irrelevant
222,predict,predict,,,stripes,feet,W,C,Yes,stripes,-6.0,mid,relevant
162,predict,predict,,,stripes,feet,W,C,No,stripes,0.0,mid,relevant
169,predict,predict,,,feet,stripes,E,C,Yes,stripes,-5.0,mid,irrelevant
297,predict,predict,,,feet,stripes,W,C,Yes,stripes,0.0,mid,irrelevant
32,predict,predict,,,stripes,feet,E,C,Yes,stripes,-5.0,mid,relevant
212,predict,predict,,,stripes,feet,E,F,Yes,stripes,7.0,mid,relevant
262,predict,predict,,,stripes,feet,W,C,Yes,stripes,-3.0,mid,relevant
23,predict,predict,,,feet,stripes,E,F,Yes,stripes,2.0,mid,irrelevant
264,predict,predict,,,stripes,feet,E,F,No,stripes,0.0,mid,relevant
238,predict,predict,,,stripes,feet,W,C,No,stripes,6.0,mid,relevant
267,predict,predict,,,feet,stripes,E,F,Yes,stripes,0.0,mid,irrelevant
34,predict,predict,,,stripes,feet,W,F,Yes,stripes,5.0,mid,relevant
164,predict,predict,,,stripes,feet,E,C,Yes,stripes,0.0,mid,relevant
52,predict,predict,,,stripes,feet,E,C,No,stripes,0.0,mid,relevant
218,predict,predict,,,stripes,feet,W,F,No,stripes,-6.0,mid,relevant
75,predict,predict,,,feet,stripes,W,F,Yes,stripes,6.0,mid,irrelevant
208,predict,predict,,,stripes,feet,E,C,Yes,stripes,5.0,mid,relevant
27,predict,predict,,,feet,stripes,E,F,Yes,stripes,-3.0,mid,irrelevant
3,predict,predict,,,feet,stripes,W,F,Yes,stripes,0.0,mid,irrelevant
146,predict,predict,,,stripes,feet,W,F,Yes,stripes,2.0,mid,relevant
30,predict,predict,,,stripes,feet,W,F,Yes,stripes,5.0,mid,relevant
92,predict,predict,,,stripes,feet,E,C,Yes,stripes,5.0,mid,relevant
220,predict,predict,,,stripes,feet,E,F,Yes,stripes,-7.0,mid,relevant
172,predict,predict,,,stripes,feet,E,C,Yes,stripes,6.0,mid,relevant
31,predict,predict,,,feet,stripes,E,F,Yes,stripes,0.0,mid,irrelevant
113,predict,predict,,,feet,stripes,E,C,Yes,stripes,2.0,mid,irrelevant
273,predict,predict,,,feet,stripes,W,C,Yes,stripes,-5.0,mid,irrelevant
88,predict,predict,,,stripes,feet,E,C,Yes,stripes,4.0,mid,relevant
194,predict,predict,,,stripes,feet,W,F,Yes,stripes,0.0,mid,relevant
105,predict,predict,,,feet,stripes,E,C,Yes,stripes,-2.0,mid,irrelevant
230,predict,predict,,,stripes,feet,W,F,Yes,stripes,-5.0,mid,relevant
50,predict,predict,,,stripes,feet,W,C,No,stripes,5.0,mid,relevant
26,predict,predict,,,stripes,feet,W,C,No,stripes,0.0,mid,relevant
166,predict,predict,,,stripes,feet,W,F,Yes,stripes,0.0,mid,relevant
145,predict,predict,,,feet,stripes,E,C,Yes,stripes,0.0,mid,irrelevant
206,predict,predict,,,stripes,feet,W,F,Yes,stripes,0.0,mid,relevant
13,predict,predict,,,feet,stripes,E,C,Yes,stripes,6.0,mid,irrelevant
116,predict,predict,,,stripes,feet,E,F,No,stripes,6.0,mid,relevant
251,predict,predict,,,feet,stripes,E,F,No,stripes,-4.0,mid,irrelevant
100,predict,predict,,,stripes,feet,E,C,Yes,stripes,-5.0,mid,relevant
299,predict,predict,,,feet,stripes,E,F,Yes,stripes,0.0,mid,irrelevant
199,predict,predict,,,feet,stripes,E,F,Yes,stripes,-5.0,mid,irrelevant
53,predict,predict,,,feet,stripes,W,C,No,stripes,2.0,mid,irrelevant
152,predict,predict,,,stripes,feet,E,C,Yes,stripes,6.0,mid,relevant
204,predict,predict,,,stripes,feet,E,C,Yes,stripes,-7.0,mid,relevant
185,predict,predict,,,feet,stripes,E,C,Yes,stripes,3.0,mid,irrelevant
15,predict,predict,,,feet,stripes,E,F,Yes,stripes,5.0,mid,irrelevant
174,predict,predict,,,stripes,feet,W,F,No,stripes,4.0,mid,relevant
163,predict,predict,,,feet,stripes,W,F,Yes,stripes,0.0,mid,irrelevant
122,predict,predict,,,stripes,feet,W,F,No,stripes,4.0,mid,relevant
250,predict,predict,,,stripes,feet,W,C,Yes,stripes,-7.0,mid,relevant
193,predict,predict,,,feet,stripes,E,C,Yes,stripes,-6.0,mid,irrelevant
43,predict,predict,,,feet,stripes,E,F,Yes,stripes,0.0,mid,irrelevant
269,predict,predict,,,feet,stripes,W,C,Yes,stripes,-2.0,mid,irrelevant
274,predict,predict,,,stripes,feet,W,F,Yes,stripes,0.0,mid,relevant
57,predict,predict,,,feet,stripes,W,C,Yes,stripes,4.0,mid,irrelevant
67,predict,predict,,,feet,stripes,E,F,Yes,stripes,2.0,mid,irrelevant
286,predict,predict,,,stripes,feet,W,F,No,stripes,0.0,mid,relevant
246,predict,predict,,,stripes,feet,W,C,Yes,stripes,-6.0,mid,relevant
6,predict,predict,,,stripes,feet,W,F,Yes,stripes,4.0,mid,relevant
134,predict,predict,,,stripes,feet,W,C,Yes,stripes,-5.0,mid,relevant
298,predict,predict,,,stripes,feet,W,C,Yes,stripes,-2.0,mid,relevant
82,predict,predict,,,stripes,feet,W,C,Yes,stripes,3.0,mid,relevant
276,predict,predict,,,stripes,feet,E,F,Yes,stripes,7.0,mid,relevant
228,predict,predict,,,stripes,feet,E,C,Yes,stripes,6.0,mid,relevant
229,predict,predict,,,feet,stripes,W,C,Yes,stripes,0.0,mid,irrelevant
291,predict,predict,,,feet,stripes,W,F,Yes,stripes,5.0,mid,irrelevant
219,predict,predict,,,feet,stripes,E,F,No,stripes,0.0,mid,irrelevant
125,predict,predict,,,feet,stripes,W,C,Yes,stripes,-3.0,mid,irrelevant
77,predict,predict,,,feet,stripes,W,C,Yes,stripes,-6.0,mid,irrelevant
81,predict,predict,,,feet,stripes,W,C,Yes,stripes,0.0,mid,irrelevant
44,predict,predict,,,stripes,feet,E,C,No,stripes,4.0,mid,relevant
87,predict,predict,,,feet,stripes,W,F,Yes,stripes,2.0,mid,irrelevant
292,predict,predict,,,stripes,feet,E,F,Yes,stripes,0.0,mid,relevant
144,predict,predict,,,stripes,feet,E,F,Yes,stripes,5.0,mid,relevant
149,predict,predict,,,feet,stripes,W,C,Yes,stripes,6.0,mid,irrelevant
237,predict,predict,,,feet,stripes,W,C,Yes,stripes,0.0,mid,irrelevant
171,predict,predict,,,feet,stripes,E,F,Yes,stripes,5.0,mid,irrelevant
202,predict,predict,,,stripes,feet,W,C,No,stripes,0.0,mid,relevant
179,predict,predict,,,feet,stripes,W,F,No,stripes,2.0,mid,irrelevant
10,predict,predict,,,stripes,feet,W,C,Yes,stripes,-6.0,mid,relevant
261,predict,predict,,,feet,stripes,W,C,Yes,stripes,0.0,mid,irrelevant
66,predict,predict,,,stripes,feet,W,C,Yes,stripes,-6.0,mid,relevant
139,predict,predict,,,feet,stripes,W,F,Yes,stripes,-5.0,mid,irrelevant
215,predict,predict,,,feet,stripes,W,F,Yes,stripes,-3.0,mid,irrelevant
1,predict,predict,,,feet,stripes,E,C,Yes,stripes,0.0,mid,irrelevant
84,predict,predict,,,stripes,feet,E,F,Yes,stripes,-5.0,mid,relevant
231,predict,predict,,,feet,stripes,E,F,Yes,stripes,-3.0,mid,irrelevant
244,predict,predict,,,stripes,feet,E,C,Yes,stripes,7.0,mid,relevant
7,predict,predict,,,feet,stripes,W,F,Yes,stripes,-5.0,mid,irrelevant
243,predict,predict,,,feet,stripes,W,F,No,stripes,5.0,mid,irrelevant
14,predict,predict,,,stripes,feet,W,F,Yes,stripes,0.0,mid,relevant
255,predict,predict,,,feet,stripes,W,F,Yes,stripes,0.0,mid,irrelevant
137,predict,predict,,,feet,stripes,W,C,Yes,stripes,-4.0,mid,irrelevant
98,predict,predict,,,stripes,feet,W,C,Yes,stripes,2.0,mid,relevant
21,predict,predict,,,feet,stripes,E,C,Yes,stripes,0.0,mid,irrelevant
271,predict,predict,,,feet,stripes,E,F,Yes,stripes,0.0,mid,irrelevant
183,predict,predict,,,feet,stripes,W,F,No,stripes,6.0,mid,irrelevant
280,predict,predict,,,stripes,feet,E,F,Yes,stripes,6.0,mid,relevant
118,predict,predict,,,stripes,feet,W,F,Yes,stripes,-5.0,mid,relevant
155,predict,predict,,,feet,stripes,W,F,Yes,stripes,0.0,mid,irrelevant
287,predict,predict,,,feet,stripes,E,F,Yes,stripes,3.0,mid,irrelevant
54,predict,predict,,,stripes,feet,W,F,No,stripes,5.0,mid,relevant
65,predict,predict,,,feet,stripes,E,C,Yes,stripes,0.0,mid,irrelevant
203,predict,predict,,,feet,stripes,W,F,Yes,stripes,-4.0,mid,irrelevant
59,predict,predict,,,feet,stripes,W,F,No,stripes,0.0,mid,irrelevant
103,predict,predict,,,feet,stripes,W,F,Yes,stripes,0.0,mid,irrelevant
85,predict,predict,,,feet,stripes,W,C,Yes,stripes,0.0,mid,irrelevant
131,predict,predict,,,feet,stripes,W,F,No,stripes,-5.0,mid,irrelevant
170,predict,predict,,,stripes,feet,W,C,No,stripes,7.0,mid,relevant
12,predict,predict,,,stripes,feet,E,F,Yes,stripes,-4.0,mid,relevant
281,predict,predict,,,feet,stripes,E,C,Yes,stripes,-6.0,mid,irrelevant
227,predict,predict,,,feet,stripes,W,F,Yes,stripes,5.0,mid,irrelevant
268,predict,predict,,,stripes,feet,E,C,No,stripes,0.0,mid,relevant
296,predict,predict,,,stripes,feet,E,F,Yes,stripes,6.0,mid,relevant
294,predict,predict,,,stripes,feet,W,F,Yes,stripes,4.0,mid,relevant
37,predict,predict,,,feet,stripes,E,C,Yes,stripes,6.0,mid,irrelevant
124,predict,predict,,,stripes,feet,E,F,No,stripes,7.0,mid,relevant
209,predict,predict,,,feet,stripes,W,C,Yes,stripes,0.0,mid,irrelevant
123,predict,predict,,,feet,stripes,E,F,Yes,stripes,5.0,mid,irrelevant
217,predict,predict,,,feet,stripes,W,C,Yes,stripes,-5.0,mid,irrelevant
69,predict,predict,,,feet,stripes,E,C,Yes,stripes,4.0,mid,irrelevant
226,predict,predict,,,stripes,feet,W,C,Yes,stripes,-3.0,mid,relevant
72,predict,predict,,,stripes,feet,E,F,Yes,stripes,7.0,mid,relevant
129,predict,predict,,,feet,stripes,E,C,Yes,stripes,0.0,mid,irrelevant
48,predict,predict,,,stripes,feet,E,F,Yes,stripes,6.0,mid,relevant
190,predict,predict,,,stripes,feet,W,C,No,stripes,-4.0,mid,relevant
236,predict,predict,,,stripes,feet,E,C,Yes,stripes,5.0,mid,relevant
178,predict,predict,,,stripes,feet,W,F,Yes,stripes,6.0,mid,relevant
16,predict,predict,,,stripes,feet,E,F,Yes,stripes,0.0,mid,relevant
119,predict,predict,,,feet,stripes,E,F,Yes,stripes,4.0,mid,irrelevant
107,predict,predict,,,feet,stripes,W,F,Yes,stripes,-5.0,mid,irrelevant
168,predict,predict,,,stripes,feet,E,C,Yes,stripes,-6.0,mid,relevant
73,predict,predict,,,feet,stripes,E,C,Yes,stripes,-3.0,mid,irrelevant
138,predict,predict,,,stripes,feet,W,C,Yes,stripes,4.0,mid,relevant
214,predict,predict,,,stripes,feet,W,C,Yes,stripes,0.0,mid,relevant
151,predict,predict,,,feet,stripes,W,F,Yes,stripes,0.0,mid,irrelevant
99,predict,predict,,,feet,stripes,W,F,Yes,stripes,5.0,mid,irrelevant
187,predict,predict,,,feet,stripes,E,F,Yes,stripes,-4.0,mid,irrelevant
128,predict,predict,,,stripes,feet,E,F,Yes,stripes,-5.0,mid,relevant
58,predict,predict,,,stripes,feet,W,C,Yes,stripes,3.0,mid,relevant
224,predict,predict,,,stripes,feet,E,C,No,stripes,4.0,mid,relevant
140,predict,predict,,,stripes,feet,E,C,Yes,stripes,0.0,mid,relevant
232,predict,predict,,,stripes,feet,E,F,Yes,stripes,5.0,mid,relevant
9,predict,predict,,,feet,stripes,W,C,No,stripes,0.0,mid,irrelevant
4,predict,predict,,,stripes,feet,E,F,Yes,stripes,7.0,mid,relevant
191,predict,predict,,,feet,stripes,E,F,Yes,stripes,-4.0,mid,irrelevant
80,predict,predict,,,stripes,feet,E,C,No,stripes,5.0,mid,relevant
252,predict,predict,,,stripes,feet,E,F,Yes,stripes,6.0,mid,relevant
141,predict,predict,,,feet,stripes,W,C,Yes,stripes,5.0,mid,irrelevant
200,predict,predict,,,stripes,feet,E,F,Yes,stripes,5.0,mid,relevant
39,predict,predict,,,feet,stripes,W,F,Yes,stripes,0.0,mid,irrelevant
17,predict,predict,,,feet,stripes,E,C,Yes,stripes,5.0,mid,irrelevant
108,predict,predict,,,stripes,feet,E,C,No,stripes,0.0,mid,relevant
11,predict,predict,,,feet,stripes,W,F,Yes,stripes,-5.0,mid,irrelevant
121,predict,predict,,,feet,stripes,W,C,Yes,stripes,0.0,mid,irrelevant
188,predict,predict,,,stripes,feet,E,F,Yes,stripes,-5.0,mid,relevant
167,predict,predict,,,feet,stripes,W,F,Yes,stripes,5.0,mid,irrelevant
150,predict,predict,,,stripes,feet,W,C,Yes,stripes,-4.0,mid,relevant
184,predict,predict,,,stripes,feet,E,F,Yes,stripes,0.0,mid,relevant
19,predict,predict,,,feet,stripes,E,F,Yes,stripes,0.0,mid,irrelevant
38,predict,predict,,,stripes,feet,W,C,No,stripes,-7.0,mid,relevant
180,predict,predict,,,stripes,feet,E,F,Yes,stripes,4.0,mid,relevant
89,predict,predict,,,feet,stripes,W,C,Yes,stripes,-5.0,mid,irrelevant
279,predict,predict,,,feet,stripes,E,F,Yes,stripes,-4.0,mid,irrelevant
95,predict,predict,,,feet,stripes,W,F,Yes,stripes,0.0,mid,irrelevant
20,predict,predict,,,stripes,feet,E,C,Yes,stripes,0.0,mid,relevant
117,predict,predict,,,feet,stripes,W,C,Yes,stripes,0.0,mid,irrelevant
160,predict,predict,,,stripes,feet,E,F,Yes,stripes,5.0,mid,relevant
109,predict,predict,,,feet,stripes,W,C,Yes,stripes,7.0,mid,irrelevant
234,predict,predict,,,stripes,feet,W,C,Yes,stripes,7.0,mid,relevant
176,predict,predict,,,stripes,feet,E,F,Yes,stripes,4.0,mid,relevant
18,predict,predict,,,stripes,feet,W,F,Yes,stripes,0.0,mid,relevant
210,predict,predict,,,stripes,feet,W,C,No,stripes,7.0,mid,relevant
5,predict,predict,,,feet,stripes,W,C,Yes,stripes,-3.0,mid,irrelevant
106,predict,predict,,,stripes,feet,W,C,Yes,stripes,5.0,mid,relevant
127,predict,predict,,,feet,stripes,W,F,Yes,stripes,-5.0,mid,irrelevant
120,predict,predict,,,stripes,feet,E,F,Yes,stripes,0.0,mid,relevant
25,predict,predict,,,feet,stripes,W,C,Yes,stripes,-7.0,mid,irrelevant
182,predict,predict,,,stripes,feet,W,F,No,stripes,6.0,mid,relevant
205,predict,predict,,,feet,stripes,E,C,Yes,stripes,-7.0,mid,irrelevant
96,predict,predict,,,stripes,feet,E,C,Yes,stripes,5.0,mid,relevant
42,predict,predict,,,stripes,feet,W,C,No,stripes,6.0,mid,relevant
259,predict,predict,,,feet,stripes,E,F,Yes,stripes,-4.0,mid,irrelevant
288,predict,predict,,,stripes,feet,E,F,No,stripes,5.0,mid,relevant
247,predict,predict,,,feet,stripes,E,F,Yes,stripes,0.0,mid,irrelevant
221,predict,predict,,,feet,stripes,W,C,Yes,stripes,-4.0,mid,irrelevant
130,predict,predict,,,stripes,feet,W,C,No,stripes,-6.0,mid,relevant
241,predict,predict,,,feet,stripes,E,C,Yes,stripes,0.0,mid,irrelevant
249,predict,predict,,,feet,stripes,E,C,Yes,stripes,5.0,mid,irrelevant
277,predict,predict,,,feet,stripes,E,C,Yes,stripes,-5.0,mid,irrelevant
111,predict,predict,,,feet,stripes,E,F,Yes,stripes,5.0,mid,irrelevant
8,predict,predict,,,stripes,feet,E,F,No,stripes,5.0,mid,relevant
290,predict,predict,,,stripes,feet,W,C,No,stripes,7.0,mid,relevant
213,predict,predict,,,feet,stripes,E,C,Yes,stripes,0.0,mid,irrelevant
223,predict,predict,,,feet,stripes,E,F,Yes,stripes,0.0,mid,irrelevant
36,predict,predict,,,stripes,feet,E,F,Yes,stripes,7.0,mid,relevant
112,predict,predict,,,stripes,feet,E,C,Yes,stripes,5.0,mid,relevant
104,predict,predict,,,stripes,feet,E,C,Yes,stripes,0.0,mid,relevant
51,predict,predict,,,feet,stripes,E,F,Yes,stripes,5.0,mid,irrelevant
293,predict,predict,,,feet,stripes,E,C,Yes,stripes,5.0,mid,irrelevant
90,predict,predict,,,stripes,feet,W,C,Yes,stripes,6.0,mid,relevant
114,predict,predict,,,stripes,feet,W,F,No,stripes,3.0,mid,relevant
110,predict,predict,,,stripes,feet,W,C,Yes,stripes,4.0,mid,relevant
29,predict,predict,,,feet,stripes,E,C,Yes,stripes,0.0,mid,irrelevant
285,predict,predict,,,feet,stripes,E,C,No,stripes,6.0,mid,irrelevant
161,predict,predict,,,feet,stripes,W,C,Yes,stripes,-4.0,mid,irrelevant
235,predict,predict,,,feet,stripes,W,F,Yes,stripes,4.0,mid,irrelevant
78,predict,predict,,,stripes,feet,W,C,Yes,stripes,5.0,mid,relevant
197,predict,predict,,,feet,stripes,W,C,Yes,stripes,2.0,mid,irrelevant
265,predict,predict,,,feet,stripes,E,C,Yes,stripes,3.0,mid,irrelevant
86,predict,predict,,,stripes,feet,W,F,No,stripes,0.0,mid,relevant
