participant,task,relevant_dim,irrelevant_dim,stripes_high,feet_high,feet_discrete_slider.response,cogpro_explain,cogpro_predict,feature_dimension,feature_importance,time,feature_relevance,abs_feature_importance
1,accommodate,stripes,feet,W,C,No,4.0,4.0,feet,0.0,end,irrelevant,0.0
2,accommodate,stripes,feet,W,C,No,7.0,1.0,feet,0.0,end,irrelevant,0.0
3,accommodate,feet,stripes,W,C,Yes,6.0,5.0,feet,7.0,end,relevant,7.0
4,accommodate,feet,stripes,W,F,Yes,2.0,4.0,feet,4.0,end,relevant,4.0
5,accommodate,feet,stripes,E,F,No,7.0,7.0,feet,0.0,end,relevant,0.0
6,accommodate,feet,stripes,E,F,Yes,7.0,6.0,feet,6.0,end,relevant,6.0
7,accommodate,feet,stripes,W,C,Yes,5.0,5.0,feet,6.0,end,relevant,6.0
8,accommodate,feet,stripes,E,C,Yes,7.0,7.0,feet,5.0,end,relevant,5.0
9,accommodate,stripes,feet,W,F,Yes,5.0,6.0,feet,7.0,end,irrelevant,7.0
10,accommodate,feet,stripes,W,C,Yes,7.0,7.0,feet,6.0,end,relevant,6.0
11,accommodate,stripes,feet,W,C,Yes,4.0,5.0,feet,-7.0,end,irrelevant,7.0
12,accommodate,stripes,feet,E,C,No,7.0,5.0,feet,0.0,end,irrelevant,0.0
13,accommodate,feet,stripes,E,F,Yes,6.0,6.0,feet,6.0,end,relevant,6.0
14,accommodate,stripes,feet,E,C,Yes,7.0,7.0,feet,6.0,end,irrelevant,6.0
15,accommodate,feet,stripes,W,F,Yes,4.0,5.0,feet,7.0,end,relevant,7.0
16,accommodate,feet,stripes,E,F,Yes,5.0,5.0,feet,7.0,end,relevant,7.0
17,accommodate,feet,stripes,E,F,Yes,3.0,2.0,feet,6.0,end,relevant,6.0
18,accommodate,feet,stripes,E,F,Yes,2.0,5.0,feet,6.0,end,relevant,6.0
19,accommodate,stripes,feet,W,C,Yes,5.0,5.0,feet,2.0,end,irrelevant,2.0
20,accommodate,feet,stripes,W,C,Yes,4.0,3.0,feet,4.0,end,relevant,4.0
21,accommodate,feet,stripes,E,C,Yes,5.0,4.0,feet,7.0,end,relevant,7.0
22,accommodate,feet,stripes,W,F,Yes,7.0,7.0,feet,7.0,end,relevant,7.0
23,accommodate,stripes,feet,W,F,Yes,5.0,7.0,feet,7.0,end,irrelevant,7.0
24,accommodate,feet,stripes,W,C,Yes,5.0,6.0,feet,6.0,end,relevant,6.0
25,accommodate,feet,stripes,E,F,Yes,6.0,6.0,feet,-5.0,end,relevant,5.0
26,accommodate,stripes,feet,W,F,No,7.0,7.0,feet,0.0,end,irrelevant,0.0
27,accommodate,feet,stripes,E,F,Yes,5.0,4.0,feet,6.0,end,relevant,6.0
28,accommodate,stripes,feet,E,F,Yes,1.0,6.0,feet,4.0,end,irrelevant,4.0
29,accommodate,stripes,feet,W,F,Yes,5.0,3.0,feet,5.0,end,irrelevant,5.0
30,accommodate,stripes,feet,W,C,Yes,6.0,5.0,feet,4.0,end,irrelevant,4.0
31,accommodate,stripes,feet,E,C,Yes,7.0,7.0,feet,5.0,end,irrelevant,5.0
32,accommodate,stripes,feet,E,F,Yes,4.0,4.0,feet,4.0,end,irrelevant,4.0
33,accommodate,feet,stripes,W,F,Yes,1.0,7.0,feet,-5.0,end,relevant,5.0
34,accommodate,stripes,feet,W,F,Yes,2.0,3.0,feet,2.0,end,irrelevant,2.0
35,accommodate,feet,stripes,W,F,No,5.0,6.0,feet,0.0,end,relevant,0.0
36,accommodate,stripes,feet,W,F,Yes,3.0,3.0,feet,5.0,end,irrelevant,5.0
37,accommodate,feet,stripes,E,C,Yes,3.0,4.0,feet,4.0,end,relevant,4.0
38,accommodate,feet,stripes,E,C,Yes,7.0,7.0,feet,7.0,end,relevant,7.0
39,accommodate,stripes,feet,E,F,Yes,2.0,3.0,feet,4.0,end,irrelevant,4.0
40,accommodate,stripes,feet,W,F,Yes,5.0,3.0,feet,6.0,end,irrelevant,6.0
41,accommodate,stripes,feet,E,C,No,7.0,7.0,feet,0.0,end,irrelevant,0.0
42,accommodate,feet,stripes,W,F,Yes,2.0,7.0,feet,6.0,end,relevant,6.0
43,accommodate,stripes,feet,W,C,Yes,5.0,4.0,feet,-2.0,end,irrelevant,2.0
44,accommodate,feet,stripes,W,F,Yes,5.0,5.0,feet,5.0,end,relevant,5.0
45,accommodate,stripes,feet,W,F,Yes,2.0,5.0,feet,3.0,end,irrelevant,3.0
46,accommodate,feet,stripes,W,C,Yes,6.0,7.0,feet,7.0,end,relevant,7.0
47,accommodate,stripes,feet,E,F,Yes,6.0,5.0,feet,5.0,end,irrelevant,5.0
48,accommodate,feet,stripes,E,C,Yes,7.0,5.0,feet,6.0,end,relevant,6.0
49,accommodate,feet,stripes,W,C,Yes,7.0,7.0,feet,4.0,end,relevant,4.0
50,accommodate,stripes,feet,W,F,No,6.0,7.0,feet,0.0,end,irrelevant,0.0
51,accommodate,stripes,feet,W,F,No,1.0,1.0,feet,0.0,end,irrelevant,0.0
52,accommodate,feet,stripes,W,F,Yes,6.0,7.0,feet,6.0,end,relevant,6.0
53,accommodate,stripes,feet,W,C,No,2.0,7.0,feet,0.0,end,irrelevant,0.0
54,accommodate,stripes,feet,E,C,Yes,7.0,7.0,feet,2.0,end,irrelevant,2.0
55,accommodate,feet,stripes,E,F,Yes,6.0,6.0,feet,5.0,end,relevant,5.0
56,accommodate,stripes,feet,W,C,No,1.0,1.0,feet,0.0,end,irrelevant,0.0
57,accommodate,feet,stripes,W,F,Yes,3.0,6.0,feet,6.0,end,relevant,6.0
58,accommodate,stripes,feet,E,C,Yes,2.0,7.0,feet,-4.0,end,irrelevant,4.0
59,accommodate,feet,stripes,E,F,Yes,7.0,7.0,feet,7.0,end,relevant,7.0
60,accommodate,stripes,feet,W,C,Yes,7.0,7.0,feet,3.0,end,irrelevant,3.0
61,accommodate,stripes,feet,E,F,No,7.0,6.0,feet,0.0,end,irrelevant,0.0
62,accommodate,stripes,feet,E,C,Yes,6.0,7.0,feet,5.0,end,irrelevant,5.0
63,accommodate,feet,stripes,W,F,Yes,4.0,7.0,feet,6.0,end,relevant,6.0
64,accommodate,stripes,feet,W,C,Yes,3.0,7.0,feet,2.0,end,irrelevant,2.0
65,accommodate,stripes,feet,E,C,Yes,4.0,6.0,feet,-3.0,end,irrelevant,3.0
66,accommodate,feet,stripes,E,F,Yes,5.0,7.0,feet,6.0,end,relevant,6.0
67,accommodate,feet,stripes,E,C,Yes,6.0,5.0,feet,6.0,end,relevant,6.0
68,accommodate,feet,stripes,E,F,Yes,2.0,6.0,feet,6.0,end,relevant,6.0
69,accommodate,feet,stripes,E,F,Yes,5.0,4.0,feet,7.0,end,relevant,7.0
70,accommodate,feet,stripes,W,C,Yes,7.0,7.0,feet,5.0,end,relevant,5.0
71,accommodate,feet,stripes,W,C,Yes,6.0,6.0,feet,6.0,end,relevant,6.0
72,accommodate,feet,stripes,W,F,Yes,7.0,7.0,feet,6.0,end,relevant,6.0
73,accommodate,feet,stripes,W,C,Yes,2.0,3.0,feet,-4.0,end,relevant,4.0
74,accommodate,feet,stripes,W,C,Yes,6.0,5.0,feet,5.0,end,relevant,5.0
75,accommodate,stripes,feet,W,C,Yes,7.0,7.0,feet,5.0,end,irrelevant,5.0
76,accommodate,stripes,feet,W,F,No,1.0,5.0,feet,0.0,end,irrelevant,0.0
77,accommodate,feet,stripes,E,C,Yes,7.0,7.0,feet,7.0,end,relevant,7.0
78,accommodate,feet,stripes,W,C,Yes,7.0,4.0,feet,7.0,end,relevant,7.0
79,accommodate,stripes,feet,E,F,Yes,5.0,5.0,feet,5.0,end,irrelevant,5.0
80,accommodate,feet,stripes,W,C,Yes,6.0,6.0,feet,6.0,end,relevant,6.0
81,accommodate,feet,stripes,W,F,Yes,7.0,5.0,feet,5.0,end,relevant,5.0
82,accommodate,feet,stripes,E,F,Yes,7.0,7.0,feet,-6.0,end,relevant,6.0
83,accommodate,stripes,feet,E,F,Yes,6.0,7.0,feet,5.0,end,irrelevant,5.0
84,accommodate,feet,stripes,E,F,Yes,7.0,7.0,feet,6.0,end,relevant,6.0
85,accommodate,stripes,feet,E,C,Yes,7.0,4.0,feet,-5.0,end,irrelevant,5.0
86,accommodate,feet,stripes,W,F,Yes,7.0,7.0,feet,7.0,end,relevant,7.0
87,accommodate,feet,stripes,W,C,Yes,4.0,5.0,feet,6.0,end,relevant,6.0
88,accommodate,feet,stripes,E,F,Yes,3.0,5.0,feet,6.0,end,relevant,6.0
89,accommodate,stripes,feet,W,F,Yes,6.0,5.0,feet,5.0,end,irrelevant,5.0
90,accommodate,feet,stripes,E,F,Yes,4.0,4.0,feet,-3.0,end,relevant,3.0
91,accommodate,feet,stripes,W,C,Yes,4.0,6.0,feet,6.0,end,relevant,6.0
92,accommodate,feet,stripes,W,C,Yes,7.0,3.0,feet,7.0,end,relevant,7.0
93,accommodate,feet,stripes,E,F,Yes,6.0,5.0,feet,6.0,end,relevant,6.0
94,accommodate,stripes,feet,W,C,Yes,6.0,6.0,feet,-4.0,end,irrelevant,4.0
95,accommodate,feet,stripes,W,F,Yes,6.0,5.0,feet,3.0,end,relevant,3.0
96,accommodate,feet,stripes,W,C,Yes,3.0,5.0,feet,3.0,end,relevant,3.0
97,accommodate,stripes,feet,E,C,No,6.0,7.0,feet,0.0,end,irrelevant,0.0
98,accommodate,stripes,feet,E,F,Yes,6.0,5.0,feet,4.0,end,irrelevant,4.0
99,accommodate,stripes,feet,W,C,Yes,3.0,4.0,feet,7.0,end,irrelevant,7.0
100,accommodate,stripes,feet,E,C,No,5.0,5.0,feet,0.0,end,irrelevant,0.0
101,accommodate,stripes,feet,E,F,Yes,1.0,7.0,feet,-1.0,end,irrelevant,1.0
102,accommodate,stripes,feet,W,F,Yes,5.0,5.0,feet,5.0,end,irrelevant,5.0
103,accommodate,stripes,feet,W,C,No,4.0,3.0,feet,0.0,end,irrelevant,0.0
104,accommodate,stripes,feet,W,F,No,2.0,6.0,feet,0.0,end,irrelevant,0.0
105,accommodate,feet,stripes,E,C,Yes,4.0,6.0,feet,7.0,end,relevant,7.0
106,accommodate,feet,stripes,E,C,No,5.0,6.0,feet,0.0,end,relevant,0.0
107,accommodate,stripes,feet,W,C,Yes,2.0,7.0,feet,7.0,end,irrelevant,7.0
108,accommodate,stripes,feet,W,F,Yes,7.0,7.0,feet,4.0,end,irrelevant,4.0
109,accommodate,feet,stripes,W,C,Yes,7.0,5.0,feet,6.0,end,relevant,6.0
110,accommodate,feet,stripes,E,C,Yes,5.0,4.0,feet,6.0,end,relevant,6.0
111,accommodate,stripes,feet,E,F,Yes,7.0,7.0,feet,5.0,end,irrelevant,5.0
112,accommodate,stripes,feet,W,F,Yes,3.0,7.0,feet,6.0,end,irrelevant,6.0
113,accommodate,stripes,feet,E,C,Yes,7.0,6.0,feet,4.0,end,irrelevant,4.0
114,accommodate,stripes,feet,W,F,Yes,5.0,7.0,feet,4.0,end,irrelevant,4.0
115,accommodate,feet,stripes,E,C,Yes,7.0,5.0,feet,7.0,end,relevant,7.0
116,accommodate,stripes,feet,E,F,No,1.0,1.0,feet,0.0,end,irrelevant,0.0
117,accommodate,feet,stripes,W,C,Yes,3.0,5.0,feet,6.0,end,relevant,6.0
118,accommodate,stripes,feet,W,C,Yes,7.0,7.0,feet,5.0,end,irrelevant,5.0
119,accommodate,feet,stripes,W,C,Yes,4.0,4.0,feet,5.0,end,relevant,5.0
120,accommodate,feet,stripes,E,F,Yes,7.0,5.0,feet,6.0,end,relevant,6.0
121,accommodate,stripes,feet,E,F,Yes,4.0,6.0,feet,-2.0,end,irrelevant,2.0
122,accommodate,stripes,feet,W,C,No,7.0,7.0,feet,0.0,end,irrelevant,0.0
123,accommodate,stripes,feet,E,F,No,3.0,7.0,feet,0.0,end,irrelevant,0.0
124,accommodate,stripes,feet,W,F,Yes,1.0,5.0,feet,2.0,end,irrelevant,2.0
125,accommodate,feet,stripes,E,C,Yes,7.0,6.0,feet,6.0,end,relevant,6.0
126,accommodate,feet,stripes,E,F,Yes,6.0,5.0,feet,3.0,end,relevant,3.0
127,accommodate,stripes,feet,E,F,No,4.0,4.0,feet,0.0,end,irrelevant,0.0
128,accommodate,stripes,feet,E,F,No,1.0,6.0,feet,0.0,end,irrelevant,0.0
129,accommodate,stripes,feet,W,C,Yes,6.0,6.0,feet,-5.0,end,irrelevant,5.0
130,accommodate,stripes,feet,W,F,Yes,6.0,6.0,feet,3.0,end,irrelevant,3.0
131,accommodate,feet,stripes,W,F,Yes,7.0,5.0,feet,7.0,end,relevant,7.0
132,accommodate,feet,stripes,E,C,Yes,7.0,7.0,feet,6.0,end,relevant,6.0
133,accommodate,feet,stripes,W,C,Yes,5.0,6.0,feet,5.0,end,relevant,5.0
134,accommodate,feet,stripes,E,C,Yes,6.0,6.0,feet,6.0,end,relevant,6.0
135,accommodate,feet,stripes,W,C,Yes,6.0,3.0,feet,7.0,end,relevant,7.0
136,accommodate,feet,stripes,E,F,Yes,6.0,3.0,feet,5.0,end,relevant,5.0
137,accommodate,stripes,feet,E,C,Yes,7.0,5.0,feet,-4.0,end,irrelevant,4.0
138,accommodate,feet,stripes,W,C,Yes,5.0,5.0,feet,6.0,end,relevant,6.0
139,accommodate,feet,stripes,E,F,Yes,7.0,7.0,feet,6.0,end,relevant,6.0
140,accommodate,stripes,feet,E,F,Yes,5.0,5.0,feet,4.0,end,irrelevant,4.0
141,accommodate,stripes,feet,W,C,No,7.0,4.0,feet,0.0,end,irrelevant,0.0
142,accommodate,feet,stripes,W,F,Yes,5.0,6.0,feet,6.0,end,relevant,6.0
143,accommodate,feet,stripes,E,C,No,5.0,5.0,feet,0.0,end,relevant,0.0
144,accommodate,feet,stripes,W,F,Yes,7.0,7.0,feet,-7.0,end,relevant,7.0
145,accommodate,stripes,feet,W,C,Yes,1.0,1.0,feet,-6.0,end,irrelevant,6.0
146,accommodate,stripes,feet,E,C,Yes,5.0,5.0,feet,3.0,end,irrelevant,3.0
147,accommodate,stripes,feet,E,F,Yes,7.0,7.0,feet,4.0,end,irrelevant,4.0
148,accommodate,stripes,feet,E,F,Yes,7.0,6.0,feet,3.0,end,irrelevant,3.0
149,accommodate,feet,stripes,E,F,Yes,6.0,7.0,feet,6.0,end,relevant,6.0
150,accommodate,feet,stripes,E,C,Yes,7.0,6.0,feet,4.0,end,relevant,4.0
151,accommodate,feet,stripes,W,C,Yes,7.0,6.0,feet,7.0,end,relevant,7.0
152,accommodate,feet,stripes,E,C,Yes,7.0,7.0,feet,7.0,end,relevant,7.0
153,accommodate,feet,stripes,E,C,Yes,1.0,1.0,feet,-7.0,end,relevant,7.0
154,accommodate,feet,stripes,E,C,Yes,7.0,7.0,feet,6.0,end,relevant,6.0
155,accommodate,stripes,feet,E,F,Yes,6.0,5.0,feet,-5.0,end,irrelevant,5.0
156,accommodate,feet,stripes,E,C,No,3.0,5.0,feet,0.0,end,relevant,0.0
157,accommodate,stripes,feet,W,C,Yes,6.0,6.0,feet,6.0,end,irrelevant,6.0
158,accommodate,feet,stripes,W,F,Yes,1.0,6.0,feet,7.0,end,relevant,7.0
159,accommodate,feet,stripes,W,C,Yes,5.0,6.0,feet,6.0,end,relevant,6.0
160,accommodate,feet,stripes,E,C,Yes,6.0,7.0,feet,7.0,end,relevant,7.0
161,accommodate,stripes,feet,W,C,Yes,5.0,6.0,feet,4.0,end,irrelevant,4.0
162,accommodate,stripes,feet,W,F,Yes,6.0,6.0,feet,-4.0,end,irrelevant,4.0
163,accommodate,feet,stripes,E,C,Yes,6.0,6.0,feet,7.0,end,relevant,7.0
164,accommodate,stripes,feet,E,C,No,6.0,6.0,feet,0.0,end,irrelevant,0.0
165,accommodate,feet,stripes,W,F,Yes,7.0,5.0,feet,-7.0,end,relevant,7.0
166,accommodate,stripes,feet,W,F,Yes,3.0,6.0,feet,-4.0,end,irrelevant,4.0
167,accommodate,stripes,feet,W,C,Yes,2.0,6.0,feet,2.0,end,irrelevant,2.0
168,accommodate,feet,stripes,E,C,Yes,6.0,7.0,feet,7.0,end,relevant,7.0
169,accommodate,feet,stripes,W,F,Yes,5.0,6.0,feet,5.0,end,relevant,5.0
170,accommodate,stripes,feet,W,C,Yes,7.0,7.0,feet,4.0,end,irrelevant,4.0
171,accommodate,feet,stripes,W,F,Yes,5.0,6.0,feet,4.0,end,relevant,4.0
172,accommodate,feet,stripes,E,C,Yes,6.0,5.0,feet,5.0,end,relevant,5.0
173,accommodate,feet,stripes,W,C,Yes,7.0,7.0,feet,6.0,end,relevant,6.0
174,accommodate,feet,stripes,E,C,Yes,7.0,6.0,feet,5.0,end,relevant,5.0
175,accommodate,stripes,feet,E,C,Yes,3.0,4.0,feet,5.0,end,irrelevant,5.0
176,accommodate,stripes,feet,W,C,No,6.0,2.0,feet,0.0,end,irrelevant,0.0
177,accommodate,stripes,feet,W,C,Yes,5.0,4.0,feet,3.0,end,irrelevant,3.0
178,accommodate,stripes,feet,E,F,Yes,4.0,5.0,feet,5.0,end,irrelevant,5.0
179,accommodate,stripes,feet,W,C,Yes,7.0,7.0,feet,-6.0,end,irrelevant,6.0
180,accommodate,stripes,feet,E,C,Yes,5.0,5.0,feet,4.0,end,irrelevant,4.0
181,accommodate,stripes,feet,W,F,Yes,7.0,7.0,feet,5.0,end,irrelevant,5.0
182,accommodate,feet,stripes,E,F,Yes,5.0,4.0,feet,-5.0,end,relevant,5.0
183,accommodate,stripes,feet,E,F,Yes,5.0,5.0,feet,5.0,end,irrelevant,5.0
184,accommodate,stripes,feet,E,F,Yes,3.0,6.0,feet,4.0,end,irrelevant,4.0
185,accommodate,stripes,feet,E,C,Yes,6.0,6.0,feet,-4.0,end,irrelevant,4.0
186,accommodate,stripes,feet,W,C,Yes,6.0,3.0,feet,5.0,end,irrelevant,5.0
187,accommodate,stripes,feet,W,C,Yes,7.0,5.0,feet,-5.0,end,irrelevant,5.0
188,accommodate,feet,stripes,W,C,No,6.0,7.0,feet,0.0,end,relevant,0.0
189,accommodate,stripes,feet,E,F,Yes,3.0,2.0,feet,4.0,end,irrelevant,4.0
190,accommodate,feet,stripes,E,F,Yes,6.0,7.0,feet,4.0,end,relevant,4.0
191,accommodate,feet,stripes,W,C,Yes,6.0,7.0,feet,7.0,end,relevant,7.0
192,accommodate,feet,stripes,E,F,Yes,1.0,6.0,feet,6.0,end,relevant,6.0
193,accommodate,stripes,feet,W,F,No,7.0,7.0,feet,0.0,end,irrelevant,0.0
194,accommodate,feet,stripes,W,C,Yes,7.0,5.0,feet,7.0,end,relevant,7.0
195,accommodate,stripes,feet,W,C,No,2.0,7.0,feet,0.0,end,irrelevant,0.0
196,accommodate,feet,stripes,E,F,No,7.0,5.0,feet,0.0,end,relevant,0.0
197,accommodate,stripes,feet,E,F,Yes,7.0,7.0,feet,3.0,end,irrelevant,3.0
198,accommodate,stripes,feet,W,F,Yes,7.0,7.0,feet,2.0,end,irrelevant,2.0
199,accommodate,feet,stripes,E,F,Yes,7.0,7.0,feet,6.0,end,relevant,6.0
200,accommodate,stripes,feet,E,F,No,6.0,5.0,feet,0.0,end,irrelevant,0.0
201,accommodate,stripes,feet,W,C,Yes,6.0,6.0,feet,-6.0,end,irrelevant,6.0
202,accommodate,stripes,feet,W,F,Yes,6.0,7.0,feet,-3.0,end,irrelevant,3.0
203,accommodate,stripes,feet,E,C,No,1.0,7.0,feet,0.0,end,irrelevant,0.0
204,accommodate,feet,stripes,E,F,Yes,5.0,6.0,feet,6.0,end,relevant,6.0
205,accommodate,feet,stripes,W,F,Yes,4.0,5.0,feet,5.0,end,relevant,5.0
206,accommodate,stripes,feet,E,C,No,1.0,5.0,feet,0.0,end,irrelevant,0.0
207,accommodate,feet,stripes,W,F,Yes,6.0,4.0,feet,-4.0,end,relevant,4.0
208,accommodate,stripes,feet,E,F,Yes,7.0,7.0,feet,6.0,end,irrelevant,6.0
209,accommodate,feet,stripes,E,C,No,5.0,6.0,feet,0.0,end,relevant,0.0
210,accommodate,feet,stripes,E,F,Yes,5.0,5.0,feet,5.0,end,relevant,5.0
211,accommodate,stripes,feet,W,C,Yes,7.0,7.0,feet,6.0,end,irrelevant,6.0
212,accommodate,stripes,feet,W,F,Yes,5.0,5.0,feet,7.0,end,irrelevant,7.0
213,accommodate,feet,stripes,E,F,Yes,7.0,6.0,feet,7.0,end,relevant,7.0
214,accommodate,stripes,feet,E,C,Yes,6.0,2.0,feet,-7.0,end,irrelevant,7.0
215,accommodate,feet,stripes,W,C,Yes,3.0,6.0,feet,-3.0,end,relevant,3.0
216,accommodate,stripes,feet,W,C,No,7.0,7.0,feet,0.0,end,irrelevant,0.0
217,accommodate,feet,stripes,E,C,Yes,5.0,3.0,feet,7.0,end,relevant,7.0
218,accommodate,feet,stripes,E,C,Yes,3.0,7.0,feet,7.0,end,relevant,7.0
219,accommodate,feet,stripes,E,C,Yes,7.0,6.0,feet,6.0,end,relevant,6.0
220,accommodate,feet,stripes,W,F,Yes,5.0,4.0,feet,6.0,end,relevant,6.0
221,accommodate,stripes,feet,E,C,No,3.0,5.0,feet,0.0,end,irrelevant,0.0
222,accommodate,feet,stripes,W,F,Yes,7.0,7.0,feet,6.0,end,relevant,6.0
223,accommodate,stripes,feet,E,C,Yes,6.0,7.0,feet,6.0,end,irrelevant,6.0
224,accommodate,stripes,feet,W,C,Yes,4.0,6.0,feet,4.0,end,irrelevant,4.0
225,accommodate,feet,stripes,W,C,Yes,5.0,6.0,feet,6.0,end,relevant,6.0
226,accommodate,stripes,feet,E,F,Yes,5.0,7.0,feet,-4.0,end,irrelevant,4.0
227,accommodate,stripes,feet,E,F,Yes,6.0,5.0,feet,5.0,end,irrelevant,5.0
228,accommodate,stripes,feet,W,C,Yes,5.0,6.0,feet,2.0,end,irrelevant,2.0
229,accommodate,stripes,feet,E,C,No,5.0,5.0,feet,0.0,end,irrelevant,0.0
230,accommodate,feet,stripes,E,C,Yes,6.0,3.0,feet,6.0,end,relevant,6.0
231,accommodate,feet,stripes,W,C,Yes,6.0,5.0,feet,5.0,end,relevant,5.0
232,accommodate,feet,stripes,W,F,Yes,6.0,6.0,feet,6.0,end,relevant,6.0
233,accommodate,stripes,feet,E,C,No,6.0,4.0,feet,0.0,end,irrelevant,0.0
234,accommodate,feet,stripes,W,F,Yes,4.0,7.0,feet,7.0,end,relevant,7.0
235,accommodate,feet,stripes,E,F,Yes,5.0,5.0,feet,6.0,end,relevant,6.0
236,accommodate,stripes,feet,E,C,Yes,5.0,5.0,feet,-4.0,end,irrelevant,4.0
237,accommodate,feet,stripes,E,C,Yes,7.0,2.0,feet,6.0,end,relevant,6.0
238,accommodate,stripes,feet,W,F,No,7.0,7.0,feet,0.0,end,irrelevant,0.0
239,accommodate,feet,stripes,E,C,Yes,5.0,4.0,feet,6.0,end,relevant,6.0
240,accommodate,stripes,feet,E,C,No,6.0,4.0,feet,0.0,end,irrelevant,0.0
241,accommodate,stripes,feet,E,C,Yes,3.0,5.0,feet,-1.0,end,irrelevant,1.0
242,accommodate,feet,stripes,W,C,Yes,6.0,7.0,feet,7.0,end,relevant,7.0
243,accommodate,feet,stripes,W,C,Yes,6.0,6.0,feet,5.0,end,relevant,5.0
244,accommodate,feet,stripes,W,F,Yes,1.0,7.0,feet,5.0,end,relevant,5.0
245,accommodate,feet,stripes,E,F,No,6.0,4.0,feet,0.0,end,relevant,0.0
246,accommodate,feet,stripes,E,C,Yes,6.0,6.0,feet,7.0,end,relevant,7.0
247,accommodate,stripes,feet,E,F,No,3.0,1.0,feet,0.0,end,irrelevant,0.0
248,accommodate,stripes,feet,W,F,Yes,1.0,1.0,feet,-5.0,end,irrelevant,5.0
249,accommodate,feet,stripes,E,C,Yes,1.0,5.0,feet,5.0,end,relevant,5.0
250,accommodate,stripes,feet,E,F,Yes,7.0,5.0,feet,4.0,end,irrelevant,4.0
251,accommodate,stripes,feet,E,C,Yes,1.0,5.0,feet,-5.0,end,irrelevant,5.0
252,accommodate,stripes,feet,W,C,Yes,5.0,6.0,feet,-4.0,end,irrelevant,4.0
253,accommodate,feet,stripes,W,C,Yes,7.0,7.0,feet,7.0,end,relevant,7.0
254,accommodate,feet,stripes,W,C,Yes,4.0,5.0,feet,6.0,end,relevant,6.0
255,accommodate,stripes,feet,E,C,Yes,5.0,6.0,feet,-5.0,end,irrelevant,5.0
256,accommodate,stripes,feet,E,F,Yes,5.0,5.0,feet,2.0,end,irrelevant,2.0
257,accommodate,feet,stripes,E,F,Yes,6.0,7.0,feet,5.0,end,relevant,5.0
258,accommodate,feet,stripes,W,F,Yes,6.0,3.0,feet,5.0,end,relevant,5.0
259,accommodate,feet,stripes,E,C,Yes,6.0,7.0,feet,7.0,end,relevant,7.0
260,accommodate,stripes,feet,W,C,Yes,6.0,6.0,feet,5.0,end,irrelevant,5.0
261,accommodate,stripes,feet,W,F,No,7.0,6.0,feet,0.0,end,irrelevant,0.0
262,accommodate,feet,stripes,E,F,Yes,5.0,5.0,feet,6.0,end,relevant,6.0
263,accommodate,feet,stripes,W,F,Yes,7.0,6.0,feet,7.0,end,relevant,7.0
264,accommodate,feet,stripes,E,F,No,5.0,5.0,feet,0.0,end,relevant,0.0
265,accommodate,stripes,feet,W,F,Yes,7.0,7.0,feet,3.0,end,irrelevant,3.0
266,accommodate,feet,stripes,W,F,Yes,6.0,7.0,feet,6.0,end,relevant,6.0
267,accommodate,stripes,feet,E,C,Yes,5.0,7.0,feet,3.0,end,irrelevant,3.0
268,accommodate,stripes,feet,W,F,Yes,7.0,5.0,feet,3.0,end,irrelevant,3.0
269,accommodate,stripes,feet,E,F,Yes,1.0,4.0,feet,3.0,end,irrelevant,3.0
270,accommodate,feet,stripes,W,F,Yes,5.0,6.0,feet,-7.0,end,relevant,7.0
271,accommodate,stripes,feet,E,C,Yes,6.0,6.0,feet,6.0,end,irrelevant,6.0
272,accommodate,stripes,feet,W,F,Yes,5.0,5.0,feet,2.0,end,irrelevant,2.0
273,accommodate,feet,stripes,E,F,Yes,5.0,4.0,feet,5.0,end,relevant,5.0
274,accommodate,feet,stripes,E,F,No,5.0,1.0,feet,0.0,end,relevant,0.0
275,accommodate,feet,stripes,W,F,No,6.0,6.0,feet,0.0,end,relevant,0.0
276,accommodate,stripes,feet,E,F,Yes,7.0,7.0,feet,2.0,end,irrelevant,2.0
277,accommodate,feet,stripes,E,C,Yes,7.0,7.0,feet,7.0,end,relevant,7.0
278,accommodate,stripes,feet,E,F,Yes,6.0,5.0,feet,-6.0,end,irrelevant,6.0
279,accommodate,feet,stripes,W,C,No,5.0,2.0,feet,0.0,end,relevant,0.0
280,accommodate,feet,stripes,W,F,Yes,1.0,4.0,feet,7.0,end,relevant,7.0
281,accommodate,stripes,feet,W,C,No,1.0,6.0,feet,0.0,end,irrelevant,0.0
282,accommodate,feet,stripes,W,C,Yes,6.0,5.0,feet,7.0,end,relevant,7.0
283,accommodate,stripes,feet,W,C,No,7.0,7.0,feet,0.0,end,irrelevant,0.0
284,accommodate,stripes,feet,W,C,Yes,6.0,6.0,feet,5.0,end,irrelevant,5.0
285,accommodate,stripes,feet,W,C,Yes,6.0,6.0,feet,6.0,end,irrelevant,6.0
286,accommodate,stripes,feet,E,F,No,7.0,7.0,feet,0.0,end,irrelevant,0.0
287,accommodate,stripes,feet,E,F,Yes,7.0,5.0,feet,6.0,end,irrelevant,6.0
288,accommodate,stripes,feet,W,C,Yes,5.0,4.0,feet,4.0,end,irrelevant,4.0
289,accommodate,stripes,feet,E,F,Yes,6.0,5.0,feet,4.0,end,irrelevant,4.0
290,accommodate,stripes,feet,E,F,Yes,6.0,7.0,feet,-6.0,end,irrelevant,6.0
291,accommodate,feet,stripes,W,F,Yes,5.0,3.0,feet,6.0,end,relevant,6.0
292,accommodate,stripes,feet,E,F,Yes,7.0,7.0,feet,7.0,end,irrelevant,7.0
293,accommodate,stripes,feet,W,F,Yes,7.0,5.0,feet,3.0,end,irrelevant,3.0
294,predict,stripes,feet,W,F,No,5.0,5.0,feet,0.0,end,irrelevant,0.0
295,predict,stripes,feet,W,F,No,4.0,5.0,feet,0.0,end,irrelevant,0.0
296,predict,feet,stripes,E,F,Yes,1.0,6.0,feet,7.0,end,relevant,7.0
297,predict,stripes,feet,W,F,Yes,7.0,7.0,feet,3.0,end,irrelevant,3.0
298,predict,feet,stripes,E,C,Yes,2.0,2.0,feet,6.0,end,relevant,6.0
299,predict,stripes,feet,W,C,Yes,4.0,5.0,feet,-2.0,end,irrelevant,2.0
300,predict,stripes,feet,W,C,Yes,2.0,6.0,feet,4.0,end,irrelevant,4.0
301,predict,stripes,feet,W,F,Yes,6.0,5.0,feet,4.0,end,irrelevant,4.0
302,predict,stripes,feet,E,F,Yes,4.0,5.0,feet,-5.0,end,irrelevant,5.0
303,predict,stripes,feet,W,C,No,1.0,7.0,feet,0.0,end,irrelevant,0.0
304,predict,stripes,feet,E,C,Yes,5.0,3.0,feet,5.0,end,irrelevant,5.0
305,predict,feet,stripes,W,C,Yes,7.0,5.0,feet,7.0,end,relevant,7.0
306,predict,stripes,feet,W,C,No,2.0,6.0,feet,0.0,end,irrelevant,0.0
307,predict,feet,stripes,W,C,Yes,7.0,7.0,feet,7.0,end,relevant,7.0
308,predict,stripes,feet,E,F,Yes,6.0,6.0,feet,5.0,end,irrelevant,5.0
309,predict,feet,stripes,E,C,Yes,4.0,7.0,feet,2.0,end,relevant,2.0
310,predict,feet,stripes,W,C,Yes,4.0,5.0,feet,6.0,end,relevant,6.0
311,predict,feet,stripes,E,C,Yes,5.0,5.0,feet,7.0,end,relevant,7.0
312,predict,feet,stripes,W,F,Yes,1.0,7.0,feet,4.0,end,relevant,4.0
313,predict,stripes,feet,E,C,No,5.0,5.0,feet,0.0,end,irrelevant,0.0
314,predict,feet,stripes,E,F,Yes,2.0,7.0,feet,6.0,end,relevant,6.0
315,predict,feet,stripes,W,F,Yes,1.0,6.0,feet,6.0,end,relevant,6.0
316,predict,feet,stripes,W,F,No,3.0,6.0,feet,0.0,end,relevant,0.0
317,predict,feet,stripes,W,C,Yes,6.0,5.0,feet,7.0,end,relevant,7.0
318,predict,stripes,feet,W,F,Yes,3.0,7.0,feet,-5.0,end,irrelevant,5.0
319,predict,stripes,feet,W,F,Yes,4.0,6.0,feet,5.0,end,irrelevant,5.0
320,predict,stripes,feet,E,F,Yes,6.0,4.0,feet,3.0,end,irrelevant,3.0
321,predict,feet,stripes,W,C,Yes,4.0,4.0,feet,5.0,end,relevant,5.0
322,predict,stripes,feet,E,C,No,3.0,4.0,feet,0.0,end,irrelevant,0.0
323,predict,stripes,feet,E,F,No,7.0,5.0,feet,0.0,end,irrelevant,0.0
324,predict,stripes,feet,E,C,No,6.0,7.0,feet,0.0,end,irrelevant,0.0
325,predict,feet,stripes,E,F,Yes,6.0,7.0,feet,4.0,end,relevant,4.0
326,predict,feet,stripes,E,F,Yes,5.0,7.0,feet,5.0,end,relevant,5.0
327,predict,feet,stripes,E,C,Yes,7.0,5.0,feet,6.0,end,relevant,6.0
328,predict,feet,stripes,E,F,Yes,1.0,5.0,feet,6.0,end,relevant,6.0
329,predict,stripes,feet,E,F,Yes,4.0,4.0,feet,6.0,end,irrelevant,6.0
330,predict,feet,stripes,W,F,Yes,2.0,7.0,feet,6.0,end,relevant,6.0
331,predict,stripes,feet,W,C,No,7.0,7.0,feet,0.0,end,irrelevant,0.0
332,predict,stripes,feet,W,F,Yes,2.0,3.0,feet,5.0,end,irrelevant,5.0
333,predict,feet,stripes,E,F,No,6.0,6.0,feet,0.0,end,relevant,0.0
334,predict,stripes,feet,E,F,Yes,6.0,5.0,feet,7.0,end,irrelevant,7.0
335,predict,stripes,feet,W,C,Yes,4.0,5.0,feet,-2.0,end,irrelevant,2.0
336,predict,stripes,feet,E,F,Yes,4.0,4.0,feet,-6.0,end,irrelevant,6.0
337,predict,feet,stripes,W,C,Yes,6.0,4.0,feet,7.0,end,relevant,7.0
338,predict,stripes,feet,E,C,Yes,7.0,5.0,feet,-4.0,end,irrelevant,4.0
339,predict,stripes,feet,W,F,Yes,5.0,3.0,feet,4.0,end,irrelevant,4.0
340,predict,stripes,feet,W,C,No,1.0,7.0,feet,0.0,end,irrelevant,0.0
341,predict,feet,stripes,E,F,Yes,7.0,6.0,feet,6.0,end,relevant,6.0
342,predict,stripes,feet,W,C,No,3.0,7.0,feet,0.0,end,irrelevant,0.0
343,predict,feet,stripes,E,C,Yes,5.0,7.0,feet,7.0,end,relevant,7.0
344,predict,feet,stripes,E,C,Yes,7.0,7.0,feet,-7.0,end,relevant,7.0
345,predict,stripes,feet,W,F,Yes,6.0,4.0,feet,2.0,end,irrelevant,2.0
346,predict,stripes,feet,E,F,Yes,4.0,7.0,feet,-5.0,end,irrelevant,5.0
347,predict,stripes,feet,E,C,Yes,5.0,6.0,feet,-3.0,end,irrelevant,3.0
348,predict,feet,stripes,W,F,Yes,7.0,7.0,feet,7.0,end,relevant,7.0
349,predict,stripes,feet,E,F,Yes,4.0,4.0,feet,-5.0,end,irrelevant,5.0
350,predict,stripes,feet,W,C,No,5.0,7.0,feet,0.0,end,irrelevant,0.0
351,predict,stripes,feet,E,C,Yes,5.0,4.0,feet,4.0,end,irrelevant,4.0
352,predict,feet,stripes,E,C,Yes,5.0,5.0,feet,-6.0,end,relevant,6.0
353,predict,feet,stripes,W,C,Yes,2.0,6.0,feet,5.0,end,relevant,5.0
354,predict,feet,stripes,W,C,Yes,7.0,7.0,feet,7.0,end,relevant,7.0
355,predict,feet,stripes,E,F,Yes,4.0,7.0,feet,6.0,end,relevant,6.0
356,predict,feet,stripes,E,C,Yes,1.0,4.0,feet,7.0,end,relevant,7.0
357,predict,feet,stripes,W,F,Yes,7.0,7.0,feet,-4.0,end,relevant,4.0
358,predict,stripes,feet,W,F,Yes,7.0,7.0,feet,7.0,end,irrelevant,7.0
359,predict,feet,stripes,W,F,Yes,5.0,6.0,feet,-5.0,end,relevant,5.0
360,predict,feet,stripes,W,C,Yes,5.0,6.0,feet,3.0,end,relevant,3.0
361,predict,feet,stripes,E,C,Yes,5.0,4.0,feet,2.0,end,relevant,2.0
362,predict,feet,stripes,E,F,Yes,3.0,7.0,feet,6.0,end,relevant,6.0
363,predict,feet,stripes,E,F,Yes,4.0,7.0,feet,6.0,end,relevant,6.0
364,predict,stripes,feet,E,C,Yes,6.0,3.0,feet,7.0,end,irrelevant,7.0
365,predict,feet,stripes,E,F,Yes,2.0,2.0,feet,4.0,end,relevant,4.0
366,predict,feet,stripes,W,C,Yes,5.0,4.0,feet,7.0,end,relevant,7.0
367,predict,stripes,feet,W,C,No,2.0,7.0,feet,0.0,end,irrelevant,0.0
368,predict,feet,stripes,W,C,No,4.0,3.0,feet,0.0,end,relevant,0.0
369,predict,feet,stripes,E,C,Yes,4.0,4.0,feet,-5.0,end,relevant,5.0
370,predict,feet,stripes,W,F,Yes,1.0,7.0,feet,6.0,end,relevant,6.0
371,predict,stripes,feet,W,F,No,4.0,3.0,feet,0.0,end,irrelevant,0.0
372,predict,stripes,feet,E,F,Yes,5.0,6.0,feet,-6.0,end,irrelevant,6.0
373,predict,feet,stripes,E,F,Yes,5.0,6.0,feet,7.0,end,relevant,7.0
374,predict,feet,stripes,E,C,Yes,5.0,7.0,feet,6.0,end,relevant,6.0
375,predict,stripes,feet,W,C,Yes,5.0,5.0,feet,5.0,end,irrelevant,5.0
376,predict,stripes,feet,W,C,No,7.0,7.0,feet,0.0,end,irrelevant,0.0
377,predict,feet,stripes,E,C,Yes,2.0,7.0,feet,3.0,end,relevant,3.0
378,predict,feet,stripes,W,C,Yes,4.0,6.0,feet,4.0,end,relevant,4.0
379,predict,stripes,feet,E,C,Yes,5.0,6.0,feet,-3.0,end,irrelevant,3.0
380,predict,stripes,feet,E,F,Yes,1.0,7.0,feet,5.0,end,irrelevant,5.0
381,predict,stripes,feet,W,C,Yes,5.0,4.0,feet,5.0,end,irrelevant,5.0
382,predict,feet,stripes,E,F,Yes,6.0,5.0,feet,6.0,end,relevant,6.0
383,predict,stripes,feet,E,F,No,1.0,7.0,feet,0.0,end,irrelevant,0.0
384,predict,stripes,feet,W,C,No,2.0,7.0,feet,0.0,end,irrelevant,0.0
385,predict,feet,stripes,E,F,Yes,7.0,7.0,feet,6.0,end,relevant,6.0
386,predict,stripes,feet,W,F,Yes,7.0,4.0,feet,6.0,end,irrelevant,6.0
387,predict,stripes,feet,E,C,Yes,1.0,7.0,feet,-5.0,end,irrelevant,5.0
388,predict,stripes,feet,E,C,No,2.0,6.0,feet,0.0,end,irrelevant,0.0
389,predict,stripes,feet,W,F,No,7.0,7.0,feet,0.0,end,irrelevant,0.0
390,predict,feet,stripes,W,F,Yes,1.0,6.0,feet,4.0,end,relevant,4.0
391,predict,stripes,feet,E,C,Yes,7.0,6.0,feet,-6.0,end,irrelevant,6.0
392,predict,feet,stripes,E,F,Yes,6.0,7.0,feet,-5.0,end,relevant,5.0
393,predict,feet,stripes,W,F,Yes,3.0,7.0,feet,5.0,end,relevant,5.0
394,predict,stripes,feet,W,F,Yes,7.0,6.0,feet,2.0,end,irrelevant,2.0
395,predict,stripes,feet,W,F,Yes,6.0,6.0,feet,3.0,end,irrelevant,3.0
396,predict,stripes,feet,E,C,Yes,1.0,7.0,feet,-3.0,end,irrelevant,3.0
397,predict,stripes,feet,E,F,Yes,5.0,6.0,feet,4.0,end,irrelevant,4.0
398,predict,stripes,feet,E,C,Yes,5.0,6.0,feet,-4.0,end,irrelevant,4.0
399,predict,feet,stripes,E,F,Yes,6.0,5.0,feet,6.0,end,relevant,6.0
400,predict,feet,stripes,E,C,Yes,6.0,5.0,feet,3.0,end,relevant,3.0
401,predict,feet,stripes,W,C,Yes,6.0,7.0,feet,5.0,end,relevant,5.0
402,predict,stripes,feet,E,C,Yes,5.0,6.0,feet,3.0,end,irrelevant,3.0
403,predict,stripes,feet,W,F,Yes,6.0,5.0,feet,6.0,end,irrelevant,6.0
404,predict,feet,stripes,E,C,Yes,7.0,5.0,feet,7.0,end,relevant,7.0
405,predict,stripes,feet,W,F,Yes,5.0,6.0,feet,3.0,end,irrelevant,3.0
406,predict,stripes,feet,W,C,No,2.0,6.0,feet,0.0,end,irrelevant,0.0
407,predict,stripes,feet,W,C,No,7.0,6.0,feet,0.0,end,irrelevant,0.0
408,predict,stripes,feet,W,F,Yes,1.0,2.0,feet,-2.0,end,irrelevant,2.0
409,predict,feet,stripes,E,C,Yes,5.0,6.0,feet,5.0,end,relevant,5.0
410,predict,stripes,feet,W,F,Yes,5.0,5.0,feet,5.0,end,irrelevant,5.0
411,predict,feet,stripes,E,C,Yes,7.0,6.0,feet,7.0,end,relevant,7.0
412,predict,stripes,feet,E,F,No,1.0,6.0,feet,0.0,end,irrelevant,0.0
413,predict,feet,stripes,E,F,No,4.0,6.0,feet,0.0,end,relevant,0.0
414,predict,stripes,feet,E,C,Yes,3.0,4.0,feet,-6.0,end,irrelevant,6.0
415,predict,feet,stripes,E,F,Yes,1.0,7.0,feet,7.0,end,relevant,7.0
416,predict,feet,stripes,E,F,Yes,4.0,4.0,feet,4.0,end,relevant,4.0
417,predict,feet,stripes,W,C,No,4.0,7.0,feet,0.0,end,relevant,0.0
418,predict,stripes,feet,E,C,Yes,2.0,6.0,feet,3.0,end,irrelevant,3.0
419,predict,stripes,feet,E,C,Yes,5.0,5.0,feet,-5.0,end,irrelevant,5.0
420,predict,feet,stripes,E,C,Yes,5.0,6.0,feet,4.0,end,relevant,4.0
421,predict,feet,stripes,E,F,Yes,7.0,5.0,feet,7.0,end,relevant,7.0
422,predict,stripes,feet,W,F,No,7.0,7.0,feet,0.0,end,irrelevant,0.0
423,predict,feet,stripes,W,F,Yes,5.0,4.0,feet,6.0,end,relevant,6.0
424,predict,stripes,feet,W,F,No,3.0,5.0,feet,0.0,end,irrelevant,0.0
425,predict,stripes,feet,W,C,Yes,1.0,7.0,feet,-2.0,end,irrelevant,2.0
426,predict,feet,stripes,E,C,Yes,4.0,7.0,feet,5.0,end,relevant,5.0
427,predict,feet,stripes,E,F,Yes,2.0,7.0,feet,5.0,end,relevant,5.0
428,predict,feet,stripes,W,C,Yes,3.0,7.0,feet,5.0,end,relevant,5.0
429,predict,stripes,feet,W,F,Yes,6.0,7.0,feet,5.0,end,irrelevant,5.0
430,predict,feet,stripes,W,C,Yes,7.0,7.0,feet,6.0,end,relevant,6.0
431,predict,feet,stripes,E,F,Yes,5.0,4.0,feet,2.0,end,relevant,2.0
432,predict,stripes,feet,W,F,No,1.0,4.0,feet,0.0,end,irrelevant,0.0
433,predict,stripes,feet,W,C,Yes,7.0,7.0,feet,5.0,end,irrelevant,5.0
434,predict,stripes,feet,W,F,Yes,5.0,4.0,feet,5.0,end,irrelevant,5.0
435,predict,stripes,feet,W,C,Yes,6.0,6.0,feet,5.0,end,irrelevant,5.0
436,predict,stripes,feet,W,C,Yes,7.0,6.0,feet,4.0,end,irrelevant,4.0
437,predict,stripes,feet,W,C,Yes,5.0,6.0,feet,-2.0,end,irrelevant,2.0
438,predict,stripes,feet,E,F,Yes,5.0,7.0,feet,2.0,end,irrelevant,2.0
439,predict,stripes,feet,E,C,Yes,2.0,7.0,feet,2.0,end,irrelevant,2.0
440,predict,feet,stripes,W,C,Yes,7.0,6.0,feet,6.0,end,relevant,6.0
441,predict,feet,stripes,W,F,Yes,2.0,6.0,feet,5.0,end,relevant,5.0
442,predict,feet,stripes,E,F,No,4.0,4.0,feet,0.0,end,relevant,0.0
443,predict,feet,stripes,W,C,Yes,2.0,7.0,feet,7.0,end,relevant,7.0
444,predict,feet,stripes,W,C,Yes,6.0,7.0,feet,5.0,end,relevant,5.0
445,predict,feet,stripes,W,C,Yes,2.0,6.0,feet,7.0,end,relevant,7.0
446,predict,stripes,feet,E,C,No,7.0,7.0,feet,0.0,end,irrelevant,0.0
447,predict,feet,stripes,W,F,Yes,7.0,7.0,feet,7.0,end,relevant,7.0
448,predict,stripes,feet,E,F,Yes,6.0,6.0,feet,2.0,end,irrelevant,2.0
449,predict,stripes,feet,E,F,Yes,5.0,6.0,feet,-6.0,end,irrelevant,6.0
450,predict,feet,stripes,W,C,Yes,2.0,5.0,feet,6.0,end,relevant,6.0
451,predict,feet,stripes,W,C,Yes,5.0,6.0,feet,5.0,end,relevant,5.0
452,predict,feet,stripes,E,F,Yes,2.0,7.0,feet,6.0,end,relevant,6.0
453,predict,stripes,feet,W,C,No,7.0,5.0,feet,0.0,end,irrelevant,0.0
454,predict,feet,stripes,W,F,No,4.0,6.0,feet,0.0,end,relevant,0.0
455,predict,stripes,feet,W,C,Yes,7.0,7.0,feet,-5.0,end,irrelevant,5.0
456,predict,feet,stripes,W,C,Yes,4.0,6.0,feet,6.0,end,relevant,6.0
457,predict,stripes,feet,W,C,Yes,5.0,7.0,feet,5.0,end,irrelevant,5.0
458,predict,feet,stripes,W,F,Yes,7.0,6.0,feet,6.0,end,relevant,6.0
459,predict,feet,stripes,W,F,Yes,2.0,4.0,feet,5.0,end,relevant,5.0
460,predict,feet,stripes,E,C,Yes,5.0,3.0,feet,4.0,end,relevant,4.0
461,predict,stripes,feet,E,F,Yes,6.0,5.0,feet,5.0,end,irrelevant,5.0
462,predict,feet,stripes,E,F,Yes,5.0,4.0,feet,5.0,end,relevant,5.0
463,predict,stripes,feet,E,C,Yes,7.0,7.0,feet,-6.0,end,irrelevant,6.0
464,predict,feet,stripes,W,F,Yes,4.0,5.0,feet,-4.0,end,relevant,4.0
465,predict,feet,stripes,W,F,No,1.0,1.0,feet,0.0,end,relevant,0.0
466,predict,stripes,feet,W,F,Yes,4.0,5.0,feet,4.0,end,irrelevant,4.0
467,predict,feet,stripes,W,F,Yes,2.0,7.0,feet,7.0,end,relevant,7.0
468,predict,feet,stripes,W,C,Yes,6.0,1.0,feet,-5.0,end,relevant,5.0
469,predict,stripes,feet,W,C,Yes,6.0,7.0,feet,3.0,end,irrelevant,3.0
470,predict,feet,stripes,E,C,Yes,5.0,6.0,feet,6.0,end,relevant,6.0
471,predict,feet,stripes,E,F,Yes,7.0,7.0,feet,-5.0,end,relevant,5.0
472,predict,feet,stripes,W,F,No,5.0,7.0,feet,0.0,end,relevant,0.0
473,predict,stripes,feet,E,F,Yes,7.0,7.0,feet,6.0,end,irrelevant,6.0
474,predict,stripes,feet,W,F,Yes,7.0,7.0,feet,3.0,end,irrelevant,3.0
475,predict,feet,stripes,W,F,Yes,1.0,6.0,feet,6.0,end,relevant,6.0
476,predict,feet,stripes,E,F,Yes,7.0,7.0,feet,6.0,end,relevant,6.0
477,predict,stripes,feet,W,F,No,6.0,6.0,feet,0.0,end,irrelevant,0.0
478,predict,feet,stripes,E,C,Yes,2.0,4.0,feet,3.0,end,relevant,3.0
479,predict,feet,stripes,W,F,Yes,6.0,6.0,feet,4.0,end,relevant,4.0
480,predict,feet,stripes,W,F,No,4.0,6.0,feet,0.0,end,relevant,0.0
481,predict,feet,stripes,W,F,Yes,7.0,4.0,feet,7.0,end,relevant,7.0
482,predict,feet,stripes,W,C,Yes,1.0,7.0,feet,5.0,end,relevant,5.0
483,predict,feet,stripes,W,F,No,3.0,3.0,feet,0.0,end,relevant,0.0
484,predict,stripes,feet,W,C,No,6.0,7.0,feet,0.0,end,irrelevant,0.0
485,predict,stripes,feet,E,F,Yes,6.0,7.0,feet,5.0,end,irrelevant,5.0
486,predict,feet,stripes,E,C,Yes,3.0,7.0,feet,6.0,end,relevant,6.0
487,predict,feet,stripes,W,F,Yes,5.0,7.0,feet,7.0,end,relevant,7.0
488,predict,stripes,feet,E,C,No,3.0,7.0,feet,0.0,end,irrelevant,0.0
489,predict,stripes,feet,E,F,Yes,3.0,5.0,feet,2.0,end,irrelevant,2.0
490,predict,stripes,feet,W,F,Yes,6.0,4.0,feet,7.0,end,irrelevant,7.0
491,predict,feet,stripes,E,C,Yes,5.0,7.0,feet,-4.0,end,relevant,4.0
492,predict,stripes,feet,E,F,No,7.0,7.0,feet,0.0,end,irrelevant,0.0
493,predict,feet,stripes,W,C,Yes,5.0,5.0,feet,6.0,end,relevant,6.0
494,predict,feet,stripes,E,F,Yes,3.0,7.0,feet,7.0,end,relevant,7.0
495,predict,feet,stripes,W,C,Yes,1.0,6.0,feet,3.0,end,relevant,3.0
496,predict,feet,stripes,E,C,Yes,5.0,5.0,feet,6.0,end,relevant,6.0
497,predict,stripes,feet,W,C,Yes,1.0,6.0,feet,6.0,end,irrelevant,6.0
498,predict,stripes,feet,E,F,Yes,5.0,7.0,feet,-3.0,end,irrelevant,3.0
499,predict,feet,stripes,E,C,Yes,4.0,6.0,feet,6.0,end,relevant,6.0
500,predict,stripes,feet,E,F,Yes,7.0,6.0,feet,3.0,end,irrelevant,3.0
501,predict,stripes,feet,W,C,No,2.0,7.0,feet,0.0,end,irrelevant,0.0
502,predict,stripes,feet,E,C,Yes,3.0,6.0,feet,6.0,end,irrelevant,6.0
503,predict,stripes,feet,W,F,Yes,7.0,7.0,feet,6.0,end,irrelevant,6.0
504,predict,stripes,feet,E,F,Yes,2.0,6.0,feet,-4.0,end,irrelevant,4.0
505,predict,feet,stripes,E,F,Yes,5.0,2.0,feet,5.0,end,relevant,5.0
506,predict,feet,stripes,W,F,Yes,7.0,7.0,feet,6.0,end,relevant,6.0
507,predict,stripes,feet,E,C,Yes,7.0,7.0,feet,4.0,end,irrelevant,4.0
508,predict,feet,stripes,E,C,Yes,5.0,7.0,feet,5.0,end,relevant,5.0
509,predict,stripes,feet,W,C,Yes,6.0,5.0,feet,-2.0,end,irrelevant,2.0
510,predict,stripes,feet,W,C,Yes,7.0,7.0,feet,6.0,end,irrelevant,6.0
511,predict,feet,stripes,W,F,Yes,7.0,7.0,feet,7.0,end,relevant,7.0
512,predict,feet,stripes,W,F,Yes,7.0,7.0,feet,7.0,end,relevant,7.0
513,predict,feet,stripes,E,F,Yes,3.0,4.0,feet,6.0,end,relevant,6.0
514,predict,stripes,feet,E,F,Yes,5.0,4.0,feet,7.0,end,irrelevant,7.0
515,predict,stripes,feet,W,C,Yes,4.0,5.0,feet,4.0,end,irrelevant,4.0
516,predict,stripes,feet,E,C,No,5.0,6.0,feet,0.0,end,irrelevant,0.0
517,predict,stripes,feet,E,C,Yes,4.0,2.0,feet,3.0,end,irrelevant,3.0
518,predict,stripes,feet,E,F,Yes,7.0,7.0,feet,6.0,end,irrelevant,6.0
519,predict,feet,stripes,W,C,No,5.0,5.0,feet,0.0,end,relevant,0.0
520,predict,stripes,feet,E,F,Yes,7.0,7.0,feet,6.0,end,irrelevant,6.0
521,predict,feet,stripes,E,F,Yes,4.0,3.0,feet,6.0,end,relevant,6.0
522,predict,stripes,feet,E,C,No,7.0,6.0,feet,0.0,end,irrelevant,0.0
523,predict,stripes,feet,E,F,Yes,4.0,6.0,feet,-4.0,end,irrelevant,4.0
524,predict,feet,stripes,W,C,Yes,7.0,7.0,feet,6.0,end,relevant,6.0
525,predict,stripes,feet,E,F,Yes,4.0,2.0,feet,4.0,end,irrelevant,4.0
526,predict,feet,stripes,W,F,Yes,2.0,6.0,feet,6.0,end,relevant,6.0
527,predict,feet,stripes,E,C,Yes,5.0,7.0,feet,6.0,end,relevant,6.0
528,predict,stripes,feet,E,C,No,4.0,7.0,feet,0.0,end,irrelevant,0.0
529,predict,feet,stripes,W,F,Yes,1.0,2.0,feet,5.0,end,relevant,5.0
530,predict,feet,stripes,W,C,Yes,7.0,7.0,feet,5.0,end,relevant,5.0
531,predict,stripes,feet,E,F,Yes,4.0,4.0,feet,3.0,end,irrelevant,3.0
532,predict,feet,stripes,W,F,Yes,5.0,7.0,feet,6.0,end,relevant,6.0
533,predict,stripes,feet,W,C,Yes,7.0,5.0,feet,-5.0,end,irrelevant,5.0
534,predict,stripes,feet,E,F,Yes,6.0,5.0,feet,-5.0,end,irrelevant,5.0
535,predict,feet,stripes,E,F,Yes,1.0,6.0,feet,5.0,end,relevant,5.0
536,predict,stripes,feet,W,C,No,1.0,7.0,feet,0.0,end,irrelevant,0.0
537,predict,stripes,feet,E,F,Yes,6.0,6.0,feet,4.0,end,irrelevant,4.0
538,predict,feet,stripes,W,C,Yes,7.0,5.0,feet,5.0,end,relevant,5.0
539,predict,feet,stripes,E,F,Yes,7.0,6.0,feet,7.0,end,relevant,7.0
540,predict,feet,stripes,W,F,Yes,5.0,6.0,feet,6.0,end,relevant,6.0
541,predict,stripes,feet,E,C,Yes,5.0,5.0,feet,2.0,end,irrelevant,2.0
542,predict,feet,stripes,W,C,Yes,7.0,6.0,feet,4.0,end,relevant,4.0
543,predict,stripes,feet,E,F,Yes,4.0,5.0,feet,3.0,end,irrelevant,3.0
544,predict,feet,stripes,W,C,Yes,7.0,6.0,feet,7.0,end,relevant,7.0
545,predict,stripes,feet,W,C,Yes,4.0,3.0,feet,7.0,end,irrelevant,7.0
546,predict,stripes,feet,E,F,Yes,5.0,7.0,feet,3.0,end,irrelevant,3.0
547,predict,stripes,feet,W,F,Yes,7.0,2.0,feet,7.0,end,irrelevant,7.0
548,predict,stripes,feet,W,C,No,2.0,6.0,feet,0.0,end,irrelevant,0.0
549,predict,feet,stripes,W,C,Yes,1.0,3.0,feet,5.0,end,relevant,5.0
550,predict,stripes,feet,W,C,Yes,2.0,6.0,feet,2.0,end,irrelevant,2.0
551,predict,feet,stripes,W,F,Yes,5.0,7.0,feet,6.0,end,relevant,6.0
552,predict,stripes,feet,E,F,Yes,7.0,5.0,feet,6.0,end,irrelevant,6.0
553,predict,feet,stripes,W,C,Yes,7.0,7.0,feet,7.0,end,relevant,7.0
554,predict,stripes,feet,W,F,No,5.0,5.0,feet,0.0,end,irrelevant,0.0
555,predict,feet,stripes,E,C,Yes,7.0,7.0,feet,4.0,end,relevant,4.0
556,predict,stripes,feet,E,C,Yes,1.0,4.0,feet,7.0,end,irrelevant,7.0
557,predict,stripes,feet,W,C,No,7.0,7.0,feet,0.0,end,irrelevant,0.0
558,predict,feet,stripes,E,F,Yes,6.0,6.0,feet,5.0,end,relevant,5.0
559,predict,stripes,feet,E,F,No,5.0,4.0,feet,0.0,end,irrelevant,0.0
560,predict,feet,stripes,E,F,Yes,6.0,4.0,feet,3.0,end,relevant,3.0
561,predict,feet,stripes,W,C,Yes,1.0,1.0,feet,-4.0,end,relevant,4.0
562,predict,stripes,feet,W,C,No,2.0,7.0,feet,0.0,end,irrelevant,0.0
563,predict,feet,stripes,E,C,Yes,6.0,6.0,feet,7.0,end,relevant,7.0
564,predict,feet,stripes,E,C,Yes,4.0,5.0,feet,5.0,end,relevant,5.0
565,predict,feet,stripes,E,C,Yes,7.0,7.0,feet,6.0,end,relevant,6.0
566,predict,feet,stripes,E,F,Yes,5.0,5.0,feet,5.0,end,relevant,5.0
567,predict,stripes,feet,E,F,No,7.0,7.0,feet,0.0,end,irrelevant,0.0
568,predict,stripes,feet,W,C,No,7.0,7.0,feet,0.0,end,irrelevant,0.0
569,predict,feet,stripes,E,C,Yes,2.0,7.0,feet,5.0,end,relevant,5.0
570,predict,feet,stripes,E,F,Yes,2.0,6.0,feet,6.0,end,relevant,6.0
571,predict,stripes,feet,E,F,Yes,1.0,7.0,feet,5.0,end,irrelevant,5.0
572,predict,stripes,feet,E,C,Yes,2.0,6.0,feet,-4.0,end,irrelevant,4.0
573,predict,stripes,feet,E,C,Yes,1.0,5.0,feet,6.0,end,irrelevant,6.0
574,predict,feet,stripes,E,F,Yes,1.0,4.0,feet,5.0,end,relevant,5.0
575,predict,feet,stripes,E,C,Yes,6.0,5.0,feet,-5.0,end,relevant,5.0
576,predict,stripes,feet,W,C,Yes,7.0,7.0,feet,6.0,end,irrelevant,6.0
577,predict,stripes,feet,W,F,No,3.0,5.0,feet,0.0,end,irrelevant,0.0
578,predict,stripes,feet,W,C,Yes,3.0,5.0,feet,5.0,end,irrelevant,5.0
579,predict,feet,stripes,E,C,Yes,4.0,4.0,feet,5.0,end,relevant,5.0
580,predict,feet,stripes,E,C,No,7.0,7.0,feet,0.0,end,relevant,0.0
581,predict,feet,stripes,W,C,Yes,7.0,7.0,feet,2.0,end,relevant,2.0
582,predict,feet,stripes,W,F,Yes,5.0,6.0,feet,-6.0,end,relevant,6.0
583,predict,stripes,feet,W,C,Yes,2.0,5.0,feet,5.0,end,irrelevant,5.0
584,predict,feet,stripes,W,C,Yes,2.0,7.0,feet,4.0,end,relevant,4.0
585,predict,feet,stripes,E,C,Yes,7.0,7.0,feet,4.0,end,relevant,4.0
586,predict,stripes,feet,W,F,No,5.0,6.0,feet,0.0,end,irrelevant,0.0
1,accommodate,stripes,feet,W,C,No,4.0,4.0,feet,0.0,mid,irrelevant,0.0
2,accommodate,stripes,feet,W,C,No,7.0,1.0,feet,-7.0,mid,irrelevant,7.0
3,accommodate,feet,stripes,W,C,Yes,6.0,5.0,feet,6.0,mid,relevant,6.0
4,accommodate,feet,stripes,W,F,Yes,2.0,4.0,feet,6.0,mid,relevant,6.0
5,accommodate,feet,stripes,E,F,No,7.0,7.0,feet,0.0,mid,relevant,0.0
6,accommodate,feet,stripes,E,F,Yes,7.0,6.0,feet,7.0,mid,relevant,7.0
7,accommodate,feet,stripes,W,C,Yes,5.0,5.0,feet,6.0,mid,relevant,6.0
8,accommodate,feet,stripes,E,C,Yes,7.0,7.0,feet,6.0,mid,relevant,6.0
9,accommodate,stripes,feet,W,F,Yes,5.0,6.0,feet,7.0,mid,irrelevant,7.0
10,accommodate,feet,stripes,W,C,Yes,7.0,7.0,feet,7.0,mid,relevant,7.0
11,accommodate,stripes,feet,W,C,Yes,4.0,5.0,feet,-7.0,mid,irrelevant,7.0
12,accommodate,stripes,feet,E,C,No,7.0,5.0,feet,0.0,mid,irrelevant,0.0
13,accommodate,feet,stripes,E,F,Yes,6.0,6.0,feet,6.0,mid,relevant,6.0
14,accommodate,stripes,feet,E,C,Yes,7.0,7.0,feet,5.0,mid,irrelevant,5.0
15,accommodate,feet,stripes,W,F,Yes,4.0,5.0,feet,6.0,mid,relevant,6.0
16,accommodate,feet,stripes,E,F,Yes,5.0,5.0,feet,7.0,mid,relevant,7.0
17,accommodate,feet,stripes,E,F,Yes,3.0,2.0,feet,5.0,mid,relevant,5.0
18,accommodate,feet,stripes,E,F,Yes,2.0,5.0,feet,5.0,mid,relevant,5.0
19,accommodate,stripes,feet,W,C,Yes,5.0,5.0,feet,0.0,mid,irrelevant,0.0
20,accommodate,feet,stripes,W,C,Yes,4.0,3.0,feet,0.0,mid,relevant,0.0
21,accommodate,feet,stripes,E,C,Yes,5.0,4.0,feet,5.0,mid,relevant,5.0
22,accommodate,feet,stripes,W,F,Yes,7.0,7.0,feet,-5.0,mid,relevant,5.0
23,accommodate,stripes,feet,W,F,Yes,5.0,7.0,feet,7.0,mid,irrelevant,7.0
24,accommodate,feet,stripes,W,C,Yes,5.0,6.0,feet,6.0,mid,relevant,6.0
25,accommodate,feet,stripes,E,F,Yes,6.0,6.0,feet,-5.0,mid,relevant,5.0
26,accommodate,stripes,feet,W,F,No,7.0,7.0,feet,0.0,mid,irrelevant,0.0
27,accommodate,feet,stripes,E,F,Yes,5.0,4.0,feet,0.0,mid,relevant,0.0
28,accommodate,stripes,feet,E,F,Yes,1.0,6.0,feet,4.0,mid,irrelevant,4.0
29,accommodate,stripes,feet,W,F,Yes,5.0,3.0,feet,3.0,mid,irrelevant,3.0
30,accommodate,stripes,feet,W,C,Yes,6.0,5.0,feet,4.0,mid,irrelevant,4.0
31,accommodate,stripes,feet,E,C,Yes,7.0,7.0,feet,6.0,mid,irrelevant,6.0
32,accommodate,stripes,feet,E,F,Yes,4.0,4.0,feet,-3.0,mid,irrelevant,3.0
33,accommodate,feet,stripes,W,F,Yes,1.0,7.0,feet,5.0,mid,relevant,5.0
34,accommodate,stripes,feet,W,F,Yes,2.0,3.0,feet,0.0,mid,irrelevant,0.0
35,accommodate,feet,stripes,W,F,No,5.0,6.0,feet,0.0,mid,relevant,0.0
36,accommodate,stripes,feet,W,F,Yes,3.0,3.0,feet,7.0,mid,irrelevant,7.0
37,accommodate,feet,stripes,E,C,Yes,3.0,4.0,feet,0.0,mid,relevant,0.0
38,accommodate,feet,stripes,E,C,Yes,7.0,7.0,feet,7.0,mid,relevant,7.0
39,accommodate,stripes,feet,E,F,Yes,2.0,3.0,feet,4.0,mid,irrelevant,4.0
40,accommodate,stripes,feet,W,F,Yes,5.0,3.0,feet,5.0,mid,irrelevant,5.0
41,accommodate,stripes,feet,E,C,No,7.0,7.0,feet,5.0,mid,irrelevant,5.0
42,accommodate,feet,stripes,W,F,Yes,2.0,7.0,feet,6.0,mid,relevant,6.0
43,accommodate,stripes,feet,W,C,Yes,5.0,4.0,feet,-2.0,mid,irrelevant,2.0
44,accommodate,feet,stripes,W,F,Yes,5.0,5.0,feet,6.0,mid,relevant,6.0
45,accommodate,stripes,feet,W,F,Yes,2.0,5.0,feet,3.0,mid,irrelevant,3.0
46,accommodate,feet,stripes,W,C,Yes,6.0,7.0,feet,6.0,mid,relevant,6.0
47,accommodate,stripes,feet,E,F,Yes,6.0,5.0,feet,5.0,mid,irrelevant,5.0
48,accommodate,feet,stripes,E,C,Yes,7.0,5.0,feet,5.0,mid,relevant,5.0
49,accommodate,feet,stripes,W,C,Yes,7.0,7.0,feet,6.0,mid,relevant,6.0
50,accommodate,stripes,feet,W,F,No,6.0,7.0,feet,0.0,mid,irrelevant,0.0
51,accommodate,stripes,feet,W,F,No,1.0,1.0,feet,0.0,mid,irrelevant,0.0
52,accommodate,feet,stripes,W,F,Yes,6.0,7.0,feet,6.0,mid,relevant,6.0
53,accommodate,stripes,feet,W,C,No,2.0,7.0,feet,0.0,mid,irrelevant,0.0
54,accommodate,stripes,feet,E,C,Yes,7.0,7.0,feet,0.0,mid,irrelevant,0.0
55,accommodate,feet,stripes,E,F,Yes,6.0,6.0,feet,5.0,mid,relevant,5.0
56,accommodate,stripes,feet,W,C,No,1.0,1.0,feet,0.0,mid,irrelevant,0.0
57,accommodate,feet,stripes,W,F,Yes,3.0,6.0,feet,5.0,mid,relevant,5.0
58,accommodate,stripes,feet,E,C,Yes,2.0,7.0,feet,0.0,mid,irrelevant,0.0
59,accommodate,feet,stripes,E,F,Yes,7.0,7.0,feet,-7.0,mid,relevant,7.0
60,accommodate,stripes,feet,W,C,Yes,7.0,7.0,feet,0.0,mid,irrelevant,0.0
61,accommodate,stripes,feet,E,F,No,7.0,6.0,feet,0.0,mid,irrelevant,0.0
62,accommodate,stripes,feet,E,C,Yes,6.0,7.0,feet,0.0,mid,irrelevant,0.0
63,accommodate,feet,stripes,W,F,Yes,4.0,7.0,feet,5.0,mid,relevant,5.0
64,accommodate,stripes,feet,W,C,Yes,3.0,7.0,feet,0.0,mid,irrelevant,0.0
65,accommodate,stripes,feet,E,C,Yes,4.0,6.0,feet,-4.0,mid,irrelevant,4.0
66,accommodate,feet,stripes,E,F,Yes,5.0,7.0,feet,0.0,mid,relevant,0.0
67,accommodate,feet,stripes,E,C,Yes,6.0,5.0,feet,5.0,mid,relevant,5.0
68,accommodate,feet,stripes,E,F,Yes,2.0,6.0,feet,5.0,mid,relevant,5.0
69,accommodate,feet,stripes,E,F,Yes,5.0,4.0,feet,6.0,mid,relevant,6.0
70,accommodate,feet,stripes,W,C,Yes,7.0,7.0,feet,4.0,mid,relevant,4.0
71,accommodate,feet,stripes,W,C,Yes,6.0,6.0,feet,5.0,mid,relevant,5.0
72,accommodate,feet,stripes,W,F,Yes,7.0,7.0,feet,0.0,mid,relevant,0.0
73,accommodate,feet,stripes,W,C,Yes,2.0,3.0,feet,-4.0,mid,relevant,4.0
74,accommodate,feet,stripes,W,C,Yes,6.0,5.0,feet,0.0,mid,relevant,0.0
75,accommodate,stripes,feet,W,C,Yes,7.0,7.0,feet,0.0,mid,irrelevant,0.0
76,accommodate,stripes,feet,W,F,No,1.0,5.0,feet,0.0,mid,irrelevant,0.0
77,accommodate,feet,stripes,E,C,Yes,7.0,7.0,feet,7.0,mid,relevant,7.0
78,accommodate,feet,stripes,W,C,Yes,7.0,4.0,feet,6.0,mid,relevant,6.0
79,accommodate,stripes,feet,E,F,Yes,5.0,5.0,feet,5.0,mid,irrelevant,5.0
80,accommodate,feet,stripes,W,C,Yes,6.0,6.0,feet,6.0,mid,relevant,6.0
81,accommodate,feet,stripes,W,F,Yes,7.0,5.0,feet,0.0,mid,relevant,0.0
82,accommodate,feet,stripes,E,F,Yes,7.0,7.0,feet,-5.0,mid,relevant,5.0
83,accommodate,stripes,feet,E,F,Yes,6.0,7.0,feet,5.0,mid,irrelevant,5.0
84,accommodate,feet,stripes,E,F,Yes,7.0,7.0,feet,6.0,mid,relevant,6.0
85,accommodate,stripes,feet,E,C,Yes,7.0,4.0,feet,-7.0,mid,irrelevant,7.0
86,accommodate,feet,stripes,W,F,Yes,7.0,7.0,feet,6.0,mid,relevant,6.0
87,accommodate,feet,stripes,W,C,Yes,4.0,5.0,feet,5.0,mid,relevant,5.0
88,accommodate,feet,stripes,E,F,Yes,3.0,5.0,feet,6.0,mid,relevant,6.0
89,accommodate,stripes,feet,W,F,Yes,6.0,5.0,feet,5.0,mid,irrelevant,5.0
90,accommodate,feet,stripes,E,F,Yes,4.0,4.0,feet,5.0,mid,relevant,5.0
91,accommodate,feet,stripes,W,C,Yes,4.0,6.0,feet,5.0,mid,relevant,5.0
92,accommodate,feet,stripes,W,C,Yes,7.0,3.0,feet,6.0,mid,relevant,6.0
93,accommodate,feet,stripes,E,F,Yes,6.0,5.0,feet,5.0,mid,relevant,5.0
94,accommodate,stripes,feet,W,C,Yes,6.0,6.0,feet,0.0,mid,irrelevant,0.0
95,accommodate,feet,stripes,W,F,Yes,6.0,5.0,feet,3.0,mid,relevant,3.0
96,accommodate,feet,stripes,W,C,Yes,3.0,5.0,feet,3.0,mid,relevant,3.0
97,accommodate,stripes,feet,E,C,No,6.0,7.0,feet,4.0,mid,irrelevant,4.0
98,accommodate,stripes,feet,E,F,Yes,6.0,5.0,feet,6.0,mid,irrelevant,6.0
99,accommodate,stripes,feet,W,C,Yes,3.0,4.0,feet,-3.0,mid,irrelevant,3.0
100,accommodate,stripes,feet,E,C,No,5.0,5.0,feet,0.0,mid,irrelevant,0.0
101,accommodate,stripes,feet,E,F,Yes,1.0,7.0,feet,0.0,mid,irrelevant,0.0
102,accommodate,stripes,feet,W,F,Yes,5.0,5.0,feet,5.0,mid,irrelevant,5.0
103,accommodate,stripes,feet,W,C,No,4.0,3.0,feet,0.0,mid,irrelevant,0.0
104,accommodate,stripes,feet,W,F,No,2.0,6.0,feet,0.0,mid,irrelevant,0.0
105,accommodate,feet,stripes,E,C,Yes,4.0,6.0,feet,5.0,mid,relevant,5.0
106,accommodate,feet,stripes,E,C,No,5.0,6.0,feet,0.0,mid,relevant,0.0
107,accommodate,stripes,feet,W,C,Yes,2.0,7.0,feet,0.0,mid,irrelevant,0.0
108,accommodate,stripes,feet,W,F,Yes,7.0,7.0,feet,5.0,mid,irrelevant,5.0
109,accommodate,feet,stripes,W,C,Yes,7.0,5.0,feet,7.0,mid,relevant,7.0
110,accommodate,feet,stripes,E,C,Yes,5.0,4.0,feet,4.0,mid,relevant,4.0
111,accommodate,stripes,feet,E,F,Yes,7.0,7.0,feet,0.0,mid,irrelevant,0.0
112,accommodate,stripes,feet,W,F,Yes,3.0,7.0,feet,0.0,mid,irrelevant,0.0
113,accommodate,stripes,feet,E,C,Yes,7.0,6.0,feet,6.0,mid,irrelevant,6.0
114,accommodate,stripes,feet,W,F,Yes,5.0,7.0,feet,0.0,mid,irrelevant,0.0
115,accommodate,feet,stripes,E,C,Yes,7.0,5.0,feet,7.0,mid,relevant,7.0
116,accommodate,stripes,feet,E,F,No,1.0,1.0,feet,0.0,mid,irrelevant,0.0
117,accommodate,feet,stripes,W,C,Yes,3.0,5.0,feet,7.0,mid,relevant,7.0
118,accommodate,stripes,feet,W,C,Yes,7.0,7.0,feet,0.0,mid,irrelevant,0.0
119,accommodate,feet,stripes,W,C,Yes,4.0,4.0,feet,0.0,mid,relevant,0.0
120,accommodate,feet,stripes,E,F,Yes,7.0,5.0,feet,6.0,mid,relevant,6.0
121,accommodate,stripes,feet,E,F,Yes,4.0,6.0,feet,-3.0,mid,irrelevant,3.0
122,accommodate,stripes,feet,W,C,No,7.0,7.0,feet,0.0,mid,irrelevant,0.0
123,accommodate,stripes,feet,E,F,No,3.0,7.0,feet,4.0,mid,irrelevant,4.0
124,accommodate,stripes,feet,W,F,Yes,1.0,5.0,feet,0.0,mid,irrelevant,0.0
125,accommodate,feet,stripes,E,C,Yes,7.0,6.0,feet,6.0,mid,relevant,6.0
126,accommodate,feet,stripes,E,F,Yes,6.0,5.0,feet,2.0,mid,relevant,2.0
127,accommodate,stripes,feet,E,F,No,4.0,4.0,feet,4.0,mid,irrelevant,4.0
128,accommodate,stripes,feet,E,F,No,1.0,6.0,feet,0.0,mid,irrelevant,0.0
129,accommodate,stripes,feet,W,C,Yes,6.0,6.0,feet,4.0,mid,irrelevant,4.0
130,accommodate,stripes,feet,W,F,Yes,6.0,6.0,feet,3.0,mid,irrelevant,3.0
131,accommodate,feet,stripes,W,F,Yes,7.0,5.0,feet,7.0,mid,relevant,7.0
132,accommodate,feet,stripes,E,C,Yes,7.0,7.0,feet,5.0,mid,relevant,5.0
133,accommodate,feet,stripes,W,C,Yes,5.0,6.0,feet,6.0,mid,relevant,6.0
134,accommodate,feet,stripes,E,C,Yes,6.0,6.0,feet,5.0,mid,relevant,5.0
135,accommodate,feet,stripes,W,C,Yes,6.0,3.0,feet,7.0,mid,relevant,7.0
136,accommodate,feet,stripes,E,F,Yes,6.0,3.0,feet,4.0,mid,relevant,4.0
137,accommodate,stripes,feet,E,C,Yes,7.0,5.0,feet,0.0,mid,irrelevant,0.0
138,accommodate,feet,stripes,W,C,Yes,5.0,5.0,feet,-6.0,mid,relevant,6.0
139,accommodate,feet,stripes,E,F,Yes,7.0,7.0,feet,6.0,mid,relevant,6.0
140,accommodate,stripes,feet,E,F,Yes,5.0,5.0,feet,4.0,mid,irrelevant,4.0
141,accommodate,stripes,feet,W,C,No,7.0,4.0,feet,0.0,mid,irrelevant,0.0
142,accommodate,feet,stripes,W,F,Yes,5.0,6.0,feet,6.0,mid,relevant,6.0
143,accommodate,feet,stripes,E,C,No,5.0,5.0,feet,4.0,mid,relevant,4.0
144,accommodate,feet,stripes,W,F,Yes,7.0,7.0,feet,-7.0,mid,relevant,7.0
145,accommodate,stripes,feet,W,C,Yes,1.0,1.0,feet,0.0,mid,irrelevant,0.0
146,accommodate,stripes,feet,E,C,Yes,5.0,5.0,feet,4.0,mid,irrelevant,4.0
147,accommodate,stripes,feet,E,F,Yes,7.0,7.0,feet,0.0,mid,irrelevant,0.0
148,accommodate,stripes,feet,E,F,Yes,7.0,6.0,feet,6.0,mid,irrelevant,6.0
149,accommodate,feet,stripes,E,F,Yes,6.0,7.0,feet,-5.0,mid,relevant,5.0
150,accommodate,feet,stripes,E,C,Yes,7.0,6.0,feet,0.0,mid,relevant,0.0
151,accommodate,feet,stripes,W,C,Yes,7.0,6.0,feet,7.0,mid,relevant,7.0
152,accommodate,feet,stripes,E,C,Yes,7.0,7.0,feet,5.0,mid,relevant,5.0
153,accommodate,feet,stripes,E,C,Yes,1.0,1.0,feet,-4.0,mid,relevant,4.0
154,accommodate,feet,stripes,E,C,Yes,7.0,7.0,feet,7.0,mid,relevant,7.0
155,accommodate,stripes,feet,E,F,Yes,6.0,5.0,feet,5.0,mid,irrelevant,5.0
156,accommodate,feet,stripes,E,C,No,3.0,5.0,feet,0.0,mid,relevant,0.0
157,accommodate,stripes,feet,W,C,Yes,6.0,6.0,feet,-6.0,mid,irrelevant,6.0
158,accommodate,feet,stripes,W,F,Yes,1.0,6.0,feet,5.0,mid,relevant,5.0
159,accommodate,feet,stripes,W,C,Yes,5.0,6.0,feet,7.0,mid,relevant,7.0
160,accommodate,feet,stripes,E,C,Yes,6.0,7.0,feet,7.0,mid,relevant,7.0
161,accommodate,stripes,feet,W,C,Yes,5.0,6.0,feet,0.0,mid,irrelevant,0.0
162,accommodate,stripes,feet,W,F,Yes,6.0,6.0,feet,-5.0,mid,irrelevant,5.0
163,accommodate,feet,stripes,E,C,Yes,6.0,6.0,feet,7.0,mid,relevant,7.0
164,accommodate,stripes,feet,E,C,No,6.0,6.0,feet,0.0,mid,irrelevant,0.0
165,accommodate,feet,stripes,W,F,Yes,7.0,5.0,feet,7.0,mid,relevant,7.0
166,accommodate,stripes,feet,W,F,Yes,3.0,6.0,feet,-3.0,mid,irrelevant,3.0
167,accommodate,stripes,feet,W,C,Yes,2.0,6.0,feet,-2.0,mid,irrelevant,2.0
168,accommodate,feet,stripes,E,C,Yes,6.0,7.0,feet,7.0,mid,relevant,7.0
169,accommodate,feet,stripes,W,F,Yes,5.0,6.0,feet,4.0,mid,relevant,4.0
170,accommodate,stripes,feet,W,C,Yes,7.0,7.0,feet,4.0,mid,irrelevant,4.0
171,accommodate,feet,stripes,W,F,Yes,5.0,6.0,feet,0.0,mid,relevant,0.0
172,accommodate,feet,stripes,E,C,Yes,6.0,5.0,feet,6.0,mid,relevant,6.0
173,accommodate,feet,stripes,W,C,Yes,7.0,7.0,feet,5.0,mid,relevant,5.0
174,accommodate,feet,stripes,E,C,Yes,7.0,6.0,feet,6.0,mid,relevant,6.0
175,accommodate,stripes,feet,E,C,Yes,3.0,4.0,feet,5.0,mid,irrelevant,5.0
176,accommodate,stripes,feet,W,C,No,6.0,2.0,feet,0.0,mid,irrelevant,0.0
177,accommodate,stripes,feet,W,C,Yes,5.0,4.0,feet,4.0,mid,irrelevant,4.0
178,accommodate,stripes,feet,E,F,Yes,4.0,5.0,feet,-4.0,mid,irrelevant,4.0
179,accommodate,stripes,feet,W,C,Yes,7.0,7.0,feet,0.0,mid,irrelevant,0.0
180,accommodate,stripes,feet,E,C,Yes,5.0,5.0,feet,0.0,mid,irrelevant,0.0
181,accommodate,stripes,feet,W,F,Yes,7.0,7.0,feet,0.0,mid,irrelevant,0.0
182,accommodate,feet,stripes,E,F,Yes,5.0,4.0,feet,-5.0,mid,relevant,5.0
183,accommodate,stripes,feet,E,F,Yes,5.0,5.0,feet,6.0,mid,irrelevant,6.0
184,accommodate,stripes,feet,E,F,Yes,3.0,6.0,feet,6.0,mid,irrelevant,6.0
185,accommodate,stripes,feet,E,C,Yes,6.0,6.0,feet,-4.0,mid,irrelevant,4.0
186,accommodate,stripes,feet,W,C,Yes,6.0,3.0,feet,0.0,mid,irrelevant,0.0
187,accommodate,stripes,feet,W,C,Yes,7.0,5.0,feet,0.0,mid,irrelevant,0.0
188,accommodate,feet,stripes,W,C,No,6.0,7.0,feet,0.0,mid,relevant,0.0
189,accommodate,stripes,feet,E,F,Yes,3.0,2.0,feet,0.0,mid,irrelevant,0.0
190,accommodate,feet,stripes,E,F,Yes,6.0,7.0,feet,-5.0,mid,relevant,5.0
191,accommodate,feet,stripes,W,C,Yes,6.0,7.0,feet,6.0,mid,relevant,6.0
192,accommodate,feet,stripes,E,F,Yes,1.0,6.0,feet,4.0,mid,relevant,4.0
193,accommodate,stripes,feet,W,F,No,7.0,7.0,feet,-6.0,mid,irrelevant,6.0
194,accommodate,feet,stripes,W,C,Yes,7.0,5.0,feet,4.0,mid,relevant,4.0
195,accommodate,stripes,feet,W,C,No,2.0,7.0,feet,5.0,mid,irrelevant,5.0
196,accommodate,feet,stripes,E,F,No,7.0,5.0,feet,0.0,mid,relevant,0.0
197,accommodate,stripes,feet,E,F,Yes,7.0,7.0,feet,5.0,mid,irrelevant,5.0
198,accommodate,stripes,feet,W,F,Yes,7.0,7.0,feet,2.0,mid,irrelevant,2.0
199,accommodate,feet,stripes,E,F,Yes,7.0,7.0,feet,6.0,mid,relevant,6.0
200,accommodate,stripes,feet,E,F,No,6.0,5.0,feet,0.0,mid,irrelevant,0.0
201,accommodate,stripes,feet,W,C,Yes,6.0,6.0,feet,-5.0,mid,irrelevant,5.0
202,accommodate,stripes,feet,W,F,Yes,6.0,7.0,feet,-3.0,mid,irrelevant,3.0
203,accommodate,stripes,feet,E,C,No,1.0,7.0,feet,0.0,mid,irrelevant,0.0
204,accommodate,feet,stripes,E,F,Yes,5.0,6.0,feet,6.0,mid,relevant,6.0
205,accommodate,feet,stripes,W,F,Yes,4.0,5.0,feet,4.0,mid,relevant,4.0
206,accommodate,stripes,feet,E,C,No,1.0,5.0,feet,0.0,mid,irrelevant,0.0
207,accommodate,feet,stripes,W,F,Yes,6.0,4.0,feet,5.0,mid,relevant,5.0
208,accommodate,stripes,feet,E,F,Yes,7.0,7.0,feet,6.0,mid,irrelevant,6.0
209,accommodate,feet,stripes,E,C,No,5.0,6.0,feet,6.0,mid,relevant,6.0
210,accommodate,feet,stripes,E,F,Yes,5.0,5.0,feet,5.0,mid,relevant,5.0
211,accommodate,stripes,feet,W,C,Yes,7.0,7.0,feet,-6.0,mid,irrelevant,6.0
212,accommodate,stripes,feet,W,F,Yes,5.0,5.0,feet,5.0,mid,irrelevant,5.0
213,accommodate,feet,stripes,E,F,Yes,7.0,6.0,feet,6.0,mid,relevant,6.0
214,accommodate,stripes,feet,E,C,Yes,6.0,2.0,feet,7.0,mid,irrelevant,7.0
215,accommodate,feet,stripes,W,C,Yes,3.0,6.0,feet,-2.0,mid,relevant,2.0
216,accommodate,stripes,feet,W,C,No,7.0,7.0,feet,-3.0,mid,irrelevant,3.0
217,accommodate,feet,stripes,E,C,Yes,5.0,3.0,feet,0.0,mid,relevant,0.0
218,accommodate,feet,stripes,E,C,Yes,3.0,7.0,feet,6.0,mid,relevant,6.0
219,accommodate,feet,stripes,E,C,Yes,7.0,6.0,feet,0.0,mid,relevant,0.0
220,accommodate,feet,stripes,W,F,Yes,5.0,4.0,feet,5.0,mid,relevant,5.0
221,accommodate,stripes,feet,E,C,No,3.0,5.0,feet,0.0,mid,irrelevant,0.0
222,accommodate,feet,stripes,W,F,Yes,7.0,7.0,feet,5.0,mid,relevant,5.0
223,accommodate,stripes,feet,E,C,Yes,6.0,7.0,feet,6.0,mid,irrelevant,6.0
224,accommodate,stripes,feet,W,C,Yes,4.0,6.0,feet,6.0,mid,irrelevant,6.0
225,accommodate,feet,stripes,W,C,Yes,5.0,6.0,feet,5.0,mid,relevant,5.0
226,accommodate,stripes,feet,E,F,Yes,5.0,7.0,feet,-5.0,mid,irrelevant,5.0
227,accommodate,stripes,feet,E,F,Yes,6.0,5.0,feet,5.0,mid,irrelevant,5.0
228,accommodate,stripes,feet,W,C,Yes,5.0,6.0,feet,2.0,mid,irrelevant,2.0
229,accommodate,stripes,feet,E,C,No,5.0,5.0,feet,3.0,mid,irrelevant,3.0
230,accommodate,feet,stripes,E,C,Yes,6.0,3.0,feet,5.0,mid,relevant,5.0
231,accommodate,feet,stripes,W,C,Yes,6.0,5.0,feet,7.0,mid,relevant,7.0
232,accommodate,feet,stripes,W,F,Yes,6.0,6.0,feet,5.0,mid,relevant,5.0
233,accommodate,stripes,feet,E,C,No,6.0,4.0,feet,0.0,mid,irrelevant,0.0
234,accommodate,feet,stripes,W,F,Yes,4.0,7.0,feet,0.0,mid,relevant,0.0
235,accommodate,feet,stripes,E,F,Yes,5.0,5.0,feet,-4.0,mid,relevant,4.0
236,accommodate,stripes,feet,E,C,Yes,5.0,5.0,feet,4.0,mid,irrelevant,4.0
237,accommodate,feet,stripes,E,C,Yes,7.0,2.0,feet,6.0,mid,relevant,6.0
238,accommodate,stripes,feet,W,F,No,7.0,7.0,feet,0.0,mid,irrelevant,0.0
239,accommodate,feet,stripes,E,C,Yes,5.0,4.0,feet,5.0,mid,relevant,5.0
240,accommodate,stripes,feet,E,C,No,6.0,4.0,feet,4.0,mid,irrelevant,4.0
241,accommodate,stripes,feet,E,C,Yes,3.0,5.0,feet,-3.0,mid,irrelevant,3.0
242,accommodate,feet,stripes,W,C,Yes,6.0,7.0,feet,6.0,mid,relevant,6.0
243,accommodate,feet,stripes,W,C,Yes,6.0,6.0,feet,5.0,mid,relevant,5.0
244,accommodate,feet,stripes,W,F,Yes,1.0,7.0,feet,5.0,mid,relevant,5.0
245,accommodate,feet,stripes,E,F,No,6.0,4.0,feet,0.0,mid,relevant,0.0
246,accommodate,feet,stripes,E,C,Yes,6.0,6.0,feet,6.0,mid,relevant,6.0
247,accommodate,stripes,feet,E,F,No,3.0,1.0,feet,0.0,mid,irrelevant,0.0
248,accommodate,stripes,feet,W,F,Yes,1.0,1.0,feet,6.0,mid,irrelevant,6.0
249,accommodate,feet,stripes,E,C,Yes,1.0,5.0,feet,5.0,mid,relevant,5.0
250,accommodate,stripes,feet,E,F,Yes,7.0,5.0,feet,5.0,mid,irrelevant,5.0
251,accommodate,stripes,feet,E,C,Yes,1.0,5.0,feet,4.0,mid,irrelevant,4.0
252,accommodate,stripes,feet,W,C,Yes,5.0,6.0,feet,-3.0,mid,irrelevant,3.0
253,accommodate,feet,stripes,W,C,Yes,7.0,7.0,feet,7.0,mid,relevant,7.0
254,accommodate,feet,stripes,W,C,Yes,4.0,5.0,feet,6.0,mid,relevant,6.0
255,accommodate,stripes,feet,E,C,Yes,5.0,6.0,feet,-5.0,mid,irrelevant,5.0
256,accommodate,stripes,feet,E,F,Yes,5.0,5.0,feet,6.0,mid,irrelevant,6.0
257,accommodate,feet,stripes,E,F,Yes,6.0,7.0,feet,6.0,mid,relevant,6.0
258,accommodate,feet,stripes,W,F,Yes,6.0,3.0,feet,7.0,mid,relevant,7.0
259,accommodate,feet,stripes,E,C,Yes,6.0,7.0,feet,7.0,mid,relevant,7.0
260,accommodate,stripes,feet,W,C,Yes,6.0,6.0,feet,-4.0,mid,irrelevant,4.0
261,accommodate,stripes,feet,W,F,No,7.0,6.0,feet,4.0,mid,irrelevant,4.0
262,accommodate,feet,stripes,E,F,Yes,5.0,5.0,feet,5.0,mid,relevant,5.0
263,accommodate,feet,stripes,W,F,Yes,7.0,6.0,feet,0.0,mid,relevant,0.0
264,accommodate,feet,stripes,E,F,No,5.0,5.0,feet,0.0,mid,relevant,0.0
265,accommodate,stripes,feet,W,F,Yes,7.0,7.0,feet,0.0,mid,irrelevant,0.0
266,accommodate,feet,stripes,W,F,Yes,6.0,7.0,feet,5.0,mid,relevant,5.0
267,accommodate,stripes,feet,E,C,Yes,5.0,7.0,feet,5.0,mid,irrelevant,5.0
268,accommodate,stripes,feet,W,F,Yes,7.0,5.0,feet,3.0,mid,irrelevant,3.0
269,accommodate,stripes,feet,E,F,Yes,1.0,4.0,feet,0.0,mid,irrelevant,0.0
270,accommodate,feet,stripes,W,F,Yes,5.0,6.0,feet,0.0,mid,relevant,0.0
271,accommodate,stripes,feet,E,C,Yes,6.0,6.0,feet,-6.0,mid,irrelevant,6.0
272,accommodate,stripes,feet,W,F,Yes,5.0,5.0,feet,5.0,mid,irrelevant,5.0
273,accommodate,feet,stripes,E,F,Yes,5.0,4.0,feet,5.0,mid,relevant,5.0
274,accommodate,feet,stripes,E,F,No,5.0,1.0,feet,0.0,mid,relevant,0.0
275,accommodate,feet,stripes,W,F,No,6.0,6.0,feet,0.0,mid,relevant,0.0
276,accommodate,stripes,feet,E,F,Yes,7.0,7.0,feet,2.0,mid,irrelevant,2.0
277,accommodate,feet,stripes,E,C,Yes,7.0,7.0,feet,6.0,mid,relevant,6.0
278,accommodate,stripes,feet,E,F,Yes,6.0,5.0,feet,3.0,mid,irrelevant,3.0
279,accommodate,feet,stripes,W,C,No,5.0,2.0,feet,4.0,mid,relevant,4.0
280,accommodate,feet,stripes,W,F,Yes,1.0,4.0,feet,6.0,mid,relevant,6.0
281,accommodate,stripes,feet,W,C,No,1.0,6.0,feet,0.0,mid,irrelevant,0.0
282,accommodate,feet,stripes,W,C,Yes,6.0,5.0,feet,7.0,mid,relevant,7.0
283,accommodate,stripes,feet,W,C,No,7.0,7.0,feet,0.0,mid,irrelevant,0.0
284,accommodate,stripes,feet,W,C,Yes,6.0,6.0,feet,5.0,mid,irrelevant,5.0
285,accommodate,stripes,feet,W,C,Yes,6.0,6.0,feet,5.0,mid,irrelevant,5.0
286,accommodate,stripes,feet,E,F,No,7.0,7.0,feet,0.0,mid,irrelevant,0.0
287,accommodate,stripes,feet,E,F,Yes,7.0,5.0,feet,6.0,mid,irrelevant,6.0
288,accommodate,stripes,feet,W,C,Yes,5.0,4.0,feet,4.0,mid,irrelevant,4.0
289,accommodate,stripes,feet,E,F,Yes,6.0,5.0,feet,0.0,mid,irrelevant,0.0
290,accommodate,stripes,feet,E,F,Yes,6.0,7.0,feet,5.0,mid,irrelevant,5.0
291,accommodate,feet,stripes,W,F,Yes,5.0,3.0,feet,0.0,mid,relevant,0.0
292,accommodate,stripes,feet,E,F,Yes,7.0,7.0,feet,7.0,mid,irrelevant,7.0
293,accommodate,stripes,feet,W,F,Yes,7.0,5.0,feet,0.0,mid,irrelevant,0.0
294,predict,stripes,feet,W,F,No,5.0,5.0,feet,0.0,mid,irrelevant,0.0
295,predict,stripes,feet,W,F,No,4.0,5.0,feet,0.0,mid,irrelevant,0.0
296,predict,feet,stripes,E,F,Yes,1.0,6.0,feet,4.0,mid,relevant,4.0
297,predict,stripes,feet,W,F,Yes,7.0,7.0,feet,0.0,mid,irrelevant,0.0
298,predict,feet,stripes,E,C,Yes,2.0,2.0,feet,5.0,mid,relevant,5.0
299,predict,stripes,feet,W,C,Yes,4.0,5.0,feet,-5.0,mid,irrelevant,5.0
300,predict,stripes,feet,W,C,Yes,2.0,6.0,feet,6.0,mid,irrelevant,6.0
301,predict,stripes,feet,W,F,Yes,6.0,5.0,feet,4.0,mid,irrelevant,4.0
302,predict,stripes,feet,E,F,Yes,4.0,5.0,feet,-4.0,mid,irrelevant,4.0
303,predict,stripes,feet,W,C,No,1.0,7.0,feet,5.0,mid,irrelevant,5.0
304,predict,stripes,feet,E,C,Yes,5.0,3.0,feet,5.0,mid,irrelevant,5.0
305,predict,feet,stripes,W,C,Yes,7.0,5.0,feet,6.0,mid,relevant,6.0
306,predict,stripes,feet,W,C,No,2.0,6.0,feet,3.0,mid,irrelevant,3.0
307,predict,feet,stripes,W,C,Yes,7.0,7.0,feet,7.0,mid,relevant,7.0
308,predict,stripes,feet,E,F,Yes,6.0,6.0,feet,5.0,mid,irrelevant,5.0
309,predict,feet,stripes,E,C,Yes,4.0,7.0,feet,0.0,mid,relevant,0.0
310,predict,feet,stripes,W,C,Yes,4.0,5.0,feet,5.0,mid,relevant,5.0
311,predict,feet,stripes,E,C,Yes,5.0,5.0,feet,-3.0,mid,relevant,3.0
312,predict,feet,stripes,W,F,Yes,1.0,7.0,feet,5.0,mid,relevant,5.0
313,predict,stripes,feet,E,C,No,5.0,5.0,feet,0.0,mid,irrelevant,0.0
314,predict,feet,stripes,E,F,Yes,2.0,7.0,feet,5.0,mid,relevant,5.0
315,predict,feet,stripes,W,F,Yes,1.0,6.0,feet,7.0,mid,relevant,7.0
316,predict,feet,stripes,W,F,No,3.0,6.0,feet,0.0,mid,relevant,0.0
317,predict,feet,stripes,W,C,Yes,6.0,5.0,feet,6.0,mid,relevant,6.0
318,predict,stripes,feet,W,F,Yes,3.0,7.0,feet,0.0,mid,irrelevant,0.0
319,predict,stripes,feet,W,F,Yes,4.0,6.0,feet,0.0,mid,irrelevant,0.0
320,predict,stripes,feet,E,F,Yes,6.0,4.0,feet,3.0,mid,irrelevant,3.0
321,predict,feet,stripes,W,C,Yes,4.0,4.0,feet,0.0,mid,relevant,0.0
322,predict,stripes,feet,E,C,No,3.0,4.0,feet,4.0,mid,irrelevant,4.0
323,predict,stripes,feet,E,F,No,7.0,5.0,feet,-5.0,mid,irrelevant,5.0
324,predict,stripes,feet,E,C,No,6.0,7.0,feet,0.0,mid,irrelevant,0.0
325,predict,feet,stripes,E,F,Yes,6.0,7.0,feet,0.0,mid,relevant,0.0
326,predict,feet,stripes,E,F,Yes,5.0,7.0,feet,7.0,mid,relevant,7.0
327,predict,feet,stripes,E,C,Yes,7.0,5.0,feet,6.0,mid,relevant,6.0
328,predict,feet,stripes,E,F,Yes,1.0,5.0,feet,4.0,mid,relevant,4.0
329,predict,stripes,feet,E,F,Yes,4.0,4.0,feet,0.0,mid,irrelevant,0.0
330,predict,feet,stripes,W,F,Yes,2.0,7.0,feet,6.0,mid,relevant,6.0
331,predict,stripes,feet,W,C,No,7.0,7.0,feet,0.0,mid,irrelevant,0.0
332,predict,stripes,feet,W,F,Yes,2.0,3.0,feet,5.0,mid,irrelevant,5.0
333,predict,feet,stripes,E,F,No,6.0,6.0,feet,0.0,mid,relevant,0.0
334,predict,stripes,feet,E,F,Yes,6.0,5.0,feet,7.0,mid,irrelevant,7.0
335,predict,stripes,feet,W,C,Yes,4.0,5.0,feet,0.0,mid,irrelevant,0.0
336,predict,stripes,feet,E,F,Yes,4.0,4.0,feet,-6.0,mid,irrelevant,6.0
337,predict,feet,stripes,W,C,Yes,6.0,4.0,feet,4.0,mid,relevant,4.0
338,predict,stripes,feet,E,C,Yes,7.0,5.0,feet,-5.0,mid,irrelevant,5.0
339,predict,stripes,feet,W,F,Yes,5.0,3.0,feet,3.0,mid,irrelevant,3.0
340,predict,stripes,feet,W,C,No,1.0,7.0,feet,2.0,mid,irrelevant,2.0
341,predict,feet,stripes,E,F,Yes,7.0,6.0,feet,6.0,mid,relevant,6.0
342,predict,stripes,feet,W,C,No,3.0,7.0,feet,2.0,mid,irrelevant,2.0
343,predict,feet,stripes,E,C,Yes,5.0,7.0,feet,7.0,mid,relevant,7.0
344,predict,feet,stripes,E,C,Yes,7.0,7.0,feet,-5.0,mid,relevant,5.0
345,predict,stripes,feet,W,F,Yes,6.0,4.0,feet,4.0,mid,irrelevant,4.0
346,predict,stripes,feet,E,F,Yes,4.0,7.0,feet,5.0,mid,irrelevant,5.0
347,predict,stripes,feet,E,C,Yes,5.0,6.0,feet,-3.0,mid,irrelevant,3.0
348,predict,feet,stripes,W,F,Yes,7.0,7.0,feet,6.0,mid,relevant,6.0
349,predict,stripes,feet,E,F,Yes,4.0,4.0,feet,0.0,mid,irrelevant,0.0
350,predict,stripes,feet,W,C,No,5.0,7.0,feet,-4.0,mid,irrelevant,4.0
351,predict,stripes,feet,E,C,Yes,5.0,4.0,feet,-6.0,mid,irrelevant,6.0
352,predict,feet,stripes,E,C,Yes,5.0,5.0,feet,7.0,mid,relevant,7.0
353,predict,feet,stripes,W,C,Yes,2.0,6.0,feet,6.0,mid,relevant,6.0
354,predict,feet,stripes,W,C,Yes,7.0,7.0,feet,5.0,mid,relevant,5.0
355,predict,feet,stripes,E,F,Yes,4.0,7.0,feet,5.0,mid,relevant,5.0
356,predict,feet,stripes,E,C,Yes,1.0,4.0,feet,7.0,mid,relevant,7.0
357,predict,feet,stripes,W,F,Yes,7.0,7.0,feet,-4.0,mid,relevant,4.0
358,predict,stripes,feet,W,F,Yes,7.0,7.0,feet,-4.0,mid,irrelevant,4.0
359,predict,feet,stripes,W,F,Yes,5.0,6.0,feet,-4.0,mid,relevant,4.0
360,predict,feet,stripes,W,C,Yes,5.0,6.0,feet,5.0,mid,relevant,5.0
361,predict,feet,stripes,E,C,Yes,5.0,4.0,feet,-6.0,mid,relevant,6.0
362,predict,feet,stripes,E,F,Yes,3.0,7.0,feet,6.0,mid,relevant,6.0
363,predict,feet,stripes,E,F,Yes,4.0,7.0,feet,6.0,mid,relevant,6.0
364,predict,stripes,feet,E,C,Yes,6.0,3.0,feet,6.0,mid,irrelevant,6.0
365,predict,feet,stripes,E,F,Yes,2.0,2.0,feet,5.0,mid,relevant,5.0
366,predict,feet,stripes,W,C,Yes,5.0,4.0,feet,5.0,mid,relevant,5.0
367,predict,stripes,feet,W,C,No,2.0,7.0,feet,5.0,mid,irrelevant,5.0
368,predict,feet,stripes,W,C,No,4.0,3.0,feet,0.0,mid,relevant,0.0
369,predict,feet,stripes,E,C,Yes,4.0,4.0,feet,4.0,mid,relevant,4.0
370,predict,feet,stripes,W,F,Yes,1.0,7.0,feet,5.0,mid,relevant,5.0
371,predict,stripes,feet,W,F,No,4.0,3.0,feet,6.0,mid,irrelevant,6.0
372,predict,stripes,feet,E,F,Yes,5.0,6.0,feet,-6.0,mid,irrelevant,6.0
373,predict,feet,stripes,E,F,Yes,5.0,6.0,feet,5.0,mid,relevant,5.0
374,predict,feet,stripes,E,C,Yes,5.0,7.0,feet,6.0,mid,relevant,6.0
375,predict,stripes,feet,W,C,Yes,5.0,5.0,feet,5.0,mid,irrelevant,5.0
376,predict,stripes,feet,W,C,No,7.0,7.0,feet,-4.0,mid,irrelevant,4.0
377,predict,feet,stripes,E,C,Yes,2.0,7.0,feet,5.0,mid,relevant,5.0
378,predict,feet,stripes,W,C,Yes,4.0,6.0,feet,0.0,mid,relevant,0.0
379,predict,stripes,feet,E,C,Yes,5.0,6.0,feet,-6.0,mid,irrelevant,6.0
380,predict,stripes,feet,E,F,Yes,1.0,7.0,feet,4.0,mid,irrelevant,4.0
381,predict,stripes,feet,W,C,Yes,5.0,4.0,feet,5.0,mid,irrelevant,5.0
382,predict,feet,stripes,E,F,Yes,6.0,5.0,feet,-6.0,mid,relevant,6.0
383,predict,stripes,feet,E,F,No,1.0,7.0,feet,-6.0,mid,irrelevant,6.0
384,predict,stripes,feet,W,C,No,2.0,7.0,feet,0.0,mid,irrelevant,0.0
385,predict,feet,stripes,E,F,Yes,7.0,7.0,feet,0.0,mid,relevant,0.0
386,predict,stripes,feet,W,F,Yes,7.0,4.0,feet,5.0,mid,irrelevant,5.0
387,predict,stripes,feet,E,C,Yes,1.0,7.0,feet,-3.0,mid,irrelevant,3.0
388,predict,stripes,feet,E,C,No,2.0,6.0,feet,5.0,mid,irrelevant,5.0
389,predict,stripes,feet,W,F,No,7.0,7.0,feet,0.0,mid,irrelevant,0.0
390,predict,feet,stripes,W,F,Yes,1.0,6.0,feet,0.0,mid,relevant,0.0
391,predict,stripes,feet,E,C,Yes,7.0,6.0,feet,-6.0,mid,irrelevant,6.0
392,predict,feet,stripes,E,F,Yes,6.0,7.0,feet,5.0,mid,relevant,5.0
393,predict,feet,stripes,W,F,Yes,3.0,7.0,feet,3.0,mid,relevant,3.0
394,predict,stripes,feet,W,F,Yes,7.0,6.0,feet,2.0,mid,irrelevant,2.0
395,predict,stripes,feet,W,F,Yes,6.0,6.0,feet,0.0,mid,irrelevant,0.0
396,predict,stripes,feet,E,C,Yes,1.0,7.0,feet,-3.0,mid,irrelevant,3.0
397,predict,stripes,feet,E,F,Yes,5.0,6.0,feet,-5.0,mid,irrelevant,5.0
398,predict,stripes,feet,E,C,Yes,5.0,6.0,feet,4.0,mid,irrelevant,4.0
399,predict,feet,stripes,E,F,Yes,6.0,5.0,feet,5.0,mid,relevant,5.0
400,predict,feet,stripes,E,C,Yes,6.0,5.0,feet,4.0,mid,relevant,4.0
401,predict,feet,stripes,W,C,Yes,6.0,7.0,feet,0.0,mid,relevant,0.0
402,predict,stripes,feet,E,C,Yes,5.0,6.0,feet,3.0,mid,irrelevant,3.0
403,predict,stripes,feet,W,F,Yes,6.0,5.0,feet,6.0,mid,irrelevant,6.0
404,predict,feet,stripes,E,C,Yes,7.0,5.0,feet,6.0,mid,relevant,6.0
405,predict,stripes,feet,W,F,Yes,5.0,6.0,feet,0.0,mid,irrelevant,0.0
406,predict,stripes,feet,W,C,No,2.0,6.0,feet,0.0,mid,irrelevant,0.0
407,predict,stripes,feet,W,C,No,7.0,6.0,feet,-5.0,mid,irrelevant,5.0
408,predict,stripes,feet,W,F,Yes,1.0,2.0,feet,0.0,mid,irrelevant,0.0
409,predict,feet,stripes,E,C,Yes,5.0,6.0,feet,3.0,mid,relevant,3.0
410,predict,stripes,feet,W,F,Yes,5.0,5.0,feet,0.0,mid,irrelevant,0.0
411,predict,feet,stripes,E,C,Yes,7.0,6.0,feet,6.0,mid,relevant,6.0
412,predict,stripes,feet,E,F,No,1.0,6.0,feet,0.0,mid,irrelevant,0.0
413,predict,feet,stripes,E,F,No,4.0,6.0,feet,0.0,mid,relevant,0.0
414,predict,stripes,feet,E,C,Yes,3.0,4.0,feet,-6.0,mid,irrelevant,6.0
415,predict,feet,stripes,E,F,Yes,1.0,7.0,feet,6.0,mid,relevant,6.0
416,predict,feet,stripes,E,F,Yes,4.0,4.0,feet,4.0,mid,relevant,4.0
417,predict,feet,stripes,W,C,No,4.0,7.0,feet,0.0,mid,relevant,0.0
418,predict,stripes,feet,E,C,Yes,2.0,6.0,feet,0.0,mid,irrelevant,0.0
419,predict,stripes,feet,E,C,Yes,5.0,5.0,feet,-5.0,mid,irrelevant,5.0
420,predict,feet,stripes,E,C,Yes,5.0,6.0,feet,-3.0,mid,relevant,3.0
421,predict,feet,stripes,E,F,Yes,7.0,5.0,feet,7.0,mid,relevant,7.0
422,predict,stripes,feet,W,F,No,7.0,7.0,feet,-3.0,mid,irrelevant,3.0
423,predict,feet,stripes,W,F,Yes,5.0,4.0,feet,0.0,mid,relevant,0.0
424,predict,stripes,feet,W,F,No,3.0,5.0,feet,5.0,mid,irrelevant,5.0
425,predict,stripes,feet,W,C,Yes,1.0,7.0,feet,0.0,mid,irrelevant,0.0
426,predict,feet,stripes,E,C,Yes,4.0,7.0,feet,-5.0,mid,relevant,5.0
427,predict,feet,stripes,E,F,Yes,2.0,7.0,feet,6.0,mid,relevant,6.0
428,predict,feet,stripes,W,C,Yes,3.0,7.0,feet,7.0,mid,relevant,7.0
429,predict,stripes,feet,W,F,Yes,6.0,7.0,feet,0.0,mid,irrelevant,0.0
430,predict,feet,stripes,W,C,Yes,7.0,7.0,feet,5.0,mid,relevant,5.0
431,predict,feet,stripes,E,F,Yes,5.0,4.0,feet,7.0,mid,relevant,7.0
432,predict,stripes,feet,W,F,No,1.0,4.0,feet,0.0,mid,irrelevant,0.0
433,predict,stripes,feet,W,C,Yes,7.0,7.0,feet,0.0,mid,irrelevant,0.0
434,predict,stripes,feet,W,F,Yes,5.0,4.0,feet,0.0,mid,irrelevant,0.0
435,predict,stripes,feet,W,C,Yes,6.0,6.0,feet,-5.0,mid,irrelevant,5.0
436,predict,stripes,feet,W,C,Yes,7.0,6.0,feet,3.0,mid,irrelevant,3.0
437,predict,stripes,feet,W,C,Yes,5.0,6.0,feet,5.0,mid,irrelevant,5.0
438,predict,stripes,feet,E,F,Yes,5.0,7.0,feet,3.0,mid,irrelevant,3.0
439,predict,stripes,feet,E,C,Yes,2.0,7.0,feet,0.0,mid,irrelevant,0.0
440,predict,feet,stripes,W,C,Yes,7.0,6.0,feet,6.0,mid,relevant,6.0
441,predict,feet,stripes,W,F,Yes,2.0,6.0,feet,0.0,mid,relevant,0.0
442,predict,feet,stripes,E,F,No,4.0,4.0,feet,0.0,mid,relevant,0.0
443,predict,feet,stripes,W,C,Yes,2.0,7.0,feet,6.0,mid,relevant,6.0
444,predict,feet,stripes,W,C,Yes,6.0,7.0,feet,6.0,mid,relevant,6.0
445,predict,feet,stripes,W,C,Yes,2.0,6.0,feet,7.0,mid,relevant,7.0
446,predict,stripes,feet,E,C,No,7.0,7.0,feet,5.0,mid,irrelevant,5.0
447,predict,feet,stripes,W,F,Yes,7.0,7.0,feet,7.0,mid,relevant,7.0
448,predict,stripes,feet,E,F,Yes,6.0,6.0,feet,0.0,mid,irrelevant,0.0
449,predict,stripes,feet,E,F,Yes,5.0,6.0,feet,-6.0,mid,irrelevant,6.0
450,predict,feet,stripes,W,C,Yes,2.0,5.0,feet,6.0,mid,relevant,6.0
451,predict,feet,stripes,W,C,Yes,5.0,6.0,feet,-6.0,mid,relevant,6.0
452,predict,feet,stripes,E,F,Yes,2.0,7.0,feet,6.0,mid,relevant,6.0
453,predict,stripes,feet,W,C,No,7.0,5.0,feet,0.0,mid,irrelevant,0.0
454,predict,feet,stripes,W,F,No,4.0,6.0,feet,5.0,mid,relevant,5.0
455,predict,stripes,feet,W,C,Yes,7.0,7.0,feet,-4.0,mid,irrelevant,4.0
456,predict,feet,stripes,W,C,Yes,4.0,6.0,feet,0.0,mid,relevant,0.0
457,predict,stripes,feet,W,C,Yes,5.0,7.0,feet,-5.0,mid,irrelevant,5.0
458,predict,feet,stripes,W,F,Yes,7.0,6.0,feet,6.0,mid,relevant,6.0
459,predict,feet,stripes,W,F,Yes,2.0,4.0,feet,6.0,mid,relevant,6.0
460,predict,feet,stripes,E,C,Yes,5.0,3.0,feet,3.0,mid,relevant,3.0
461,predict,stripes,feet,E,F,Yes,6.0,5.0,feet,-5.0,mid,irrelevant,5.0
462,predict,feet,stripes,E,F,Yes,5.0,4.0,feet,0.0,mid,relevant,0.0
463,predict,stripes,feet,E,C,Yes,7.0,7.0,feet,7.0,mid,irrelevant,7.0
464,predict,feet,stripes,W,F,Yes,4.0,5.0,feet,4.0,mid,relevant,4.0
465,predict,feet,stripes,W,F,No,1.0,1.0,feet,-5.0,mid,relevant,5.0
466,predict,stripes,feet,W,F,Yes,4.0,5.0,feet,0.0,mid,irrelevant,0.0
467,predict,feet,stripes,W,F,Yes,2.0,7.0,feet,7.0,mid,relevant,7.0
468,predict,feet,stripes,W,C,Yes,6.0,1.0,feet,4.0,mid,relevant,4.0
469,predict,stripes,feet,W,C,Yes,6.0,7.0,feet,3.0,mid,irrelevant,3.0
470,predict,feet,stripes,E,C,Yes,5.0,6.0,feet,5.0,mid,relevant,5.0
471,predict,feet,stripes,E,F,Yes,7.0,7.0,feet,-5.0,mid,relevant,5.0
472,predict,feet,stripes,W,F,No,5.0,7.0,feet,-6.0,mid,relevant,6.0
473,predict,stripes,feet,E,F,Yes,7.0,7.0,feet,-6.0,mid,irrelevant,6.0
474,predict,stripes,feet,W,F,Yes,7.0,7.0,feet,-4.0,mid,irrelevant,4.0
475,predict,feet,stripes,W,F,Yes,1.0,6.0,feet,6.0,mid,relevant,6.0
476,predict,feet,stripes,E,F,Yes,7.0,7.0,feet,-5.0,mid,relevant,5.0
477,predict,stripes,feet,W,F,No,6.0,6.0,feet,5.0,mid,irrelevant,5.0
478,predict,feet,stripes,E,C,Yes,2.0,4.0,feet,0.0,mid,relevant,0.0
479,predict,feet,stripes,W,F,Yes,6.0,6.0,feet,5.0,mid,relevant,5.0
480,predict,feet,stripes,W,F,No,4.0,6.0,feet,0.0,mid,relevant,0.0
481,predict,feet,stripes,W,F,Yes,7.0,4.0,feet,6.0,mid,relevant,6.0
482,predict,feet,stripes,W,C,Yes,1.0,7.0,feet,5.0,mid,relevant,5.0
483,predict,feet,stripes,W,F,No,3.0,3.0,feet,0.0,mid,relevant,0.0
484,predict,stripes,feet,W,C,No,6.0,7.0,feet,0.0,mid,irrelevant,0.0
485,predict,stripes,feet,E,F,Yes,6.0,7.0,feet,-5.0,mid,irrelevant,5.0
486,predict,feet,stripes,E,C,Yes,3.0,7.0,feet,4.0,mid,relevant,4.0
487,predict,feet,stripes,W,F,Yes,5.0,7.0,feet,5.0,mid,relevant,5.0
488,predict,stripes,feet,E,C,No,3.0,7.0,feet,-6.0,mid,irrelevant,6.0
489,predict,stripes,feet,E,F,Yes,3.0,5.0,feet,0.0,mid,irrelevant,0.0
490,predict,stripes,feet,W,F,Yes,6.0,4.0,feet,6.0,mid,irrelevant,6.0
491,predict,feet,stripes,E,C,Yes,5.0,7.0,feet,3.0,mid,relevant,3.0
492,predict,stripes,feet,E,F,No,7.0,7.0,feet,2.0,mid,irrelevant,2.0
493,predict,feet,stripes,W,C,Yes,5.0,5.0,feet,4.0,mid,relevant,4.0
494,predict,feet,stripes,E,F,Yes,3.0,7.0,feet,7.0,mid,relevant,7.0
495,predict,feet,stripes,W,C,Yes,1.0,6.0,feet,0.0,mid,relevant,0.0
496,predict,feet,stripes,E,C,Yes,5.0,5.0,feet,0.0,mid,relevant,0.0
497,predict,stripes,feet,W,C,Yes,1.0,6.0,feet,5.0,mid,irrelevant,5.0
498,predict,stripes,feet,E,F,Yes,5.0,7.0,feet,-4.0,mid,irrelevant,4.0
499,predict,feet,stripes,E,C,Yes,4.0,6.0,feet,6.0,mid,relevant,6.0
500,predict,stripes,feet,E,F,Yes,7.0,6.0,feet,0.0,mid,irrelevant,0.0
501,predict,stripes,feet,W,C,No,2.0,7.0,feet,0.0,mid,irrelevant,0.0
502,predict,stripes,feet,E,C,Yes,3.0,6.0,feet,6.0,mid,irrelevant,6.0
503,predict,stripes,feet,W,F,Yes,7.0,7.0,feet,6.0,mid,irrelevant,6.0
504,predict,stripes,feet,E,F,Yes,2.0,6.0,feet,0.0,mid,irrelevant,0.0
505,predict,feet,stripes,E,F,Yes,5.0,2.0,feet,0.0,mid,relevant,0.0
506,predict,feet,stripes,W,F,Yes,7.0,7.0,feet,6.0,mid,relevant,6.0
507,predict,stripes,feet,E,C,Yes,7.0,7.0,feet,7.0,mid,irrelevant,7.0
508,predict,feet,stripes,E,C,Yes,5.0,7.0,feet,5.0,mid,relevant,5.0
509,predict,stripes,feet,W,C,Yes,6.0,5.0,feet,-2.0,mid,irrelevant,2.0
510,predict,stripes,feet,W,C,Yes,7.0,7.0,feet,0.0,mid,irrelevant,0.0
511,predict,feet,stripes,W,F,Yes,7.0,7.0,feet,7.0,mid,relevant,7.0
512,predict,feet,stripes,W,F,Yes,7.0,7.0,feet,5.0,mid,relevant,5.0
513,predict,feet,stripes,E,F,Yes,3.0,4.0,feet,3.0,mid,relevant,3.0
514,predict,stripes,feet,E,F,Yes,5.0,4.0,feet,6.0,mid,irrelevant,6.0
515,predict,stripes,feet,W,C,Yes,4.0,5.0,feet,4.0,mid,irrelevant,4.0
516,predict,stripes,feet,E,C,No,5.0,6.0,feet,0.0,mid,irrelevant,0.0
517,predict,stripes,feet,E,C,Yes,4.0,2.0,feet,3.0,mid,irrelevant,3.0
518,predict,stripes,feet,E,F,Yes,7.0,7.0,feet,5.0,mid,irrelevant,5.0
519,predict,feet,stripes,W,C,No,5.0,5.0,feet,0.0,mid,relevant,0.0
520,predict,stripes,feet,E,F,Yes,7.0,7.0,feet,5.0,mid,irrelevant,5.0
521,predict,feet,stripes,E,F,Yes,4.0,3.0,feet,-4.0,mid,relevant,4.0
522,predict,stripes,feet,E,C,No,7.0,6.0,feet,3.0,mid,irrelevant,3.0
523,predict,stripes,feet,E,F,Yes,4.0,6.0,feet,-2.0,mid,irrelevant,2.0
524,predict,feet,stripes,W,C,Yes,7.0,7.0,feet,6.0,mid,relevant,6.0
525,predict,stripes,feet,E,F,Yes,4.0,2.0,feet,-5.0,mid,irrelevant,5.0
526,predict,feet,stripes,W,F,Yes,2.0,6.0,feet,5.0,mid,relevant,5.0
527,predict,feet,stripes,E,C,Yes,5.0,7.0,feet,5.0,mid,relevant,5.0
528,predict,stripes,feet,E,C,No,4.0,7.0,feet,6.0,mid,irrelevant,6.0
529,predict,feet,stripes,W,F,Yes,1.0,2.0,feet,7.0,mid,relevant,7.0
530,predict,feet,stripes,W,C,Yes,7.0,7.0,feet,6.0,mid,relevant,6.0
531,predict,stripes,feet,E,F,Yes,4.0,4.0,feet,5.0,mid,irrelevant,5.0
532,predict,feet,stripes,W,F,Yes,5.0,7.0,feet,0.0,mid,relevant,0.0
533,predict,stripes,feet,W,C,Yes,7.0,5.0,feet,5.0,mid,irrelevant,5.0
534,predict,stripes,feet,E,F,Yes,6.0,5.0,feet,3.0,mid,irrelevant,3.0
535,predict,feet,stripes,E,F,Yes,1.0,6.0,feet,7.0,mid,relevant,7.0
536,predict,stripes,feet,W,C,No,1.0,7.0,feet,0.0,mid,irrelevant,0.0
537,predict,stripes,feet,E,F,Yes,6.0,6.0,feet,-4.0,mid,irrelevant,4.0
538,predict,feet,stripes,W,C,Yes,7.0,5.0,feet,5.0,mid,relevant,5.0
539,predict,feet,stripes,E,F,Yes,7.0,6.0,feet,5.0,mid,relevant,5.0
540,predict,feet,stripes,W,F,Yes,5.0,6.0,feet,5.0,mid,relevant,5.0
541,predict,stripes,feet,E,C,Yes,5.0,5.0,feet,0.0,mid,irrelevant,0.0
542,predict,feet,stripes,W,C,Yes,7.0,6.0,feet,5.0,mid,relevant,5.0
543,predict,stripes,feet,E,F,Yes,4.0,5.0,feet,3.0,mid,irrelevant,3.0
544,predict,feet,stripes,W,C,Yes,7.0,6.0,feet,-4.0,mid,relevant,4.0
545,predict,stripes,feet,W,C,Yes,4.0,3.0,feet,-7.0,mid,irrelevant,7.0
546,predict,stripes,feet,E,F,Yes,5.0,7.0,feet,7.0,mid,irrelevant,7.0
547,predict,stripes,feet,W,F,Yes,7.0,2.0,feet,5.0,mid,irrelevant,5.0
548,predict,stripes,feet,W,C,No,2.0,6.0,feet,0.0,mid,irrelevant,0.0
549,predict,feet,stripes,W,C,Yes,1.0,3.0,feet,3.0,mid,relevant,3.0
550,predict,stripes,feet,W,C,Yes,2.0,6.0,feet,-2.0,mid,irrelevant,2.0
551,predict,feet,stripes,W,F,Yes,5.0,7.0,feet,-5.0,mid,relevant,5.0
552,predict,stripes,feet,E,F,Yes,7.0,5.0,feet,4.0,mid,irrelevant,4.0
553,predict,feet,stripes,W,C,Yes,7.0,7.0,feet,0.0,mid,relevant,0.0
554,predict,stripes,feet,W,F,No,5.0,5.0,feet,0.0,mid,irrelevant,0.0
555,predict,feet,stripes,E,C,Yes,7.0,7.0,feet,6.0,mid,relevant,6.0
556,predict,stripes,feet,E,C,Yes,1.0,4.0,feet,-6.0,mid,irrelevant,6.0
557,predict,stripes,feet,W,C,No,7.0,7.0,feet,5.0,mid,irrelevant,5.0
558,predict,feet,stripes,E,F,Yes,6.0,6.0,feet,-4.0,mid,relevant,4.0
559,predict,stripes,feet,E,F,No,5.0,4.0,feet,-4.0,mid,irrelevant,4.0
560,predict,feet,stripes,E,F,Yes,6.0,4.0,feet,0.0,mid,relevant,0.0
561,predict,feet,stripes,W,C,Yes,1.0,1.0,feet,-4.0,mid,relevant,4.0
562,predict,stripes,feet,W,C,No,2.0,7.0,feet,0.0,mid,irrelevant,0.0
563,predict,feet,stripes,E,C,Yes,6.0,6.0,feet,6.0,mid,relevant,6.0
564,predict,feet,stripes,E,C,Yes,4.0,5.0,feet,5.0,mid,relevant,5.0
565,predict,feet,stripes,E,C,Yes,7.0,7.0,feet,5.0,mid,relevant,5.0
566,predict,feet,stripes,E,F,Yes,5.0,5.0,feet,4.0,mid,relevant,4.0
567,predict,stripes,feet,E,F,No,7.0,7.0,feet,6.0,mid,irrelevant,6.0
568,predict,stripes,feet,W,C,No,7.0,7.0,feet,0.0,mid,irrelevant,0.0
569,predict,feet,stripes,E,C,Yes,2.0,7.0,feet,6.0,mid,relevant,6.0
570,predict,feet,stripes,E,F,Yes,2.0,6.0,feet,6.0,mid,relevant,6.0
571,predict,stripes,feet,E,F,Yes,1.0,7.0,feet,4.0,mid,irrelevant,4.0
572,predict,stripes,feet,E,C,Yes,2.0,6.0,feet,-5.0,mid,irrelevant,5.0
573,predict,stripes,feet,E,C,Yes,1.0,5.0,feet,-5.0,mid,irrelevant,5.0
574,predict,feet,stripes,E,F,Yes,1.0,4.0,feet,4.0,mid,relevant,4.0
575,predict,feet,stripes,E,C,Yes,6.0,5.0,feet,0.0,mid,relevant,0.0
576,predict,stripes,feet,W,C,Yes,7.0,7.0,feet,6.0,mid,irrelevant,6.0
577,predict,stripes,feet,W,F,No,3.0,5.0,feet,6.0,mid,irrelevant,6.0
578,predict,stripes,feet,W,C,Yes,3.0,5.0,feet,3.0,mid,irrelevant,3.0
579,predict,feet,stripes,E,C,Yes,4.0,4.0,feet,0.0,mid,relevant,0.0
580,predict,feet,stripes,E,C,No,7.0,7.0,feet,6.0,mid,relevant,6.0
581,predict,feet,stripes,W,C,Yes,7.0,7.0,feet,5.0,mid,relevant,5.0
582,predict,feet,stripes,W,F,Yes,5.0,6.0,feet,4.0,mid,relevant,4.0
583,predict,stripes,feet,W,C,Yes,2.0,5.0,feet,4.0,mid,irrelevant,4.0
584,predict,feet,stripes,W,C,Yes,2.0,7.0,feet,7.0,mid,relevant,7.0
585,predict,feet,stripes,E,C,Yes,7.0,7.0,feet,-5.0,mid,relevant,5.0
586,predict,stripes,feet,W,F,No,5.0,6.0,feet,-5.0,mid,irrelevant,5.0
1,accommodate,stripes,feet,W,C,No,4.0,4.0,stripes,0.0,end,relevant,0.0
2,accommodate,stripes,feet,W,C,No,7.0,1.0,stripes,7.0,end,relevant,7.0
3,accommodate,feet,stripes,W,C,Yes,6.0,5.0,stripes,5.0,end,irrelevant,5.0
4,accommodate,feet,stripes,W,F,Yes,2.0,4.0,stripes,0.0,end,irrelevant,0.0
5,accommodate,feet,stripes,E,F,No,7.0,7.0,stripes,0.0,end,irrelevant,0.0
6,accommodate,feet,stripes,E,F,Yes,7.0,6.0,stripes,4.0,end,irrelevant,4.0
7,accommodate,feet,stripes,W,C,Yes,5.0,5.0,stripes,6.0,end,irrelevant,6.0
8,accommodate,feet,stripes,E,C,Yes,7.0,7.0,stripes,4.0,end,irrelevant,4.0
9,accommodate,stripes,feet,W,F,Yes,5.0,6.0,stripes,7.0,end,relevant,7.0
10,accommodate,feet,stripes,W,C,Yes,7.0,7.0,stripes,0.0,end,irrelevant,0.0
11,accommodate,stripes,feet,W,C,Yes,4.0,5.0,stripes,6.0,end,relevant,6.0
12,accommodate,stripes,feet,E,C,No,7.0,5.0,stripes,7.0,end,relevant,7.0
13,accommodate,feet,stripes,E,F,Yes,6.0,6.0,stripes,3.0,end,irrelevant,3.0
14,accommodate,stripes,feet,E,C,Yes,7.0,7.0,stripes,6.0,end,relevant,6.0
15,accommodate,feet,stripes,W,F,Yes,4.0,5.0,stripes,4.0,end,irrelevant,4.0
16,accommodate,feet,stripes,E,F,Yes,5.0,5.0,stripes,4.0,end,irrelevant,4.0
17,accommodate,feet,stripes,E,F,Yes,3.0,2.0,stripes,-3.0,end,irrelevant,3.0
18,accommodate,feet,stripes,E,F,Yes,2.0,5.0,stripes,4.0,end,irrelevant,4.0
19,accommodate,stripes,feet,W,C,Yes,5.0,5.0,stripes,6.0,end,relevant,6.0
20,accommodate,feet,stripes,W,C,Yes,4.0,3.0,stripes,-5.0,end,irrelevant,5.0
21,accommodate,feet,stripes,E,C,Yes,5.0,4.0,stripes,0.0,end,irrelevant,0.0
22,accommodate,feet,stripes,W,F,Yes,7.0,7.0,stripes,-7.0,end,irrelevant,7.0
23,accommodate,stripes,feet,W,F,Yes,5.0,7.0,stripes,-5.0,end,relevant,5.0
24,accommodate,feet,stripes,W,C,Yes,5.0,6.0,stripes,0.0,end,irrelevant,0.0
25,accommodate,feet,stripes,E,F,Yes,6.0,6.0,stripes,-6.0,end,irrelevant,6.0
26,accommodate,stripes,feet,W,F,No,7.0,7.0,stripes,7.0,end,relevant,7.0
27,accommodate,feet,stripes,E,F,Yes,5.0,4.0,stripes,0.0,end,irrelevant,0.0
28,accommodate,stripes,feet,E,F,Yes,1.0,6.0,stripes,6.0,end,relevant,6.0
29,accommodate,stripes,feet,W,F,Yes,5.0,3.0,stripes,6.0,end,relevant,6.0
30,accommodate,stripes,feet,W,C,Yes,6.0,5.0,stripes,7.0,end,relevant,7.0
31,accommodate,stripes,feet,E,C,Yes,7.0,7.0,stripes,6.0,end,relevant,6.0
32,accommodate,stripes,feet,E,F,Yes,4.0,4.0,stripes,3.0,end,relevant,3.0
33,accommodate,feet,stripes,W,F,Yes,1.0,7.0,stripes,4.0,end,irrelevant,4.0
34,accommodate,stripes,feet,W,F,Yes,2.0,3.0,stripes,6.0,end,relevant,6.0
35,accommodate,feet,stripes,W,F,No,5.0,6.0,stripes,0.0,end,irrelevant,0.0
36,accommodate,stripes,feet,W,F,Yes,3.0,3.0,stripes,6.0,end,relevant,6.0
37,accommodate,feet,stripes,E,C,Yes,3.0,4.0,stripes,4.0,end,irrelevant,4.0
38,accommodate,feet,stripes,E,C,Yes,7.0,7.0,stripes,0.0,end,irrelevant,0.0
39,accommodate,stripes,feet,E,F,Yes,2.0,3.0,stripes,6.0,end,relevant,6.0
40,accommodate,stripes,feet,W,F,Yes,5.0,3.0,stripes,7.0,end,relevant,7.0
41,accommodate,stripes,feet,E,C,No,7.0,7.0,stripes,6.0,end,relevant,6.0
42,accommodate,feet,stripes,W,F,Yes,2.0,7.0,stripes,-3.0,end,irrelevant,3.0
43,accommodate,stripes,feet,W,C,Yes,5.0,4.0,stripes,5.0,end,relevant,5.0
44,accommodate,feet,stripes,W,F,Yes,5.0,5.0,stripes,-5.0,end,irrelevant,5.0
45,accommodate,stripes,feet,W,F,Yes,2.0,5.0,stripes,4.0,end,relevant,4.0
46,accommodate,feet,stripes,W,C,Yes,6.0,7.0,stripes,0.0,end,irrelevant,0.0
47,accommodate,stripes,feet,E,F,Yes,6.0,5.0,stripes,6.0,end,relevant,6.0
48,accommodate,feet,stripes,E,C,Yes,7.0,5.0,stripes,5.0,end,irrelevant,5.0
49,accommodate,feet,stripes,W,C,Yes,7.0,7.0,stripes,0.0,end,irrelevant,0.0
50,accommodate,stripes,feet,W,F,No,6.0,7.0,stripes,6.0,end,relevant,6.0
51,accommodate,stripes,feet,W,F,No,1.0,1.0,stripes,0.0,end,relevant,0.0
52,accommodate,feet,stripes,W,F,Yes,6.0,7.0,stripes,6.0,end,irrelevant,6.0
53,accommodate,stripes,feet,W,C,No,2.0,7.0,stripes,6.0,end,relevant,6.0
54,accommodate,stripes,feet,E,C,Yes,7.0,7.0,stripes,5.0,end,relevant,5.0
55,accommodate,feet,stripes,E,F,Yes,6.0,6.0,stripes,5.0,end,irrelevant,5.0
56,accommodate,stripes,feet,W,C,No,1.0,1.0,stripes,7.0,end,relevant,7.0
57,accommodate,feet,stripes,W,F,Yes,3.0,6.0,stripes,5.0,end,irrelevant,5.0
58,accommodate,stripes,feet,E,C,Yes,2.0,7.0,stripes,0.0,end,relevant,0.0
59,accommodate,feet,stripes,E,F,Yes,7.0,7.0,stripes,0.0,end,irrelevant,0.0
60,accommodate,stripes,feet,W,C,Yes,7.0,7.0,stripes,7.0,end,relevant,7.0
61,accommodate,stripes,feet,E,F,No,7.0,6.0,stripes,7.0,end,relevant,7.0
62,accommodate,stripes,feet,E,C,Yes,6.0,7.0,stripes,6.0,end,relevant,6.0
63,accommodate,feet,stripes,W,F,Yes,4.0,7.0,stripes,4.0,end,irrelevant,4.0
64,accommodate,stripes,feet,W,C,Yes,3.0,7.0,stripes,6.0,end,relevant,6.0
65,accommodate,stripes,feet,E,C,Yes,4.0,6.0,stripes,7.0,end,relevant,7.0
66,accommodate,feet,stripes,E,F,Yes,5.0,7.0,stripes,2.0,end,irrelevant,2.0
67,accommodate,feet,stripes,E,C,Yes,6.0,5.0,stripes,6.0,end,irrelevant,6.0
68,accommodate,feet,stripes,E,F,Yes,2.0,6.0,stripes,-3.0,end,irrelevant,3.0
69,accommodate,feet,stripes,E,F,Yes,5.0,4.0,stripes,3.0,end,irrelevant,3.0
70,accommodate,feet,stripes,W,C,Yes,7.0,7.0,stripes,-4.0,end,irrelevant,4.0
71,accommodate,feet,stripes,W,C,Yes,6.0,6.0,stripes,0.0,end,irrelevant,0.0
72,accommodate,feet,stripes,W,F,Yes,7.0,7.0,stripes,-5.0,end,irrelevant,5.0
73,accommodate,feet,stripes,W,C,Yes,2.0,3.0,stripes,5.0,end,irrelevant,5.0
74,accommodate,feet,stripes,W,C,Yes,6.0,5.0,stripes,5.0,end,irrelevant,5.0
75,accommodate,stripes,feet,W,C,Yes,7.0,7.0,stripes,4.0,end,relevant,4.0
76,accommodate,stripes,feet,W,F,No,1.0,5.0,stripes,4.0,end,relevant,4.0
77,accommodate,feet,stripes,E,C,Yes,7.0,7.0,stripes,6.0,end,irrelevant,6.0
78,accommodate,feet,stripes,W,C,Yes,7.0,4.0,stripes,4.0,end,irrelevant,4.0
79,accommodate,stripes,feet,E,F,Yes,5.0,5.0,stripes,6.0,end,relevant,6.0
80,accommodate,feet,stripes,W,C,Yes,6.0,6.0,stripes,1.0,end,irrelevant,1.0
81,accommodate,feet,stripes,W,F,Yes,7.0,5.0,stripes,6.0,end,irrelevant,6.0
82,accommodate,feet,stripes,E,F,Yes,7.0,7.0,stripes,6.0,end,irrelevant,6.0
83,accommodate,stripes,feet,E,F,Yes,6.0,7.0,stripes,6.0,end,relevant,6.0
84,accommodate,feet,stripes,E,F,Yes,7.0,7.0,stripes,-2.0,end,irrelevant,2.0
85,accommodate,stripes,feet,E,C,Yes,7.0,4.0,stripes,6.0,end,relevant,6.0
86,accommodate,feet,stripes,W,F,Yes,7.0,7.0,stripes,-4.0,end,irrelevant,4.0
87,accommodate,feet,stripes,W,C,Yes,4.0,5.0,stripes,0.0,end,irrelevant,0.0
88,accommodate,feet,stripes,E,F,Yes,3.0,5.0,stripes,0.0,end,irrelevant,0.0
89,accommodate,stripes,feet,W,F,Yes,6.0,5.0,stripes,0.0,end,relevant,0.0
90,accommodate,feet,stripes,E,F,Yes,4.0,4.0,stripes,-4.0,end,irrelevant,4.0
91,accommodate,feet,stripes,W,C,Yes,4.0,6.0,stripes,3.0,end,irrelevant,3.0
92,accommodate,feet,stripes,W,C,Yes,7.0,3.0,stripes,-5.0,end,irrelevant,5.0
93,accommodate,feet,stripes,E,F,Yes,6.0,5.0,stripes,4.0,end,irrelevant,4.0
94,accommodate,stripes,feet,W,C,Yes,6.0,6.0,stripes,6.0,end,relevant,6.0
95,accommodate,feet,stripes,W,F,Yes,6.0,5.0,stripes,4.0,end,irrelevant,4.0
96,accommodate,feet,stripes,W,C,Yes,3.0,5.0,stripes,-3.0,end,irrelevant,3.0
97,accommodate,stripes,feet,E,C,No,6.0,7.0,stripes,6.0,end,relevant,6.0
98,accommodate,stripes,feet,E,F,Yes,6.0,5.0,stripes,5.0,end,relevant,5.0
99,accommodate,stripes,feet,W,C,Yes,3.0,4.0,stripes,5.0,end,relevant,5.0
100,accommodate,stripes,feet,E,C,No,5.0,5.0,stripes,6.0,end,relevant,6.0
101,accommodate,stripes,feet,E,F,Yes,1.0,7.0,stripes,5.0,end,relevant,5.0
102,accommodate,stripes,feet,W,F,Yes,5.0,5.0,stripes,7.0,end,relevant,7.0
103,accommodate,stripes,feet,W,C,No,4.0,3.0,stripes,0.0,end,relevant,0.0
104,accommodate,stripes,feet,W,F,No,2.0,6.0,stripes,7.0,end,relevant,7.0
105,accommodate,feet,stripes,E,C,Yes,4.0,6.0,stripes,4.0,end,irrelevant,4.0
106,accommodate,feet,stripes,E,C,No,5.0,6.0,stripes,6.0,end,irrelevant,6.0
107,accommodate,stripes,feet,W,C,Yes,2.0,7.0,stripes,7.0,end,relevant,7.0
108,accommodate,stripes,feet,W,F,Yes,7.0,7.0,stripes,6.0,end,relevant,6.0
109,accommodate,feet,stripes,W,C,Yes,7.0,5.0,stripes,-5.0,end,irrelevant,5.0
110,accommodate,feet,stripes,E,C,Yes,5.0,4.0,stripes,3.0,end,irrelevant,3.0
111,accommodate,stripes,feet,E,F,Yes,7.0,7.0,stripes,7.0,end,relevant,7.0
112,accommodate,stripes,feet,W,F,Yes,3.0,7.0,stripes,6.0,end,relevant,6.0
113,accommodate,stripes,feet,E,C,Yes,7.0,6.0,stripes,3.0,end,relevant,3.0
114,accommodate,stripes,feet,W,F,Yes,5.0,7.0,stripes,6.0,end,relevant,6.0
115,accommodate,feet,stripes,E,C,Yes,7.0,5.0,stripes,4.0,end,irrelevant,4.0
116,accommodate,stripes,feet,E,F,No,1.0,1.0,stripes,0.0,end,relevant,0.0
117,accommodate,feet,stripes,W,C,Yes,3.0,5.0,stripes,5.0,end,irrelevant,5.0
118,accommodate,stripes,feet,W,C,Yes,7.0,7.0,stripes,6.0,end,relevant,6.0
119,accommodate,feet,stripes,W,C,Yes,4.0,4.0,stripes,5.0,end,irrelevant,5.0
120,accommodate,feet,stripes,E,F,Yes,7.0,5.0,stripes,0.0,end,irrelevant,0.0
121,accommodate,stripes,feet,E,F,Yes,4.0,6.0,stripes,7.0,end,relevant,7.0
122,accommodate,stripes,feet,W,C,No,7.0,7.0,stripes,-7.0,end,relevant,7.0
123,accommodate,stripes,feet,E,F,No,3.0,7.0,stripes,7.0,end,relevant,7.0
124,accommodate,stripes,feet,W,F,Yes,1.0,5.0,stripes,6.0,end,relevant,6.0
125,accommodate,feet,stripes,E,C,Yes,7.0,6.0,stripes,5.0,end,irrelevant,5.0
126,accommodate,feet,stripes,E,F,Yes,6.0,5.0,stripes,6.0,end,irrelevant,6.0
127,accommodate,stripes,feet,E,F,No,4.0,4.0,stripes,0.0,end,relevant,0.0
128,accommodate,stripes,feet,E,F,No,1.0,6.0,stripes,6.0,end,relevant,6.0
129,accommodate,stripes,feet,W,C,Yes,6.0,6.0,stripes,-5.0,end,relevant,5.0
130,accommodate,stripes,feet,W,F,Yes,6.0,6.0,stripes,7.0,end,relevant,7.0
131,accommodate,feet,stripes,W,F,Yes,7.0,5.0,stripes,5.0,end,irrelevant,5.0
132,accommodate,feet,stripes,E,C,Yes,7.0,7.0,stripes,-5.0,end,irrelevant,5.0
133,accommodate,feet,stripes,W,C,Yes,5.0,6.0,stripes,5.0,end,irrelevant,5.0
134,accommodate,feet,stripes,E,C,Yes,6.0,6.0,stripes,3.0,end,irrelevant,3.0
135,accommodate,feet,stripes,W,C,Yes,6.0,3.0,stripes,7.0,end,irrelevant,7.0
136,accommodate,feet,stripes,E,F,Yes,6.0,3.0,stripes,0.0,end,irrelevant,0.0
137,accommodate,stripes,feet,E,C,Yes,7.0,5.0,stripes,6.0,end,relevant,6.0
138,accommodate,feet,stripes,W,C,Yes,5.0,5.0,stripes,6.0,end,irrelevant,6.0
139,accommodate,feet,stripes,E,F,Yes,7.0,7.0,stripes,3.0,end,irrelevant,3.0
140,accommodate,stripes,feet,E,F,Yes,5.0,5.0,stripes,7.0,end,relevant,7.0
141,accommodate,stripes,feet,W,C,No,7.0,4.0,stripes,7.0,end,relevant,7.0
142,accommodate,feet,stripes,W,F,Yes,5.0,6.0,stripes,6.0,end,irrelevant,6.0
143,accommodate,feet,stripes,E,C,No,5.0,5.0,stripes,0.0,end,irrelevant,0.0
144,accommodate,feet,stripes,W,F,Yes,7.0,7.0,stripes,6.0,end,irrelevant,6.0
145,accommodate,stripes,feet,W,C,Yes,1.0,1.0,stripes,6.0,end,relevant,6.0
146,accommodate,stripes,feet,E,C,Yes,5.0,5.0,stripes,5.0,end,relevant,5.0
147,accommodate,stripes,feet,E,F,Yes,7.0,7.0,stripes,4.0,end,relevant,4.0
148,accommodate,stripes,feet,E,F,Yes,7.0,6.0,stripes,6.0,end,relevant,6.0
149,accommodate,feet,stripes,E,F,Yes,6.0,7.0,stripes,0.0,end,irrelevant,0.0
150,accommodate,feet,stripes,E,C,Yes,7.0,6.0,stripes,0.0,end,irrelevant,0.0
151,accommodate,feet,stripes,W,C,Yes,7.0,6.0,stripes,1.0,end,irrelevant,1.0
152,accommodate,feet,stripes,E,C,Yes,7.0,7.0,stripes,3.0,end,irrelevant,3.0
153,accommodate,feet,stripes,E,C,Yes,1.0,1.0,stripes,7.0,end,irrelevant,7.0
154,accommodate,feet,stripes,E,C,Yes,7.0,7.0,stripes,3.0,end,irrelevant,3.0
155,accommodate,stripes,feet,E,F,Yes,6.0,5.0,stripes,6.0,end,relevant,6.0
156,accommodate,feet,stripes,E,C,No,3.0,5.0,stripes,7.0,end,irrelevant,7.0
157,accommodate,stripes,feet,W,C,Yes,6.0,6.0,stripes,-6.0,end,relevant,6.0
158,accommodate,feet,stripes,W,F,Yes,1.0,6.0,stripes,0.0,end,irrelevant,0.0
159,accommodate,feet,stripes,W,C,Yes,5.0,6.0,stripes,4.0,end,irrelevant,4.0
160,accommodate,feet,stripes,E,C,Yes,6.0,7.0,stripes,0.0,end,irrelevant,0.0
161,accommodate,stripes,feet,W,C,Yes,5.0,6.0,stripes,5.0,end,relevant,5.0
162,accommodate,stripes,feet,W,F,Yes,6.0,6.0,stripes,7.0,end,relevant,7.0
163,accommodate,feet,stripes,E,C,Yes,6.0,6.0,stripes,4.0,end,irrelevant,4.0
164,accommodate,stripes,feet,E,C,No,6.0,6.0,stripes,6.0,end,relevant,6.0
165,accommodate,feet,stripes,W,F,Yes,7.0,5.0,stripes,-6.0,end,irrelevant,6.0
166,accommodate,stripes,feet,W,F,Yes,3.0,6.0,stripes,6.0,end,relevant,6.0
167,accommodate,stripes,feet,W,C,Yes,2.0,6.0,stripes,5.0,end,relevant,5.0
168,accommodate,feet,stripes,E,C,Yes,6.0,7.0,stripes,4.0,end,irrelevant,4.0
169,accommodate,feet,stripes,W,F,Yes,5.0,6.0,stripes,5.0,end,irrelevant,5.0
170,accommodate,stripes,feet,W,C,Yes,7.0,7.0,stripes,7.0,end,relevant,7.0
171,accommodate,feet,stripes,W,F,Yes,5.0,6.0,stripes,6.0,end,irrelevant,6.0
172,accommodate,feet,stripes,E,C,Yes,6.0,5.0,stripes,5.0,end,irrelevant,5.0
173,accommodate,feet,stripes,W,C,Yes,7.0,7.0,stripes,0.0,end,irrelevant,0.0
174,accommodate,feet,stripes,E,C,Yes,7.0,6.0,stripes,-5.0,end,irrelevant,5.0
175,accommodate,stripes,feet,E,C,Yes,3.0,4.0,stripes,6.0,end,relevant,6.0
176,accommodate,stripes,feet,W,C,No,6.0,2.0,stripes,0.0,end,relevant,0.0
177,accommodate,stripes,feet,W,C,Yes,5.0,4.0,stripes,6.0,end,relevant,6.0
178,accommodate,stripes,feet,E,F,Yes,4.0,5.0,stripes,5.0,end,relevant,5.0
179,accommodate,stripes,feet,W,C,Yes,7.0,7.0,stripes,6.0,end,relevant,6.0
180,accommodate,stripes,feet,E,C,Yes,5.0,5.0,stripes,5.0,end,relevant,5.0
181,accommodate,stripes,feet,W,F,Yes,7.0,7.0,stripes,-7.0,end,relevant,7.0
182,accommodate,feet,stripes,E,F,Yes,5.0,4.0,stripes,6.0,end,irrelevant,6.0
183,accommodate,stripes,feet,E,F,Yes,5.0,5.0,stripes,5.0,end,relevant,5.0
184,accommodate,stripes,feet,E,F,Yes,3.0,6.0,stripes,6.0,end,relevant,6.0
185,accommodate,stripes,feet,E,C,Yes,6.0,6.0,stripes,6.0,end,relevant,6.0
186,accommodate,stripes,feet,W,C,Yes,6.0,3.0,stripes,6.0,end,relevant,6.0
187,accommodate,stripes,feet,W,C,Yes,7.0,5.0,stripes,0.0,end,relevant,0.0
188,accommodate,feet,stripes,W,C,No,6.0,7.0,stripes,0.0,end,irrelevant,0.0
189,accommodate,stripes,feet,E,F,Yes,3.0,2.0,stripes,-1.0,end,relevant,1.0
190,accommodate,feet,stripes,E,F,Yes,6.0,7.0,stripes,0.0,end,irrelevant,0.0
191,accommodate,feet,stripes,W,C,Yes,6.0,7.0,stripes,-3.0,end,irrelevant,3.0
192,accommodate,feet,stripes,E,F,Yes,1.0,6.0,stripes,6.0,end,irrelevant,6.0
193,accommodate,stripes,feet,W,F,No,7.0,7.0,stripes,7.0,end,relevant,7.0
194,accommodate,feet,stripes,W,C,Yes,7.0,5.0,stripes,-2.0,end,irrelevant,2.0
195,accommodate,stripes,feet,W,C,No,2.0,7.0,stripes,7.0,end,relevant,7.0
196,accommodate,feet,stripes,E,F,No,7.0,5.0,stripes,0.0,end,irrelevant,0.0
197,accommodate,stripes,feet,E,F,Yes,7.0,7.0,stripes,5.0,end,relevant,5.0
198,accommodate,stripes,feet,W,F,Yes,7.0,7.0,stripes,7.0,end,relevant,7.0
199,accommodate,feet,stripes,E,F,Yes,7.0,7.0,stripes,5.0,end,irrelevant,5.0
200,accommodate,stripes,feet,E,F,No,6.0,5.0,stripes,6.0,end,relevant,6.0
201,accommodate,stripes,feet,W,C,Yes,6.0,6.0,stripes,-5.0,end,relevant,5.0
202,accommodate,stripes,feet,W,F,Yes,6.0,7.0,stripes,6.0,end,relevant,6.0
203,accommodate,stripes,feet,E,C,No,1.0,7.0,stripes,0.0,end,relevant,0.0
204,accommodate,feet,stripes,E,F,Yes,5.0,6.0,stripes,0.0,end,irrelevant,0.0
205,accommodate,feet,stripes,W,F,Yes,4.0,5.0,stripes,-5.0,end,irrelevant,5.0
206,accommodate,stripes,feet,E,C,No,1.0,5.0,stripes,6.0,end,relevant,6.0
207,accommodate,feet,stripes,W,F,Yes,6.0,4.0,stripes,4.0,end,irrelevant,4.0
208,accommodate,stripes,feet,E,F,Yes,7.0,7.0,stripes,7.0,end,relevant,7.0
209,accommodate,feet,stripes,E,C,No,5.0,6.0,stripes,0.0,end,irrelevant,0.0
210,accommodate,feet,stripes,E,F,Yes,5.0,5.0,stripes,0.0,end,irrelevant,0.0
211,accommodate,stripes,feet,W,C,Yes,7.0,7.0,stripes,6.0,end,relevant,6.0
212,accommodate,stripes,feet,W,F,Yes,5.0,5.0,stripes,7.0,end,relevant,7.0
213,accommodate,feet,stripes,E,F,Yes,7.0,6.0,stripes,-4.0,end,irrelevant,4.0
214,accommodate,stripes,feet,E,C,Yes,6.0,2.0,stripes,7.0,end,relevant,7.0
215,accommodate,feet,stripes,W,C,Yes,3.0,6.0,stripes,0.0,end,irrelevant,0.0
216,accommodate,stripes,feet,W,C,No,7.0,7.0,stripes,5.0,end,relevant,5.0
217,accommodate,feet,stripes,E,C,Yes,5.0,3.0,stripes,4.0,end,irrelevant,4.0
218,accommodate,feet,stripes,E,C,Yes,3.0,7.0,stripes,0.0,end,irrelevant,0.0
219,accommodate,feet,stripes,E,C,Yes,7.0,6.0,stripes,6.0,end,irrelevant,6.0
220,accommodate,feet,stripes,W,F,Yes,5.0,4.0,stripes,-5.0,end,irrelevant,5.0
221,accommodate,stripes,feet,E,C,No,3.0,5.0,stripes,6.0,end,relevant,6.0
222,accommodate,feet,stripes,W,F,Yes,7.0,7.0,stripes,0.0,end,irrelevant,0.0
223,accommodate,stripes,feet,E,C,Yes,6.0,7.0,stripes,-6.0,end,relevant,6.0
224,accommodate,stripes,feet,W,C,Yes,4.0,6.0,stripes,-7.0,end,relevant,7.0
225,accommodate,feet,stripes,W,C,Yes,5.0,6.0,stripes,0.0,end,irrelevant,0.0
226,accommodate,stripes,feet,E,F,Yes,5.0,7.0,stripes,6.0,end,relevant,6.0
227,accommodate,stripes,feet,E,F,Yes,6.0,5.0,stripes,3.0,end,relevant,3.0
228,accommodate,stripes,feet,W,C,Yes,5.0,6.0,stripes,6.0,end,relevant,6.0
229,accommodate,stripes,feet,E,C,No,5.0,5.0,stripes,6.0,end,relevant,6.0
230,accommodate,feet,stripes,E,C,Yes,6.0,3.0,stripes,-3.0,end,irrelevant,3.0
231,accommodate,feet,stripes,W,C,Yes,6.0,5.0,stripes,5.0,end,irrelevant,5.0
232,accommodate,feet,stripes,W,F,Yes,6.0,6.0,stripes,3.0,end,irrelevant,3.0
233,accommodate,stripes,feet,E,C,No,6.0,4.0,stripes,6.0,end,relevant,6.0
234,accommodate,feet,stripes,W,F,Yes,4.0,7.0,stripes,6.0,end,irrelevant,6.0
235,accommodate,feet,stripes,E,F,Yes,5.0,5.0,stripes,-6.0,end,irrelevant,6.0
236,accommodate,stripes,feet,E,C,Yes,5.0,5.0,stripes,0.0,end,relevant,0.0
237,accommodate,feet,stripes,E,C,Yes,7.0,2.0,stripes,5.0,end,irrelevant,5.0
238,accommodate,stripes,feet,W,F,No,7.0,7.0,stripes,7.0,end,relevant,7.0
239,accommodate,feet,stripes,E,C,Yes,5.0,4.0,stripes,4.0,end,irrelevant,4.0
240,accommodate,stripes,feet,E,C,No,6.0,4.0,stripes,5.0,end,relevant,5.0
241,accommodate,stripes,feet,E,C,Yes,3.0,5.0,stripes,7.0,end,relevant,7.0
242,accommodate,feet,stripes,W,C,Yes,6.0,7.0,stripes,0.0,end,irrelevant,0.0
243,accommodate,feet,stripes,W,C,Yes,6.0,6.0,stripes,0.0,end,irrelevant,0.0
244,accommodate,feet,stripes,W,F,Yes,1.0,7.0,stripes,5.0,end,irrelevant,5.0
245,accommodate,feet,stripes,E,F,No,6.0,4.0,stripes,0.0,end,irrelevant,0.0
246,accommodate,feet,stripes,E,C,Yes,6.0,6.0,stripes,2.0,end,irrelevant,2.0
247,accommodate,stripes,feet,E,F,No,3.0,1.0,stripes,0.0,end,relevant,0.0
248,accommodate,stripes,feet,W,F,Yes,1.0,1.0,stripes,5.0,end,relevant,5.0
249,accommodate,feet,stripes,E,C,Yes,1.0,5.0,stripes,4.0,end,irrelevant,4.0
250,accommodate,stripes,feet,E,F,Yes,7.0,5.0,stripes,6.0,end,relevant,6.0
251,accommodate,stripes,feet,E,C,Yes,1.0,5.0,stripes,5.0,end,relevant,5.0
252,accommodate,stripes,feet,W,C,Yes,5.0,6.0,stripes,4.0,end,relevant,4.0
253,accommodate,feet,stripes,W,C,Yes,7.0,7.0,stripes,3.0,end,irrelevant,3.0
254,accommodate,feet,stripes,W,C,Yes,4.0,5.0,stripes,4.0,end,irrelevant,4.0
255,accommodate,stripes,feet,E,C,Yes,5.0,6.0,stripes,0.0,end,relevant,0.0
256,accommodate,stripes,feet,E,F,Yes,5.0,5.0,stripes,-5.0,end,relevant,5.0
257,accommodate,feet,stripes,E,F,Yes,6.0,7.0,stripes,0.0,end,irrelevant,0.0
258,accommodate,feet,stripes,W,F,Yes,6.0,3.0,stripes,0.0,end,irrelevant,0.0
259,accommodate,feet,stripes,E,C,Yes,6.0,7.0,stripes,0.0,end,irrelevant,0.0
260,accommodate,stripes,feet,W,C,Yes,6.0,6.0,stripes,6.0,end,relevant,6.0
261,accommodate,stripes,feet,W,F,No,7.0,6.0,stripes,7.0,end,relevant,7.0
262,accommodate,feet,stripes,E,F,Yes,5.0,5.0,stripes,5.0,end,irrelevant,5.0
263,accommodate,feet,stripes,W,F,Yes,7.0,6.0,stripes,0.0,end,irrelevant,0.0
264,accommodate,feet,stripes,E,F,No,5.0,5.0,stripes,7.0,end,irrelevant,7.0
265,accommodate,stripes,feet,W,F,Yes,7.0,7.0,stripes,6.0,end,relevant,6.0
266,accommodate,feet,stripes,W,F,Yes,6.0,7.0,stripes,3.0,end,irrelevant,3.0
267,accommodate,stripes,feet,E,C,Yes,5.0,7.0,stripes,6.0,end,relevant,6.0
268,accommodate,stripes,feet,W,F,Yes,7.0,5.0,stripes,6.0,end,relevant,6.0
269,accommodate,stripes,feet,E,F,Yes,1.0,4.0,stripes,7.0,end,relevant,7.0
270,accommodate,feet,stripes,W,F,Yes,5.0,6.0,stripes,0.0,end,irrelevant,0.0
271,accommodate,stripes,feet,E,C,Yes,6.0,6.0,stripes,5.0,end,relevant,5.0
272,accommodate,stripes,feet,W,F,Yes,5.0,5.0,stripes,-7.0,end,relevant,7.0
273,accommodate,feet,stripes,E,F,Yes,5.0,4.0,stripes,0.0,end,irrelevant,0.0
274,accommodate,feet,stripes,E,F,No,5.0,1.0,stripes,0.0,end,irrelevant,0.0
275,accommodate,feet,stripes,W,F,No,6.0,6.0,stripes,0.0,end,irrelevant,0.0
276,accommodate,stripes,feet,E,F,Yes,7.0,7.0,stripes,6.0,end,relevant,6.0
277,accommodate,feet,stripes,E,C,Yes,7.0,7.0,stripes,2.0,end,irrelevant,2.0
278,accommodate,stripes,feet,E,F,Yes,6.0,5.0,stripes,5.0,end,relevant,5.0
279,accommodate,feet,stripes,W,C,No,5.0,2.0,stripes,0.0,end,irrelevant,0.0
280,accommodate,feet,stripes,W,F,Yes,1.0,4.0,stripes,-4.0,end,irrelevant,4.0
281,accommodate,stripes,feet,W,C,No,1.0,6.0,stripes,0.0,end,relevant,0.0
282,accommodate,feet,stripes,W,C,Yes,6.0,5.0,stripes,0.0,end,irrelevant,0.0
283,accommodate,stripes,feet,W,C,No,7.0,7.0,stripes,-7.0,end,relevant,7.0
284,accommodate,stripes,feet,W,C,Yes,6.0,6.0,stripes,6.0,end,relevant,6.0
285,accommodate,stripes,feet,W,C,Yes,6.0,6.0,stripes,5.0,end,relevant,5.0
286,accommodate,stripes,feet,E,F,No,7.0,7.0,stripes,6.0,end,relevant,6.0
287,accommodate,stripes,feet,E,F,Yes,7.0,5.0,stripes,5.0,end,relevant,5.0
288,accommodate,stripes,feet,W,C,Yes,5.0,4.0,stripes,3.0,end,relevant,3.0
289,accommodate,stripes,feet,E,F,Yes,6.0,5.0,stripes,5.0,end,relevant,5.0
290,accommodate,stripes,feet,E,F,Yes,6.0,7.0,stripes,3.0,end,relevant,3.0
291,accommodate,feet,stripes,W,F,Yes,5.0,3.0,stripes,5.0,end,irrelevant,5.0
292,accommodate,stripes,feet,E,F,Yes,7.0,7.0,stripes,-6.0,end,relevant,6.0
293,accommodate,stripes,feet,W,F,Yes,7.0,5.0,stripes,0.0,end,relevant,0.0
294,predict,stripes,feet,W,F,No,5.0,5.0,stripes,6.0,end,relevant,6.0
295,predict,stripes,feet,W,F,No,4.0,5.0,stripes,4.0,end,relevant,4.0
296,predict,feet,stripes,E,F,Yes,1.0,6.0,stripes,-6.0,end,irrelevant,6.0
297,predict,stripes,feet,W,F,Yes,7.0,7.0,stripes,5.0,end,relevant,5.0
298,predict,feet,stripes,E,C,Yes,2.0,2.0,stripes,6.0,end,irrelevant,6.0
299,predict,stripes,feet,W,C,Yes,4.0,5.0,stripes,6.0,end,relevant,6.0
300,predict,stripes,feet,W,C,Yes,2.0,6.0,stripes,-4.0,end,relevant,4.0
301,predict,stripes,feet,W,F,Yes,6.0,5.0,stripes,-6.0,end,relevant,6.0
302,predict,stripes,feet,E,F,Yes,4.0,5.0,stripes,6.0,end,relevant,6.0
303,predict,stripes,feet,W,C,No,1.0,7.0,stripes,5.0,end,relevant,5.0
304,predict,stripes,feet,E,C,Yes,5.0,3.0,stripes,4.0,end,relevant,4.0
305,predict,feet,stripes,W,C,Yes,7.0,5.0,stripes,-2.0,end,irrelevant,2.0
306,predict,stripes,feet,W,C,No,2.0,6.0,stripes,0.0,end,relevant,0.0
307,predict,feet,stripes,W,C,Yes,7.0,7.0,stripes,0.0,end,irrelevant,0.0
308,predict,stripes,feet,E,F,Yes,6.0,6.0,stripes,5.0,end,relevant,5.0
309,predict,feet,stripes,E,C,Yes,4.0,7.0,stripes,3.0,end,irrelevant,3.0
310,predict,feet,stripes,W,C,Yes,4.0,5.0,stripes,0.0,end,irrelevant,0.0
311,predict,feet,stripes,E,C,Yes,5.0,5.0,stripes,7.0,end,irrelevant,7.0
312,predict,feet,stripes,W,F,Yes,1.0,7.0,stripes,-4.0,end,irrelevant,4.0
313,predict,stripes,feet,E,C,No,5.0,5.0,stripes,6.0,end,relevant,6.0
314,predict,feet,stripes,E,F,Yes,2.0,7.0,stripes,1.0,end,irrelevant,1.0
315,predict,feet,stripes,W,F,Yes,1.0,6.0,stripes,4.0,end,irrelevant,4.0
316,predict,feet,stripes,W,F,No,3.0,6.0,stripes,3.0,end,irrelevant,3.0
317,predict,feet,stripes,W,C,Yes,6.0,5.0,stripes,0.0,end,irrelevant,0.0
318,predict,stripes,feet,W,F,Yes,3.0,7.0,stripes,0.0,end,relevant,0.0
319,predict,stripes,feet,W,F,Yes,4.0,6.0,stripes,6.0,end,relevant,6.0
320,predict,stripes,feet,E,F,Yes,6.0,4.0,stripes,7.0,end,relevant,7.0
321,predict,feet,stripes,W,C,Yes,4.0,4.0,stripes,-5.0,end,irrelevant,5.0
322,predict,stripes,feet,E,C,No,3.0,4.0,stripes,0.0,end,relevant,0.0
323,predict,stripes,feet,E,F,No,7.0,5.0,stripes,7.0,end,relevant,7.0
324,predict,stripes,feet,E,C,No,6.0,7.0,stripes,6.0,end,relevant,6.0
325,predict,feet,stripes,E,F,Yes,6.0,7.0,stripes,4.0,end,irrelevant,4.0
326,predict,feet,stripes,E,F,Yes,5.0,7.0,stripes,-6.0,end,irrelevant,6.0
327,predict,feet,stripes,E,C,Yes,7.0,5.0,stripes,4.0,end,irrelevant,4.0
328,predict,feet,stripes,E,F,Yes,1.0,5.0,stripes,0.0,end,irrelevant,0.0
329,predict,stripes,feet,E,F,Yes,4.0,4.0,stripes,6.0,end,relevant,6.0
330,predict,feet,stripes,W,F,Yes,2.0,7.0,stripes,2.0,end,irrelevant,2.0
331,predict,stripes,feet,W,C,No,7.0,7.0,stripes,-6.0,end,relevant,6.0
332,predict,stripes,feet,W,F,Yes,2.0,3.0,stripes,-4.0,end,relevant,4.0
333,predict,feet,stripes,E,F,No,6.0,6.0,stripes,0.0,end,irrelevant,0.0
334,predict,stripes,feet,E,F,Yes,6.0,5.0,stripes,-7.0,end,relevant,7.0
335,predict,stripes,feet,W,C,Yes,4.0,5.0,stripes,2.0,end,relevant,2.0
336,predict,stripes,feet,E,F,Yes,4.0,4.0,stripes,6.0,end,relevant,6.0
337,predict,feet,stripes,W,C,Yes,6.0,4.0,stripes,0.0,end,irrelevant,0.0
338,predict,stripes,feet,E,C,Yes,7.0,5.0,stripes,7.0,end,relevant,7.0
339,predict,stripes,feet,W,F,Yes,5.0,3.0,stripes,7.0,end,relevant,7.0
340,predict,stripes,feet,W,C,No,1.0,7.0,stripes,7.0,end,relevant,7.0
341,predict,feet,stripes,E,F,Yes,7.0,6.0,stripes,-4.0,end,irrelevant,4.0
342,predict,stripes,feet,W,C,No,3.0,7.0,stripes,7.0,end,relevant,7.0
343,predict,feet,stripes,E,C,Yes,5.0,7.0,stripes,0.0,end,irrelevant,0.0
344,predict,feet,stripes,E,C,Yes,7.0,7.0,stripes,0.0,end,irrelevant,0.0
345,predict,stripes,feet,W,F,Yes,6.0,4.0,stripes,7.0,end,relevant,7.0
346,predict,stripes,feet,E,F,Yes,4.0,7.0,stripes,5.0,end,relevant,5.0
347,predict,stripes,feet,E,C,Yes,5.0,6.0,stripes,4.0,end,relevant,4.0
348,predict,feet,stripes,W,F,Yes,7.0,7.0,stripes,1.0,end,irrelevant,1.0
349,predict,stripes,feet,E,F,Yes,4.0,4.0,stripes,5.0,end,relevant,5.0
350,predict,stripes,feet,W,C,No,5.0,7.0,stripes,6.0,end,relevant,6.0
351,predict,stripes,feet,E,C,Yes,5.0,4.0,stripes,-7.0,end,relevant,7.0
352,predict,feet,stripes,E,C,Yes,5.0,5.0,stripes,-6.0,end,irrelevant,6.0
353,predict,feet,stripes,W,C,Yes,2.0,6.0,stripes,0.0,end,irrelevant,0.0
354,predict,feet,stripes,W,C,Yes,7.0,7.0,stripes,3.0,end,irrelevant,3.0
355,predict,feet,stripes,E,F,Yes,4.0,7.0,stripes,5.0,end,irrelevant,5.0
356,predict,feet,stripes,E,C,Yes,1.0,4.0,stripes,6.0,end,irrelevant,6.0
357,predict,feet,stripes,W,F,Yes,7.0,7.0,stripes,-4.0,end,irrelevant,4.0
358,predict,stripes,feet,W,F,Yes,7.0,7.0,stripes,7.0,end,relevant,7.0
359,predict,feet,stripes,W,F,Yes,5.0,6.0,stripes,-5.0,end,irrelevant,5.0
360,predict,feet,stripes,W,C,Yes,5.0,6.0,stripes,3.0,end,irrelevant,3.0
361,predict,feet,stripes,E,C,Yes,5.0,4.0,stripes,7.0,end,irrelevant,7.0
362,predict,feet,stripes,E,F,Yes,3.0,7.0,stripes,4.0,end,irrelevant,4.0
363,predict,feet,stripes,E,F,Yes,4.0,7.0,stripes,2.0,end,irrelevant,2.0
364,predict,stripes,feet,E,C,Yes,6.0,3.0,stripes,7.0,end,relevant,7.0
365,predict,feet,stripes,E,F,Yes,2.0,2.0,stripes,3.0,end,irrelevant,3.0
366,predict,feet,stripes,W,C,Yes,5.0,4.0,stripes,4.0,end,irrelevant,4.0
367,predict,stripes,feet,W,C,No,2.0,7.0,stripes,0.0,end,relevant,0.0
368,predict,feet,stripes,W,C,No,4.0,3.0,stripes,0.0,end,irrelevant,0.0
369,predict,feet,stripes,E,C,Yes,4.0,4.0,stripes,4.0,end,irrelevant,4.0
370,predict,feet,stripes,W,F,Yes,1.0,7.0,stripes,4.0,end,irrelevant,4.0
371,predict,stripes,feet,W,F,No,4.0,3.0,stripes,4.0,end,relevant,4.0
372,predict,stripes,feet,E,F,Yes,5.0,6.0,stripes,6.0,end,relevant,6.0
373,predict,feet,stripes,E,F,Yes,5.0,6.0,stripes,-5.0,end,irrelevant,5.0
374,predict,feet,stripes,E,C,Yes,5.0,7.0,stripes,-2.0,end,irrelevant,2.0
375,predict,stripes,feet,W,C,Yes,5.0,5.0,stripes,6.0,end,relevant,6.0
376,predict,stripes,feet,W,C,No,7.0,7.0,stripes,5.0,end,relevant,5.0
377,predict,feet,stripes,E,C,Yes,2.0,7.0,stripes,4.0,end,irrelevant,4.0
378,predict,feet,stripes,W,C,Yes,4.0,6.0,stripes,0.0,end,irrelevant,0.0
379,predict,stripes,feet,E,C,Yes,5.0,6.0,stripes,6.0,end,relevant,6.0
380,predict,stripes,feet,E,F,Yes,1.0,7.0,stripes,7.0,end,relevant,7.0
381,predict,stripes,feet,W,C,Yes,5.0,4.0,stripes,-3.0,end,relevant,3.0
382,predict,feet,stripes,E,F,Yes,6.0,5.0,stripes,5.0,end,irrelevant,5.0
383,predict,stripes,feet,E,F,No,1.0,7.0,stripes,-5.0,end,relevant,5.0
384,predict,stripes,feet,W,C,No,2.0,7.0,stripes,7.0,end,relevant,7.0
385,predict,feet,stripes,E,F,Yes,7.0,7.0,stripes,5.0,end,irrelevant,5.0
386,predict,stripes,feet,W,F,Yes,7.0,4.0,stripes,0.0,end,relevant,0.0
387,predict,stripes,feet,E,C,Yes,1.0,7.0,stripes,4.0,end,relevant,4.0
388,predict,stripes,feet,E,C,No,2.0,6.0,stripes,0.0,end,relevant,0.0
389,predict,stripes,feet,W,F,No,7.0,7.0,stripes,0.0,end,relevant,0.0
390,predict,feet,stripes,W,F,Yes,1.0,6.0,stripes,3.0,end,irrelevant,3.0
391,predict,stripes,feet,E,C,Yes,7.0,6.0,stripes,6.0,end,relevant,6.0
392,predict,feet,stripes,E,F,Yes,6.0,7.0,stripes,5.0,end,irrelevant,5.0
393,predict,feet,stripes,W,F,Yes,3.0,7.0,stripes,0.0,end,irrelevant,0.0
394,predict,stripes,feet,W,F,Yes,7.0,6.0,stripes,4.0,end,relevant,4.0
395,predict,stripes,feet,W,F,Yes,6.0,6.0,stripes,6.0,end,relevant,6.0
396,predict,stripes,feet,E,C,Yes,1.0,7.0,stripes,6.0,end,relevant,6.0
397,predict,stripes,feet,E,F,Yes,5.0,6.0,stripes,5.0,end,relevant,5.0
398,predict,stripes,feet,E,C,Yes,5.0,6.0,stripes,6.0,end,relevant,6.0
399,predict,feet,stripes,E,F,Yes,6.0,5.0,stripes,0.0,end,irrelevant,0.0
400,predict,feet,stripes,E,C,Yes,6.0,5.0,stripes,0.0,end,irrelevant,0.0
401,predict,feet,stripes,W,C,Yes,6.0,7.0,stripes,-6.0,end,irrelevant,6.0
402,predict,stripes,feet,E,C,Yes,5.0,6.0,stripes,4.0,end,relevant,4.0
403,predict,stripes,feet,W,F,Yes,6.0,5.0,stripes,6.0,end,relevant,6.0
404,predict,feet,stripes,E,C,Yes,7.0,5.0,stripes,0.0,end,irrelevant,0.0
405,predict,stripes,feet,W,F,Yes,5.0,6.0,stripes,5.0,end,relevant,5.0
406,predict,stripes,feet,W,C,No,2.0,6.0,stripes,6.0,end,relevant,6.0
407,predict,stripes,feet,W,C,No,7.0,6.0,stripes,6.0,end,relevant,6.0
408,predict,stripes,feet,W,F,Yes,1.0,2.0,stripes,0.0,end,relevant,0.0
409,predict,feet,stripes,E,C,Yes,5.0,6.0,stripes,0.0,end,irrelevant,0.0
410,predict,stripes,feet,W,F,Yes,5.0,5.0,stripes,5.0,end,relevant,5.0
411,predict,feet,stripes,E,C,Yes,7.0,6.0,stripes,5.0,end,irrelevant,5.0
412,predict,stripes,feet,E,F,No,1.0,6.0,stripes,6.0,end,relevant,6.0
413,predict,feet,stripes,E,F,No,4.0,6.0,stripes,2.0,end,irrelevant,2.0
414,predict,stripes,feet,E,C,Yes,3.0,4.0,stripes,6.0,end,relevant,6.0
415,predict,feet,stripes,E,F,Yes,1.0,7.0,stripes,0.0,end,irrelevant,0.0
416,predict,feet,stripes,E,F,Yes,4.0,4.0,stripes,4.0,end,irrelevant,4.0
417,predict,feet,stripes,W,C,No,4.0,7.0,stripes,0.0,end,irrelevant,0.0
418,predict,stripes,feet,E,C,Yes,2.0,6.0,stripes,6.0,end,relevant,6.0
419,predict,stripes,feet,E,C,Yes,5.0,5.0,stripes,6.0,end,relevant,6.0
420,predict,feet,stripes,E,C,Yes,5.0,6.0,stripes,5.0,end,irrelevant,5.0
421,predict,feet,stripes,E,F,Yes,7.0,5.0,stripes,4.0,end,irrelevant,4.0
422,predict,stripes,feet,W,F,No,7.0,7.0,stripes,0.0,end,relevant,0.0
423,predict,feet,stripes,W,F,Yes,5.0,4.0,stripes,0.0,end,irrelevant,0.0
424,predict,stripes,feet,W,F,No,3.0,5.0,stripes,5.0,end,relevant,5.0
425,predict,stripes,feet,W,C,Yes,1.0,7.0,stripes,7.0,end,relevant,7.0
426,predict,feet,stripes,E,C,Yes,4.0,7.0,stripes,0.0,end,irrelevant,0.0
427,predict,feet,stripes,E,F,Yes,2.0,7.0,stripes,-4.0,end,irrelevant,4.0
428,predict,feet,stripes,W,C,Yes,3.0,7.0,stripes,-2.0,end,irrelevant,2.0
429,predict,stripes,feet,W,F,Yes,6.0,7.0,stripes,6.0,end,relevant,6.0
430,predict,feet,stripes,W,C,Yes,7.0,7.0,stripes,-5.0,end,irrelevant,5.0
431,predict,feet,stripes,E,F,Yes,5.0,4.0,stripes,0.0,end,irrelevant,0.0
432,predict,stripes,feet,W,F,No,1.0,4.0,stripes,5.0,end,relevant,5.0
433,predict,stripes,feet,W,C,Yes,7.0,7.0,stripes,5.0,end,relevant,5.0
434,predict,stripes,feet,W,F,Yes,5.0,4.0,stripes,5.0,end,relevant,5.0
435,predict,stripes,feet,W,C,Yes,6.0,6.0,stripes,6.0,end,relevant,6.0
436,predict,stripes,feet,W,C,Yes,7.0,6.0,stripes,6.0,end,relevant,6.0
437,predict,stripes,feet,W,C,Yes,5.0,6.0,stripes,-2.0,end,relevant,2.0
438,predict,stripes,feet,E,F,Yes,5.0,7.0,stripes,6.0,end,relevant,6.0
439,predict,stripes,feet,E,C,Yes,2.0,7.0,stripes,6.0,end,relevant,6.0
440,predict,feet,stripes,W,C,Yes,7.0,6.0,stripes,-3.0,end,irrelevant,3.0
441,predict,feet,stripes,W,F,Yes,2.0,6.0,stripes,6.0,end,irrelevant,6.0
442,predict,feet,stripes,E,F,No,4.0,4.0,stripes,0.0,end,irrelevant,0.0
443,predict,feet,stripes,W,C,Yes,2.0,7.0,stripes,0.0,end,irrelevant,0.0
444,predict,feet,stripes,W,C,Yes,6.0,7.0,stripes,-5.0,end,irrelevant,5.0
445,predict,feet,stripes,W,C,Yes,2.0,6.0,stripes,2.0,end,irrelevant,2.0
446,predict,stripes,feet,E,C,No,7.0,7.0,stripes,0.0,end,relevant,0.0
447,predict,feet,stripes,W,F,Yes,7.0,7.0,stripes,2.0,end,irrelevant,2.0
448,predict,stripes,feet,E,F,Yes,6.0,6.0,stripes,0.0,end,relevant,0.0
449,predict,stripes,feet,E,F,Yes,5.0,6.0,stripes,4.0,end,relevant,4.0
450,predict,feet,stripes,W,C,Yes,2.0,5.0,stripes,-5.0,end,irrelevant,5.0
451,predict,feet,stripes,W,C,Yes,5.0,6.0,stripes,-4.0,end,irrelevant,4.0
452,predict,feet,stripes,E,F,Yes,2.0,7.0,stripes,5.0,end,irrelevant,5.0
453,predict,stripes,feet,W,C,No,7.0,5.0,stripes,0.0,end,relevant,0.0
454,predict,feet,stripes,W,F,No,4.0,6.0,stripes,0.0,end,irrelevant,0.0
455,predict,stripes,feet,W,C,Yes,7.0,7.0,stripes,5.0,end,relevant,5.0
456,predict,feet,stripes,W,C,Yes,4.0,6.0,stripes,0.0,end,irrelevant,0.0
457,predict,stripes,feet,W,C,Yes,5.0,7.0,stripes,5.0,end,relevant,5.0
458,predict,feet,stripes,W,F,Yes,7.0,6.0,stripes,6.0,end,irrelevant,6.0
459,predict,feet,stripes,W,F,Yes,2.0,4.0,stripes,-6.0,end,irrelevant,6.0
460,predict,feet,stripes,E,C,Yes,5.0,3.0,stripes,0.0,end,irrelevant,0.0
461,predict,stripes,feet,E,F,Yes,6.0,5.0,stripes,6.0,end,relevant,6.0
462,predict,feet,stripes,E,F,Yes,5.0,4.0,stripes,0.0,end,irrelevant,0.0
463,predict,stripes,feet,E,C,Yes,7.0,7.0,stripes,6.0,end,relevant,6.0
464,predict,feet,stripes,W,F,Yes,4.0,5.0,stripes,-4.0,end,irrelevant,4.0
465,predict,feet,stripes,W,F,No,1.0,1.0,stripes,0.0,end,irrelevant,0.0
466,predict,stripes,feet,W,F,Yes,4.0,5.0,stripes,-5.0,end,relevant,5.0
467,predict,feet,stripes,W,F,Yes,2.0,7.0,stripes,0.0,end,irrelevant,0.0
468,predict,feet,stripes,W,C,Yes,6.0,1.0,stripes,4.0,end,irrelevant,4.0
469,predict,stripes,feet,W,C,Yes,6.0,7.0,stripes,2.0,end,relevant,2.0
470,predict,feet,stripes,E,C,Yes,5.0,6.0,stripes,0.0,end,irrelevant,0.0
471,predict,feet,stripes,E,F,Yes,7.0,7.0,stripes,5.0,end,irrelevant,5.0
472,predict,feet,stripes,W,F,No,5.0,7.0,stripes,4.0,end,irrelevant,4.0
473,predict,stripes,feet,E,F,Yes,7.0,7.0,stripes,6.0,end,relevant,6.0
474,predict,stripes,feet,W,F,Yes,7.0,7.0,stripes,6.0,end,relevant,6.0
475,predict,feet,stripes,W,F,Yes,1.0,6.0,stripes,2.0,end,irrelevant,2.0
476,predict,feet,stripes,E,F,Yes,7.0,7.0,stripes,-5.0,end,irrelevant,5.0
477,predict,stripes,feet,W,F,No,6.0,6.0,stripes,6.0,end,relevant,6.0
478,predict,feet,stripes,E,C,Yes,2.0,4.0,stripes,0.0,end,irrelevant,0.0
479,predict,feet,stripes,W,F,Yes,6.0,6.0,stripes,-5.0,end,irrelevant,5.0
480,predict,feet,stripes,W,F,No,4.0,6.0,stripes,0.0,end,irrelevant,0.0
481,predict,feet,stripes,W,F,Yes,7.0,4.0,stripes,4.0,end,irrelevant,4.0
482,predict,feet,stripes,W,C,Yes,1.0,7.0,stripes,-2.0,end,irrelevant,2.0
483,predict,feet,stripes,W,F,No,3.0,3.0,stripes,6.0,end,irrelevant,6.0
484,predict,stripes,feet,W,C,No,6.0,7.0,stripes,7.0,end,relevant,7.0
485,predict,stripes,feet,E,F,Yes,6.0,7.0,stripes,-5.0,end,relevant,5.0
486,predict,feet,stripes,E,C,Yes,3.0,7.0,stripes,0.0,end,irrelevant,0.0
487,predict,feet,stripes,W,F,Yes,5.0,7.0,stripes,0.0,end,irrelevant,0.0
488,predict,stripes,feet,E,C,No,3.0,7.0,stripes,5.0,end,relevant,5.0
489,predict,stripes,feet,E,F,Yes,3.0,5.0,stripes,6.0,end,relevant,6.0
490,predict,stripes,feet,W,F,Yes,6.0,4.0,stripes,-6.0,end,relevant,6.0
491,predict,feet,stripes,E,C,Yes,5.0,7.0,stripes,6.0,end,irrelevant,6.0
492,predict,stripes,feet,E,F,No,7.0,7.0,stripes,7.0,end,relevant,7.0
493,predict,feet,stripes,W,C,Yes,5.0,5.0,stripes,0.0,end,irrelevant,0.0
494,predict,feet,stripes,E,F,Yes,3.0,7.0,stripes,5.0,end,irrelevant,5.0
495,predict,feet,stripes,W,C,Yes,1.0,6.0,stripes,-6.0,end,irrelevant,6.0
496,predict,feet,stripes,E,C,Yes,5.0,5.0,stripes,5.0,end,irrelevant,5.0
497,predict,stripes,feet,W,C,Yes,1.0,6.0,stripes,-3.0,end,relevant,3.0
498,predict,stripes,feet,E,F,Yes,5.0,7.0,stripes,7.0,end,relevant,7.0
499,predict,feet,stripes,E,C,Yes,4.0,6.0,stripes,0.0,end,irrelevant,0.0
500,predict,stripes,feet,E,F,Yes,7.0,6.0,stripes,6.0,end,relevant,6.0
501,predict,stripes,feet,W,C,No,2.0,7.0,stripes,6.0,end,relevant,6.0
502,predict,stripes,feet,E,C,Yes,3.0,6.0,stripes,5.0,end,relevant,5.0
503,predict,stripes,feet,W,F,Yes,7.0,7.0,stripes,6.0,end,relevant,6.0
504,predict,stripes,feet,E,F,Yes,2.0,6.0,stripes,7.0,end,relevant,7.0
505,predict,feet,stripes,E,F,Yes,5.0,2.0,stripes,4.0,end,irrelevant,4.0
506,predict,feet,stripes,W,F,Yes,7.0,7.0,stripes,5.0,end,irrelevant,5.0
507,predict,stripes,feet,E,C,Yes,7.0,7.0,stripes,7.0,end,relevant,7.0
508,predict,feet,stripes,E,C,Yes,5.0,7.0,stripes,5.0,end,irrelevant,5.0
509,predict,stripes,feet,W,C,Yes,6.0,5.0,stripes,5.0,end,relevant,5.0
510,predict,stripes,feet,W,C,Yes,7.0,7.0,stripes,3.0,end,relevant,3.0
511,predict,feet,stripes,W,F,Yes,7.0,7.0,stripes,0.0,end,irrelevant,0.0
512,predict,feet,stripes,W,F,Yes,7.0,7.0,stripes,-6.0,end,irrelevant,6.0
513,predict,feet,stripes,E,F,Yes,3.0,4.0,stripes,6.0,end,irrelevant,6.0
514,predict,stripes,feet,E,F,Yes,5.0,4.0,stripes,6.0,end,relevant,6.0
515,predict,stripes,feet,W,C,Yes,4.0,5.0,stripes,4.0,end,relevant,4.0
516,predict,stripes,feet,E,C,No,5.0,6.0,stripes,4.0,end,relevant,4.0
517,predict,stripes,feet,E,C,Yes,4.0,2.0,stripes,-4.0,end,relevant,4.0
518,predict,stripes,feet,E,F,Yes,7.0,7.0,stripes,6.0,end,relevant,6.0
519,predict,feet,stripes,W,C,No,5.0,5.0,stripes,0.0,end,irrelevant,0.0
520,predict,stripes,feet,E,F,Yes,7.0,7.0,stripes,5.0,end,relevant,5.0
521,predict,feet,stripes,E,F,Yes,4.0,3.0,stripes,5.0,end,irrelevant,5.0
522,predict,stripes,feet,E,C,No,7.0,6.0,stripes,6.0,end,relevant,6.0
523,predict,stripes,feet,E,F,Yes,4.0,6.0,stripes,5.0,end,relevant,5.0
524,predict,feet,stripes,W,C,Yes,7.0,7.0,stripes,3.0,end,irrelevant,3.0
525,predict,stripes,feet,E,F,Yes,4.0,2.0,stripes,-5.0,end,relevant,5.0
526,predict,feet,stripes,W,F,Yes,2.0,6.0,stripes,0.0,end,irrelevant,0.0
527,predict,feet,stripes,E,C,Yes,5.0,7.0,stripes,3.0,end,irrelevant,3.0
528,predict,stripes,feet,E,C,No,4.0,7.0,stripes,-5.0,end,relevant,5.0
529,predict,feet,stripes,W,F,Yes,1.0,2.0,stripes,4.0,end,irrelevant,4.0
530,predict,feet,stripes,W,C,Yes,7.0,7.0,stripes,-2.0,end,irrelevant,2.0
531,predict,stripes,feet,E,F,Yes,4.0,4.0,stripes,7.0,end,relevant,7.0
532,predict,feet,stripes,W,F,Yes,5.0,7.0,stripes,0.0,end,irrelevant,0.0
533,predict,stripes,feet,W,C,Yes,7.0,5.0,stripes,5.0,end,relevant,5.0
534,predict,stripes,feet,E,F,Yes,6.0,5.0,stripes,-4.0,end,relevant,4.0
535,predict,feet,stripes,E,F,Yes,1.0,6.0,stripes,4.0,end,irrelevant,4.0
536,predict,stripes,feet,W,C,No,1.0,7.0,stripes,7.0,end,relevant,7.0
537,predict,stripes,feet,E,F,Yes,6.0,6.0,stripes,6.0,end,relevant,6.0
538,predict,feet,stripes,W,C,Yes,7.0,5.0,stripes,6.0,end,irrelevant,6.0
539,predict,feet,stripes,E,F,Yes,7.0,6.0,stripes,0.0,end,irrelevant,0.0
540,predict,feet,stripes,W,F,Yes,5.0,6.0,stripes,0.0,end,irrelevant,0.0
541,predict,stripes,feet,E,C,Yes,5.0,5.0,stripes,2.0,end,relevant,2.0
542,predict,feet,stripes,W,C,Yes,7.0,6.0,stripes,-3.0,end,irrelevant,3.0
543,predict,stripes,feet,E,F,Yes,4.0,5.0,stripes,6.0,end,relevant,6.0
544,predict,feet,stripes,W,C,Yes,7.0,6.0,stripes,6.0,end,irrelevant,6.0
545,predict,stripes,feet,W,C,Yes,4.0,3.0,stripes,-7.0,end,relevant,7.0
546,predict,stripes,feet,E,F,Yes,5.0,7.0,stripes,7.0,end,relevant,7.0
547,predict,stripes,feet,W,F,Yes,7.0,2.0,stripes,3.0,end,relevant,3.0
548,predict,stripes,feet,W,C,No,2.0,6.0,stripes,0.0,end,relevant,0.0
549,predict,feet,stripes,W,C,Yes,1.0,3.0,stripes,-5.0,end,irrelevant,5.0
550,predict,stripes,feet,W,C,Yes,2.0,6.0,stripes,5.0,end,relevant,5.0
551,predict,feet,stripes,W,F,Yes,5.0,7.0,stripes,-5.0,end,irrelevant,5.0
552,predict,stripes,feet,E,F,Yes,7.0,5.0,stripes,6.0,end,relevant,6.0
553,predict,feet,stripes,W,C,Yes,7.0,7.0,stripes,-5.0,end,irrelevant,5.0
554,predict,stripes,feet,W,F,No,5.0,5.0,stripes,5.0,end,relevant,5.0
555,predict,feet,stripes,E,C,Yes,7.0,7.0,stripes,-7.0,end,irrelevant,7.0
556,predict,stripes,feet,E,C,Yes,1.0,4.0,stripes,5.0,end,relevant,5.0
557,predict,stripes,feet,W,C,No,7.0,7.0,stripes,0.0,end,relevant,0.0
558,predict,feet,stripes,E,F,Yes,6.0,6.0,stripes,6.0,end,irrelevant,6.0
559,predict,stripes,feet,E,F,No,5.0,4.0,stripes,6.0,end,relevant,6.0
560,predict,feet,stripes,E,F,Yes,6.0,4.0,stripes,0.0,end,irrelevant,0.0
561,predict,feet,stripes,W,C,Yes,1.0,1.0,stripes,-4.0,end,irrelevant,4.0
562,predict,stripes,feet,W,C,No,2.0,7.0,stripes,3.0,end,relevant,3.0
563,predict,feet,stripes,E,C,Yes,6.0,6.0,stripes,0.0,end,irrelevant,0.0
564,predict,feet,stripes,E,C,Yes,4.0,5.0,stripes,-5.0,end,irrelevant,5.0
565,predict,feet,stripes,E,C,Yes,7.0,7.0,stripes,-6.0,end,irrelevant,6.0
566,predict,feet,stripes,E,F,Yes,5.0,5.0,stripes,-4.0,end,irrelevant,4.0
567,predict,stripes,feet,E,F,No,7.0,7.0,stripes,7.0,end,relevant,7.0
568,predict,stripes,feet,W,C,No,7.0,7.0,stripes,7.0,end,relevant,7.0
569,predict,feet,stripes,E,C,Yes,2.0,7.0,stripes,0.0,end,irrelevant,0.0
570,predict,feet,stripes,E,F,Yes,2.0,6.0,stripes,0.0,end,irrelevant,0.0
571,predict,stripes,feet,E,F,Yes,1.0,7.0,stripes,7.0,end,relevant,7.0
572,predict,stripes,feet,E,C,Yes,2.0,6.0,stripes,6.0,end,relevant,6.0
573,predict,stripes,feet,E,C,Yes,1.0,5.0,stripes,5.0,end,relevant,5.0
574,predict,feet,stripes,E,F,Yes,1.0,4.0,stripes,3.0,end,irrelevant,3.0
575,predict,feet,stripes,E,C,Yes,6.0,5.0,stripes,-6.0,end,irrelevant,6.0
576,predict,stripes,feet,W,C,Yes,7.0,7.0,stripes,6.0,end,relevant,6.0
577,predict,stripes,feet,W,F,No,3.0,5.0,stripes,-5.0,end,relevant,5.0
578,predict,stripes,feet,W,C,Yes,3.0,5.0,stripes,0.0,end,relevant,0.0
579,predict,feet,stripes,E,C,Yes,4.0,4.0,stripes,0.0,end,irrelevant,0.0
580,predict,feet,stripes,E,C,No,7.0,7.0,stripes,0.0,end,irrelevant,0.0
581,predict,feet,stripes,W,C,Yes,7.0,7.0,stripes,-2.0,end,irrelevant,2.0
582,predict,feet,stripes,W,F,Yes,5.0,6.0,stripes,0.0,end,irrelevant,0.0
583,predict,stripes,feet,W,C,Yes,2.0,5.0,stripes,6.0,end,relevant,6.0
584,predict,feet,stripes,W,C,Yes,2.0,7.0,stripes,0.0,end,irrelevant,0.0
585,predict,feet,stripes,E,C,Yes,7.0,7.0,stripes,3.0,end,irrelevant,3.0
586,predict,stripes,feet,W,F,No,5.0,6.0,stripes,5.0,end,relevant,5.0
1,accommodate,stripes,feet,W,C,No,4.0,4.0,stripes,0.0,mid,relevant,0.0
2,accommodate,stripes,feet,W,C,No,7.0,1.0,stripes,-7.0,mid,relevant,7.0
3,accommodate,feet,stripes,W,C,Yes,6.0,5.0,stripes,-6.0,mid,irrelevant,6.0
4,accommodate,feet,stripes,W,F,Yes,2.0,4.0,stripes,0.0,mid,irrelevant,0.0
5,accommodate,feet,stripes,E,F,No,7.0,7.0,stripes,0.0,mid,irrelevant,0.0
6,accommodate,feet,stripes,E,F,Yes,7.0,6.0,stripes,0.0,mid,irrelevant,0.0
7,accommodate,feet,stripes,W,C,Yes,5.0,5.0,stripes,4.0,mid,irrelevant,4.0
8,accommodate,feet,stripes,E,C,Yes,7.0,7.0,stripes,-5.0,mid,irrelevant,5.0
9,accommodate,stripes,feet,W,F,Yes,5.0,6.0,stripes,7.0,mid,relevant,7.0
10,accommodate,feet,stripes,W,C,Yes,7.0,7.0,stripes,4.0,mid,irrelevant,4.0
11,accommodate,stripes,feet,W,C,Yes,4.0,5.0,stripes,-6.0,mid,relevant,6.0
12,accommodate,stripes,feet,E,C,No,7.0,5.0,stripes,-7.0,mid,relevant,7.0
13,accommodate,feet,stripes,E,F,Yes,6.0,6.0,stripes,4.0,mid,irrelevant,4.0
14,accommodate,stripes,feet,E,C,Yes,7.0,7.0,stripes,6.0,mid,relevant,6.0
15,accommodate,feet,stripes,W,F,Yes,4.0,5.0,stripes,0.0,mid,irrelevant,0.0
16,accommodate,feet,stripes,E,F,Yes,5.0,5.0,stripes,5.0,mid,irrelevant,5.0
17,accommodate,feet,stripes,E,F,Yes,3.0,2.0,stripes,0.0,mid,irrelevant,0.0
18,accommodate,feet,stripes,E,F,Yes,2.0,5.0,stripes,4.0,mid,irrelevant,4.0
19,accommodate,stripes,feet,W,C,Yes,5.0,5.0,stripes,6.0,mid,relevant,6.0
20,accommodate,feet,stripes,W,C,Yes,4.0,3.0,stripes,0.0,mid,irrelevant,0.0
21,accommodate,feet,stripes,E,C,Yes,5.0,4.0,stripes,3.0,mid,irrelevant,3.0
22,accommodate,feet,stripes,W,F,Yes,7.0,7.0,stripes,-5.0,mid,irrelevant,5.0
23,accommodate,stripes,feet,W,F,Yes,5.0,7.0,stripes,5.0,mid,relevant,5.0
24,accommodate,feet,stripes,W,C,Yes,5.0,6.0,stripes,5.0,mid,irrelevant,5.0
25,accommodate,feet,stripes,E,F,Yes,6.0,6.0,stripes,-6.0,mid,irrelevant,6.0
26,accommodate,stripes,feet,W,F,No,7.0,7.0,stripes,6.0,mid,relevant,6.0
27,accommodate,feet,stripes,E,F,Yes,5.0,4.0,stripes,0.0,mid,irrelevant,0.0
28,accommodate,stripes,feet,E,F,Yes,1.0,6.0,stripes,6.0,mid,relevant,6.0
29,accommodate,stripes,feet,W,F,Yes,5.0,3.0,stripes,4.0,mid,relevant,4.0
30,accommodate,stripes,feet,W,C,Yes,6.0,5.0,stripes,5.0,mid,relevant,5.0
31,accommodate,stripes,feet,E,C,Yes,7.0,7.0,stripes,5.0,mid,relevant,5.0
32,accommodate,stripes,feet,E,F,Yes,4.0,4.0,stripes,4.0,mid,relevant,4.0
33,accommodate,feet,stripes,W,F,Yes,1.0,7.0,stripes,4.0,mid,irrelevant,4.0
34,accommodate,stripes,feet,W,F,Yes,2.0,3.0,stripes,5.0,mid,relevant,5.0
35,accommodate,feet,stripes,W,F,No,5.0,6.0,stripes,0.0,mid,irrelevant,0.0
36,accommodate,stripes,feet,W,F,Yes,3.0,3.0,stripes,7.0,mid,relevant,7.0
37,accommodate,feet,stripes,E,C,Yes,3.0,4.0,stripes,3.0,mid,irrelevant,3.0
38,accommodate,feet,stripes,E,C,Yes,7.0,7.0,stripes,0.0,mid,irrelevant,0.0
39,accommodate,stripes,feet,E,F,Yes,2.0,3.0,stripes,6.0,mid,relevant,6.0
40,accommodate,stripes,feet,W,F,Yes,5.0,3.0,stripes,7.0,mid,relevant,7.0
41,accommodate,stripes,feet,E,C,No,7.0,7.0,stripes,6.0,mid,relevant,6.0
42,accommodate,feet,stripes,W,F,Yes,2.0,7.0,stripes,0.0,mid,irrelevant,0.0
43,accommodate,stripes,feet,W,C,Yes,5.0,4.0,stripes,5.0,mid,relevant,5.0
44,accommodate,feet,stripes,W,F,Yes,5.0,5.0,stripes,5.0,mid,irrelevant,5.0
45,accommodate,stripes,feet,W,F,Yes,2.0,5.0,stripes,4.0,mid,relevant,4.0
46,accommodate,feet,stripes,W,C,Yes,6.0,7.0,stripes,3.0,mid,irrelevant,3.0
47,accommodate,stripes,feet,E,F,Yes,6.0,5.0,stripes,5.0,mid,relevant,5.0
48,accommodate,feet,stripes,E,C,Yes,7.0,5.0,stripes,5.0,mid,irrelevant,5.0
49,accommodate,feet,stripes,W,C,Yes,7.0,7.0,stripes,4.0,mid,irrelevant,4.0
50,accommodate,stripes,feet,W,F,No,6.0,7.0,stripes,6.0,mid,relevant,6.0
51,accommodate,stripes,feet,W,F,No,1.0,1.0,stripes,0.0,mid,relevant,0.0
52,accommodate,feet,stripes,W,F,Yes,6.0,7.0,stripes,6.0,mid,irrelevant,6.0
53,accommodate,stripes,feet,W,C,No,2.0,7.0,stripes,7.0,mid,relevant,7.0
54,accommodate,stripes,feet,E,C,Yes,7.0,7.0,stripes,5.0,mid,relevant,5.0
55,accommodate,feet,stripes,E,F,Yes,6.0,6.0,stripes,5.0,mid,irrelevant,5.0
56,accommodate,stripes,feet,W,C,No,1.0,1.0,stripes,7.0,mid,relevant,7.0
57,accommodate,feet,stripes,W,F,Yes,3.0,6.0,stripes,7.0,mid,irrelevant,7.0
58,accommodate,stripes,feet,E,C,Yes,2.0,7.0,stripes,0.0,mid,relevant,0.0
59,accommodate,feet,stripes,E,F,Yes,7.0,7.0,stripes,0.0,mid,irrelevant,0.0
60,accommodate,stripes,feet,W,C,Yes,7.0,7.0,stripes,6.0,mid,relevant,6.0
61,accommodate,stripes,feet,E,F,No,7.0,6.0,stripes,5.0,mid,relevant,5.0
62,accommodate,stripes,feet,E,C,Yes,6.0,7.0,stripes,6.0,mid,relevant,6.0
63,accommodate,feet,stripes,W,F,Yes,4.0,7.0,stripes,3.0,mid,irrelevant,3.0
64,accommodate,stripes,feet,W,C,Yes,3.0,7.0,stripes,5.0,mid,relevant,5.0
65,accommodate,stripes,feet,E,C,Yes,4.0,6.0,stripes,6.0,mid,relevant,6.0
66,accommodate,feet,stripes,E,F,Yes,5.0,7.0,stripes,-3.0,mid,irrelevant,3.0
67,accommodate,feet,stripes,E,C,Yes,6.0,5.0,stripes,6.0,mid,irrelevant,6.0
68,accommodate,feet,stripes,E,F,Yes,2.0,6.0,stripes,0.0,mid,irrelevant,0.0
69,accommodate,feet,stripes,E,F,Yes,5.0,4.0,stripes,6.0,mid,irrelevant,6.0
70,accommodate,feet,stripes,W,C,Yes,7.0,7.0,stripes,-3.0,mid,irrelevant,3.0
71,accommodate,feet,stripes,W,C,Yes,6.0,6.0,stripes,0.0,mid,irrelevant,0.0
72,accommodate,feet,stripes,W,F,Yes,7.0,7.0,stripes,0.0,mid,irrelevant,0.0
73,accommodate,feet,stripes,W,C,Yes,2.0,3.0,stripes,4.0,mid,irrelevant,4.0
74,accommodate,feet,stripes,W,C,Yes,6.0,5.0,stripes,5.0,mid,irrelevant,5.0
75,accommodate,stripes,feet,W,C,Yes,7.0,7.0,stripes,0.0,mid,relevant,0.0
76,accommodate,stripes,feet,W,F,No,1.0,5.0,stripes,0.0,mid,relevant,0.0
77,accommodate,feet,stripes,E,C,Yes,7.0,7.0,stripes,-7.0,mid,irrelevant,7.0
78,accommodate,feet,stripes,W,C,Yes,7.0,4.0,stripes,0.0,mid,irrelevant,0.0
79,accommodate,stripes,feet,E,F,Yes,5.0,5.0,stripes,0.0,mid,relevant,0.0
80,accommodate,feet,stripes,W,C,Yes,6.0,6.0,stripes,0.0,mid,irrelevant,0.0
81,accommodate,feet,stripes,W,F,Yes,7.0,5.0,stripes,-5.0,mid,irrelevant,5.0
82,accommodate,feet,stripes,E,F,Yes,7.0,7.0,stripes,4.0,mid,irrelevant,4.0
83,accommodate,stripes,feet,E,F,Yes,6.0,7.0,stripes,5.0,mid,relevant,5.0
84,accommodate,feet,stripes,E,F,Yes,7.0,7.0,stripes,-3.0,mid,irrelevant,3.0
85,accommodate,stripes,feet,E,C,Yes,7.0,4.0,stripes,7.0,mid,relevant,7.0
86,accommodate,feet,stripes,W,F,Yes,7.0,7.0,stripes,0.0,mid,irrelevant,0.0
87,accommodate,feet,stripes,W,C,Yes,4.0,5.0,stripes,0.0,mid,irrelevant,0.0
88,accommodate,feet,stripes,E,F,Yes,3.0,5.0,stripes,0.0,mid,irrelevant,0.0
89,accommodate,stripes,feet,W,F,Yes,6.0,5.0,stripes,0.0,mid,relevant,0.0
90,accommodate,feet,stripes,E,F,Yes,4.0,4.0,stripes,-5.0,mid,irrelevant,5.0
91,accommodate,feet,stripes,W,C,Yes,4.0,6.0,stripes,3.0,mid,irrelevant,3.0
92,accommodate,feet,stripes,W,C,Yes,7.0,3.0,stripes,-5.0,mid,irrelevant,5.0
93,accommodate,feet,stripes,E,F,Yes,6.0,5.0,stripes,5.0,mid,irrelevant,5.0
94,accommodate,stripes,feet,W,C,Yes,6.0,6.0,stripes,6.0,mid,relevant,6.0
95,accommodate,feet,stripes,W,F,Yes,6.0,5.0,stripes,-3.0,mid,irrelevant,3.0
96,accommodate,feet,stripes,W,C,Yes,3.0,5.0,stripes,0.0,mid,irrelevant,0.0
97,accommodate,stripes,feet,E,C,No,6.0,7.0,stripes,4.0,mid,relevant,4.0
98,accommodate,stripes,feet,E,F,Yes,6.0,5.0,stripes,6.0,mid,relevant,6.0
99,accommodate,stripes,feet,W,C,Yes,3.0,4.0,stripes,5.0,mid,relevant,5.0
100,accommodate,stripes,feet,E,C,No,5.0,5.0,stripes,6.0,mid,relevant,6.0
101,accommodate,stripes,feet,E,F,Yes,1.0,7.0,stripes,5.0,mid,relevant,5.0
102,accommodate,stripes,feet,W,F,Yes,5.0,5.0,stripes,7.0,mid,relevant,7.0
103,accommodate,stripes,feet,W,C,No,4.0,3.0,stripes,0.0,mid,relevant,0.0
104,accommodate,stripes,feet,W,F,No,2.0,6.0,stripes,5.0,mid,relevant,5.0
105,accommodate,feet,stripes,E,C,Yes,4.0,6.0,stripes,0.0,mid,irrelevant,0.0
106,accommodate,feet,stripes,E,C,No,5.0,6.0,stripes,5.0,mid,irrelevant,5.0
107,accommodate,stripes,feet,W,C,Yes,2.0,7.0,stripes,7.0,mid,relevant,7.0
108,accommodate,stripes,feet,W,F,Yes,7.0,7.0,stripes,6.0,mid,relevant,6.0
109,accommodate,feet,stripes,W,C,Yes,7.0,5.0,stripes,3.0,mid,irrelevant,3.0
110,accommodate,feet,stripes,E,C,Yes,5.0,4.0,stripes,0.0,mid,irrelevant,0.0
111,accommodate,stripes,feet,E,F,Yes,7.0,7.0,stripes,0.0,mid,relevant,0.0
112,accommodate,stripes,feet,W,F,Yes,3.0,7.0,stripes,6.0,mid,relevant,6.0
113,accommodate,stripes,feet,E,C,Yes,7.0,6.0,stripes,3.0,mid,relevant,3.0
114,accommodate,stripes,feet,W,F,Yes,5.0,7.0,stripes,0.0,mid,relevant,0.0
115,accommodate,feet,stripes,E,C,Yes,7.0,5.0,stripes,4.0,mid,irrelevant,4.0
116,accommodate,stripes,feet,E,F,No,1.0,1.0,stripes,0.0,mid,relevant,0.0
117,accommodate,feet,stripes,W,C,Yes,3.0,5.0,stripes,3.0,mid,irrelevant,3.0
118,accommodate,stripes,feet,W,C,Yes,7.0,7.0,stripes,7.0,mid,relevant,7.0
119,accommodate,feet,stripes,W,C,Yes,4.0,4.0,stripes,0.0,mid,irrelevant,0.0
120,accommodate,feet,stripes,E,F,Yes,7.0,5.0,stripes,0.0,mid,irrelevant,0.0
121,accommodate,stripes,feet,E,F,Yes,4.0,6.0,stripes,7.0,mid,relevant,7.0
122,accommodate,stripes,feet,W,C,No,7.0,7.0,stripes,-6.0,mid,relevant,6.0
123,accommodate,stripes,feet,E,F,No,3.0,7.0,stripes,7.0,mid,relevant,7.0
124,accommodate,stripes,feet,W,F,Yes,1.0,5.0,stripes,6.0,mid,relevant,6.0
125,accommodate,feet,stripes,E,C,Yes,7.0,6.0,stripes,5.0,mid,irrelevant,5.0
126,accommodate,feet,stripes,E,F,Yes,6.0,5.0,stripes,6.0,mid,irrelevant,6.0
127,accommodate,stripes,feet,E,F,No,4.0,4.0,stripes,0.0,mid,relevant,0.0
128,accommodate,stripes,feet,E,F,No,1.0,6.0,stripes,3.0,mid,relevant,3.0
129,accommodate,stripes,feet,W,C,Yes,6.0,6.0,stripes,4.0,mid,relevant,4.0
130,accommodate,stripes,feet,W,F,Yes,6.0,6.0,stripes,7.0,mid,relevant,7.0
131,accommodate,feet,stripes,W,F,Yes,7.0,5.0,stripes,6.0,mid,irrelevant,6.0
132,accommodate,feet,stripes,E,C,Yes,7.0,7.0,stripes,-6.0,mid,irrelevant,6.0
133,accommodate,feet,stripes,W,C,Yes,5.0,6.0,stripes,0.0,mid,irrelevant,0.0
134,accommodate,feet,stripes,E,C,Yes,6.0,6.0,stripes,2.0,mid,irrelevant,2.0
135,accommodate,feet,stripes,W,C,Yes,6.0,3.0,stripes,7.0,mid,irrelevant,7.0
136,accommodate,feet,stripes,E,F,Yes,6.0,3.0,stripes,-5.0,mid,irrelevant,5.0
137,accommodate,stripes,feet,E,C,Yes,7.0,5.0,stripes,-5.0,mid,relevant,5.0
138,accommodate,feet,stripes,W,C,Yes,5.0,5.0,stripes,-6.0,mid,irrelevant,6.0
139,accommodate,feet,stripes,E,F,Yes,7.0,7.0,stripes,3.0,mid,irrelevant,3.0
140,accommodate,stripes,feet,E,F,Yes,5.0,5.0,stripes,3.0,mid,relevant,3.0
141,accommodate,stripes,feet,W,C,No,7.0,4.0,stripes,7.0,mid,relevant,7.0
142,accommodate,feet,stripes,W,F,Yes,5.0,6.0,stripes,5.0,mid,irrelevant,5.0
143,accommodate,feet,stripes,E,C,No,5.0,5.0,stripes,0.0,mid,irrelevant,0.0
144,accommodate,feet,stripes,W,F,Yes,7.0,7.0,stripes,0.0,mid,irrelevant,0.0
145,accommodate,stripes,feet,W,C,Yes,1.0,1.0,stripes,-7.0,mid,relevant,7.0
146,accommodate,stripes,feet,E,C,Yes,5.0,5.0,stripes,6.0,mid,relevant,6.0
147,accommodate,stripes,feet,E,F,Yes,7.0,7.0,stripes,5.0,mid,relevant,5.0
148,accommodate,stripes,feet,E,F,Yes,7.0,6.0,stripes,6.0,mid,relevant,6.0
149,accommodate,feet,stripes,E,F,Yes,6.0,7.0,stripes,0.0,mid,irrelevant,0.0
150,accommodate,feet,stripes,E,C,Yes,7.0,6.0,stripes,6.0,mid,irrelevant,6.0
151,accommodate,feet,stripes,W,C,Yes,7.0,6.0,stripes,0.0,mid,irrelevant,0.0
152,accommodate,feet,stripes,E,C,Yes,7.0,7.0,stripes,0.0,mid,irrelevant,0.0
153,accommodate,feet,stripes,E,C,Yes,1.0,1.0,stripes,4.0,mid,irrelevant,4.0
154,accommodate,feet,stripes,E,C,Yes,7.0,7.0,stripes,0.0,mid,irrelevant,0.0
155,accommodate,stripes,feet,E,F,Yes,6.0,5.0,stripes,6.0,mid,relevant,6.0
156,accommodate,feet,stripes,E,C,No,3.0,5.0,stripes,7.0,mid,irrelevant,7.0
157,accommodate,stripes,feet,W,C,Yes,6.0,6.0,stripes,-6.0,mid,relevant,6.0
158,accommodate,feet,stripes,W,F,Yes,1.0,6.0,stripes,0.0,mid,irrelevant,0.0
159,accommodate,feet,stripes,W,C,Yes,5.0,6.0,stripes,0.0,mid,irrelevant,0.0
160,accommodate,feet,stripes,E,C,Yes,6.0,7.0,stripes,0.0,mid,irrelevant,0.0
161,accommodate,stripes,feet,W,C,Yes,5.0,6.0,stripes,6.0,mid,relevant,6.0
162,accommodate,stripes,feet,W,F,Yes,6.0,6.0,stripes,6.0,mid,relevant,6.0
163,accommodate,feet,stripes,E,C,Yes,6.0,6.0,stripes,0.0,mid,irrelevant,0.0
164,accommodate,stripes,feet,E,C,No,6.0,6.0,stripes,7.0,mid,relevant,7.0
165,accommodate,feet,stripes,W,F,Yes,7.0,5.0,stripes,6.0,mid,irrelevant,6.0
166,accommodate,stripes,feet,W,F,Yes,3.0,6.0,stripes,-2.0,mid,relevant,2.0
167,accommodate,stripes,feet,W,C,Yes,2.0,6.0,stripes,6.0,mid,relevant,6.0
168,accommodate,feet,stripes,E,C,Yes,6.0,7.0,stripes,3.0,mid,irrelevant,3.0
169,accommodate,feet,stripes,W,F,Yes,5.0,6.0,stripes,7.0,mid,irrelevant,7.0
170,accommodate,stripes,feet,W,C,Yes,7.0,7.0,stripes,-3.0,mid,relevant,3.0
171,accommodate,feet,stripes,W,F,Yes,5.0,6.0,stripes,5.0,mid,irrelevant,5.0
172,accommodate,feet,stripes,E,C,Yes,6.0,5.0,stripes,0.0,mid,irrelevant,0.0
173,accommodate,feet,stripes,W,C,Yes,7.0,7.0,stripes,0.0,mid,irrelevant,0.0
174,accommodate,feet,stripes,E,C,Yes,7.0,6.0,stripes,0.0,mid,irrelevant,0.0
175,accommodate,stripes,feet,E,C,Yes,3.0,4.0,stripes,6.0,mid,relevant,6.0
176,accommodate,stripes,feet,W,C,No,6.0,2.0,stripes,0.0,mid,relevant,0.0
177,accommodate,stripes,feet,W,C,Yes,5.0,4.0,stripes,7.0,mid,relevant,7.0
178,accommodate,stripes,feet,E,F,Yes,4.0,5.0,stripes,6.0,mid,relevant,6.0
179,accommodate,stripes,feet,W,C,Yes,7.0,7.0,stripes,0.0,mid,relevant,0.0
180,accommodate,stripes,feet,E,C,Yes,5.0,5.0,stripes,-4.0,mid,relevant,4.0
181,accommodate,stripes,feet,W,F,Yes,7.0,7.0,stripes,-7.0,mid,relevant,7.0
182,accommodate,feet,stripes,E,F,Yes,5.0,4.0,stripes,4.0,mid,irrelevant,4.0
183,accommodate,stripes,feet,E,F,Yes,5.0,5.0,stripes,6.0,mid,relevant,6.0
184,accommodate,stripes,feet,E,F,Yes,3.0,6.0,stripes,0.0,mid,relevant,0.0
185,accommodate,stripes,feet,E,C,Yes,6.0,6.0,stripes,5.0,mid,relevant,5.0
186,accommodate,stripes,feet,W,C,Yes,6.0,3.0,stripes,5.0,mid,relevant,5.0
187,accommodate,stripes,feet,W,C,Yes,7.0,5.0,stripes,5.0,mid,relevant,5.0
188,accommodate,feet,stripes,W,C,No,6.0,7.0,stripes,0.0,mid,irrelevant,0.0
189,accommodate,stripes,feet,E,F,Yes,3.0,2.0,stripes,0.0,mid,relevant,0.0
190,accommodate,feet,stripes,E,F,Yes,6.0,7.0,stripes,6.0,mid,irrelevant,6.0
191,accommodate,feet,stripes,W,C,Yes,6.0,7.0,stripes,0.0,mid,irrelevant,0.0
192,accommodate,feet,stripes,E,F,Yes,1.0,6.0,stripes,5.0,mid,irrelevant,5.0
193,accommodate,stripes,feet,W,F,No,7.0,7.0,stripes,0.0,mid,relevant,0.0
194,accommodate,feet,stripes,W,C,Yes,7.0,5.0,stripes,-4.0,mid,irrelevant,4.0
195,accommodate,stripes,feet,W,C,No,2.0,7.0,stripes,6.0,mid,relevant,6.0
196,accommodate,feet,stripes,E,F,No,7.0,5.0,stripes,0.0,mid,irrelevant,0.0
197,accommodate,stripes,feet,E,F,Yes,7.0,7.0,stripes,5.0,mid,relevant,5.0
198,accommodate,stripes,feet,W,F,Yes,7.0,7.0,stripes,7.0,mid,relevant,7.0
199,accommodate,feet,stripes,E,F,Yes,7.0,7.0,stripes,5.0,mid,irrelevant,5.0
200,accommodate,stripes,feet,E,F,No,6.0,5.0,stripes,6.0,mid,relevant,6.0
201,accommodate,stripes,feet,W,C,Yes,6.0,6.0,stripes,-6.0,mid,relevant,6.0
202,accommodate,stripes,feet,W,F,Yes,6.0,7.0,stripes,6.0,mid,relevant,6.0
203,accommodate,stripes,feet,E,C,No,1.0,7.0,stripes,0.0,mid,relevant,0.0
204,accommodate,feet,stripes,E,F,Yes,5.0,6.0,stripes,0.0,mid,irrelevant,0.0
205,accommodate,feet,stripes,W,F,Yes,4.0,5.0,stripes,-4.0,mid,irrelevant,4.0
206,accommodate,stripes,feet,E,C,No,1.0,5.0,stripes,5.0,mid,relevant,5.0
207,accommodate,feet,stripes,W,F,Yes,6.0,4.0,stripes,-5.0,mid,irrelevant,5.0
208,accommodate,stripes,feet,E,F,Yes,7.0,7.0,stripes,6.0,mid,relevant,6.0
209,accommodate,feet,stripes,E,C,No,5.0,6.0,stripes,4.0,mid,irrelevant,4.0
210,accommodate,feet,stripes,E,F,Yes,5.0,5.0,stripes,0.0,mid,irrelevant,0.0
211,accommodate,stripes,feet,W,C,Yes,7.0,7.0,stripes,-6.0,mid,relevant,6.0
212,accommodate,stripes,feet,W,F,Yes,5.0,5.0,stripes,6.0,mid,relevant,6.0
213,accommodate,feet,stripes,E,F,Yes,7.0,6.0,stripes,3.0,mid,irrelevant,3.0
214,accommodate,stripes,feet,E,C,Yes,6.0,2.0,stripes,7.0,mid,relevant,7.0
215,accommodate,feet,stripes,W,C,Yes,3.0,6.0,stripes,-2.0,mid,irrelevant,2.0
216,accommodate,stripes,feet,W,C,No,7.0,7.0,stripes,0.0,mid,relevant,0.0
217,accommodate,feet,stripes,E,C,Yes,5.0,3.0,stripes,0.0,mid,irrelevant,0.0
218,accommodate,feet,stripes,E,C,Yes,3.0,7.0,stripes,-2.0,mid,irrelevant,2.0
219,accommodate,feet,stripes,E,C,Yes,7.0,6.0,stripes,3.0,mid,irrelevant,3.0
220,accommodate,feet,stripes,W,F,Yes,5.0,4.0,stripes,-6.0,mid,irrelevant,6.0
221,accommodate,stripes,feet,E,C,No,3.0,5.0,stripes,6.0,mid,relevant,6.0
222,accommodate,feet,stripes,W,F,Yes,7.0,7.0,stripes,-3.0,mid,irrelevant,3.0
223,accommodate,stripes,feet,E,C,Yes,6.0,7.0,stripes,5.0,mid,relevant,5.0
224,accommodate,stripes,feet,W,C,Yes,4.0,6.0,stripes,-6.0,mid,relevant,6.0
225,accommodate,feet,stripes,W,C,Yes,5.0,6.0,stripes,0.0,mid,irrelevant,0.0
226,accommodate,stripes,feet,E,F,Yes,5.0,7.0,stripes,-6.0,mid,relevant,6.0
227,accommodate,stripes,feet,E,F,Yes,6.0,5.0,stripes,0.0,mid,relevant,0.0
228,accommodate,stripes,feet,W,C,Yes,5.0,6.0,stripes,6.0,mid,relevant,6.0
229,accommodate,stripes,feet,E,C,No,5.0,5.0,stripes,0.0,mid,relevant,0.0
230,accommodate,feet,stripes,E,C,Yes,6.0,3.0,stripes,0.0,mid,irrelevant,0.0
231,accommodate,feet,stripes,W,C,Yes,6.0,5.0,stripes,0.0,mid,irrelevant,0.0
232,accommodate,feet,stripes,W,F,Yes,6.0,6.0,stripes,3.0,mid,irrelevant,3.0
233,accommodate,stripes,feet,E,C,No,6.0,4.0,stripes,5.0,mid,relevant,5.0
234,accommodate,feet,stripes,W,F,Yes,4.0,7.0,stripes,7.0,mid,irrelevant,7.0
235,accommodate,feet,stripes,E,F,Yes,5.0,5.0,stripes,-4.0,mid,irrelevant,4.0
236,accommodate,stripes,feet,E,C,Yes,5.0,5.0,stripes,0.0,mid,relevant,0.0
237,accommodate,feet,stripes,E,C,Yes,7.0,2.0,stripes,5.0,mid,irrelevant,5.0
238,accommodate,stripes,feet,W,F,No,7.0,7.0,stripes,7.0,mid,relevant,7.0
239,accommodate,feet,stripes,E,C,Yes,5.0,4.0,stripes,0.0,mid,irrelevant,0.0
240,accommodate,stripes,feet,E,C,No,6.0,4.0,stripes,-5.0,mid,relevant,5.0
241,accommodate,stripes,feet,E,C,Yes,3.0,5.0,stripes,6.0,mid,relevant,6.0
242,accommodate,feet,stripes,W,C,Yes,6.0,7.0,stripes,0.0,mid,irrelevant,0.0
243,accommodate,feet,stripes,W,C,Yes,6.0,6.0,stripes,4.0,mid,irrelevant,4.0
244,accommodate,feet,stripes,W,F,Yes,1.0,7.0,stripes,5.0,mid,irrelevant,5.0
245,accommodate,feet,stripes,E,F,No,6.0,4.0,stripes,0.0,mid,irrelevant,0.0
246,accommodate,feet,stripes,E,C,Yes,6.0,6.0,stripes,6.0,mid,irrelevant,6.0
247,accommodate,stripes,feet,E,F,No,3.0,1.0,stripes,0.0,mid,relevant,0.0
248,accommodate,stripes,feet,W,F,Yes,1.0,1.0,stripes,6.0,mid,relevant,6.0
249,accommodate,feet,stripes,E,C,Yes,1.0,5.0,stripes,0.0,mid,irrelevant,0.0
250,accommodate,stripes,feet,E,F,Yes,7.0,5.0,stripes,4.0,mid,relevant,4.0
251,accommodate,stripes,feet,E,C,Yes,1.0,5.0,stripes,7.0,mid,relevant,7.0
252,accommodate,stripes,feet,W,C,Yes,5.0,6.0,stripes,3.0,mid,relevant,3.0
253,accommodate,feet,stripes,W,C,Yes,7.0,7.0,stripes,0.0,mid,irrelevant,0.0
254,accommodate,feet,stripes,W,C,Yes,4.0,5.0,stripes,3.0,mid,irrelevant,3.0
255,accommodate,stripes,feet,E,C,Yes,5.0,6.0,stripes,0.0,mid,relevant,0.0
256,accommodate,stripes,feet,E,F,Yes,5.0,5.0,stripes,-5.0,mid,relevant,5.0
257,accommodate,feet,stripes,E,F,Yes,6.0,7.0,stripes,0.0,mid,irrelevant,0.0
258,accommodate,feet,stripes,W,F,Yes,6.0,3.0,stripes,0.0,mid,irrelevant,0.0
259,accommodate,feet,stripes,E,C,Yes,6.0,7.0,stripes,0.0,mid,irrelevant,0.0
260,accommodate,stripes,feet,W,C,Yes,6.0,6.0,stripes,6.0,mid,relevant,6.0
261,accommodate,stripes,feet,W,F,No,7.0,6.0,stripes,7.0,mid,relevant,7.0
262,accommodate,feet,stripes,E,F,Yes,5.0,5.0,stripes,5.0,mid,irrelevant,5.0
263,accommodate,feet,stripes,W,F,Yes,7.0,6.0,stripes,-4.0,mid,irrelevant,4.0
264,accommodate,feet,stripes,E,F,No,5.0,5.0,stripes,-5.0,mid,irrelevant,5.0
265,accommodate,stripes,feet,W,F,Yes,7.0,7.0,stripes,5.0,mid,relevant,5.0
266,accommodate,feet,stripes,W,F,Yes,6.0,7.0,stripes,0.0,mid,irrelevant,0.0
267,accommodate,stripes,feet,E,C,Yes,5.0,7.0,stripes,6.0,mid,relevant,6.0
268,accommodate,stripes,feet,W,F,Yes,7.0,5.0,stripes,5.0,mid,relevant,5.0
269,accommodate,stripes,feet,E,F,Yes,1.0,4.0,stripes,7.0,mid,relevant,7.0
270,accommodate,feet,stripes,W,F,Yes,5.0,6.0,stripes,0.0,mid,irrelevant,0.0
271,accommodate,stripes,feet,E,C,Yes,6.0,6.0,stripes,0.0,mid,relevant,0.0
272,accommodate,stripes,feet,W,F,Yes,5.0,5.0,stripes,-3.0,mid,relevant,3.0
273,accommodate,feet,stripes,E,F,Yes,5.0,4.0,stripes,5.0,mid,irrelevant,5.0
274,accommodate,feet,stripes,E,F,No,5.0,1.0,stripes,0.0,mid,irrelevant,0.0
275,accommodate,feet,stripes,W,F,No,6.0,6.0,stripes,0.0,mid,irrelevant,0.0
276,accommodate,stripes,feet,E,F,Yes,7.0,7.0,stripes,6.0,mid,relevant,6.0
277,accommodate,feet,stripes,E,C,Yes,7.0,7.0,stripes,4.0,mid,irrelevant,4.0
278,accommodate,stripes,feet,E,F,Yes,6.0,5.0,stripes,0.0,mid,relevant,0.0
279,accommodate,feet,stripes,W,C,No,5.0,2.0,stripes,0.0,mid,irrelevant,0.0
280,accommodate,feet,stripes,W,F,Yes,1.0,4.0,stripes,-5.0,mid,irrelevant,5.0
281,accommodate,stripes,feet,W,C,No,1.0,6.0,stripes,0.0,mid,relevant,0.0
282,accommodate,feet,stripes,W,C,Yes,6.0,5.0,stripes,0.0,mid,irrelevant,0.0
283,accommodate,stripes,feet,W,C,No,7.0,7.0,stripes,0.0,mid,relevant,0.0
284,accommodate,stripes,feet,W,C,Yes,6.0,6.0,stripes,6.0,mid,relevant,6.0
285,accommodate,stripes,feet,W,C,Yes,6.0,6.0,stripes,4.0,mid,relevant,4.0
286,accommodate,stripes,feet,E,F,No,7.0,7.0,stripes,6.0,mid,relevant,6.0
287,accommodate,stripes,feet,E,F,Yes,7.0,5.0,stripes,0.0,mid,relevant,0.0
288,accommodate,stripes,feet,W,C,Yes,5.0,4.0,stripes,3.0,mid,relevant,3.0
289,accommodate,stripes,feet,E,F,Yes,6.0,5.0,stripes,0.0,mid,relevant,0.0
290,accommodate,stripes,feet,E,F,Yes,6.0,7.0,stripes,-6.0,mid,relevant,6.0
291,accommodate,feet,stripes,W,F,Yes,5.0,3.0,stripes,6.0,mid,irrelevant,6.0
292,accommodate,stripes,feet,E,F,Yes,7.0,7.0,stripes,7.0,mid,relevant,7.0
293,accommodate,stripes,feet,W,F,Yes,7.0,5.0,stripes,0.0,mid,relevant,0.0
294,predict,stripes,feet,W,F,No,5.0,5.0,stripes,0.0,mid,relevant,0.0
295,predict,stripes,feet,W,F,No,4.0,5.0,stripes,0.0,mid,relevant,0.0
296,predict,feet,stripes,E,F,Yes,1.0,6.0,stripes,5.0,mid,irrelevant,5.0
297,predict,stripes,feet,W,F,Yes,7.0,7.0,stripes,3.0,mid,relevant,3.0
298,predict,feet,stripes,E,C,Yes,2.0,2.0,stripes,5.0,mid,irrelevant,5.0
299,predict,stripes,feet,W,C,Yes,4.0,5.0,stripes,-5.0,mid,relevant,5.0
300,predict,stripes,feet,W,C,Yes,2.0,6.0,stripes,0.0,mid,relevant,0.0
301,predict,stripes,feet,W,F,Yes,6.0,5.0,stripes,5.0,mid,relevant,5.0
302,predict,stripes,feet,E,F,Yes,4.0,5.0,stripes,5.0,mid,relevant,5.0
303,predict,stripes,feet,W,C,No,1.0,7.0,stripes,6.0,mid,relevant,6.0
304,predict,stripes,feet,E,C,Yes,5.0,3.0,stripes,-3.0,mid,relevant,3.0
305,predict,feet,stripes,W,C,Yes,7.0,5.0,stripes,-3.0,mid,irrelevant,3.0
306,predict,stripes,feet,W,C,No,2.0,6.0,stripes,0.0,mid,relevant,0.0
307,predict,feet,stripes,W,C,Yes,7.0,7.0,stripes,0.0,mid,irrelevant,0.0
308,predict,stripes,feet,E,F,Yes,6.0,6.0,stripes,-5.0,mid,relevant,5.0
309,predict,feet,stripes,E,C,Yes,4.0,7.0,stripes,3.0,mid,irrelevant,3.0
310,predict,feet,stripes,W,C,Yes,4.0,5.0,stripes,0.0,mid,irrelevant,0.0
311,predict,feet,stripes,E,C,Yes,5.0,5.0,stripes,6.0,mid,irrelevant,6.0
312,predict,feet,stripes,W,F,Yes,1.0,7.0,stripes,-5.0,mid,irrelevant,5.0
313,predict,stripes,feet,E,C,No,5.0,5.0,stripes,7.0,mid,relevant,7.0
314,predict,feet,stripes,E,F,Yes,2.0,7.0,stripes,3.0,mid,irrelevant,3.0
315,predict,feet,stripes,W,F,Yes,1.0,6.0,stripes,5.0,mid,irrelevant,5.0
316,predict,feet,stripes,W,F,No,3.0,6.0,stripes,4.0,mid,irrelevant,4.0
317,predict,feet,stripes,W,C,Yes,6.0,5.0,stripes,-3.0,mid,irrelevant,3.0
318,predict,stripes,feet,W,F,Yes,3.0,7.0,stripes,7.0,mid,relevant,7.0
319,predict,stripes,feet,W,F,Yes,4.0,6.0,stripes,5.0,mid,relevant,5.0
320,predict,stripes,feet,E,F,Yes,6.0,4.0,stripes,6.0,mid,relevant,6.0
321,predict,feet,stripes,W,C,Yes,4.0,4.0,stripes,0.0,mid,irrelevant,0.0
322,predict,stripes,feet,E,C,No,3.0,4.0,stripes,5.0,mid,relevant,5.0
323,predict,stripes,feet,E,F,No,7.0,5.0,stripes,-7.0,mid,relevant,7.0
324,predict,stripes,feet,E,C,No,6.0,7.0,stripes,5.0,mid,relevant,5.0
325,predict,feet,stripes,E,F,Yes,6.0,7.0,stripes,4.0,mid,irrelevant,4.0
326,predict,feet,stripes,E,F,Yes,5.0,7.0,stripes,5.0,mid,irrelevant,5.0
327,predict,feet,stripes,E,C,Yes,7.0,5.0,stripes,5.0,mid,irrelevant,5.0
328,predict,feet,stripes,E,F,Yes,1.0,5.0,stripes,0.0,mid,irrelevant,0.0
329,predict,stripes,feet,E,F,Yes,4.0,4.0,stripes,-5.0,mid,relevant,5.0
330,predict,feet,stripes,W,F,Yes,2.0,7.0,stripes,3.0,mid,irrelevant,3.0
331,predict,stripes,feet,W,C,No,7.0,7.0,stripes,-5.0,mid,relevant,5.0
332,predict,stripes,feet,W,F,Yes,2.0,3.0,stripes,5.0,mid,relevant,5.0
333,predict,feet,stripes,E,F,No,6.0,6.0,stripes,0.0,mid,irrelevant,0.0
334,predict,stripes,feet,E,F,Yes,6.0,5.0,stripes,7.0,mid,relevant,7.0
335,predict,stripes,feet,W,C,Yes,4.0,5.0,stripes,6.0,mid,relevant,6.0
336,predict,stripes,feet,E,F,Yes,4.0,4.0,stripes,6.0,mid,relevant,6.0
337,predict,feet,stripes,W,C,Yes,6.0,4.0,stripes,0.0,mid,irrelevant,0.0
338,predict,stripes,feet,E,C,Yes,7.0,5.0,stripes,6.0,mid,relevant,6.0
339,predict,stripes,feet,W,F,Yes,5.0,3.0,stripes,6.0,mid,relevant,6.0
340,predict,stripes,feet,W,C,No,1.0,7.0,stripes,-4.0,mid,relevant,4.0
341,predict,feet,stripes,E,F,Yes,7.0,6.0,stripes,5.0,mid,irrelevant,5.0
342,predict,stripes,feet,W,C,No,3.0,7.0,stripes,4.0,mid,relevant,4.0
343,predict,feet,stripes,E,C,Yes,5.0,7.0,stripes,0.0,mid,irrelevant,0.0
344,predict,feet,stripes,E,C,Yes,7.0,7.0,stripes,0.0,mid,irrelevant,0.0
345,predict,stripes,feet,W,F,Yes,6.0,4.0,stripes,5.0,mid,relevant,5.0
346,predict,stripes,feet,E,F,Yes,4.0,7.0,stripes,-5.0,mid,relevant,5.0
347,predict,stripes,feet,E,C,Yes,5.0,6.0,stripes,4.0,mid,relevant,4.0
348,predict,feet,stripes,W,F,Yes,7.0,7.0,stripes,3.0,mid,irrelevant,3.0
349,predict,stripes,feet,E,F,Yes,4.0,4.0,stripes,-4.0,mid,relevant,4.0
350,predict,stripes,feet,W,C,No,5.0,7.0,stripes,5.0,mid,relevant,5.0
351,predict,stripes,feet,E,C,Yes,5.0,4.0,stripes,-6.0,mid,relevant,6.0
352,predict,feet,stripes,E,C,Yes,5.0,5.0,stripes,-7.0,mid,irrelevant,7.0
353,predict,feet,stripes,W,C,Yes,2.0,6.0,stripes,0.0,mid,irrelevant,0.0
354,predict,feet,stripes,W,C,Yes,7.0,7.0,stripes,0.0,mid,irrelevant,0.0
355,predict,feet,stripes,E,F,Yes,4.0,7.0,stripes,5.0,mid,irrelevant,5.0
356,predict,feet,stripes,E,C,Yes,1.0,4.0,stripes,0.0,mid,irrelevant,0.0
357,predict,feet,stripes,W,F,Yes,7.0,7.0,stripes,4.0,mid,irrelevant,4.0
358,predict,stripes,feet,W,F,Yes,7.0,7.0,stripes,0.0,mid,relevant,0.0
359,predict,feet,stripes,W,F,Yes,5.0,6.0,stripes,-5.0,mid,irrelevant,5.0
360,predict,feet,stripes,W,C,Yes,5.0,6.0,stripes,0.0,mid,irrelevant,0.0
361,predict,feet,stripes,E,C,Yes,5.0,4.0,stripes,-3.0,mid,irrelevant,3.0
362,predict,feet,stripes,E,F,Yes,3.0,7.0,stripes,0.0,mid,irrelevant,0.0
363,predict,feet,stripes,E,F,Yes,4.0,7.0,stripes,2.0,mid,irrelevant,2.0
364,predict,stripes,feet,E,C,Yes,6.0,3.0,stripes,0.0,mid,relevant,0.0
365,predict,feet,stripes,E,F,Yes,2.0,2.0,stripes,5.0,mid,irrelevant,5.0
366,predict,feet,stripes,W,C,Yes,5.0,4.0,stripes,3.0,mid,irrelevant,3.0
367,predict,stripes,feet,W,C,No,2.0,7.0,stripes,0.0,mid,relevant,0.0
368,predict,feet,stripes,W,C,No,4.0,3.0,stripes,3.0,mid,irrelevant,3.0
369,predict,feet,stripes,E,C,Yes,4.0,4.0,stripes,5.0,mid,irrelevant,5.0
370,predict,feet,stripes,W,F,Yes,1.0,7.0,stripes,3.0,mid,irrelevant,3.0
371,predict,stripes,feet,W,F,No,4.0,3.0,stripes,4.0,mid,relevant,4.0
372,predict,stripes,feet,E,F,Yes,5.0,6.0,stripes,6.0,mid,relevant,6.0
373,predict,feet,stripes,E,F,Yes,5.0,6.0,stripes,-5.0,mid,irrelevant,5.0
374,predict,feet,stripes,E,C,Yes,5.0,7.0,stripes,0.0,mid,irrelevant,0.0
375,predict,stripes,feet,W,C,Yes,5.0,5.0,stripes,-6.0,mid,relevant,6.0
376,predict,stripes,feet,W,C,No,7.0,7.0,stripes,0.0,mid,relevant,0.0
377,predict,feet,stripes,E,C,Yes,2.0,7.0,stripes,-5.0,mid,irrelevant,5.0
378,predict,feet,stripes,W,C,Yes,4.0,6.0,stripes,0.0,mid,irrelevant,0.0
379,predict,stripes,feet,E,C,Yes,5.0,6.0,stripes,-5.0,mid,relevant,5.0
380,predict,stripes,feet,E,F,Yes,1.0,7.0,stripes,7.0,mid,relevant,7.0
381,predict,stripes,feet,W,C,Yes,5.0,4.0,stripes,-3.0,mid,relevant,3.0
382,predict,feet,stripes,E,F,Yes,6.0,5.0,stripes,2.0,mid,irrelevant,2.0
383,predict,stripes,feet,E,F,No,1.0,7.0,stripes,0.0,mid,relevant,0.0
384,predict,stripes,feet,W,C,No,2.0,7.0,stripes,6.0,mid,relevant,6.0
385,predict,feet,stripes,E,F,Yes,7.0,7.0,stripes,0.0,mid,irrelevant,0.0
386,predict,stripes,feet,W,F,Yes,7.0,4.0,stripes,5.0,mid,relevant,5.0
387,predict,stripes,feet,E,C,Yes,1.0,7.0,stripes,0.0,mid,relevant,0.0
388,predict,stripes,feet,E,C,No,2.0,6.0,stripes,0.0,mid,relevant,0.0
389,predict,stripes,feet,W,F,No,7.0,7.0,stripes,-6.0,mid,relevant,6.0
390,predict,feet,stripes,W,F,Yes,1.0,6.0,stripes,6.0,mid,irrelevant,6.0
391,predict,stripes,feet,E,C,Yes,7.0,6.0,stripes,5.0,mid,relevant,5.0
392,predict,feet,stripes,E,F,Yes,6.0,7.0,stripes,-3.0,mid,irrelevant,3.0
393,predict,feet,stripes,W,F,Yes,3.0,7.0,stripes,0.0,mid,irrelevant,0.0
394,predict,stripes,feet,W,F,Yes,7.0,6.0,stripes,2.0,mid,relevant,2.0
395,predict,stripes,feet,W,F,Yes,6.0,6.0,stripes,5.0,mid,relevant,5.0
396,predict,stripes,feet,E,C,Yes,1.0,7.0,stripes,5.0,mid,relevant,5.0
397,predict,stripes,feet,E,F,Yes,5.0,6.0,stripes,-7.0,mid,relevant,7.0
398,predict,stripes,feet,E,C,Yes,5.0,6.0,stripes,6.0,mid,relevant,6.0
399,predict,feet,stripes,E,F,Yes,6.0,5.0,stripes,0.0,mid,irrelevant,0.0
400,predict,feet,stripes,E,C,Yes,6.0,5.0,stripes,2.0,mid,irrelevant,2.0
401,predict,feet,stripes,W,C,Yes,6.0,7.0,stripes,-5.0,mid,irrelevant,5.0
402,predict,stripes,feet,E,C,Yes,5.0,6.0,stripes,4.0,mid,relevant,4.0
403,predict,stripes,feet,W,F,Yes,6.0,5.0,stripes,0.0,mid,relevant,0.0
404,predict,feet,stripes,E,C,Yes,7.0,5.0,stripes,-2.0,mid,irrelevant,2.0
405,predict,stripes,feet,W,F,Yes,5.0,6.0,stripes,-5.0,mid,relevant,5.0
406,predict,stripes,feet,W,C,No,2.0,6.0,stripes,5.0,mid,relevant,5.0
407,predict,stripes,feet,W,C,No,7.0,6.0,stripes,0.0,mid,relevant,0.0
408,predict,stripes,feet,W,F,Yes,1.0,2.0,stripes,0.0,mid,relevant,0.0
409,predict,feet,stripes,E,C,Yes,5.0,6.0,stripes,0.0,mid,irrelevant,0.0
410,predict,stripes,feet,W,F,Yes,5.0,5.0,stripes,0.0,mid,relevant,0.0
411,predict,feet,stripes,E,C,Yes,7.0,6.0,stripes,6.0,mid,irrelevant,6.0
412,predict,stripes,feet,E,F,No,1.0,6.0,stripes,6.0,mid,relevant,6.0
413,predict,feet,stripes,E,F,No,4.0,6.0,stripes,-4.0,mid,irrelevant,4.0
414,predict,stripes,feet,E,C,Yes,3.0,4.0,stripes,-5.0,mid,relevant,5.0
415,predict,feet,stripes,E,F,Yes,1.0,7.0,stripes,0.0,mid,irrelevant,0.0
416,predict,feet,stripes,E,F,Yes,4.0,4.0,stripes,-5.0,mid,irrelevant,5.0
417,predict,feet,stripes,W,C,No,4.0,7.0,stripes,2.0,mid,irrelevant,2.0
418,predict,stripes,feet,E,C,Yes,2.0,6.0,stripes,6.0,mid,relevant,6.0
419,predict,stripes,feet,E,C,Yes,5.0,5.0,stripes,-7.0,mid,relevant,7.0
420,predict,feet,stripes,E,C,Yes,5.0,6.0,stripes,3.0,mid,irrelevant,3.0
421,predict,feet,stripes,E,F,Yes,7.0,5.0,stripes,5.0,mid,irrelevant,5.0
422,predict,stripes,feet,W,F,No,7.0,7.0,stripes,4.0,mid,relevant,4.0
423,predict,feet,stripes,W,F,Yes,5.0,4.0,stripes,0.0,mid,irrelevant,0.0
424,predict,stripes,feet,W,F,No,3.0,5.0,stripes,4.0,mid,relevant,4.0
425,predict,stripes,feet,W,C,Yes,1.0,7.0,stripes,-7.0,mid,relevant,7.0
426,predict,feet,stripes,E,C,Yes,4.0,7.0,stripes,-6.0,mid,irrelevant,6.0
427,predict,feet,stripes,E,F,Yes,2.0,7.0,stripes,0.0,mid,irrelevant,0.0
428,predict,feet,stripes,W,C,Yes,3.0,7.0,stripes,-2.0,mid,irrelevant,2.0
429,predict,stripes,feet,W,F,Yes,6.0,7.0,stripes,0.0,mid,relevant,0.0
430,predict,feet,stripes,W,C,Yes,7.0,7.0,stripes,4.0,mid,irrelevant,4.0
431,predict,feet,stripes,E,F,Yes,5.0,4.0,stripes,2.0,mid,irrelevant,2.0
432,predict,stripes,feet,W,F,No,1.0,4.0,stripes,0.0,mid,relevant,0.0
433,predict,stripes,feet,W,C,Yes,7.0,7.0,stripes,-6.0,mid,relevant,6.0
434,predict,stripes,feet,W,F,Yes,5.0,4.0,stripes,4.0,mid,relevant,4.0
435,predict,stripes,feet,W,C,Yes,6.0,6.0,stripes,-5.0,mid,relevant,5.0
436,predict,stripes,feet,W,C,Yes,7.0,6.0,stripes,-2.0,mid,relevant,2.0
437,predict,stripes,feet,W,C,Yes,5.0,6.0,stripes,3.0,mid,relevant,3.0
438,predict,stripes,feet,E,F,Yes,5.0,7.0,stripes,7.0,mid,relevant,7.0
439,predict,stripes,feet,E,C,Yes,2.0,7.0,stripes,6.0,mid,relevant,6.0
440,predict,feet,stripes,W,C,Yes,7.0,6.0,stripes,0.0,mid,irrelevant,0.0
441,predict,feet,stripes,W,F,Yes,2.0,6.0,stripes,5.0,mid,irrelevant,5.0
442,predict,feet,stripes,E,F,No,4.0,4.0,stripes,0.0,mid,irrelevant,0.0
443,predict,feet,stripes,W,C,Yes,2.0,7.0,stripes,-3.0,mid,irrelevant,3.0
444,predict,feet,stripes,W,C,Yes,6.0,7.0,stripes,-6.0,mid,irrelevant,6.0
445,predict,feet,stripes,W,C,Yes,2.0,6.0,stripes,0.0,mid,irrelevant,0.0
446,predict,stripes,feet,E,C,No,7.0,7.0,stripes,4.0,mid,relevant,4.0
447,predict,feet,stripes,W,F,Yes,7.0,7.0,stripes,2.0,mid,irrelevant,2.0
448,predict,stripes,feet,E,F,Yes,6.0,6.0,stripes,0.0,mid,relevant,0.0
449,predict,stripes,feet,E,F,Yes,5.0,6.0,stripes,5.0,mid,relevant,5.0
450,predict,feet,stripes,W,C,Yes,2.0,5.0,stripes,6.0,mid,irrelevant,6.0
451,predict,feet,stripes,W,C,Yes,5.0,6.0,stripes,0.0,mid,irrelevant,0.0
452,predict,feet,stripes,E,F,Yes,2.0,7.0,stripes,5.0,mid,irrelevant,5.0
453,predict,stripes,feet,W,C,No,7.0,5.0,stripes,0.0,mid,relevant,0.0
454,predict,feet,stripes,W,F,No,4.0,6.0,stripes,2.0,mid,irrelevant,2.0
455,predict,stripes,feet,W,C,Yes,7.0,7.0,stripes,-6.0,mid,relevant,6.0
456,predict,feet,stripes,W,C,Yes,4.0,6.0,stripes,0.0,mid,irrelevant,0.0
457,predict,stripes,feet,W,C,Yes,5.0,7.0,stripes,-6.0,mid,relevant,6.0
458,predict,feet,stripes,W,F,Yes,7.0,6.0,stripes,-5.0,mid,irrelevant,5.0
459,predict,feet,stripes,W,F,Yes,2.0,4.0,stripes,-3.0,mid,irrelevant,3.0
460,predict,feet,stripes,E,C,Yes,5.0,3.0,stripes,0.0,mid,irrelevant,0.0
461,predict,stripes,feet,E,F,Yes,6.0,5.0,stripes,-5.0,mid,relevant,5.0
462,predict,feet,stripes,E,F,Yes,5.0,4.0,stripes,-3.0,mid,irrelevant,3.0
463,predict,stripes,feet,E,C,Yes,7.0,7.0,stripes,7.0,mid,relevant,7.0
464,predict,feet,stripes,W,F,Yes,4.0,5.0,stripes,-5.0,mid,irrelevant,5.0
465,predict,feet,stripes,W,F,No,1.0,1.0,stripes,5.0,mid,irrelevant,5.0
466,predict,stripes,feet,W,F,Yes,4.0,5.0,stripes,0.0,mid,relevant,0.0
467,predict,feet,stripes,W,F,Yes,2.0,7.0,stripes,0.0,mid,irrelevant,0.0
468,predict,feet,stripes,W,C,Yes,6.0,1.0,stripes,-4.0,mid,irrelevant,4.0
469,predict,stripes,feet,W,C,Yes,6.0,7.0,stripes,2.0,mid,relevant,2.0
470,predict,feet,stripes,E,C,Yes,5.0,6.0,stripes,0.0,mid,irrelevant,0.0
471,predict,feet,stripes,E,F,Yes,7.0,7.0,stripes,0.0,mid,irrelevant,0.0
472,predict,feet,stripes,W,F,No,5.0,7.0,stripes,6.0,mid,irrelevant,6.0
473,predict,stripes,feet,E,F,Yes,7.0,7.0,stripes,6.0,mid,relevant,6.0
474,predict,stripes,feet,W,F,Yes,7.0,7.0,stripes,-5.0,mid,relevant,5.0
475,predict,feet,stripes,W,F,Yes,1.0,6.0,stripes,0.0,mid,irrelevant,0.0
476,predict,feet,stripes,E,F,Yes,7.0,7.0,stripes,3.0,mid,irrelevant,3.0
477,predict,stripes,feet,W,F,No,6.0,6.0,stripes,5.0,mid,relevant,5.0
478,predict,feet,stripes,E,C,Yes,2.0,4.0,stripes,0.0,mid,irrelevant,0.0
479,predict,feet,stripes,W,F,Yes,6.0,6.0,stripes,-4.0,mid,irrelevant,4.0
480,predict,feet,stripes,W,F,No,4.0,6.0,stripes,0.0,mid,irrelevant,0.0
481,predict,feet,stripes,W,F,Yes,7.0,4.0,stripes,0.0,mid,irrelevant,0.0
482,predict,feet,stripes,W,C,Yes,1.0,7.0,stripes,0.0,mid,irrelevant,0.0
483,predict,feet,stripes,W,F,No,3.0,3.0,stripes,-5.0,mid,irrelevant,5.0
484,predict,stripes,feet,W,C,No,6.0,7.0,stripes,7.0,mid,relevant,7.0
485,predict,stripes,feet,E,F,Yes,6.0,7.0,stripes,-4.0,mid,relevant,4.0
486,predict,feet,stripes,E,C,Yes,3.0,7.0,stripes,-6.0,mid,irrelevant,6.0
487,predict,feet,stripes,W,F,Yes,5.0,7.0,stripes,5.0,mid,irrelevant,5.0
488,predict,stripes,feet,E,C,No,3.0,7.0,stripes,0.0,mid,relevant,0.0
489,predict,stripes,feet,E,F,Yes,3.0,5.0,stripes,6.0,mid,relevant,6.0
490,predict,stripes,feet,W,F,Yes,6.0,4.0,stripes,4.0,mid,relevant,4.0
491,predict,feet,stripes,E,C,Yes,5.0,7.0,stripes,6.0,mid,irrelevant,6.0
492,predict,stripes,feet,E,F,No,7.0,7.0,stripes,7.0,mid,relevant,7.0
493,predict,feet,stripes,W,C,Yes,5.0,5.0,stripes,0.0,mid,irrelevant,0.0
494,predict,feet,stripes,E,F,Yes,3.0,7.0,stripes,5.0,mid,irrelevant,5.0
495,predict,feet,stripes,W,C,Yes,1.0,6.0,stripes,-5.0,mid,irrelevant,5.0
496,predict,feet,stripes,E,C,Yes,5.0,5.0,stripes,4.0,mid,irrelevant,4.0
497,predict,stripes,feet,W,C,Yes,1.0,6.0,stripes,-3.0,mid,relevant,3.0
498,predict,stripes,feet,E,F,Yes,5.0,7.0,stripes,7.0,mid,relevant,7.0
499,predict,feet,stripes,E,C,Yes,4.0,6.0,stripes,0.0,mid,irrelevant,0.0
500,predict,stripes,feet,E,F,Yes,7.0,6.0,stripes,6.0,mid,relevant,6.0
501,predict,stripes,feet,W,C,No,2.0,7.0,stripes,-4.0,mid,relevant,4.0
502,predict,stripes,feet,E,C,Yes,3.0,6.0,stripes,5.0,mid,relevant,5.0
503,predict,stripes,feet,W,F,Yes,7.0,7.0,stripes,6.0,mid,relevant,6.0
504,predict,stripes,feet,E,F,Yes,2.0,6.0,stripes,0.0,mid,relevant,0.0
505,predict,feet,stripes,E,F,Yes,5.0,2.0,stripes,4.0,mid,irrelevant,4.0
506,predict,feet,stripes,W,F,Yes,7.0,7.0,stripes,-5.0,mid,irrelevant,5.0
507,predict,stripes,feet,E,C,Yes,7.0,7.0,stripes,-6.0,mid,relevant,6.0
508,predict,feet,stripes,E,C,Yes,5.0,7.0,stripes,-3.0,mid,irrelevant,3.0
509,predict,stripes,feet,W,C,Yes,6.0,5.0,stripes,4.0,mid,relevant,4.0
510,predict,stripes,feet,W,C,Yes,7.0,7.0,stripes,0.0,mid,relevant,0.0
511,predict,feet,stripes,W,F,Yes,7.0,7.0,stripes,0.0,mid,irrelevant,0.0
512,predict,feet,stripes,W,F,Yes,7.0,7.0,stripes,5.0,mid,irrelevant,5.0
513,predict,feet,stripes,E,F,Yes,3.0,4.0,stripes,-4.0,mid,irrelevant,4.0
514,predict,stripes,feet,E,F,Yes,5.0,4.0,stripes,-5.0,mid,relevant,5.0
515,predict,stripes,feet,W,C,Yes,4.0,5.0,stripes,3.0,mid,relevant,3.0
516,predict,stripes,feet,E,C,No,5.0,6.0,stripes,4.0,mid,relevant,4.0
517,predict,stripes,feet,E,C,Yes,4.0,2.0,stripes,0.0,mid,relevant,0.0
518,predict,stripes,feet,E,F,Yes,7.0,7.0,stripes,5.0,mid,relevant,5.0
519,predict,feet,stripes,W,C,No,5.0,5.0,stripes,0.0,mid,irrelevant,0.0
520,predict,stripes,feet,E,F,Yes,7.0,7.0,stripes,7.0,mid,relevant,7.0
521,predict,feet,stripes,E,F,Yes,4.0,3.0,stripes,-4.0,mid,irrelevant,4.0
522,predict,stripes,feet,E,C,No,7.0,6.0,stripes,5.0,mid,relevant,5.0
523,predict,stripes,feet,E,F,Yes,4.0,6.0,stripes,6.0,mid,relevant,6.0
524,predict,feet,stripes,W,C,Yes,7.0,7.0,stripes,5.0,mid,irrelevant,5.0
525,predict,stripes,feet,E,F,Yes,4.0,2.0,stripes,5.0,mid,relevant,5.0
526,predict,feet,stripes,W,F,Yes,2.0,6.0,stripes,0.0,mid,irrelevant,0.0
527,predict,feet,stripes,E,C,Yes,5.0,7.0,stripes,5.0,mid,irrelevant,5.0
528,predict,stripes,feet,E,C,No,4.0,7.0,stripes,0.0,mid,relevant,0.0
529,predict,feet,stripes,W,F,Yes,1.0,2.0,stripes,-5.0,mid,irrelevant,5.0
530,predict,feet,stripes,W,C,Yes,7.0,7.0,stripes,0.0,mid,irrelevant,0.0
531,predict,stripes,feet,E,F,Yes,4.0,4.0,stripes,-5.0,mid,relevant,5.0
532,predict,feet,stripes,W,F,Yes,5.0,7.0,stripes,5.0,mid,irrelevant,5.0
533,predict,stripes,feet,W,C,Yes,7.0,5.0,stripes,-4.0,mid,relevant,4.0
534,predict,stripes,feet,E,F,Yes,6.0,5.0,stripes,0.0,mid,relevant,0.0
535,predict,feet,stripes,E,F,Yes,1.0,6.0,stripes,0.0,mid,irrelevant,0.0
536,predict,stripes,feet,W,C,No,1.0,7.0,stripes,-7.0,mid,relevant,7.0
537,predict,stripes,feet,E,F,Yes,6.0,6.0,stripes,4.0,mid,relevant,4.0
538,predict,feet,stripes,W,C,Yes,7.0,5.0,stripes,-5.0,mid,irrelevant,5.0
539,predict,feet,stripes,E,F,Yes,7.0,6.0,stripes,-4.0,mid,irrelevant,4.0
540,predict,feet,stripes,W,F,Yes,5.0,6.0,stripes,0.0,mid,irrelevant,0.0
541,predict,stripes,feet,E,C,Yes,5.0,5.0,stripes,0.0,mid,relevant,0.0
542,predict,feet,stripes,W,C,Yes,7.0,6.0,stripes,0.0,mid,irrelevant,0.0
543,predict,stripes,feet,E,F,Yes,4.0,5.0,stripes,5.0,mid,relevant,5.0
544,predict,feet,stripes,W,C,Yes,7.0,6.0,stripes,7.0,mid,irrelevant,7.0
545,predict,stripes,feet,W,C,Yes,4.0,3.0,stripes,7.0,mid,relevant,7.0
546,predict,stripes,feet,E,F,Yes,5.0,7.0,stripes,4.0,mid,relevant,4.0
547,predict,stripes,feet,W,F,Yes,7.0,2.0,stripes,0.0,mid,relevant,0.0
548,predict,stripes,feet,W,C,No,2.0,6.0,stripes,7.0,mid,relevant,7.0
549,predict,feet,stripes,W,C,Yes,1.0,3.0,stripes,-3.0,mid,irrelevant,3.0
550,predict,stripes,feet,W,C,Yes,2.0,6.0,stripes,5.0,mid,relevant,5.0
551,predict,feet,stripes,W,F,Yes,5.0,7.0,stripes,-5.0,mid,irrelevant,5.0
552,predict,stripes,feet,E,F,Yes,7.0,5.0,stripes,0.0,mid,relevant,0.0
553,predict,feet,stripes,W,C,Yes,7.0,7.0,stripes,-7.0,mid,irrelevant,7.0
554,predict,stripes,feet,W,F,No,5.0,5.0,stripes,6.0,mid,relevant,6.0
555,predict,feet,stripes,E,C,Yes,7.0,7.0,stripes,-7.0,mid,irrelevant,7.0
556,predict,stripes,feet,E,C,Yes,1.0,4.0,stripes,5.0,mid,relevant,5.0
557,predict,stripes,feet,W,C,No,7.0,7.0,stripes,6.0,mid,relevant,6.0
558,predict,feet,stripes,E,F,Yes,6.0,6.0,stripes,-4.0,mid,irrelevant,4.0
559,predict,stripes,feet,E,F,No,5.0,4.0,stripes,5.0,mid,relevant,5.0
560,predict,feet,stripes,E,F,Yes,6.0,4.0,stripes,0.0,mid,irrelevant,0.0
561,predict,feet,stripes,W,C,Yes,1.0,1.0,stripes,-4.0,mid,irrelevant,4.0
562,predict,stripes,feet,W,C,No,2.0,7.0,stripes,-6.0,mid,relevant,6.0
563,predict,feet,stripes,E,C,Yes,6.0,6.0,stripes,0.0,mid,irrelevant,0.0
564,predict,feet,stripes,E,C,Yes,4.0,5.0,stripes,5.0,mid,irrelevant,5.0
565,predict,feet,stripes,E,C,Yes,7.0,7.0,stripes,-5.0,mid,irrelevant,5.0
566,predict,feet,stripes,E,F,Yes,5.0,5.0,stripes,5.0,mid,irrelevant,5.0
567,predict,stripes,feet,E,F,No,7.0,7.0,stripes,5.0,mid,relevant,5.0
568,predict,stripes,feet,W,C,No,7.0,7.0,stripes,7.0,mid,relevant,7.0
569,predict,feet,stripes,E,C,Yes,2.0,7.0,stripes,0.0,mid,irrelevant,0.0
570,predict,feet,stripes,E,F,Yes,2.0,6.0,stripes,0.0,mid,irrelevant,0.0
571,predict,stripes,feet,E,F,Yes,1.0,7.0,stripes,7.0,mid,relevant,7.0
572,predict,stripes,feet,E,C,Yes,2.0,6.0,stripes,5.0,mid,relevant,5.0
573,predict,stripes,feet,E,C,Yes,1.0,5.0,stripes,0.0,mid,relevant,0.0
574,predict,feet,stripes,E,F,Yes,1.0,4.0,stripes,5.0,mid,irrelevant,5.0
575,predict,feet,stripes,E,C,Yes,6.0,5.0,stripes,5.0,mid,irrelevant,5.0
576,predict,stripes,feet,W,C,Yes,7.0,7.0,stripes,6.0,mid,relevant,6.0
577,predict,stripes,feet,W,F,No,3.0,5.0,stripes,3.0,mid,relevant,3.0
578,predict,stripes,feet,W,C,Yes,3.0,5.0,stripes,4.0,mid,relevant,4.0
579,predict,feet,stripes,E,C,Yes,4.0,4.0,stripes,0.0,mid,irrelevant,0.0
580,predict,feet,stripes,E,C,No,7.0,7.0,stripes,6.0,mid,irrelevant,6.0
581,predict,feet,stripes,W,C,Yes,7.0,7.0,stripes,-4.0,mid,irrelevant,4.0
582,predict,feet,stripes,W,F,Yes,5.0,6.0,stripes,4.0,mid,irrelevant,4.0
583,predict,stripes,feet,W,C,Yes,2.0,5.0,stripes,5.0,mid,relevant,5.0
584,predict,feet,stripes,W,C,Yes,2.0,7.0,stripes,2.0,mid,irrelevant,2.0
585,predict,feet,stripes,E,C,Yes,7.0,7.0,stripes,3.0,mid,irrelevant,3.0
586,predict,stripes,feet,W,F,No,5.0,6.0,stripes,0.0,mid,relevant,0.0
