task,conditionOrder,item,testing_responses,relevant_dim,irrelevant_dim,color_high,feet_high,fertility_score,error,abs_error,color,feet,color_match_high,feet_match_high
accommodate,183,Y_C,8.0,feet,color,Y,F,4.75,3.25,3.25,Y,C,1,0
accommodate,183,G_F,8.0,feet,color,Y,F,5.5,2.5,2.5,G,F,0,1
accommodate,183,Y_F,5.0,feet,color,Y,F,8.0,-3.0,3.0,Y,F,1,1
accommodate,183,G_C,3.0,feet,color,Y,F,3.25,-0.25,0.25,G,C,0,0
accommodate,75,Y_C,5.0,feet,color,Y,F,4.5,0.5,0.5,Y,C,1,0
accommodate,75,Y_F,7.0,feet,color,Y,F,8.25,-1.25,1.25,Y,F,1,1
accommodate,75,G_C,2.0,feet,color,Y,F,2.5,-0.5,0.5,G,C,0,0
accommodate,75,G_F,4.0,feet,color,Y,F,7.75,-3.75,3.75,G,F,0,1
accommodate,100,G_F,2.0,color,feet,Y,F,3.5,-1.5,1.5,G,F,0,1
accommodate,100,G_C,1.0,color,feet,Y,F,2.5,-1.5,1.5,G,C,0,0
accommodate,100,Y_C,9.0,color,feet,Y,F,5.25,3.75,3.75,Y,C,1,0
accommodate,100,Y_F,9.0,color,feet,Y,F,8.75,0.25,0.25,Y,F,1,1
accommodate,61,Y_F,8.0,feet,color,Y,C,3.5,4.5,4.5,Y,F,1,0
accommodate,61,G_F,6.0,feet,color,Y,C,2.75,3.25,3.25,G,F,0,0
accommodate,61,Y_C,8.0,feet,color,Y,C,8.25,-0.25,0.25,Y,C,1,1
accommodate,61,G_C,6.0,feet,color,Y,C,6.75,-0.75,0.75,G,C,0,1
accommodate,97,Y_C,10.0,feet,color,Y,C,8.75,1.25,1.25,Y,C,1,1
accommodate,97,G_F,3.0,feet,color,Y,C,4.25,-1.25,1.25,G,F,0,0
accommodate,97,G_C,7.0,feet,color,Y,C,6.75,0.25,0.25,G,C,0,1
accommodate,97,Y_F,3.0,feet,color,Y,C,3.75,-0.75,0.75,Y,F,1,0
accommodate,184,G_F,3.0,color,feet,Y,F,2.5,0.5,0.5,G,F,0,1
accommodate,184,G_C,4.0,color,feet,Y,F,2.75,1.25,1.25,G,C,0,0
accommodate,184,Y_F,6.0,color,feet,Y,F,8.25,-2.25,2.25,Y,F,1,1
accommodate,184,Y_C,10.0,color,feet,Y,F,5.5,4.5,4.5,Y,C,1,0
accommodate,180,Y_F,8.0,color,feet,Y,F,7.5,0.5,0.5,Y,F,1,1
accommodate,180,G_F,6.0,color,feet,Y,F,5.5,0.5,0.5,G,F,0,1
accommodate,180,G_C,3.0,color,feet,Y,F,3.0,0.0,0.0,G,C,0,0
accommodate,180,Y_C,6.0,color,feet,Y,F,7.5,-1.5,1.5,Y,C,1,0
accommodate,90,Y_C,3.0,color,feet,G,F,2.75,0.25,0.25,Y,C,0,0
accommodate,90,G_C,7.0,color,feet,G,F,8.0,-1.0,1.0,G,C,1,0
accommodate,90,Y_F,5.0,color,feet,G,F,4.75,0.25,0.25,Y,F,0,1
accommodate,90,G_F,10.0,color,feet,G,F,7.75,2.25,2.25,G,F,1,1
accommodate,144,Y_C,7.0,color,feet,Y,F,7.5,-0.5,0.5,Y,C,1,0
accommodate,144,G_C,2.0,color,feet,Y,F,3.0,-1.0,1.0,G,C,0,0
accommodate,144,G_F,5.0,color,feet,Y,F,4.0,1.0,1.0,G,F,0,1
accommodate,144,Y_F,9.0,color,feet,Y,F,8.25,0.75,0.75,Y,F,1,1
accommodate,220,Y_F,5.0,color,feet,Y,F,8.75,-3.75,3.75,Y,F,1,1
accommodate,220,G_C,2.0,color,feet,Y,F,2.0,0.0,0.0,G,C,0,0
accommodate,220,Y_C,8.0,color,feet,Y,F,8.0,0.0,0.0,Y,C,1,0
accommodate,220,G_F,6.0,color,feet,Y,F,4.75,1.25,1.25,G,F,0,1
accommodate,3,Y_F,2.0,feet,color,G,F,5.75,-3.75,3.75,Y,F,0,1
accommodate,3,G_F,2.0,feet,color,G,F,8.0,-6.0,6.0,G,F,1,1
accommodate,3,Y_C,9.0,feet,color,G,F,3.5,5.5,5.5,Y,C,0,0
accommodate,3,G_C,9.0,feet,color,G,F,2.25,6.75,6.75,G,C,1,0
accommodate,80,G_C,4.0,color,feet,Y,F,3.0,1.0,1.0,G,C,0,0
accommodate,80,G_F,2.0,color,feet,Y,F,4.75,-2.75,2.75,G,F,0,1
accommodate,80,Y_F,8.0,color,feet,Y,F,8.75,-0.75,0.75,Y,F,1,1
accommodate,80,Y_C,10.0,color,feet,Y,F,9.25,0.75,0.75,Y,C,1,0
accommodate,66,G_C,2.0,color,feet,G,F,7.25,-5.25,5.25,G,C,1,0
accommodate,66,G_F,4.0,color,feet,G,F,8.5,-4.5,4.5,G,F,1,1
accommodate,66,Y_F,9.0,color,feet,G,F,3.25,5.75,5.75,Y,F,0,1
accommodate,66,Y_C,8.0,color,feet,G,F,3.25,4.75,4.75,Y,C,0,0
accommodate,57,G_F,3.0,feet,color,Y,C,3.5,-0.5,0.5,G,F,0,0
accommodate,57,G_C,5.0,feet,color,Y,C,6.5,-1.5,1.5,G,C,0,1
accommodate,57,Y_C,6.0,feet,color,Y,C,7.25,-1.25,1.25,Y,C,1,1
accommodate,57,Y_F,4.0,feet,color,Y,C,5.0,-1.0,1.0,Y,F,1,0
accommodate,33,G_F,4.0,feet,color,Y,C,2.75,1.25,1.25,G,F,0,0
accommodate,33,G_C,8.0,feet,color,Y,C,6.25,1.75,1.75,G,C,0,1
accommodate,33,Y_C,7.0,feet,color,Y,C,7.5,-0.5,0.5,Y,C,1,1
accommodate,33,Y_F,5.0,feet,color,Y,C,3.75,1.25,1.25,Y,F,1,0
accommodate,84,Y_F,10.0,color,feet,Y,C,8.0,2.0,2.0,Y,F,1,0
accommodate,84,G_C,2.0,color,feet,Y,C,3.75,-1.75,1.75,G,C,0,1
accommodate,84,G_F,1.0,color,feet,Y,C,1.0,0.0,0.0,G,F,0,0
accommodate,84,Y_C,9.0,color,feet,Y,C,8.5,0.5,0.5,Y,C,1,1
accommodate,53,Y_F,4.0,feet,color,Y,C,4.25,-0.25,0.25,Y,F,1,0
accommodate,53,G_F,2.0,feet,color,Y,C,3.5,-1.5,1.5,G,F,0,0
accommodate,53,G_C,6.0,feet,color,Y,C,6.75,-0.75,0.75,G,C,0,1
accommodate,53,Y_C,8.0,feet,color,Y,C,7.75,0.25,0.25,Y,C,1,1
accommodate,71,G_F,5.0,feet,color,Y,F,7.75,-2.75,2.75,G,F,0,1
accommodate,71,Y_F,4.0,feet,color,Y,F,7.75,-3.75,3.75,Y,F,1,1
accommodate,71,Y_C,6.0,feet,color,Y,F,6.0,0.0,0.0,Y,C,1,0
accommodate,71,G_C,8.0,feet,color,Y,F,4.0,4.0,4.0,G,C,0,0
accommodate,74,G_F,5.0,color,feet,G,F,9.25,-4.25,4.25,G,F,1,1
accommodate,74,G_C,6.0,color,feet,G,F,6.25,-0.25,0.25,G,C,1,0
accommodate,74,Y_F,6.0,color,feet,G,F,4.0,2.0,2.0,Y,F,0,1
accommodate,74,Y_C,8.0,color,feet,G,F,4.5,3.5,3.5,Y,C,0,0
accommodate,30,Y_F,5.0,color,feet,G,C,2.0,3.0,3.0,Y,F,0,0
accommodate,30,G_F,7.0,color,feet,G,C,7.5,-0.5,0.5,G,F,1,0
accommodate,30,Y_C,9.0,color,feet,G,C,4.5,4.5,4.5,Y,C,0,1
accommodate,30,G_C,9.0,color,feet,G,C,8.25,0.75,0.75,G,C,1,1
accommodate,105,Y_F,6.0,feet,color,Y,C,3.75,2.25,2.25,Y,F,1,0
accommodate,105,Y_C,4.0,feet,color,Y,C,7.5,-3.5,3.5,Y,C,1,1
accommodate,105,G_C,4.0,feet,color,Y,C,6.5,-2.5,2.5,G,C,0,1
accommodate,105,G_F,4.0,feet,color,Y,C,3.0,1.0,1.0,G,F,0,0
accommodate,35,Y_C,6.0,feet,color,Y,F,4.75,1.25,1.25,Y,C,1,0
accommodate,35,G_F,3.0,feet,color,Y,F,6.75,-3.75,3.75,G,F,0,1
accommodate,35,Y_F,8.0,feet,color,Y,F,7.75,0.25,0.25,Y,F,1,1
accommodate,35,G_C,7.0,feet,color,Y,F,4.25,2.75,2.75,G,C,0,0
accommodate,51,Y_F,8.0,feet,color,Y,F,8.75,-0.75,0.75,Y,F,1,1
accommodate,51,G_C,2.0,feet,color,Y,F,3.25,-1.25,1.25,G,C,0,0
accommodate,51,G_F,9.0,feet,color,Y,F,8.75,0.25,0.25,G,F,0,1
accommodate,51,Y_C,3.0,feet,color,Y,F,4.25,-1.25,1.25,Y,C,1,0
accommodate,116,G_C,4.0,color,feet,Y,F,3.5,0.5,0.5,G,C,0,0
accommodate,116,G_F,4.0,color,feet,Y,F,3.75,0.25,0.25,G,F,0,1
accommodate,116,Y_F,7.0,color,feet,Y,F,9.0,-2.0,2.0,Y,F,1,1
accommodate,116,Y_C,7.0,color,feet,Y,F,7.0,0.0,0.0,Y,C,1,0
accommodate,136,G_C,2.0,color,feet,Y,F,3.75,-1.75,1.75,G,C,0,0
accommodate,136,Y_C,8.0,color,feet,Y,F,7.5,0.5,0.5,Y,C,1,0
accommodate,136,G_F,7.0,color,feet,Y,F,4.0,3.0,3.0,G,F,0,1
accommodate,136,Y_F,10.0,color,feet,Y,F,8.5,1.5,1.5,Y,F,1,1
accommodate,60,Y_C,10.0,color,feet,Y,C,7.5,2.5,2.5,Y,C,1,1
accommodate,60,G_F,3.0,color,feet,Y,C,2.75,0.25,0.25,G,F,0,0
accommodate,60,G_C,5.0,color,feet,Y,C,4.25,0.75,0.75,G,C,0,1
accommodate,60,Y_F,7.0,color,feet,Y,C,8.0,-1.0,1.0,Y,F,1,0
accommodate,12,G_C,4.0,color,feet,Y,C,4.25,-0.25,0.25,G,C,0,1
accommodate,12,G_F,2.0,color,feet,Y,C,2.25,-0.25,0.25,G,F,0,0
accommodate,12,Y_F,4.0,color,feet,Y,C,7.5,-3.5,3.5,Y,F,1,0
accommodate,12,Y_C,8.0,color,feet,Y,C,7.5,0.5,0.5,Y,C,1,1
accommodate,209,Y_F,4.0,feet,color,Y,C,3.5,0.5,0.5,Y,F,1,0
accommodate,209,G_C,7.0,feet,color,Y,C,6.5,0.5,0.5,G,C,0,1
accommodate,209,G_F,4.0,feet,color,Y,C,3.75,0.25,0.25,G,F,0,0
accommodate,209,Y_C,7.0,feet,color,Y,C,8.0,-1.0,1.0,Y,C,1,1
accommodate,117,Y_C,7.0,feet,color,Y,C,8.0,-1.0,1.0,Y,C,1,1
accommodate,117,G_F,3.0,feet,color,Y,C,2.5,0.5,0.5,G,F,0,0
accommodate,117,Y_F,4.0,feet,color,Y,C,3.75,0.25,0.25,Y,F,1,0
accommodate,117,G_C,5.0,feet,color,Y,C,7.0,-2.0,2.0,G,C,0,1
accommodate,113,G_C,7.0,feet,color,Y,C,8.5,-1.5,1.5,G,C,0,1
accommodate,113,G_F,4.0,feet,color,Y,C,2.5,1.5,1.5,G,F,0,0
accommodate,113,Y_F,4.0,feet,color,Y,C,4.5,-0.5,0.5,Y,F,1,0
accommodate,113,Y_C,5.0,feet,color,Y,C,8.0,-3.0,3.0,Y,C,1,1
accommodate,133,Y_C,8.0,feet,color,Y,C,8.5,-0.5,0.5,Y,C,1,1
accommodate,133,G_F,4.0,feet,color,Y,C,1.75,2.25,2.25,G,F,0,0
accommodate,133,Y_F,5.0,feet,color,Y,C,3.5,1.5,1.5,Y,F,1,0
accommodate,133,G_C,7.0,feet,color,Y,C,7.5,-0.5,0.5,G,C,0,1
accommodate,148,Y_C,5.0,color,feet,Y,F,6.25,-1.25,1.25,Y,C,1,0
accommodate,148,Y_F,9.0,color,feet,Y,F,7.5,1.5,1.5,Y,F,1,1
accommodate,148,G_F,4.0,color,feet,Y,F,3.75,0.25,0.25,G,F,0,1
accommodate,148,G_C,2.0,color,feet,Y,F,3.5,-1.5,1.5,G,C,0,0
accommodate,151,Y_F,7.0,feet,color,G,F,7.0,0.0,0.0,Y,F,0,1
accommodate,151,G_C,4.0,feet,color,G,F,5.75,-1.75,1.75,G,C,1,0
accommodate,151,Y_C,5.0,feet,color,G,F,3.25,1.75,1.75,Y,C,0,0
accommodate,151,G_F,7.0,feet,color,G,F,6.75,0.25,0.25,G,F,1,1
accommodate,115,G_C,3.0,feet,color,G,F,3.5,-0.5,0.5,G,C,1,0
accommodate,115,Y_F,7.0,feet,color,G,F,5.5,1.5,1.5,Y,F,0,1
accommodate,115,Y_C,9.0,feet,color,G,F,3.5,5.5,5.5,Y,C,0,0
accommodate,115,G_F,4.0,feet,color,G,F,8.0,-4.0,4.0,G,F,1,1
accommodate,112,G_F,3.0,color,feet,Y,C,3.0,0.0,0.0,G,F,0,0
accommodate,112,Y_C,9.0,color,feet,Y,C,7.0,2.0,2.0,Y,C,1,1
accommodate,112,G_C,5.0,color,feet,Y,C,4.25,0.75,0.75,G,C,0,1
accommodate,112,Y_F,7.0,color,feet,Y,C,6.75,0.25,0.25,Y,F,1,0
accommodate,208,G_F,7.0,color,feet,Y,C,4.5,2.5,2.5,G,F,0,0
accommodate,208,G_C,8.0,color,feet,Y,C,4.25,3.75,3.75,G,C,0,1
accommodate,208,Y_C,8.0,color,feet,Y,C,7.5,0.5,0.5,Y,C,1,1
accommodate,208,Y_F,6.0,color,feet,Y,C,5.5,0.5,0.5,Y,F,1,0
accommodate,50,Y_F,3.0,color,feet,G,C,2.75,0.25,0.25,Y,F,0,0
accommodate,50,Y_C,3.0,color,feet,G,C,3.5,-0.5,0.5,Y,C,0,1
accommodate,50,G_F,8.0,color,feet,G,C,6.75,1.25,1.25,G,F,1,0
accommodate,50,G_C,8.0,color,feet,G,C,7.5,0.5,0.5,G,C,1,1
accommodate,201,G_F,9.0,feet,color,Y,C,3.5,5.5,5.5,G,F,0,0
accommodate,201,Y_C,5.0,feet,color,Y,C,6.25,-1.25,1.25,Y,C,1,1
accommodate,201,Y_F,7.0,feet,color,Y,C,6.0,1.0,1.0,Y,F,1,0
accommodate,201,G_C,4.0,feet,color,Y,C,6.25,-2.25,2.25,G,C,0,1
accommodate,18,G_F,9.0,color,feet,G,F,8.25,0.75,0.75,G,F,1,1
accommodate,18,Y_F,4.0,color,feet,G,F,4.25,-0.25,0.25,Y,F,0,1
accommodate,18,Y_C,3.0,color,feet,G,F,3.5,-0.5,0.5,Y,C,0,0
accommodate,18,G_C,8.0,color,feet,G,F,6.75,1.25,1.25,G,C,1,0
accommodate,126,G_F,4.0,color,feet,G,C,7.75,-3.75,3.75,G,F,1,0
accommodate,126,Y_F,5.0,color,feet,G,C,3.25,1.75,1.75,Y,F,0,0
accommodate,126,Y_C,2.0,color,feet,G,C,3.75,-1.75,1.75,Y,C,0,1
accommodate,126,G_C,6.0,color,feet,G,C,9.0,-3.0,3.0,G,C,1,1
accommodate,23,G_F,5.0,feet,color,Y,F,7.5,-2.5,2.5,G,F,0,1
accommodate,23,G_C,3.0,feet,color,Y,F,2.75,0.25,0.25,G,C,0,0
accommodate,23,Y_F,7.0,feet,color,Y,F,8.0,-1.0,1.0,Y,F,1,1
accommodate,23,Y_C,7.0,feet,color,Y,F,4.0,3.0,3.0,Y,C,1,0
accommodate,206,Y_C,3.0,color,feet,G,F,3.5,-0.5,0.5,Y,C,0,0
accommodate,206,G_F,8.0,color,feet,G,F,9.0,-1.0,1.0,G,F,1,1
accommodate,206,G_C,10.0,color,feet,G,F,6.75,3.25,3.25,G,C,1,0
accommodate,206,Y_F,5.0,color,feet,G,F,4.25,0.75,0.75,Y,F,0,1
accommodate,123,Y_C,8.0,feet,color,Y,F,4.0,4.0,4.0,Y,C,1,0
accommodate,123,G_F,5.0,feet,color,Y,F,7.25,-2.25,2.25,G,F,0,1
accommodate,123,Y_F,5.0,feet,color,Y,F,8.25,-3.25,3.25,Y,F,1,1
accommodate,123,G_C,2.0,feet,color,Y,F,3.75,-1.75,1.75,G,C,0,0
accommodate,6,G_C,8.0,color,feet,G,F,7.0,1.0,1.0,G,C,1,0
accommodate,6,Y_F,3.0,color,feet,G,F,4.25,-1.25,1.25,Y,F,0,1
accommodate,6,Y_C,2.0,color,feet,G,F,3.0,-1.0,1.0,Y,C,0,0
accommodate,6,G_F,9.0,color,feet,G,F,6.75,2.25,2.25,G,F,1,1
accommodate,159,G_F,7.0,feet,color,Y,F,7.0,0.0,0.0,G,F,0,1
accommodate,159,G_C,4.0,feet,color,Y,F,3.75,0.25,0.25,G,C,0,0
accommodate,159,Y_F,7.0,feet,color,Y,F,7.25,-0.25,0.25,Y,F,1,1
accommodate,159,Y_C,5.0,feet,color,Y,F,4.75,0.25,0.25,Y,C,1,0
accommodate,196,G_F,2.0,color,feet,Y,C,3.5,-1.5,1.5,G,F,0,0
accommodate,196,G_C,5.0,color,feet,Y,C,5.25,-0.25,0.25,G,C,0,1
accommodate,196,Y_F,4.0,color,feet,Y,C,7.75,-3.75,3.75,Y,F,1,0
accommodate,196,Y_C,9.0,color,feet,Y,C,7.25,1.75,1.75,Y,C,1,1
accommodate,64,G_F,5.0,color,feet,Y,F,4.75,0.25,0.25,G,F,0,1
accommodate,64,Y_F,7.0,color,feet,Y,F,8.0,-1.0,1.0,Y,F,1,1
accommodate,64,G_C,5.0,color,feet,Y,F,3.5,1.5,1.5,G,C,0,0
accommodate,64,Y_C,8.0,color,feet,Y,F,6.25,1.75,1.75,Y,C,1,0
accommodate,170,G_C,8.0,color,feet,G,F,6.25,1.75,1.75,G,C,1,0
accommodate,170,Y_C,4.0,color,feet,G,F,2.5,1.5,1.5,Y,C,0,0
accommodate,170,Y_F,2.0,color,feet,G,F,3.75,-1.75,1.75,Y,F,0,1
accommodate,170,G_F,6.0,color,feet,G,F,7.25,-1.25,1.25,G,F,1,1
accommodate,42,G_F,8.0,color,feet,G,C,5.5,2.5,2.5,G,F,1,0
accommodate,42,Y_F,4.0,color,feet,G,C,2.75,1.25,1.25,Y,F,0,0
accommodate,42,Y_C,5.0,color,feet,G,C,1.5,3.5,3.5,Y,C,0,1
accommodate,42,G_C,7.0,color,feet,G,C,9.0,-2.0,2.0,G,C,1,1
accommodate,79,Y_C,4.0,feet,color,Y,F,2.5,1.5,1.5,Y,C,1,0
accommodate,79,Y_F,8.0,feet,color,Y,F,9.5,-1.5,1.5,Y,F,1,1
accommodate,79,G_F,4.0,feet,color,Y,F,7.0,-3.0,3.0,G,F,0,1
accommodate,79,G_C,8.0,feet,color,Y,F,2.75,5.25,5.25,G,C,0,0
accommodate,160,Y_C,8.0,color,feet,Y,C,7.5,0.5,0.5,Y,C,1,1
accommodate,160,G_F,6.0,color,feet,Y,C,3.0,3.0,3.0,G,F,0,0
accommodate,160,Y_F,7.0,color,feet,Y,C,6.75,0.25,0.25,Y,F,1,0
accommodate,160,G_C,4.0,color,feet,Y,C,6.25,-2.25,2.25,G,C,0,1
accommodate,157,Y_F,1.0,feet,color,Y,C,2.75,-1.75,1.75,Y,F,1,0
accommodate,157,G_F,3.0,feet,color,Y,C,2.5,0.5,0.5,G,F,0,0
accommodate,157,G_C,8.0,feet,color,Y,C,6.0,2.0,2.0,G,C,0,1
accommodate,157,Y_C,10.0,feet,color,Y,C,8.5,1.5,1.5,Y,C,1,1
accommodate,211,G_F,8.0,feet,color,G,F,6.75,1.25,1.25,G,F,1,1
accommodate,211,Y_F,7.0,feet,color,G,F,5.5,1.5,1.5,Y,F,0,1
accommodate,211,G_C,4.0,feet,color,G,F,4.0,0.0,0.0,G,C,1,0
accommodate,211,Y_C,3.0,feet,color,G,F,4.25,-1.25,1.25,Y,C,0,0
accommodate,147,G_F,5.0,feet,color,Y,F,7.25,-2.25,2.25,G,F,0,1
accommodate,147,Y_C,7.0,feet,color,Y,F,4.25,2.75,2.75,Y,C,1,0
accommodate,147,G_C,8.0,feet,color,Y,F,2.5,5.5,5.5,G,C,0,0
accommodate,147,Y_F,3.0,feet,color,Y,F,6.75,-3.75,3.75,Y,F,1,1
accommodate,124,G_C,5.0,color,feet,Y,F,3.25,1.75,1.75,G,C,0,0
accommodate,124,Y_F,7.0,color,feet,Y,F,8.5,-1.5,1.5,Y,F,1,1
accommodate,124,Y_C,9.0,color,feet,Y,F,7.0,2.0,2.0,Y,C,1,0
accommodate,124,G_F,3.0,color,feet,Y,F,4.25,-1.25,1.25,G,F,0,1
accommodate,165,G_C,8.0,feet,color,Y,C,6.0,2.0,2.0,G,C,0,1
accommodate,165,Y_F,2.0,feet,color,Y,C,3.75,-1.75,1.75,Y,F,1,0
accommodate,165,G_F,3.0,feet,color,Y,C,3.0,0.0,0.0,G,F,0,0
accommodate,165,Y_C,2.0,feet,color,Y,C,8.0,-6.0,6.0,Y,C,1,1
accommodate,67,Y_C,9.0,feet,color,G,F,3.25,5.75,5.75,Y,C,0,0
accommodate,67,G_F,4.0,feet,color,G,F,8.0,-4.0,4.0,G,F,1,1
accommodate,67,G_C,8.0,feet,color,G,F,5.5,2.5,2.5,G,C,1,0
accommodate,67,Y_F,5.0,feet,color,G,F,7.75,-2.75,2.75,Y,F,0,1
accommodate,203,G_C,6.0,feet,color,G,F,4.0,2.0,2.0,G,C,1,0
accommodate,203,G_F,6.0,feet,color,G,F,7.0,-1.0,1.0,G,F,1,1
accommodate,203,Y_F,8.0,feet,color,G,F,7.5,0.5,0.5,Y,F,0,1
accommodate,203,Y_C,8.0,feet,color,G,F,2.5,5.5,5.5,Y,C,0,0
accommodate,91,G_C,2.0,feet,color,Y,F,2.5,-0.5,0.5,G,C,0,0
accommodate,91,Y_C,4.0,feet,color,Y,F,4.5,-0.5,0.5,Y,C,1,0
accommodate,91,Y_F,9.0,feet,color,Y,F,7.0,2.0,2.0,Y,F,1,1
accommodate,91,G_F,5.0,feet,color,Y,F,6.25,-1.25,1.25,G,F,0,1
accommodate,25,G_F,3.0,feet,color,G,C,5.0,-2.0,2.0,G,F,1,0
accommodate,25,Y_F,6.0,feet,color,G,C,2.25,3.75,3.75,Y,F,0,0
accommodate,25,Y_C,9.0,feet,color,G,C,8.0,1.0,1.0,Y,C,0,1
accommodate,25,G_C,7.0,feet,color,G,C,7.25,-0.25,0.25,G,C,1,1
accommodate,101,Y_C,2.0,feet,color,G,C,7.0,-5.0,5.0,Y,C,0,1
accommodate,101,G_C,8.0,feet,color,G,C,8.75,-0.75,0.75,G,C,1,1
accommodate,101,Y_F,1.0,feet,color,G,C,3.75,-2.75,2.75,Y,F,0,0
accommodate,101,G_F,9.0,feet,color,G,C,3.75,5.25,5.25,G,F,1,0
accommodate,10,Y_F,3.0,color,feet,G,C,2.25,0.75,0.75,Y,F,0,0
accommodate,10,G_F,8.0,color,feet,G,C,7.75,0.25,0.25,G,F,1,0
accommodate,10,G_C,8.0,color,feet,G,C,7.5,0.5,0.5,G,C,1,1
accommodate,10,Y_C,5.0,color,feet,G,C,6.0,-1.0,1.0,Y,C,0,1
accommodate,128,Y_C,3.0,color,feet,Y,F,7.5,-4.5,4.5,Y,C,1,0
accommodate,128,G_F,4.0,color,feet,Y,F,4.5,-0.5,0.5,G,F,0,1
accommodate,128,Y_F,7.0,color,feet,Y,F,8.5,-1.5,1.5,Y,F,1,1
accommodate,128,G_C,10.0,color,feet,Y,F,3.25,6.75,6.75,G,C,0,0
accommodate,109,Y_F,4.0,feet,color,G,C,3.0,1.0,1.0,Y,F,0,0
accommodate,109,G_F,6.0,feet,color,G,C,5.0,1.0,1.0,G,F,1,0
accommodate,109,G_C,7.0,feet,color,G,C,7.0,0.0,0.0,G,C,1,1
accommodate,109,Y_C,8.0,feet,color,G,C,5.75,2.25,2.25,Y,C,0,1
accommodate,40,Y_F,5.0,color,feet,Y,C,7.0,-2.0,2.0,Y,F,1,0
accommodate,40,Y_C,8.0,color,feet,Y,C,8.0,0.0,0.0,Y,C,1,1
accommodate,40,G_C,6.0,color,feet,Y,C,4.75,1.25,1.25,G,C,0,1
accommodate,40,G_F,4.0,color,feet,Y,C,3.5,0.5,0.5,G,F,0,0
accommodate,102,Y_F,7.0,color,feet,G,F,5.0,2.0,2.0,Y,F,0,1
accommodate,102,G_F,9.0,color,feet,G,F,7.25,1.75,1.75,G,F,1,1
accommodate,102,Y_C,3.0,color,feet,G,F,2.75,0.25,0.25,Y,C,0,0
accommodate,102,G_C,4.0,color,feet,G,F,7.75,-3.75,3.75,G,C,1,0
accommodate,45,G_F,5.0,feet,color,G,C,3.5,1.5,1.5,G,F,1,0
accommodate,45,G_C,10.0,feet,color,G,C,8.75,1.25,1.25,G,C,1,1
accommodate,45,Y_C,7.0,feet,color,G,C,6.5,0.5,0.5,Y,C,0,1
accommodate,45,Y_F,2.0,feet,color,G,C,1.5,0.5,0.5,Y,F,0,0
accommodate,182,G_C,8.0,color,feet,G,C,9.25,-1.25,1.25,G,C,1,1
accommodate,182,Y_F,4.0,color,feet,G,C,3.25,0.75,0.75,Y,F,0,0
accommodate,182,Y_C,3.0,color,feet,G,C,3.0,0.0,0.0,Y,C,0,1
accommodate,182,G_F,8.0,color,feet,G,C,7.75,0.25,0.25,G,F,1,0
accommodate,175,G_C,9.0,feet,color,G,F,6.25,2.75,2.75,G,C,1,0
accommodate,175,Y_C,6.0,feet,color,G,F,3.5,2.5,2.5,Y,C,0,0
accommodate,175,G_F,8.0,feet,color,G,F,8.0,0.0,0.0,G,F,1,1
accommodate,175,Y_F,2.0,feet,color,G,F,8.5,-6.5,6.5,Y,F,0,1
accommodate,77,G_F,4.0,feet,color,Y,C,3.75,0.25,0.25,G,F,0,0
accommodate,77,G_C,7.0,feet,color,Y,C,6.75,0.25,0.25,G,C,0,1
accommodate,77,Y_F,2.0,feet,color,Y,C,3.5,-1.5,1.5,Y,F,1,0
accommodate,77,Y_C,9.0,feet,color,Y,C,8.0,1.0,1.0,Y,C,1,1
accommodate,72,G_F,3.0,color,feet,Y,C,2.5,0.5,0.5,G,F,0,0
accommodate,72,Y_C,7.0,color,feet,Y,C,7.5,-0.5,0.5,Y,C,1,1
accommodate,72,Y_F,7.0,color,feet,Y,C,7.0,0.0,0.0,Y,F,1,0
accommodate,72,G_C,2.0,color,feet,Y,C,3.75,-1.75,1.75,G,C,0,1
accommodate,85,G_F,6.0,feet,color,G,C,5.5,0.5,0.5,G,F,1,0
accommodate,85,Y_F,5.0,feet,color,G,C,3.0,2.0,2.0,Y,F,0,0
accommodate,85,G_C,9.0,feet,color,G,C,7.5,1.5,1.5,G,C,1,1
accommodate,85,Y_C,9.0,feet,color,G,C,8.0,1.0,1.0,Y,C,0,1
accommodate,176,G_C,5.0,color,feet,Y,C,5.5,-0.5,0.5,G,C,0,1
accommodate,176,G_F,3.0,color,feet,Y,C,3.5,-0.5,0.5,G,F,0,0
accommodate,176,Y_C,7.0,color,feet,Y,C,7.5,-0.5,0.5,Y,C,1,1
accommodate,176,Y_F,9.0,color,feet,Y,C,6.75,2.25,2.25,Y,F,1,0
accommodate,163,Y_F,5.0,feet,color,G,F,6.25,-1.25,1.25,Y,F,0,1
accommodate,163,G_F,10.0,feet,color,G,F,6.25,3.75,3.75,G,F,1,1
accommodate,163,G_C,6.0,feet,color,G,F,4.75,1.25,1.25,G,C,1,0
accommodate,163,Y_C,3.0,feet,color,G,F,2.75,0.25,0.25,Y,C,0,0
accommodate,212,Y_C,9.0,color,feet,Y,F,5.75,3.25,3.25,Y,C,1,0
accommodate,212,Y_F,7.0,color,feet,Y,F,8.25,-1.25,1.25,Y,F,1,1
accommodate,212,G_F,4.0,color,feet,Y,F,4.5,-0.5,0.5,G,F,0,1
accommodate,212,G_C,6.0,color,feet,Y,F,5.0,1.0,1.0,G,C,0,0
accommodate,68,Y_F,9.0,color,feet,Y,F,7.5,1.5,1.5,Y,F,1,1
accommodate,68,G_F,4.0,color,feet,Y,F,3.25,0.75,0.75,G,F,0,1
accommodate,68,G_C,10.0,color,feet,Y,F,3.5,6.5,6.5,G,C,0,0
accommodate,68,Y_C,3.0,color,feet,Y,F,6.0,-3.0,3.0,Y,C,1,0
accommodate,186,Y_F,4.0,color,feet,G,F,3.25,0.75,0.75,Y,F,0,1
accommodate,186,G_C,4.0,color,feet,G,F,5.5,-1.5,1.5,G,C,1,0
accommodate,186,Y_C,2.0,color,feet,G,F,2.0,0.0,0.0,Y,C,0,0
accommodate,186,G_F,8.0,color,feet,G,F,8.0,0.0,0.0,G,F,1,1
accommodate,28,G_F,4.0,color,feet,Y,C,2.75,1.25,1.25,G,F,0,0
accommodate,28,G_C,2.0,color,feet,Y,C,4.0,-2.0,2.0,G,C,0,1
accommodate,28,Y_F,8.0,color,feet,Y,C,6.25,1.75,1.75,Y,F,1,0
accommodate,28,Y_C,7.0,color,feet,Y,C,6.75,0.25,0.25,Y,C,1,1
accommodate,122,G_F,7.0,color,feet,G,C,7.75,-0.75,0.75,G,F,1,0
accommodate,122,G_C,9.0,color,feet,G,C,7.75,1.25,1.25,G,C,1,1
accommodate,122,Y_C,3.0,color,feet,G,C,3.25,-0.25,0.25,Y,C,0,1
accommodate,122,Y_F,3.0,color,feet,G,C,1.75,1.25,1.25,Y,F,0,0
accommodate,110,G_C,8.0,color,feet,G,F,8.5,-0.5,0.5,G,C,1,0
accommodate,110,G_F,9.0,color,feet,G,F,8.75,0.25,0.25,G,F,1,1
accommodate,110,Y_F,5.0,color,feet,G,F,5.0,0.0,0.0,Y,F,0,1
accommodate,110,Y_C,4.0,color,feet,G,F,4.25,-0.25,0.25,Y,C,0,0
accommodate,171,G_C,7.0,feet,color,G,F,3.75,3.25,3.25,G,C,1,0
accommodate,171,G_F,5.0,feet,color,G,F,7.25,-2.25,2.25,G,F,1,1
accommodate,171,Y_F,6.0,feet,color,G,F,6.5,-0.5,0.5,Y,F,0,1
accommodate,171,Y_C,7.0,feet,color,G,F,3.0,4.0,4.0,Y,C,0,0
accommodate,172,G_F,6.0,color,feet,Y,F,3.75,2.25,2.25,G,F,0,1
accommodate,172,Y_C,5.0,color,feet,Y,F,6.5,-1.5,1.5,Y,C,1,0
accommodate,172,G_C,5.0,color,feet,Y,F,2.25,2.75,2.75,G,C,0,0
accommodate,172,Y_F,8.0,color,feet,Y,F,8.5,-0.5,0.5,Y,F,1,1
accommodate,78,G_F,9.0,color,feet,G,F,8.25,0.75,0.75,G,F,1,1
accommodate,78,Y_C,3.0,color,feet,G,F,2.5,0.5,0.5,Y,C,0,0
accommodate,78,G_C,6.0,color,feet,G,F,6.5,-0.5,0.5,G,C,1,0
accommodate,78,Y_F,3.0,color,feet,G,F,4.0,-1.0,1.0,Y,F,0,1
accommodate,17,G_F,5.0,feet,color,G,C,5.0,0.0,0.0,G,F,1,0
accommodate,17,G_C,7.0,feet,color,G,C,6.0,1.0,1.0,G,C,1,1
accommodate,17,Y_C,6.0,feet,color,G,C,6.0,0.0,0.0,Y,C,0,1
accommodate,17,Y_F,5.0,feet,color,G,C,3.5,1.5,1.5,Y,F,0,0
accommodate,52,G_C,4.0,color,feet,Y,C,3.75,0.25,0.25,G,C,0,1
accommodate,52,Y_F,6.0,color,feet,Y,C,7.0,-1.0,1.0,Y,F,1,0
accommodate,52,G_F,2.0,color,feet,Y,C,2.25,-0.25,0.25,G,F,0,0
accommodate,52,Y_C,8.0,color,feet,Y,C,7.0,1.0,1.0,Y,C,1,1
accommodate,24,Y_F,5.0,color,feet,Y,C,6.0,-1.0,1.0,Y,F,1,0
accommodate,24,G_C,7.0,color,feet,Y,C,2.5,4.5,4.5,G,C,0,1
accommodate,24,G_F,1.0,color,feet,Y,C,4.0,-3.0,3.0,G,F,0,0
accommodate,24,Y_C,8.0,color,feet,Y,C,8.5,-0.5,0.5,Y,C,1,1
accommodate,16,G_C,4.0,color,feet,Y,C,4.0,0.0,0.0,G,C,0,1
accommodate,16,Y_F,9.0,color,feet,Y,C,7.75,1.25,1.25,Y,F,1,0
accommodate,16,G_F,2.0,color,feet,Y,C,2.75,-0.75,0.75,G,F,0,0
accommodate,16,Y_C,7.0,color,feet,Y,C,7.5,-0.5,0.5,Y,C,1,1
accommodate,187,Y_C,4.0,feet,color,Y,F,4.75,-0.75,0.75,Y,C,1,0
accommodate,187,Y_F,9.0,feet,color,Y,F,8.25,0.75,0.75,Y,F,1,1
accommodate,187,G_C,4.0,feet,color,Y,F,3.25,0.75,0.75,G,C,0,0
accommodate,187,G_F,9.0,feet,color,Y,F,7.5,1.5,1.5,G,F,0,1
accommodate,114,Y_C,6.0,color,feet,G,F,4.5,1.5,1.5,Y,C,0,0
accommodate,114,Y_F,3.0,color,feet,G,F,3.75,-0.75,0.75,Y,F,0,1
accommodate,114,G_F,7.0,color,feet,G,F,8.5,-1.5,1.5,G,F,1,1
accommodate,114,G_C,6.0,color,feet,G,F,5.25,0.75,0.75,G,C,1,0
accommodate,219,Y_F,6.0,feet,color,Y,F,7.75,-1.75,1.75,Y,F,1,1
accommodate,219,G_F,8.0,feet,color,Y,F,7.0,1.0,1.0,G,F,0,1
accommodate,219,G_C,5.0,feet,color,Y,F,3.0,2.0,2.0,G,C,0,0
accommodate,219,Y_C,3.0,feet,color,Y,F,3.5,-0.5,0.5,Y,C,1,0
accommodate,145,G_F,7.0,feet,color,G,C,5.25,1.75,1.75,G,F,1,0
accommodate,145,Y_F,3.0,feet,color,G,C,3.0,0.0,0.0,Y,F,0,0
accommodate,145,Y_C,8.0,feet,color,G,C,8.25,-0.25,0.25,Y,C,0,1
accommodate,145,G_C,9.0,feet,color,G,C,7.25,1.75,1.75,G,C,1,1
accommodate,210,Y_F,4.0,color,feet,G,F,5.25,-1.25,1.25,Y,F,0,1
accommodate,210,G_F,8.0,color,feet,G,F,8.75,-0.75,0.75,G,F,1,1
accommodate,210,G_C,6.0,color,feet,G,F,7.75,-1.75,1.75,G,C,1,0
accommodate,210,Y_C,2.0,color,feet,G,F,1.75,0.25,0.25,Y,C,0,0
accommodate,88,G_C,4.0,color,feet,Y,C,4.0,0.0,0.0,G,C,0,1
accommodate,88,Y_C,8.0,color,feet,Y,C,7.5,0.5,0.5,Y,C,1,1
accommodate,88,G_F,5.0,color,feet,Y,C,4.25,0.75,0.75,G,F,0,0
accommodate,88,Y_F,7.0,color,feet,Y,C,5.75,1.25,1.25,Y,F,1,0
accommodate,96,G_F,2.0,color,feet,Y,C,2.25,-0.25,0.25,G,F,0,0
accommodate,96,Y_C,9.0,color,feet,Y,C,6.25,2.75,2.75,Y,C,1,1
accommodate,96,G_C,4.0,color,feet,Y,C,4.5,-0.5,0.5,G,C,0,1
accommodate,96,Y_F,7.0,color,feet,Y,C,5.25,1.75,1.75,Y,F,1,0
accommodate,108,Y_C,9.0,color,feet,Y,C,9.75,-0.75,0.75,Y,C,1,1
accommodate,108,G_F,4.0,color,feet,Y,C,3.25,0.75,0.75,G,F,0,0
accommodate,108,Y_F,7.0,color,feet,Y,C,7.5,-0.5,0.5,Y,F,1,0
accommodate,108,G_C,2.0,color,feet,Y,C,4.0,-2.0,2.0,G,C,0,1
accommodate,65,G_C,8.0,feet,color,Y,C,7.25,0.75,0.75,G,C,0,1
accommodate,65,G_F,4.0,feet,color,Y,C,3.75,0.25,0.25,G,F,0,0
accommodate,65,Y_C,8.0,feet,color,Y,C,7.5,0.5,0.5,Y,C,1,1
accommodate,65,Y_F,4.0,feet,color,Y,C,5.25,-1.25,1.25,Y,F,1,0
accommodate,153,Y_F,5.0,feet,color,G,C,3.75,1.25,1.25,Y,F,0,0
accommodate,153,Y_C,8.0,feet,color,G,C,7.25,0.75,0.75,Y,C,0,1
accommodate,153,G_F,6.0,feet,color,G,C,3.5,2.5,2.5,G,F,1,0
accommodate,153,G_C,7.0,feet,color,G,C,8.75,-1.75,1.75,G,C,1,1
accommodate,36,G_F,5.0,color,feet,Y,C,3.25,1.75,1.75,G,F,0,0
accommodate,36,Y_C,10.0,color,feet,Y,C,8.5,1.5,1.5,Y,C,1,1
accommodate,36,Y_F,7.0,color,feet,Y,C,7.25,-0.25,0.25,Y,F,1,0
accommodate,36,G_C,8.0,color,feet,Y,C,4.0,4.0,4.0,G,C,0,1
accommodate,29,G_F,6.0,feet,color,Y,C,3.25,2.75,2.75,G,F,0,0
accommodate,29,Y_C,5.0,feet,color,Y,C,6.75,-1.75,1.75,Y,C,1,1
accommodate,29,Y_F,3.0,feet,color,Y,C,4.75,-1.75,1.75,Y,F,1,0
accommodate,29,G_C,9.0,feet,color,Y,C,7.0,2.0,2.0,G,C,0,1
accommodate,14,G_C,7.0,color,feet,G,C,8.5,-1.5,1.5,G,C,1,1
accommodate,14,Y_F,3.0,color,feet,G,C,3.0,0.0,0.0,Y,F,0,0
accommodate,14,G_F,8.0,color,feet,G,C,7.25,0.75,0.75,G,F,1,0
accommodate,14,Y_C,4.0,color,feet,G,C,3.75,0.25,0.25,Y,C,0,1
accommodate,95,Y_C,8.0,feet,color,Y,F,4.25,3.75,3.75,Y,C,1,0
accommodate,95,G_F,8.0,feet,color,Y,F,6.5,1.5,1.5,G,F,0,1
accommodate,95,G_C,3.0,feet,color,Y,F,3.0,0.0,0.0,G,C,0,0
accommodate,95,Y_F,7.0,feet,color,Y,F,7.0,0.0,0.0,Y,F,1,1
accommodate,69,G_C,9.0,feet,color,Y,C,8.5,0.5,0.5,G,C,0,1
accommodate,69,Y_C,9.0,feet,color,Y,C,8.75,0.25,0.25,Y,C,1,1
accommodate,69,Y_F,6.0,feet,color,Y,C,3.5,2.5,2.5,Y,F,1,0
accommodate,69,G_F,4.0,feet,color,Y,C,2.0,2.0,2.0,G,F,0,0
accommodate,93,Y_F,5.0,feet,color,Y,C,3.5,1.5,1.5,Y,F,1,0
accommodate,93,G_F,4.0,feet,color,Y,C,3.25,0.75,0.75,G,F,0,0
accommodate,93,G_C,7.0,feet,color,Y,C,6.25,0.75,0.75,G,C,0,1
accommodate,93,Y_C,8.0,feet,color,Y,C,7.75,0.25,0.25,Y,C,1,1
accommodate,94,Y_C,5.0,color,feet,G,C,4.0,1.0,1.0,Y,C,0,1
accommodate,94,Y_F,8.0,color,feet,G,C,4.5,3.5,3.5,Y,F,0,0
accommodate,94,G_F,9.0,color,feet,G,C,7.5,1.5,1.5,G,F,1,0
accommodate,94,G_C,9.0,color,feet,G,C,9.0,0.0,0.0,G,C,1,1
accommodate,9,G_C,4.0,feet,color,Y,C,7.0,-3.0,3.0,G,C,0,1
accommodate,9,Y_C,9.0,feet,color,Y,C,7.25,1.75,1.75,Y,C,1,1
accommodate,9,G_F,2.0,feet,color,Y,C,2.0,0.0,0.0,G,F,0,0
accommodate,9,Y_F,3.0,feet,color,Y,C,2.75,0.25,0.25,Y,F,1,0
accommodate,22,G_F,6.0,color,feet,G,F,7.0,-1.0,1.0,G,F,1,1
accommodate,22,G_C,10.0,color,feet,G,F,6.25,3.75,3.75,G,C,1,0
accommodate,22,Y_F,4.0,color,feet,G,F,3.25,0.75,0.75,Y,F,0,1
accommodate,22,Y_C,1.0,color,feet,G,F,2.75,-1.75,1.75,Y,C,0,0
accommodate,62,G_C,8.0,color,feet,G,C,7.75,0.25,0.25,G,C,1,1
accommodate,62,G_F,4.0,color,feet,G,C,6.5,-2.5,2.5,G,F,1,0
accommodate,62,Y_F,3.0,color,feet,G,C,4.25,-1.25,1.25,Y,F,0,0
accommodate,62,Y_C,8.0,color,feet,G,C,4.25,3.75,3.75,Y,C,0,1
accommodate,46,G_C,4.0,color,feet,G,C,7.5,-3.5,3.5,G,C,1,1
accommodate,46,Y_C,5.0,color,feet,G,C,3.75,1.25,1.25,Y,C,0,1
accommodate,46,Y_F,5.0,color,feet,G,C,3.25,1.75,1.75,Y,F,0,0
accommodate,46,G_F,8.0,color,feet,G,C,7.0,1.0,1.0,G,F,1,0
accommodate,132,Y_C,8.0,color,feet,Y,C,7.25,0.75,0.75,Y,C,1,1
accommodate,132,G_C,4.0,color,feet,Y,C,4.25,-0.25,0.25,G,C,0,1
accommodate,132,G_F,2.0,color,feet,Y,C,3.25,-1.25,1.25,G,F,0,0
accommodate,132,Y_F,7.0,color,feet,Y,C,7.0,0.0,0.0,Y,F,1,0
accommodate,215,Y_C,7.0,feet,color,G,F,4.25,2.75,2.75,Y,C,0,0
accommodate,215,G_C,4.0,feet,color,G,F,5.25,-1.25,1.25,G,C,1,0
accommodate,215,G_F,5.0,feet,color,G,F,7.75,-2.75,2.75,G,F,1,1
accommodate,215,Y_F,8.0,feet,color,G,F,6.75,1.25,1.25,Y,F,0,1
accommodate,131,G_C,4.0,feet,color,Y,F,3.0,1.0,1.0,G,C,0,0
accommodate,131,Y_F,7.0,feet,color,Y,F,7.5,-0.5,0.5,Y,F,1,1
accommodate,131,G_F,4.0,feet,color,Y,F,6.5,-2.5,2.5,G,F,0,1
accommodate,131,Y_C,7.0,feet,color,Y,F,3.75,3.25,3.25,Y,C,1,0
accommodate,89,Y_F,3.0,feet,color,G,C,2.0,1.0,1.0,Y,F,0,0
accommodate,89,G_F,3.0,feet,color,G,C,3.5,-0.5,0.5,G,F,1,0
accommodate,89,G_C,8.0,feet,color,G,C,8.25,-0.25,0.25,G,C,1,1
accommodate,89,Y_C,9.0,feet,color,G,C,7.5,1.5,1.5,Y,C,0,1
accommodate,173,Y_F,6.0,feet,color,G,C,3.25,2.75,2.75,Y,F,0,0
accommodate,173,Y_C,4.0,feet,color,G,C,6.5,-2.5,2.5,Y,C,0,1
accommodate,173,G_C,9.0,feet,color,G,C,8.75,0.25,0.25,G,C,1,1
accommodate,173,G_F,3.0,feet,color,G,C,2.75,0.25,0.25,G,F,1,0
accommodate,87,G_C,3.0,feet,color,Y,F,4.75,-1.75,1.75,G,C,0,0
accommodate,87,G_F,4.0,feet,color,Y,F,7.0,-3.0,3.0,G,F,0,1
accommodate,87,Y_F,7.0,feet,color,Y,F,8.5,-1.5,1.5,Y,F,1,1
accommodate,87,Y_C,8.0,feet,color,Y,F,4.5,3.5,3.5,Y,C,1,0
accommodate,127,G_F,4.0,feet,color,Y,F,6.75,-2.75,2.75,G,F,0,1
accommodate,127,Y_C,8.0,feet,color,Y,F,4.5,3.5,3.5,Y,C,1,0
accommodate,127,G_C,3.0,feet,color,Y,F,3.25,-0.25,0.25,G,C,0,0
accommodate,127,Y_F,7.0,feet,color,Y,F,8.25,-1.25,1.25,Y,F,1,1
accommodate,156,Y_F,6.0,color,feet,Y,C,7.75,-1.75,1.75,Y,F,1,0
accommodate,156,G_C,4.0,color,feet,Y,C,4.0,0.0,0.0,G,C,0,1
accommodate,156,Y_C,9.0,color,feet,Y,C,7.5,1.5,1.5,Y,C,1,1
accommodate,156,G_F,3.0,color,feet,Y,C,2.0,1.0,1.0,G,F,0,0
accommodate,111,G_C,5.0,feet,color,Y,F,1.25,3.75,3.75,G,C,0,0
accommodate,111,Y_C,7.0,feet,color,Y,F,3.75,3.25,3.25,Y,C,1,0
accommodate,111,Y_F,6.0,feet,color,Y,F,8.0,-2.0,2.0,Y,F,1,1
accommodate,111,G_F,8.0,feet,color,Y,F,7.5,0.5,0.5,G,F,0,1
accommodate,149,Y_C,10.0,feet,color,Y,C,9.25,0.75,0.75,Y,C,1,1
accommodate,149,G_C,7.0,feet,color,Y,C,7.5,-0.5,0.5,G,C,0,1
accommodate,149,Y_F,3.0,feet,color,Y,C,3.25,-0.25,0.25,Y,F,1,0
accommodate,149,G_F,1.0,feet,color,Y,C,2.75,-1.75,1.75,G,F,0,0
accommodate,83,Y_C,1.0,feet,color,G,F,2.0,-1.0,1.0,Y,C,0,0
accommodate,83,Y_F,4.0,feet,color,G,F,7.0,-3.0,3.0,Y,F,0,1
accommodate,83,G_F,10.0,feet,color,G,F,8.0,2.0,2.0,G,F,1,1
accommodate,83,G_C,4.0,feet,color,G,F,4.25,-0.25,0.25,G,C,1,0
accommodate,142,Y_F,4.0,color,feet,G,F,2.75,1.25,1.25,Y,F,0,1
accommodate,142,G_F,9.0,color,feet,G,F,8.5,0.5,0.5,G,F,1,1
accommodate,142,Y_C,2.0,color,feet,G,F,2.75,-0.75,0.75,Y,C,0,0
accommodate,142,G_C,7.0,color,feet,G,F,7.0,0.0,0.0,G,C,1,0
accommodate,134,Y_F,3.0,color,feet,G,F,3.0,0.0,0.0,Y,F,0,1
accommodate,134,G_C,6.0,color,feet,G,F,6.75,-0.75,0.75,G,C,1,0
accommodate,134,Y_C,2.0,color,feet,G,F,2.25,-0.25,0.25,Y,C,0,0
accommodate,134,G_F,9.0,color,feet,G,F,7.75,1.25,1.25,G,F,1,1
accommodate,73,G_F,7.0,feet,color,G,C,6.0,1.0,1.0,G,F,1,0
accommodate,73,Y_F,4.0,feet,color,G,C,4.25,-0.25,0.25,Y,F,0,0
accommodate,73,Y_C,6.0,feet,color,G,C,6.5,-0.5,0.5,Y,C,0,1
accommodate,73,G_C,8.0,feet,color,G,C,7.5,0.5,0.5,G,C,1,1
accommodate,1,Y_F,2.0,feet,color,Y,C,2.5,-0.5,0.5,Y,F,1,0
accommodate,1,G_F,3.0,feet,color,Y,C,2.5,0.5,0.5,G,F,0,0
accommodate,1,G_C,6.0,feet,color,Y,C,6.75,-0.75,0.75,G,C,0,1
accommodate,1,Y_C,9.0,feet,color,Y,C,7.75,1.25,1.25,Y,C,1,1
accommodate,174,Y_F,2.0,color,feet,G,F,2.75,-0.75,0.75,Y,F,0,1
accommodate,174,G_F,8.0,color,feet,G,F,8.25,-0.25,0.25,G,F,1,1
accommodate,174,G_C,9.0,color,feet,G,F,6.25,2.75,2.75,G,C,1,0
accommodate,174,Y_C,3.0,color,feet,G,F,3.75,-0.75,0.75,Y,C,0,0
accommodate,47,Y_F,6.0,feet,color,G,F,7.0,-1.0,1.0,Y,F,0,1
accommodate,47,G_C,7.0,feet,color,G,F,4.75,2.25,2.25,G,C,1,0
accommodate,47,G_F,8.0,feet,color,G,F,8.5,-0.5,0.5,G,F,1,1
accommodate,47,Y_C,3.0,feet,color,G,F,3.25,-0.25,0.25,Y,C,0,0
accommodate,179,G_F,6.0,feet,color,Y,F,6.5,-0.5,0.5,G,F,0,1
accommodate,179,G_C,5.0,feet,color,Y,F,4.0,1.0,1.0,G,C,0,0
accommodate,179,Y_C,8.0,feet,color,Y,F,3.5,4.5,4.5,Y,C,1,0
accommodate,179,Y_F,8.0,feet,color,Y,F,9.0,-1.0,1.0,Y,F,1,1
accommodate,54,G_F,7.0,color,feet,G,C,5.75,1.25,1.25,G,F,1,0
accommodate,54,Y_C,5.0,color,feet,G,C,4.0,1.0,1.0,Y,C,0,1
accommodate,54,G_C,6.0,color,feet,G,C,6.5,-0.5,0.5,G,C,1,1
accommodate,54,Y_F,4.0,color,feet,G,C,3.75,0.25,0.25,Y,F,0,0
accommodate,167,G_C,6.0,feet,color,Y,F,3.0,3.0,3.0,G,C,0,0
accommodate,167,G_F,5.0,feet,color,Y,F,6.5,-1.5,1.5,G,F,0,1
accommodate,167,Y_F,8.0,feet,color,Y,F,7.75,0.25,0.25,Y,F,1,1
accommodate,167,Y_C,9.0,feet,color,Y,F,3.75,5.25,5.25,Y,C,1,0
accommodate,27,G_F,4.0,feet,color,G,F,6.75,-2.75,2.75,G,F,1,1
accommodate,27,G_C,8.0,feet,color,G,F,5.5,2.5,2.5,G,C,1,0
accommodate,27,Y_F,7.0,feet,color,G,F,6.75,0.25,0.25,Y,F,0,1
accommodate,27,Y_C,6.0,feet,color,G,F,4.5,1.5,1.5,Y,C,0,0
accommodate,92,G_F,4.0,color,feet,Y,F,3.5,0.5,0.5,G,F,0,1
accommodate,92,Y_F,6.0,color,feet,Y,F,6.75,-0.75,0.75,Y,F,1,1
accommodate,92,Y_C,6.0,color,feet,Y,F,7.25,-1.25,1.25,Y,C,1,0
accommodate,92,G_C,7.0,color,feet,Y,F,1.75,5.25,5.25,G,C,0,0
accommodate,169,Y_F,5.0,feet,color,G,C,4.75,0.25,0.25,Y,F,0,0
accommodate,169,G_C,8.0,feet,color,G,C,9.0,-1.0,1.0,G,C,1,1
accommodate,169,G_F,3.0,feet,color,G,C,5.0,-2.0,2.0,G,F,1,0
accommodate,169,Y_C,9.0,feet,color,G,C,6.5,2.5,2.5,Y,C,0,1
accommodate,59,G_C,8.0,feet,color,G,F,5.0,3.0,3.0,G,C,1,0
accommodate,59,Y_F,5.0,feet,color,G,F,6.75,-1.75,1.75,Y,F,0,1
accommodate,59,Y_C,7.0,feet,color,G,F,4.25,2.75,2.75,Y,C,0,0
accommodate,59,G_F,6.0,feet,color,G,F,7.75,-1.75,1.75,G,F,1,1
accommodate,20,G_C,4.0,color,feet,Y,C,4.25,-0.25,0.25,G,C,0,1
accommodate,20,Y_F,9.0,color,feet,Y,C,8.25,0.75,0.75,Y,F,1,0
accommodate,20,G_F,2.0,color,feet,Y,C,2.75,-0.75,0.75,G,F,0,0
accommodate,20,Y_C,7.0,color,feet,Y,C,7.75,-0.75,0.75,Y,C,1,1
accommodate,205,Y_F,7.0,feet,color,G,C,3.25,3.75,3.75,Y,F,0,0
accommodate,205,Y_C,9.0,feet,color,G,C,6.75,2.25,2.25,Y,C,0,1
accommodate,205,G_F,4.0,feet,color,G,C,3.0,1.0,1.0,G,F,1,0
accommodate,205,G_C,1.0,feet,color,G,C,8.5,-7.5,7.5,G,C,1,1
accommodate,164,G_C,5.0,color,feet,Y,C,6.25,-1.25,1.25,G,C,0,1
accommodate,164,Y_C,8.0,color,feet,Y,C,7.5,0.5,0.5,Y,C,1,1
accommodate,164,Y_F,4.0,color,feet,Y,C,8.75,-4.75,4.75,Y,F,1,0
accommodate,164,G_F,3.0,color,feet,Y,C,3.5,-0.5,0.5,G,F,0,0
accommodate,141,G_F,3.0,feet,color,Y,C,2.75,0.25,0.25,G,F,0,0
accommodate,141,Y_F,8.0,feet,color,Y,C,4.25,3.75,3.75,Y,F,1,0
accommodate,141,Y_C,9.0,feet,color,Y,C,8.5,0.5,0.5,Y,C,1,1
accommodate,141,G_C,2.0,feet,color,Y,C,7.75,-5.75,5.75,G,C,0,1
accommodate,106,G_C,8.0,color,feet,G,C,7.0,1.0,1.0,G,C,1,1
accommodate,106,Y_C,7.0,color,feet,G,C,5.5,1.5,1.5,Y,C,0,1
accommodate,106,G_F,6.0,color,feet,G,C,7.25,-1.25,1.25,G,F,1,0
accommodate,106,Y_F,4.0,color,feet,G,C,3.5,0.5,0.5,Y,F,0,0
accommodate,190,Y_F,5.0,color,feet,G,C,4.25,0.75,0.75,Y,F,0,0
accommodate,190,Y_C,5.0,color,feet,G,C,4.25,0.75,0.75,Y,C,0,1
accommodate,190,G_C,7.0,color,feet,G,C,8.5,-1.5,1.5,G,C,1,1
accommodate,190,G_F,7.0,color,feet,G,C,6.25,0.75,0.75,G,F,1,0
accommodate,155,G_C,5.0,feet,color,Y,F,3.0,2.0,2.0,G,C,0,0
accommodate,155,Y_C,8.0,feet,color,Y,F,3.75,4.25,4.25,Y,C,1,0
accommodate,155,Y_F,7.0,feet,color,Y,F,8.0,-1.0,1.0,Y,F,1,1
accommodate,155,G_F,6.0,feet,color,Y,F,7.75,-1.75,1.75,G,F,0,1
accommodate,135,Y_F,3.0,feet,color,G,F,6.25,-3.25,3.25,Y,F,0,1
accommodate,135,Y_C,9.0,feet,color,G,F,3.0,6.0,6.0,Y,C,0,0
accommodate,135,G_F,5.0,feet,color,G,F,6.0,-1.0,1.0,G,F,1,1
accommodate,135,G_C,8.0,feet,color,G,F,4.5,3.5,3.5,G,C,1,0
accommodate,181,G_C,9.0,feet,color,G,C,9.5,-0.5,0.5,G,C,1,1
accommodate,181,Y_C,6.0,feet,color,G,C,6.25,-0.25,0.25,Y,C,0,1
accommodate,181,G_F,8.0,feet,color,G,C,4.25,3.75,3.75,G,F,1,0
accommodate,181,Y_F,3.0,feet,color,G,C,2.75,0.25,0.25,Y,F,0,0
accommodate,103,Y_C,4.0,feet,color,Y,F,3.5,0.5,0.5,Y,C,1,0
accommodate,103,Y_F,8.0,feet,color,Y,F,7.25,0.75,0.75,Y,F,1,1
accommodate,103,G_C,2.0,feet,color,Y,F,2.25,-0.25,0.25,G,C,0,0
accommodate,103,G_F,6.0,feet,color,Y,F,7.0,-1.0,1.0,G,F,0,1
accommodate,8,Y_C,7.0,color,feet,Y,F,7.25,-0.25,0.25,Y,C,1,0
accommodate,8,G_F,4.0,color,feet,Y,F,5.75,-1.75,1.75,G,F,0,1
accommodate,8,G_C,7.0,color,feet,Y,F,3.75,3.25,3.25,G,C,0,0
accommodate,8,Y_F,10.0,color,feet,Y,F,8.5,1.5,1.5,Y,F,1,1
accommodate,143,Y_F,10.0,feet,color,Y,F,8.75,1.25,1.25,Y,F,1,1
accommodate,143,G_F,7.0,feet,color,Y,F,7.25,-0.25,0.25,G,F,0,1
accommodate,143,G_C,4.0,feet,color,Y,F,4.75,-0.75,0.75,G,C,0,0
accommodate,143,Y_C,8.0,feet,color,Y,F,4.75,3.25,3.25,Y,C,1,0
accommodate,207,G_C,7.0,feet,color,G,F,3.75,3.25,3.25,G,C,1,0
accommodate,207,Y_F,3.0,feet,color,G,F,5.0,-2.0,2.0,Y,F,0,1
accommodate,207,G_F,7.0,feet,color,G,F,7.0,0.0,0.0,G,F,1,1
accommodate,207,Y_C,3.0,feet,color,G,F,4.0,-1.0,1.0,Y,C,0,0
accommodate,13,Y_C,10.0,feet,color,Y,C,9.5,0.5,0.5,Y,C,1,1
accommodate,13,Y_F,4.0,feet,color,Y,C,5.0,-1.0,1.0,Y,F,1,0
accommodate,13,G_F,3.0,feet,color,Y,C,4.25,-1.25,1.25,G,F,0,0
accommodate,13,G_C,8.0,feet,color,Y,C,8.25,-0.25,0.25,G,C,0,1
accommodate,125,G_C,7.0,feet,color,G,C,8.5,-1.5,1.5,G,C,1,1
accommodate,125,G_F,2.0,feet,color,G,C,3.5,-1.5,1.5,G,F,1,0
accommodate,125,Y_F,5.0,feet,color,G,C,3.25,1.75,1.75,Y,F,0,0
accommodate,125,Y_C,9.0,feet,color,G,C,7.5,1.5,1.5,Y,C,0,1
accommodate,200,Y_C,6.0,color,feet,Y,C,8.0,-2.0,2.0,Y,C,1,1
accommodate,200,G_F,4.0,color,feet,Y,C,5.0,-1.0,1.0,G,F,0,0
accommodate,200,Y_F,6.0,color,feet,Y,C,7.0,-1.0,1.0,Y,F,1,0
accommodate,200,G_C,5.0,color,feet,Y,C,5.25,-0.25,0.25,G,C,0,1
accommodate,34,G_C,5.0,color,feet,G,C,7.0,-2.0,2.0,G,C,1,1
accommodate,34,G_F,3.0,color,feet,G,C,7.25,-4.25,4.25,G,F,1,0
accommodate,34,Y_F,5.0,color,feet,G,C,3.0,2.0,2.0,Y,F,0,0
accommodate,34,Y_C,3.0,color,feet,G,C,4.25,-1.25,1.25,Y,C,0,1
accommodate,21,G_F,4.0,feet,color,G,C,4.0,0.0,0.0,G,F,1,0
accommodate,21,Y_C,2.0,feet,color,G,C,7.0,-5.0,5.0,Y,C,0,1
accommodate,21,Y_F,4.0,feet,color,G,C,3.75,0.25,0.25,Y,F,0,0
accommodate,21,G_C,8.0,feet,color,G,C,7.75,0.25,0.25,G,C,1,1
accommodate,26,Y_C,1.0,color,feet,G,F,3.25,-2.25,2.25,Y,C,0,0
accommodate,26,Y_F,2.0,color,feet,G,F,3.5,-1.5,1.5,Y,F,0,1
accommodate,26,G_F,10.0,color,feet,G,F,8.75,1.25,1.25,G,F,1,1
accommodate,26,G_C,5.0,color,feet,G,F,6.5,-1.5,1.5,G,C,1,0
accommodate,150,G_C,8.0,color,feet,G,C,8.5,-0.5,0.5,G,C,1,1
accommodate,150,Y_F,2.0,color,feet,G,C,3.5,-1.5,1.5,Y,F,0,0
accommodate,150,G_F,8.0,color,feet,G,C,7.5,0.5,0.5,G,F,1,0
accommodate,150,Y_C,3.0,color,feet,G,C,3.75,-0.75,0.75,Y,C,0,1
accommodate,119,Y_F,7.0,feet,color,G,F,7.0,0.0,0.0,Y,F,0,1
accommodate,119,Y_C,8.0,feet,color,G,F,3.75,4.25,4.25,Y,C,0,0
accommodate,119,G_C,9.0,feet,color,G,F,4.25,4.75,4.75,G,C,1,0
accommodate,119,G_F,8.0,feet,color,G,F,7.75,0.25,0.25,G,F,1,1
accommodate,56,Y_F,6.0,color,feet,Y,F,7.25,-1.25,1.25,Y,F,1,1
accommodate,56,G_C,4.0,color,feet,Y,F,3.5,0.5,0.5,G,C,0,0
accommodate,56,G_F,2.0,color,feet,Y,F,5.0,-3.0,3.0,G,F,0,1
accommodate,56,Y_C,9.0,color,feet,Y,F,7.0,2.0,2.0,Y,C,1,0
accommodate,82,G_C,7.0,color,feet,G,C,8.75,-1.75,1.75,G,C,1,1
accommodate,82,Y_C,4.0,color,feet,G,C,2.25,1.75,1.75,Y,C,0,1
accommodate,82,Y_F,7.0,color,feet,G,C,2.5,4.5,4.5,Y,F,0,0
accommodate,82,G_F,7.0,color,feet,G,C,7.25,-0.25,0.25,G,F,1,0
accommodate,121,G_F,3.0,feet,color,Y,C,2.75,0.25,0.25,G,F,0,0
accommodate,121,Y_C,9.0,feet,color,Y,C,7.75,1.25,1.25,Y,C,1,1
accommodate,121,G_C,6.0,feet,color,Y,C,6.0,0.0,0.0,G,C,0,1
accommodate,121,Y_F,4.0,feet,color,Y,C,5.0,-1.0,1.0,Y,F,1,0
accommodate,11,G_C,5.0,feet,color,G,F,4.0,1.0,1.0,G,C,1,0
accommodate,11,G_F,8.0,feet,color,G,F,7.5,0.5,0.5,G,F,1,1
accommodate,11,Y_F,9.0,feet,color,G,F,6.25,2.75,2.75,Y,F,0,1
accommodate,11,Y_C,3.0,feet,color,G,F,4.25,-1.25,1.25,Y,C,0,0
accommodate,137,G_F,3.0,feet,color,G,C,4.0,-1.0,1.0,G,F,1,0
accommodate,137,Y_C,9.0,feet,color,G,C,8.25,0.75,0.75,Y,C,0,1
accommodate,137,Y_F,3.0,feet,color,G,C,2.75,0.25,0.25,Y,F,0,0
accommodate,137,G_C,9.0,feet,color,G,C,8.25,0.75,0.75,G,C,1,1
accommodate,58,G_C,3.0,color,feet,G,F,4.5,-1.5,1.5,G,C,1,0
accommodate,58,Y_C,1.0,color,feet,G,F,2.75,-1.75,1.75,Y,C,0,0
accommodate,58,G_F,10.0,color,feet,G,F,7.75,2.25,2.25,G,F,1,1
accommodate,58,Y_F,5.0,color,feet,G,F,5.5,-0.5,0.5,Y,F,0,1
accommodate,178,G_F,8.0,color,feet,G,F,8.75,-0.75,0.75,G,F,1,1
accommodate,178,Y_F,3.0,color,feet,G,F,2.75,0.25,0.25,Y,F,0,1
accommodate,178,G_C,6.0,color,feet,G,F,6.25,-0.25,0.25,G,C,1,0
accommodate,178,Y_C,4.0,color,feet,G,F,4.0,0.0,0.0,Y,C,0,0
accommodate,177,G_C,9.0,feet,color,Y,C,8.25,0.75,0.75,G,C,0,1
accommodate,177,G_F,5.0,feet,color,Y,C,4.0,1.0,1.0,G,F,0,0
accommodate,177,Y_F,3.0,feet,color,Y,C,4.25,-1.25,1.25,Y,F,1,0
accommodate,177,Y_C,7.0,feet,color,Y,C,9.0,-2.0,2.0,Y,C,1,1
accommodate,139,G_C,9.0,feet,color,Y,F,2.75,6.25,6.25,G,C,0,0
accommodate,139,Y_F,3.0,feet,color,Y,F,7.75,-4.75,4.75,Y,F,1,1
accommodate,139,G_F,5.0,feet,color,Y,F,7.25,-2.25,2.25,G,F,0,1
accommodate,139,Y_C,7.0,feet,color,Y,F,4.5,2.5,2.5,Y,C,1,0
accommodate,81,G_F,3.0,feet,color,Y,C,3.5,-0.5,0.5,G,F,0,0
accommodate,81,Y_F,5.0,feet,color,Y,C,3.5,1.5,1.5,Y,F,1,0
accommodate,81,Y_C,8.0,feet,color,Y,C,8.25,-0.25,0.25,Y,C,1,1
accommodate,81,G_C,8.0,feet,color,Y,C,7.0,1.0,1.0,G,C,0,1
accommodate,48,G_C,6.0,color,feet,Y,C,5.0,1.0,1.0,G,C,0,1
accommodate,48,Y_F,7.0,color,feet,Y,C,8.75,-1.75,1.75,Y,F,1,0
accommodate,48,Y_C,8.0,color,feet,Y,C,7.5,0.5,0.5,Y,C,1,1
accommodate,48,G_F,3.0,color,feet,Y,C,2.5,0.5,0.5,G,F,0,0
accommodate,31,Y_C,4.0,feet,color,G,F,3.0,1.0,1.0,Y,C,0,0
accommodate,31,Y_F,9.0,feet,color,G,F,7.5,1.5,1.5,Y,F,0,1
accommodate,31,G_F,9.0,feet,color,G,F,9.25,-0.25,0.25,G,F,1,1
accommodate,31,G_C,3.0,feet,color,G,F,3.25,-0.25,0.25,G,C,1,0
accommodate,2,G_F,8.0,color,feet,G,F,7.5,0.5,0.5,G,F,1,1
accommodate,2,Y_C,3.0,color,feet,G,F,3.0,0.0,0.0,Y,C,0,0
accommodate,2,Y_F,4.0,color,feet,G,F,3.5,0.5,0.5,Y,F,0,1
accommodate,2,G_C,7.0,color,feet,G,F,6.75,0.25,0.25,G,C,1,0
accommodate,49,G_C,3.0,feet,color,Y,C,6.5,-3.5,3.5,G,C,0,1
accommodate,49,G_F,8.0,feet,color,Y,C,3.5,4.5,4.5,G,F,0,0
accommodate,49,Y_F,7.0,feet,color,Y,C,3.5,3.5,3.5,Y,F,1,0
accommodate,49,Y_C,4.0,feet,color,Y,C,8.5,-4.5,4.5,Y,C,1,1
accommodate,197,G_C,7.0,feet,color,G,C,8.0,-1.0,1.0,G,C,1,1
accommodate,197,G_F,4.0,feet,color,G,C,3.0,1.0,1.0,G,F,1,0
accommodate,197,Y_F,3.0,feet,color,G,C,3.25,-0.25,0.25,Y,F,0,0
accommodate,197,Y_C,8.0,feet,color,G,C,5.75,2.25,2.25,Y,C,0,1
accommodate,55,Y_C,3.0,feet,color,G,F,2.75,0.25,0.25,Y,C,0,0
accommodate,55,G_F,8.0,feet,color,G,F,8.75,-0.75,0.75,G,F,1,1
accommodate,55,G_C,4.0,feet,color,G,F,4.25,-0.25,0.25,G,C,1,0
accommodate,55,Y_F,6.0,feet,color,G,F,7.0,-1.0,1.0,Y,F,0,1
accommodate,193,Y_C,8.0,feet,color,G,C,6.75,1.25,1.25,Y,C,0,1
accommodate,193,G_C,9.0,feet,color,G,C,7.75,1.25,1.25,G,C,1,1
accommodate,193,Y_F,4.0,feet,color,G,C,4.0,0.0,0.0,Y,F,0,0
accommodate,193,G_F,6.0,feet,color,G,C,5.75,0.25,0.25,G,F,1,0
accommodate,195,Y_F,7.0,feet,color,G,F,5.5,1.5,1.5,Y,F,0,1
accommodate,195,G_C,3.0,feet,color,G,F,4.25,-1.25,1.25,G,C,1,0
accommodate,195,Y_C,3.0,feet,color,G,F,3.5,-0.5,0.5,Y,C,0,0
accommodate,195,G_F,9.0,feet,color,G,F,9.0,0.0,0.0,G,F,1,1
accommodate,32,Y_C,5.0,color,feet,Y,F,6.5,-1.5,1.5,Y,C,1,0
accommodate,32,G_C,2.0,color,feet,Y,F,3.5,-1.5,1.5,G,C,0,0
accommodate,32,Y_F,9.0,color,feet,Y,F,8.5,0.5,0.5,Y,F,1,1
accommodate,32,G_F,6.0,color,feet,Y,F,4.25,1.75,1.75,G,F,0,1
accommodate,198,Y_C,5.0,color,feet,G,F,4.0,1.0,1.0,Y,C,0,0
accommodate,198,G_C,8.0,color,feet,G,F,7.25,0.75,0.75,G,C,1,0
accommodate,198,G_F,10.0,color,feet,G,F,8.25,1.75,1.75,G,F,1,1
accommodate,198,Y_F,3.0,color,feet,G,F,4.5,-1.5,1.5,Y,F,0,1
accommodate,86,Y_C,5.0,color,feet,G,C,4.0,1.0,1.0,Y,C,0,1
accommodate,86,G_C,7.0,color,feet,G,C,8.5,-1.5,1.5,G,C,1,1
accommodate,86,G_F,8.0,color,feet,G,C,7.75,0.25,0.25,G,F,1,0
accommodate,86,Y_F,3.0,color,feet,G,C,3.0,0.0,0.0,Y,F,0,0
accommodate,166,Y_F,4.0,color,feet,G,F,3.75,0.25,0.25,Y,F,0,1
accommodate,166,G_C,9.0,color,feet,G,F,7.0,2.0,2.0,G,C,1,0
accommodate,166,G_F,10.0,color,feet,G,F,7.5,2.5,2.5,G,F,1,1
accommodate,166,Y_C,2.0,color,feet,G,F,2.0,0.0,0.0,Y,C,0,0
accommodate,7,G_F,8.0,feet,color,G,F,7.5,0.5,0.5,G,F,1,1
accommodate,7,Y_F,7.0,feet,color,G,F,6.5,0.5,0.5,Y,F,0,1
accommodate,7,G_C,5.0,feet,color,G,F,4.0,1.0,1.0,G,C,1,0
accommodate,7,Y_C,4.0,feet,color,G,F,3.75,0.25,0.25,Y,C,0,0
accommodate,15,Y_C,7.0,feet,color,Y,F,4.0,3.0,3.0,Y,C,1,0
accommodate,15,G_F,7.0,feet,color,Y,F,7.25,-0.25,0.25,G,F,0,1
accommodate,15,G_C,5.0,feet,color,Y,F,2.5,2.5,2.5,G,C,0,0
accommodate,15,Y_F,6.0,feet,color,Y,F,8.25,-2.25,2.25,Y,F,1,1
accommodate,99,Y_F,6.0,feet,color,Y,F,7.5,-1.5,1.5,Y,F,1,1
accommodate,99,Y_C,2.0,feet,color,Y,F,3.75,-1.75,1.75,Y,C,1,0
accommodate,99,G_C,2.0,feet,color,Y,F,2.5,-0.5,0.5,G,C,0,0
accommodate,99,G_F,8.0,feet,color,Y,F,7.5,0.5,0.5,G,F,0,1
accommodate,192,G_C,3.0,color,feet,Y,F,2.75,0.25,0.25,G,C,0,0
accommodate,192,G_F,4.0,color,feet,Y,F,3.5,0.5,0.5,G,F,0,1
accommodate,192,Y_C,6.0,color,feet,Y,F,6.75,-0.75,0.75,Y,C,1,0
accommodate,192,Y_F,7.0,color,feet,Y,F,8.25,-1.25,1.25,Y,F,1,1
accommodate,202,G_F,8.0,color,feet,G,C,6.25,1.75,1.75,G,F,1,0
accommodate,202,G_C,4.0,color,feet,G,C,6.25,-2.25,2.25,G,C,1,1
accommodate,202,Y_C,9.0,color,feet,G,C,4.0,5.0,5.0,Y,C,0,1
accommodate,202,Y_F,4.0,color,feet,G,C,1.75,2.25,2.25,Y,F,0,0
accommodate,194,Y_C,6.0,color,feet,G,F,4.0,2.0,2.0,Y,C,0,0
accommodate,194,G_F,8.0,color,feet,G,F,8.5,-0.5,0.5,G,F,1,1
accommodate,194,G_C,10.0,color,feet,G,F,6.5,3.5,3.5,G,C,1,0
accommodate,194,Y_F,3.0,color,feet,G,F,3.0,0.0,0.0,Y,F,0,1
accommodate,152,G_C,5.0,color,feet,Y,C,2.75,2.25,2.25,G,C,0,1
accommodate,152,Y_F,9.0,color,feet,Y,C,5.75,3.25,3.25,Y,F,1,0
accommodate,152,G_F,3.0,color,feet,Y,C,3.75,-0.75,0.75,G,F,0,0
accommodate,152,Y_C,3.0,color,feet,Y,C,8.25,-5.25,5.25,Y,C,1,1
accommodate,118,Y_C,1.0,color,feet,G,C,3.5,-2.5,2.5,Y,C,0,1
accommodate,118,Y_F,4.0,color,feet,G,C,3.25,0.75,0.75,Y,F,0,0
accommodate,118,G_F,7.0,color,feet,G,C,6.25,0.75,0.75,G,F,1,0
accommodate,118,G_C,9.0,color,feet,G,C,8.0,1.0,1.0,G,C,1,1
accommodate,70,G_C,8.0,color,feet,G,C,8.75,-0.75,0.75,G,C,1,1
accommodate,70,G_F,10.0,color,feet,G,C,8.5,1.5,1.5,G,F,1,0
accommodate,70,Y_C,4.0,color,feet,G,C,4.0,0.0,0.0,Y,C,0,1
accommodate,70,Y_F,4.0,color,feet,G,C,3.25,0.75,0.75,Y,F,0,0
accommodate,19,G_C,3.0,feet,color,G,F,4.25,-1.25,1.25,G,C,1,0
accommodate,19,Y_C,2.0,feet,color,G,F,2.0,0.0,0.0,Y,C,0,0
accommodate,19,G_F,9.0,feet,color,G,F,7.75,1.25,1.25,G,F,1,1
accommodate,19,Y_F,3.0,feet,color,G,F,6.75,-3.75,3.75,Y,F,0,1
accommodate,218,G_C,7.0,color,feet,G,C,8.75,-1.75,1.75,G,C,1,1
accommodate,218,Y_C,3.0,color,feet,G,C,3.75,-0.75,0.75,Y,C,0,1
accommodate,218,G_F,8.0,color,feet,G,C,6.5,1.5,1.5,G,F,1,0
accommodate,218,Y_F,4.0,color,feet,G,C,2.5,1.5,1.5,Y,F,0,0
accommodate,76,G_F,5.0,color,feet,Y,F,4.75,0.25,0.25,G,F,0,1
accommodate,76,G_C,4.0,color,feet,Y,F,4.5,-0.5,0.5,G,C,0,0
accommodate,76,Y_F,8.0,color,feet,Y,F,7.5,0.5,0.5,Y,F,1,1
accommodate,76,Y_C,10.0,color,feet,Y,F,6.75,3.25,3.25,Y,C,1,0
accommodate,162,Y_F,8.0,color,feet,G,F,5.75,2.25,2.25,Y,F,0,1
accommodate,162,G_F,7.0,color,feet,G,F,6.75,0.25,0.25,G,F,1,1
accommodate,162,Y_C,3.0,color,feet,G,F,3.25,-0.25,0.25,Y,C,0,0
accommodate,162,G_C,3.0,color,feet,G,F,6.0,-3.0,3.0,G,C,1,0
accommodate,217,G_F,4.0,feet,color,G,C,3.25,0.75,0.75,G,F,1,0
accommodate,217,Y_F,6.0,feet,color,G,C,3.75,2.25,2.25,Y,F,0,0
accommodate,217,Y_C,8.0,feet,color,G,C,6.0,2.0,2.0,Y,C,0,1
accommodate,217,G_C,5.0,feet,color,G,C,8.0,-3.0,3.0,G,C,1,1
accommodate,140,G_C,7.0,color,feet,Y,C,5.0,2.0,2.0,G,C,0,1
accommodate,140,Y_C,10.0,color,feet,Y,C,7.25,2.75,2.75,Y,C,1,1
accommodate,140,Y_F,8.0,color,feet,Y,C,7.75,0.25,0.25,Y,F,1,0
accommodate,140,G_F,5.0,color,feet,Y,C,3.25,1.75,1.75,G,F,0,0
accommodate,168,Y_C,9.0,color,feet,Y,C,8.75,0.25,0.25,Y,C,1,1
accommodate,168,G_C,5.0,color,feet,Y,C,2.75,2.25,2.25,G,C,0,1
accommodate,168,Y_F,8.0,color,feet,Y,C,7.25,0.75,0.75,Y,F,1,0
accommodate,168,G_F,3.0,color,feet,Y,C,3.25,-0.25,0.25,G,F,0,0
accommodate,129,G_C,7.0,feet,color,Y,C,7.25,-0.25,0.25,G,C,0,1
accommodate,129,Y_C,8.0,feet,color,Y,C,7.75,0.25,0.25,Y,C,1,1
accommodate,129,G_F,5.0,feet,color,Y,C,3.25,1.75,1.75,G,F,0,0
accommodate,129,Y_F,2.0,feet,color,Y,C,5.5,-3.5,3.5,Y,F,1,0
accommodate,130,G_C,8.0,color,feet,G,C,8.75,-0.75,0.75,G,C,1,1
accommodate,130,Y_F,3.0,color,feet,G,C,3.75,-0.75,0.75,Y,F,0,0
accommodate,130,G_F,7.0,color,feet,G,C,7.25,-0.25,0.25,G,F,1,0
accommodate,130,Y_C,4.0,color,feet,G,C,3.75,0.25,0.25,Y,C,0,1
accommodate,5,G_C,8.0,feet,color,Y,C,8.25,-0.25,0.25,G,C,0,1
accommodate,5,G_F,2.0,feet,color,Y,C,2.75,-0.75,0.75,G,F,0,0
accommodate,5,Y_C,7.0,feet,color,Y,C,8.5,-1.5,1.5,Y,C,1,1
accommodate,5,Y_F,2.0,feet,color,Y,C,3.5,-1.5,1.5,Y,F,1,0
accommodate,158,G_F,9.0,color,feet,G,F,7.5,1.5,1.5,G,F,1,1
accommodate,158,Y_C,2.0,color,feet,G,F,1.25,0.75,0.75,Y,C,0,0
accommodate,158,G_C,6.0,color,feet,G,F,6.5,-0.5,0.5,G,C,1,0
accommodate,158,Y_F,4.0,color,feet,G,F,4.75,-0.75,0.75,Y,F,0,1
accommodate,191,Y_C,3.0,feet,color,G,F,3.25,-0.25,0.25,Y,C,0,0
accommodate,191,G_F,8.0,feet,color,G,F,6.5,1.5,1.5,G,F,1,1
accommodate,191,G_C,5.0,feet,color,G,F,5.5,-0.5,0.5,G,C,1,0
accommodate,191,Y_F,6.0,feet,color,G,F,6.75,-0.75,0.75,Y,F,0,1
accommodate,44,G_F,8.0,color,feet,Y,F,4.5,3.5,3.5,G,F,0,1
accommodate,44,G_C,3.0,color,feet,Y,F,4.0,-1.0,1.0,G,C,0,0
accommodate,44,Y_C,2.0,color,feet,Y,F,6.25,-4.25,4.25,Y,C,1,0
accommodate,44,Y_F,6.0,color,feet,Y,F,6.75,-0.75,0.75,Y,F,1,1
accommodate,43,Y_C,8.0,feet,color,G,F,3.75,4.25,4.25,Y,C,0,0
accommodate,43,G_C,6.0,feet,color,G,F,4.75,1.25,1.25,G,C,1,0
accommodate,43,G_F,5.0,feet,color,G,F,6.75,-1.75,1.75,G,F,1,1
accommodate,43,Y_F,4.0,feet,color,G,F,5.75,-1.75,1.75,Y,F,0,1
accommodate,107,Y_F,5.0,feet,color,G,F,6.5,-1.5,1.5,Y,F,0,1
accommodate,107,G_F,7.0,feet,color,G,F,8.5,-1.5,1.5,G,F,1,1
accommodate,107,Y_C,3.0,feet,color,G,F,3.0,0.0,0.0,Y,C,0,0
accommodate,107,G_C,5.0,feet,color,G,F,2.75,2.25,2.25,G,C,1,0
accommodate,189,Y_C,6.0,feet,color,G,C,6.5,-0.5,0.5,Y,C,0,1
accommodate,189,Y_F,2.0,feet,color,G,C,3.25,-1.25,1.25,Y,F,0,0
accommodate,189,G_C,10.0,feet,color,G,C,9.25,0.75,0.75,G,C,1,1
accommodate,189,G_F,4.0,feet,color,G,C,3.5,0.5,0.5,G,F,1,0
accommodate,98,G_C,8.0,color,feet,G,C,7.5,0.5,0.5,G,C,1,1
accommodate,98,G_F,6.0,color,feet,G,C,4.0,2.0,2.0,G,F,1,0
accommodate,98,Y_F,2.0,color,feet,G,C,3.5,-1.5,1.5,Y,F,0,0
accommodate,98,Y_C,4.0,color,feet,G,C,3.75,0.25,0.25,Y,C,0,1
accommodate,185,Y_F,2.0,feet,color,G,C,1.5,0.5,0.5,Y,F,0,0
accommodate,185,Y_C,9.0,feet,color,G,C,8.5,0.5,0.5,Y,C,0,1
accommodate,185,G_C,7.0,feet,color,G,C,7.25,-0.25,0.25,G,C,1,1
accommodate,185,G_F,3.0,feet,color,G,C,5.25,-2.25,2.25,G,F,1,0
accommodate,37,G_C,8.0,feet,color,G,C,9.25,-1.25,1.25,G,C,1,1
accommodate,37,G_F,4.0,feet,color,G,C,3.5,0.5,0.5,G,F,1,0
accommodate,37,Y_C,10.0,feet,color,G,C,6.75,3.25,3.25,Y,C,0,1
accommodate,37,Y_F,3.0,feet,color,G,C,4.5,-1.5,1.5,Y,F,0,0
accommodate,213,Y_F,6.0,feet,color,G,C,3.25,2.75,2.75,Y,F,0,0
accommodate,213,Y_C,9.0,feet,color,G,C,7.5,1.5,1.5,Y,C,0,1
accommodate,213,G_C,4.0,feet,color,G,C,8.0,-4.0,4.0,G,C,1,1
accommodate,213,G_F,8.0,feet,color,G,C,3.75,4.25,4.25,G,F,1,0
accommodate,138,Y_F,2.0,color,feet,G,F,2.75,-0.75,0.75,Y,F,0,1
accommodate,138,G_F,6.0,color,feet,G,F,6.5,-0.5,0.5,G,F,1,1
accommodate,138,G_C,8.0,color,feet,G,F,6.75,1.25,1.25,G,C,1,0
accommodate,138,Y_C,3.0,color,feet,G,F,1.25,1.75,1.75,Y,C,0,0
accommodate,120,G_F,2.0,color,feet,Y,F,4.25,-2.25,2.25,G,F,0,1
accommodate,120,G_C,4.0,color,feet,Y,F,2.75,1.25,1.25,G,C,0,0
accommodate,120,Y_C,6.0,color,feet,Y,F,6.5,-0.5,0.5,Y,C,1,0
accommodate,120,Y_F,8.0,color,feet,Y,F,7.75,0.25,0.25,Y,F,1,1
accommodate,4,G_F,3.0,color,feet,Y,F,5.5,-2.5,2.5,G,F,0,1
accommodate,4,Y_C,8.0,color,feet,Y,F,7.0,1.0,1.0,Y,C,1,0
accommodate,4,G_C,6.0,color,feet,Y,F,3.75,2.25,2.25,G,C,0,0
accommodate,4,Y_F,6.0,color,feet,Y,F,7.75,-1.75,1.75,Y,F,1,1
accommodate,154,Y_F,5.0,color,feet,G,F,3.25,1.75,1.75,Y,F,0,1
accommodate,154,Y_C,2.0,color,feet,G,F,3.0,-1.0,1.0,Y,C,0,0
accommodate,154,G_F,5.0,color,feet,G,F,7.0,-2.0,2.0,G,F,1,1
accommodate,154,G_C,9.0,color,feet,G,F,6.25,2.75,2.75,G,C,1,0
accommodate,63,G_C,5.0,feet,color,G,F,4.25,0.75,0.75,G,C,1,0
accommodate,63,Y_F,6.0,feet,color,G,F,6.25,-0.25,0.25,Y,F,0,1
accommodate,63,G_F,8.0,feet,color,G,F,7.25,0.75,0.75,G,F,1,1
accommodate,63,Y_C,2.0,feet,color,G,F,4.25,-2.25,2.25,Y,C,0,0
accommodate,199,G_C,6.0,feet,color,G,F,4.5,1.5,1.5,G,C,1,0
accommodate,199,G_F,4.0,feet,color,G,F,7.75,-3.75,3.75,G,F,1,1
accommodate,199,Y_F,9.0,feet,color,G,F,6.75,2.25,2.25,Y,F,0,1
accommodate,199,Y_C,7.0,feet,color,G,F,3.75,3.25,3.25,Y,C,0,0
accommodate,216,Y_C,8.0,color,feet,Y,C,7.25,0.75,0.75,Y,C,1,1
accommodate,216,G_F,6.0,color,feet,Y,C,3.5,2.5,2.5,G,F,0,0
accommodate,216,G_C,5.0,color,feet,Y,C,5.75,-0.75,0.75,G,C,0,1
accommodate,216,Y_F,7.0,color,feet,Y,C,7.0,0.0,0.0,Y,F,1,0
accommodate,38,G_F,9.0,color,feet,G,F,7.5,1.5,1.5,G,F,1,1
accommodate,38,G_C,8.0,color,feet,G,F,8.0,0.0,0.0,G,C,1,0
accommodate,38,Y_C,3.0,color,feet,G,F,1.75,1.25,1.25,Y,C,0,0
accommodate,38,Y_F,1.0,color,feet,G,F,4.25,-3.25,3.25,Y,F,0,1
accommodate,214,Y_C,4.0,color,feet,G,F,3.5,0.5,0.5,Y,C,0,0
accommodate,214,G_F,7.0,color,feet,G,F,8.5,-1.5,1.5,G,F,1,1
accommodate,214,G_C,10.0,color,feet,G,F,8.25,1.75,1.75,G,C,1,0
accommodate,214,Y_F,3.0,color,feet,G,F,4.5,-1.5,1.5,Y,F,0,1
accommodate,146,G_C,5.0,color,feet,G,F,5.5,-0.5,0.5,G,C,1,0
accommodate,146,G_F,6.0,color,feet,G,F,7.25,-1.25,1.25,G,F,1,1
accommodate,146,Y_C,4.0,color,feet,G,F,2.75,1.25,1.25,Y,C,0,0
accommodate,146,Y_F,2.0,color,feet,G,F,3.5,-1.5,1.5,Y,F,0,1
accommodate,188,G_F,2.0,color,feet,Y,C,3.75,-1.75,1.75,G,F,0,0
accommodate,188,Y_F,6.0,color,feet,Y,C,5.5,0.5,0.5,Y,F,1,0
accommodate,188,Y_C,10.0,color,feet,Y,C,9.0,1.0,1.0,Y,C,1,1
accommodate,188,G_C,6.0,color,feet,Y,C,2.75,3.25,3.25,G,C,0,1
accommodate,104,Y_C,7.0,color,feet,Y,C,7.75,-0.75,0.75,Y,C,1,1
accommodate,104,G_C,5.0,color,feet,Y,C,3.25,1.75,1.75,G,C,0,1
accommodate,104,G_F,3.0,color,feet,Y,C,3.25,-0.25,0.25,G,F,0,0
accommodate,104,Y_F,7.0,color,feet,Y,C,6.25,0.75,0.75,Y,F,1,0
accommodate,204,Y_C,10.0,color,feet,Y,C,8.5,1.5,1.5,Y,C,1,1
accommodate,204,Y_F,8.0,color,feet,Y,C,7.75,0.25,0.25,Y,F,1,0
accommodate,204,G_C,4.0,color,feet,Y,C,3.25,0.75,0.75,G,C,0,1
accommodate,204,G_F,1.0,color,feet,Y,C,1.75,-0.75,0.75,G,F,0,0
predict,197,G_C,6.0,feet,color,G,C,8.0,-2.0,2.0,G,C,1,1
predict,197,G_F,2.0,feet,color,G,C,3.0,-1.0,1.0,G,F,1,0
predict,197,Y_F,4.0,feet,color,G,C,3.25,0.75,0.75,Y,F,0,0
predict,197,Y_C,8.0,feet,color,G,C,5.75,2.25,2.25,Y,C,0,1
predict,170,G_C,6.0,color,feet,G,F,6.25,-0.25,0.25,G,C,1,0
predict,170,Y_C,2.0,color,feet,G,F,2.5,-0.5,0.5,Y,C,0,0
predict,170,Y_F,8.0,color,feet,G,F,3.75,4.25,4.25,Y,F,0,1
predict,170,G_F,7.0,color,feet,G,F,7.25,-0.25,0.25,G,F,1,1
predict,75,Y_C,8.0,feet,color,Y,F,4.5,3.5,3.5,Y,C,1,0
predict,75,Y_F,4.0,feet,color,Y,F,8.25,-4.25,4.25,Y,F,1,1
predict,75,G_C,8.0,feet,color,Y,F,2.5,5.5,5.5,G,C,0,0
predict,75,G_F,4.0,feet,color,Y,F,7.75,-3.75,3.75,G,F,0,1
predict,8,Y_C,4.0,color,feet,Y,F,7.25,-3.25,3.25,Y,C,1,0
predict,8,G_F,3.0,color,feet,Y,F,5.75,-2.75,2.75,G,F,0,1
predict,8,G_C,7.0,color,feet,Y,F,3.75,3.25,3.25,G,C,0,0
predict,8,Y_F,9.0,color,feet,Y,F,8.5,0.5,0.5,Y,F,1,1
predict,34,G_C,7.0,color,feet,G,C,7.0,0.0,0.0,G,C,1,1
predict,34,G_F,5.0,color,feet,G,C,7.25,-2.25,2.25,G,F,1,0
predict,34,Y_F,3.0,color,feet,G,C,3.0,0.0,0.0,Y,F,0,0
predict,34,Y_C,5.0,color,feet,G,C,4.25,0.75,0.75,Y,C,0,1
predict,38,G_F,8.0,color,feet,G,F,7.5,0.5,0.5,G,F,1,1
predict,38,G_C,8.0,color,feet,G,F,8.0,0.0,0.0,G,C,1,0
predict,38,Y_C,3.0,color,feet,G,F,1.75,1.25,1.25,Y,C,0,0
predict,38,Y_F,5.0,color,feet,G,F,4.25,0.75,0.75,Y,F,0,1
predict,196,G_F,4.0,color,feet,Y,C,3.5,0.5,0.5,G,F,0,0
predict,196,G_C,8.0,color,feet,Y,C,5.25,2.75,2.75,G,C,0,1
predict,196,Y_F,8.0,color,feet,Y,C,7.75,0.25,0.25,Y,F,1,0
predict,196,Y_C,4.0,color,feet,Y,C,7.25,-3.25,3.25,Y,C,1,1
predict,79,Y_C,3.0,feet,color,Y,F,2.5,0.5,0.5,Y,C,1,0
predict,79,Y_F,9.0,feet,color,Y,F,9.5,-0.5,0.5,Y,F,1,1
predict,79,G_F,8.0,feet,color,Y,F,7.0,1.0,1.0,G,F,0,1
predict,79,G_C,4.0,feet,color,Y,F,2.75,1.25,1.25,G,C,0,0
predict,28,G_F,7.0,color,feet,Y,C,2.75,4.25,4.25,G,F,0,0
predict,28,G_C,4.0,color,feet,Y,C,4.0,0.0,0.0,G,C,0,1
predict,28,Y_F,8.0,color,feet,Y,C,6.25,1.75,1.75,Y,F,1,0
predict,28,Y_C,6.0,color,feet,Y,C,6.75,-0.75,0.75,Y,C,1,1
predict,23,G_F,8.0,feet,color,Y,F,7.5,0.5,0.5,G,F,0,1
predict,23,G_C,4.0,feet,color,Y,F,2.75,1.25,1.25,G,C,0,0
predict,23,Y_F,8.0,feet,color,Y,F,8.0,0.0,0.0,Y,F,1,1
predict,23,Y_C,3.0,feet,color,Y,F,4.0,-1.0,1.0,Y,C,1,0
predict,72,G_F,1.0,color,feet,Y,C,2.5,-1.5,1.5,G,F,0,0
predict,72,Y_C,7.0,color,feet,Y,C,7.5,-0.5,0.5,Y,C,1,1
predict,72,Y_F,6.0,color,feet,Y,C,7.0,-1.0,1.0,Y,F,1,0
predict,72,G_C,5.0,color,feet,Y,C,3.75,1.25,1.25,G,C,0,1
predict,130,G_C,7.0,color,feet,G,C,8.75,-1.75,1.75,G,C,1,1
predict,130,Y_F,1.0,color,feet,G,C,3.75,-2.75,2.75,Y,F,0,0
predict,130,G_F,4.0,color,feet,G,C,7.25,-3.25,3.25,G,F,1,0
predict,130,Y_C,9.0,color,feet,G,C,3.75,5.25,5.25,Y,C,0,1
predict,127,G_F,3.0,feet,color,Y,F,6.75,-3.75,3.75,G,F,0,1
predict,127,Y_C,6.0,feet,color,Y,F,4.5,1.5,1.5,Y,C,1,0
predict,127,G_C,2.0,feet,color,Y,F,3.25,-1.25,1.25,G,C,0,0
predict,127,Y_F,8.0,feet,color,Y,F,8.25,-0.25,0.25,Y,F,1,1
predict,92,G_F,3.0,color,feet,Y,F,3.5,-0.5,0.5,G,F,0,1
predict,92,Y_F,8.0,color,feet,Y,F,6.75,1.25,1.25,Y,F,1,1
predict,92,Y_C,5.0,color,feet,Y,F,7.25,-2.25,2.25,Y,C,1,0
predict,92,G_C,5.0,color,feet,Y,F,1.75,3.25,3.25,G,C,0,0
predict,176,G_C,6.0,color,feet,Y,C,5.5,0.5,0.5,G,C,0,1
predict,176,G_F,6.0,color,feet,Y,C,3.5,2.5,2.5,G,F,0,0
predict,176,Y_C,6.0,color,feet,Y,C,7.5,-1.5,1.5,Y,C,1,1
predict,176,Y_F,7.0,color,feet,Y,C,6.75,0.25,0.25,Y,F,1,0
predict,119,Y_F,8.0,feet,color,G,F,7.0,1.0,1.0,Y,F,0,1
predict,119,Y_C,5.0,feet,color,G,F,3.75,1.25,1.25,Y,C,0,0
predict,119,G_C,3.0,feet,color,G,F,4.25,-1.25,1.25,G,C,1,0
predict,119,G_F,8.0,feet,color,G,F,7.75,0.25,0.25,G,F,1,1
predict,22,G_F,6.0,color,feet,G,F,7.0,-1.0,1.0,G,F,1,1
predict,22,G_C,8.0,color,feet,G,F,6.25,1.75,1.75,G,C,1,0
predict,22,Y_F,2.0,color,feet,G,F,3.25,-1.25,1.25,Y,F,0,1
predict,22,Y_C,6.0,color,feet,G,F,2.75,3.25,3.25,Y,C,0,0
predict,125,G_C,9.0,feet,color,G,C,8.5,0.5,0.5,G,C,1,1
predict,125,G_F,4.0,feet,color,G,C,3.5,0.5,0.5,G,F,1,0
predict,125,Y_F,3.0,feet,color,G,C,3.25,-0.25,0.25,Y,F,0,0
predict,125,Y_C,9.0,feet,color,G,C,7.5,1.5,1.5,Y,C,0,1
predict,16,G_C,2.0,color,feet,Y,C,4.0,-2.0,2.0,G,C,0,1
predict,16,Y_F,8.0,color,feet,Y,C,7.75,0.25,0.25,Y,F,1,0
predict,16,G_F,2.0,color,feet,Y,C,2.75,-0.75,0.75,G,F,0,0
predict,16,Y_C,8.0,color,feet,Y,C,7.5,0.5,0.5,Y,C,1,1
predict,199,G_C,7.0,feet,color,G,F,4.5,2.5,2.5,G,C,1,0
predict,199,G_F,7.0,feet,color,G,F,7.75,-0.75,0.75,G,F,1,1
predict,199,Y_F,3.0,feet,color,G,F,6.75,-3.75,3.75,Y,F,0,1
predict,199,Y_C,3.0,feet,color,G,F,3.75,-0.75,0.75,Y,C,0,0
predict,37,G_C,6.0,feet,color,G,C,9.25,-3.25,3.25,G,C,1,1
predict,37,G_F,8.0,feet,color,G,C,3.5,4.5,4.5,G,F,1,0
predict,37,Y_C,7.0,feet,color,G,C,6.75,0.25,0.25,Y,C,0,1
predict,37,Y_F,4.0,feet,color,G,C,4.5,-0.5,0.5,Y,F,0,0
predict,67,Y_C,4.0,feet,color,G,F,3.25,0.75,0.75,Y,C,0,0
predict,67,G_F,9.0,feet,color,G,F,8.0,1.0,1.0,G,F,1,1
predict,67,G_C,4.0,feet,color,G,F,5.5,-1.5,1.5,G,C,1,0
predict,67,Y_F,7.0,feet,color,G,F,7.75,-0.75,0.75,Y,F,0,1
predict,90,Y_C,5.0,color,feet,G,F,2.75,2.25,2.25,Y,C,0,0
predict,90,G_C,8.0,color,feet,G,F,8.0,0.0,0.0,G,C,1,0
predict,90,Y_F,3.0,color,feet,G,F,4.75,-1.75,1.75,Y,F,0,1
predict,90,G_F,10.0,color,feet,G,F,7.75,2.25,2.25,G,F,1,1
predict,149,Y_C,8.0,feet,color,Y,C,9.25,-1.25,1.25,Y,C,1,1
predict,149,G_C,8.0,feet,color,Y,C,7.5,0.5,0.5,G,C,0,1
predict,149,Y_F,2.0,feet,color,Y,C,3.25,-1.25,1.25,Y,F,1,0
predict,149,G_F,3.0,feet,color,Y,C,2.75,0.25,0.25,G,F,0,0
predict,180,Y_F,10.0,color,feet,Y,F,7.5,2.5,2.5,Y,F,1,1
predict,180,G_F,3.0,color,feet,Y,F,5.5,-2.5,2.5,G,F,0,1
predict,180,G_C,2.0,color,feet,Y,F,3.0,-1.0,1.0,G,C,0,0
predict,180,Y_C,9.0,color,feet,Y,F,7.5,1.5,1.5,Y,C,1,0
predict,109,Y_F,1.0,feet,color,G,C,3.0,-2.0,2.0,Y,F,0,0
predict,109,G_F,4.0,feet,color,G,C,5.0,-1.0,1.0,G,F,1,0
predict,109,G_C,7.0,feet,color,G,C,7.0,0.0,0.0,G,C,1,1
predict,109,Y_C,4.0,feet,color,G,C,5.75,-1.75,1.75,Y,C,0,1
predict,216,Y_C,6.0,color,feet,Y,C,7.25,-1.25,1.25,Y,C,1,1
predict,216,G_F,4.0,color,feet,Y,C,3.5,0.5,0.5,G,F,0,0
predict,216,G_C,1.0,color,feet,Y,C,5.75,-4.75,4.75,G,C,0,1
predict,216,Y_F,9.0,color,feet,Y,C,7.0,2.0,2.0,Y,F,1,0
predict,110,G_C,6.0,color,feet,G,F,8.5,-2.5,2.5,G,C,1,0
predict,110,G_F,10.0,color,feet,G,F,8.75,1.25,1.25,G,F,1,1
predict,110,Y_F,8.0,color,feet,G,F,5.0,3.0,3.0,Y,F,0,1
predict,110,Y_C,10.0,color,feet,G,F,4.25,5.75,5.75,Y,C,0,0
predict,121,G_F,3.0,feet,color,Y,C,2.75,0.25,0.25,G,F,0,0
predict,121,Y_C,8.0,feet,color,Y,C,7.75,0.25,0.25,Y,C,1,1
predict,121,G_C,8.0,feet,color,Y,C,6.0,2.0,2.0,G,C,0,1
predict,121,Y_F,5.0,feet,color,Y,C,5.0,0.0,0.0,Y,F,1,0
predict,152,G_C,3.0,color,feet,Y,C,2.75,0.25,0.25,G,C,0,1
predict,152,Y_F,8.0,color,feet,Y,C,5.75,2.25,2.25,Y,F,1,0
predict,152,G_F,4.0,color,feet,Y,C,3.75,0.25,0.25,G,F,0,0
predict,152,Y_C,7.0,color,feet,Y,C,8.25,-1.25,1.25,Y,C,1,1
predict,190,Y_F,5.0,color,feet,G,C,4.25,0.75,0.75,Y,F,0,0
predict,190,Y_C,6.0,color,feet,G,C,4.25,1.75,1.75,Y,C,0,1
predict,190,G_C,6.0,color,feet,G,C,8.5,-2.5,2.5,G,C,1,1
predict,190,G_F,7.0,color,feet,G,C,6.25,0.75,0.75,G,F,1,0
predict,46,G_C,9.0,color,feet,G,C,7.5,1.5,1.5,G,C,1,1
predict,46,Y_C,4.0,color,feet,G,C,3.75,0.25,0.25,Y,C,0,1
predict,46,Y_F,3.0,color,feet,G,C,3.25,-0.25,0.25,Y,F,0,0
predict,46,G_F,8.0,color,feet,G,C,7.0,1.0,1.0,G,F,1,0
predict,124,G_C,5.0,color,feet,Y,F,3.25,1.75,1.75,G,C,0,0
predict,124,Y_F,10.0,color,feet,Y,F,8.5,1.5,1.5,Y,F,1,1
predict,124,Y_C,9.0,color,feet,Y,F,7.0,2.0,2.0,Y,C,1,0
predict,124,G_F,7.0,color,feet,Y,F,4.25,2.75,2.75,G,F,0,1
predict,113,G_C,6.0,feet,color,Y,C,8.5,-2.5,2.5,G,C,0,1
predict,113,G_F,10.0,feet,color,Y,C,2.5,7.5,7.5,G,F,0,0
predict,113,Y_F,4.0,feet,color,Y,C,4.5,-0.5,0.5,Y,F,1,0
predict,113,Y_C,10.0,feet,color,Y,C,8.0,2.0,2.0,Y,C,1,1
predict,142,Y_F,2.0,color,feet,G,F,2.75,-0.75,0.75,Y,F,0,1
predict,142,G_F,7.0,color,feet,G,F,8.5,-1.5,1.5,G,F,1,1
predict,142,Y_C,3.0,color,feet,G,F,2.75,0.25,0.25,Y,C,0,0
predict,142,G_C,8.0,color,feet,G,F,7.0,1.0,1.0,G,C,1,0
predict,189,Y_C,3.0,feet,color,G,C,6.5,-3.5,3.5,Y,C,0,1
predict,189,Y_F,7.0,feet,color,G,C,3.25,3.75,3.75,Y,F,0,0
predict,189,G_C,4.0,feet,color,G,C,9.25,-5.25,5.25,G,C,1,1
predict,189,G_F,7.0,feet,color,G,C,3.5,3.5,3.5,G,F,1,0
predict,55,Y_C,3.0,feet,color,G,F,2.75,0.25,0.25,Y,C,0,0
predict,55,G_F,8.0,feet,color,G,F,8.75,-0.75,0.75,G,F,1,1
predict,55,G_C,3.0,feet,color,G,F,4.25,-1.25,1.25,G,C,1,0
predict,55,Y_F,9.0,feet,color,G,F,7.0,2.0,2.0,Y,F,0,1
predict,93,Y_F,3.0,feet,color,Y,C,3.5,-0.5,0.5,Y,F,1,0
predict,93,G_F,6.0,feet,color,Y,C,3.25,2.75,2.75,G,F,0,0
predict,93,G_C,5.0,feet,color,Y,C,6.25,-1.25,1.25,G,C,0,1
predict,93,Y_C,8.0,feet,color,Y,C,7.75,0.25,0.25,Y,C,1,1
predict,200,Y_C,8.0,color,feet,Y,C,8.0,0.0,0.0,Y,C,1,1
predict,200,G_F,3.0,color,feet,Y,C,5.0,-2.0,2.0,G,F,0,0
predict,200,Y_F,7.0,color,feet,Y,C,7.0,0.0,0.0,Y,F,1,0
predict,200,G_C,5.0,color,feet,Y,C,5.25,-0.25,0.25,G,C,0,1
predict,178,G_F,8.0,color,feet,G,F,8.75,-0.75,0.75,G,F,1,1
predict,178,Y_F,3.0,color,feet,G,F,2.75,0.25,0.25,Y,F,0,1
predict,178,G_C,9.0,color,feet,G,F,6.25,2.75,2.75,G,C,1,0
predict,178,Y_C,2.0,color,feet,G,F,4.0,-2.0,2.0,Y,C,0,0
predict,30,Y_F,1.0,color,feet,G,C,2.0,-1.0,1.0,Y,F,0,0
predict,30,G_F,9.0,color,feet,G,C,7.5,1.5,1.5,G,F,1,0
predict,30,Y_C,3.0,color,feet,G,C,4.5,-1.5,1.5,Y,C,0,1
predict,30,G_C,9.0,color,feet,G,C,8.25,0.75,0.75,G,C,1,1
predict,181,G_C,7.0,feet,color,G,C,9.5,-2.5,2.5,G,C,1,1
predict,181,Y_C,9.0,feet,color,G,C,6.25,2.75,2.75,Y,C,0,1
predict,181,G_F,3.0,feet,color,G,C,4.25,-1.25,1.25,G,F,1,0
predict,181,Y_F,3.0,feet,color,G,C,2.75,0.25,0.25,Y,F,0,0
predict,118,Y_C,2.0,color,feet,G,C,3.5,-1.5,1.5,Y,C,0,1
predict,118,Y_F,4.0,color,feet,G,C,3.25,0.75,0.75,Y,F,0,0
predict,118,G_F,8.0,color,feet,G,C,6.25,1.75,1.75,G,F,1,0
predict,118,G_C,10.0,color,feet,G,C,8.0,2.0,2.0,G,C,1,1
predict,20,G_C,4.0,color,feet,Y,C,4.25,-0.25,0.25,G,C,0,1
predict,20,Y_F,8.0,color,feet,Y,C,8.25,-0.25,0.25,Y,F,1,0
predict,20,G_F,4.0,color,feet,Y,C,2.75,1.25,1.25,G,F,0,0
predict,20,Y_C,6.0,color,feet,Y,C,7.75,-1.75,1.75,Y,C,1,1
predict,44,G_F,8.0,color,feet,Y,F,4.5,3.5,3.5,G,F,0,1
predict,44,G_C,5.0,color,feet,Y,F,4.0,1.0,1.0,G,C,0,0
predict,44,Y_C,9.0,color,feet,Y,F,6.25,2.75,2.75,Y,C,1,0
predict,44,Y_F,4.0,color,feet,Y,F,6.75,-2.75,2.75,Y,F,1,1
predict,84,Y_F,9.0,color,feet,Y,C,8.0,1.0,1.0,Y,F,1,0
predict,84,G_C,1.0,color,feet,Y,C,3.75,-2.75,2.75,G,C,0,1
predict,84,G_F,5.0,color,feet,Y,C,1.0,4.0,4.0,G,F,0,0
predict,84,Y_C,6.0,color,feet,Y,C,8.5,-2.5,2.5,Y,C,1,1
predict,80,G_C,5.0,color,feet,Y,F,3.0,2.0,2.0,G,C,0,0
predict,80,G_F,3.0,color,feet,Y,F,4.75,-1.75,1.75,G,F,0,1
predict,80,Y_F,10.0,color,feet,Y,F,8.75,1.25,1.25,Y,F,1,1
predict,80,Y_C,9.0,color,feet,Y,F,9.25,-0.25,0.25,Y,C,1,0
predict,99,Y_F,6.0,feet,color,Y,F,7.5,-1.5,1.5,Y,F,1,1
predict,99,Y_C,4.0,feet,color,Y,F,3.75,0.25,0.25,Y,C,1,0
predict,99,G_C,8.0,feet,color,Y,F,2.5,5.5,5.5,G,C,0,0
predict,99,G_F,2.0,feet,color,Y,F,7.5,-5.5,5.5,G,F,0,1
predict,77,G_F,3.0,feet,color,Y,C,3.75,-0.75,0.75,G,F,0,0
predict,77,G_C,7.0,feet,color,Y,C,6.75,0.25,0.25,G,C,0,1
predict,77,Y_F,4.0,feet,color,Y,C,3.5,0.5,0.5,Y,F,1,0
predict,77,Y_C,7.0,feet,color,Y,C,8.0,-1.0,1.0,Y,C,1,1
predict,1,Y_F,9.0,feet,color,Y,C,2.5,6.5,6.5,Y,F,1,0
predict,1,G_F,1.0,feet,color,Y,C,2.5,-1.5,1.5,G,F,0,0
predict,1,G_C,6.0,feet,color,Y,C,6.75,-0.75,0.75,G,C,0,1
predict,1,Y_C,9.0,feet,color,Y,C,7.75,1.25,1.25,Y,C,1,1
predict,103,Y_C,1.0,feet,color,Y,F,3.5,-2.5,2.5,Y,C,1,0
predict,103,Y_F,5.0,feet,color,Y,F,7.25,-2.25,2.25,Y,F,1,1
predict,103,G_C,2.0,feet,color,Y,F,2.25,-0.25,0.25,G,C,0,0
predict,103,G_F,8.0,feet,color,Y,F,7.0,1.0,1.0,G,F,0,1
predict,195,Y_F,3.0,feet,color,G,F,5.5,-2.5,2.5,Y,F,0,1
predict,195,G_C,6.0,feet,color,G,F,4.25,1.75,1.75,G,C,1,0
predict,195,Y_C,4.0,feet,color,G,F,3.5,0.5,0.5,Y,C,0,0
predict,195,G_F,7.0,feet,color,G,F,9.0,-2.0,2.0,G,F,1,1
predict,95,Y_C,7.0,feet,color,Y,F,4.25,2.75,2.75,Y,C,1,0
predict,95,G_F,7.0,feet,color,Y,F,6.5,0.5,0.5,G,F,0,1
predict,95,G_C,4.0,feet,color,Y,F,3.0,1.0,1.0,G,C,0,0
predict,95,Y_F,5.0,feet,color,Y,F,7.0,-2.0,2.0,Y,F,1,1
predict,117,Y_C,6.0,feet,color,Y,C,8.0,-2.0,2.0,Y,C,1,1
predict,117,G_F,3.0,feet,color,Y,C,2.5,0.5,0.5,G,F,0,0
predict,117,Y_F,3.0,feet,color,Y,C,3.75,-0.75,0.75,Y,F,1,0
predict,117,G_C,7.0,feet,color,Y,C,7.0,0.0,0.0,G,C,0,1
predict,35,Y_C,7.0,feet,color,Y,F,4.75,2.25,2.25,Y,C,1,0
predict,35,G_F,5.0,feet,color,Y,F,6.75,-1.75,1.75,G,F,0,1
predict,35,Y_F,8.0,feet,color,Y,F,7.75,0.25,0.25,Y,F,1,1
predict,35,G_C,7.0,feet,color,Y,F,4.25,2.75,2.75,G,C,0,0
predict,21,G_F,5.0,feet,color,G,C,4.0,1.0,1.0,G,F,1,0
predict,21,Y_C,6.0,feet,color,G,C,7.0,-1.0,1.0,Y,C,0,1
predict,21,Y_F,4.0,feet,color,G,C,3.75,0.25,0.25,Y,F,0,0
predict,21,G_C,7.0,feet,color,G,C,7.75,-0.75,0.75,G,C,1,1
predict,63,G_C,2.0,feet,color,G,F,4.25,-2.25,2.25,G,C,1,0
predict,63,Y_F,7.0,feet,color,G,F,6.25,0.75,0.75,Y,F,0,1
predict,63,G_F,4.0,feet,color,G,F,7.25,-3.25,3.25,G,F,1,1
predict,63,Y_C,6.0,feet,color,G,F,4.25,1.75,1.75,Y,C,0,0
predict,4,G_F,5.0,color,feet,Y,F,5.5,-0.5,0.5,G,F,0,1
predict,4,Y_C,8.0,color,feet,Y,F,7.0,1.0,1.0,Y,C,1,0
predict,4,G_C,5.0,color,feet,Y,F,3.75,1.25,1.25,G,C,0,0
predict,4,Y_F,7.0,color,feet,Y,F,7.75,-0.75,0.75,Y,F,1,1
predict,6,G_C,1.0,color,feet,G,F,7.0,-6.0,6.0,G,C,1,0
predict,6,Y_F,5.0,color,feet,G,F,4.25,0.75,0.75,Y,F,0,1
predict,6,Y_C,7.0,color,feet,G,F,3.0,4.0,4.0,Y,C,0,0
predict,6,G_F,4.0,color,feet,G,F,6.75,-2.75,2.75,G,F,1,1
predict,154,Y_F,5.0,color,feet,G,F,3.25,1.75,1.75,Y,F,0,1
predict,154,Y_C,2.0,color,feet,G,F,3.0,-1.0,1.0,Y,C,0,0
predict,154,G_F,9.0,color,feet,G,F,7.0,2.0,2.0,G,F,1,1
predict,154,G_C,7.0,color,feet,G,F,6.25,0.75,0.75,G,C,1,0
predict,71,G_F,4.0,feet,color,Y,F,7.75,-3.75,3.75,G,F,0,1
predict,71,Y_F,8.0,feet,color,Y,F,7.75,0.25,0.25,Y,F,1,1
predict,71,Y_C,5.0,feet,color,Y,F,6.0,-1.0,1.0,Y,C,1,0
predict,71,G_C,8.0,feet,color,Y,F,4.0,4.0,4.0,G,C,0,0
predict,50,Y_F,5.0,color,feet,G,C,2.75,2.25,2.25,Y,F,0,0
predict,50,Y_C,1.0,color,feet,G,C,3.5,-2.5,2.5,Y,C,0,1
predict,50,G_F,9.0,color,feet,G,C,6.75,2.25,2.25,G,F,1,0
predict,50,G_C,6.0,color,feet,G,C,7.5,-1.5,1.5,G,C,1,1
predict,45,G_F,6.0,feet,color,G,C,3.5,2.5,2.5,G,F,1,0
predict,45,G_C,3.0,feet,color,G,C,8.75,-5.75,5.75,G,C,1,1
predict,45,Y_C,2.0,feet,color,G,C,6.5,-4.5,4.5,Y,C,0,1
predict,45,Y_F,7.0,feet,color,G,C,1.5,5.5,5.5,Y,F,0,0
predict,33,G_F,5.0,feet,color,Y,C,2.75,2.25,2.25,G,F,0,0
predict,33,G_C,7.0,feet,color,Y,C,6.25,0.75,0.75,G,C,0,1
predict,33,Y_C,7.0,feet,color,Y,C,7.5,-0.5,0.5,Y,C,1,1
predict,33,Y_F,1.0,feet,color,Y,C,3.75,-2.75,2.75,Y,F,1,0
predict,18,G_F,8.0,color,feet,G,F,8.25,-0.25,0.25,G,F,1,1
predict,18,Y_F,3.0,color,feet,G,F,4.25,-1.25,1.25,Y,F,0,1
predict,18,Y_C,3.0,color,feet,G,F,3.5,-0.5,0.5,Y,C,0,0
predict,18,G_C,8.0,color,feet,G,F,6.75,1.25,1.25,G,C,1,0
predict,57,G_F,4.0,feet,color,Y,C,3.5,0.5,0.5,G,F,0,0
predict,57,G_C,7.0,feet,color,Y,C,6.5,0.5,0.5,G,C,0,1
predict,57,Y_C,4.0,feet,color,Y,C,7.25,-3.25,3.25,Y,C,1,1
predict,57,Y_F,10.0,feet,color,Y,C,5.0,5.0,5.0,Y,F,1,0
predict,217,G_F,5.0,feet,color,G,C,3.25,1.75,1.75,G,F,1,0
predict,217,Y_F,3.0,feet,color,G,C,3.75,-0.75,0.75,Y,F,0,0
predict,217,Y_C,8.0,feet,color,G,C,6.0,2.0,2.0,Y,C,0,1
predict,217,G_C,9.0,feet,color,G,C,8.0,1.0,1.0,G,C,1,1
predict,214,Y_C,2.0,color,feet,G,F,3.5,-1.5,1.5,Y,C,0,0
predict,214,G_F,8.0,color,feet,G,F,8.5,-0.5,0.5,G,F,1,1
predict,214,G_C,9.0,color,feet,G,F,8.25,0.75,0.75,G,C,1,0
predict,214,Y_F,6.0,color,feet,G,F,4.5,1.5,1.5,Y,F,0,1
predict,73,G_F,6.0,feet,color,G,C,6.0,0.0,0.0,G,F,1,0
predict,73,Y_F,4.0,feet,color,G,C,4.25,-0.25,0.25,Y,F,0,0
predict,73,Y_C,5.0,feet,color,G,C,6.5,-1.5,1.5,Y,C,0,1
predict,73,G_C,6.0,feet,color,G,C,7.5,-1.5,1.5,G,C,1,1
predict,10,Y_F,6.0,color,feet,G,C,2.25,3.75,3.75,Y,F,0,0
predict,10,G_F,7.0,color,feet,G,C,7.75,-0.75,0.75,G,F,1,0
predict,10,G_C,9.0,color,feet,G,C,7.5,1.5,1.5,G,C,1,1
predict,10,Y_C,2.0,color,feet,G,C,6.0,-4.0,4.0,Y,C,0,1
predict,159,G_F,4.0,feet,color,Y,F,7.0,-3.0,3.0,G,F,0,1
predict,159,G_C,7.0,feet,color,Y,F,3.75,3.25,3.25,G,C,0,0
predict,159,Y_F,8.0,feet,color,Y,F,7.25,0.75,0.75,Y,F,1,1
predict,159,Y_C,6.0,feet,color,Y,F,4.75,1.25,1.25,Y,C,1,0
predict,78,G_F,5.0,color,feet,G,F,8.25,-3.25,3.25,G,F,1,1
predict,78,Y_C,7.0,color,feet,G,F,2.5,4.5,4.5,Y,C,0,0
predict,78,G_C,8.0,color,feet,G,F,6.5,1.5,1.5,G,C,1,0
predict,78,Y_F,5.0,color,feet,G,F,4.0,1.0,1.0,Y,F,0,1
predict,15,Y_C,2.0,feet,color,Y,F,4.0,-2.0,2.0,Y,C,1,0
predict,15,G_F,8.0,feet,color,Y,F,7.25,0.75,0.75,G,F,0,1
predict,15,G_C,2.0,feet,color,Y,F,2.5,-0.5,0.5,G,C,0,0
predict,15,Y_F,9.0,feet,color,Y,F,8.25,0.75,0.75,Y,F,1,1
predict,59,G_C,7.0,feet,color,G,F,5.0,2.0,2.0,G,C,1,0
predict,59,Y_F,4.0,feet,color,G,F,6.75,-2.75,2.75,Y,F,0,1
predict,59,Y_C,5.0,feet,color,G,F,4.25,0.75,0.75,Y,C,0,0
predict,59,G_F,8.0,feet,color,G,F,7.75,0.25,0.25,G,F,1,1
predict,139,G_C,8.0,feet,color,Y,F,2.75,5.25,5.25,G,C,0,0
predict,139,Y_F,8.0,feet,color,Y,F,7.75,0.25,0.25,Y,F,1,1
predict,139,G_F,3.0,feet,color,Y,F,7.25,-4.25,4.25,G,F,0,1
predict,139,Y_C,1.0,feet,color,Y,F,4.5,-3.5,3.5,Y,C,1,0
predict,172,G_F,2.0,color,feet,Y,F,3.75,-1.75,1.75,G,F,0,1
predict,172,Y_C,3.0,color,feet,Y,F,6.5,-3.5,3.5,Y,C,1,0
predict,172,G_C,3.0,color,feet,Y,F,2.25,0.75,0.75,G,C,0,0
predict,172,Y_F,9.0,color,feet,Y,F,8.5,0.5,0.5,Y,F,1,1
predict,191,Y_C,5.0,feet,color,G,F,3.25,1.75,1.75,Y,C,0,0
predict,191,G_F,7.0,feet,color,G,F,6.5,0.5,0.5,G,F,1,1
predict,191,G_C,9.0,feet,color,G,F,5.5,3.5,3.5,G,C,1,0
predict,191,Y_F,4.0,feet,color,G,F,6.75,-2.75,2.75,Y,F,0,1
predict,138,Y_F,2.0,color,feet,G,F,2.75,-0.75,0.75,Y,F,0,1
predict,138,G_F,6.0,color,feet,G,F,6.5,-0.5,0.5,G,F,1,1
predict,138,G_C,9.0,color,feet,G,F,6.75,2.25,2.25,G,C,1,0
predict,138,Y_C,5.0,color,feet,G,F,1.25,3.75,3.75,Y,C,0,0
predict,96,G_F,3.0,color,feet,Y,C,2.25,0.75,0.75,G,F,0,0
predict,96,Y_C,7.0,color,feet,Y,C,6.25,0.75,0.75,Y,C,1,1
predict,96,G_C,8.0,color,feet,Y,C,4.5,3.5,3.5,G,C,0,1
predict,96,Y_F,5.0,color,feet,Y,C,5.25,-0.25,0.25,Y,F,1,0
predict,122,G_F,7.0,color,feet,G,C,7.75,-0.75,0.75,G,F,1,0
predict,122,G_C,8.0,color,feet,G,C,7.75,0.25,0.25,G,C,1,1
predict,122,Y_C,3.0,color,feet,G,C,3.25,-0.25,0.25,Y,C,0,1
predict,122,Y_F,1.0,color,feet,G,C,1.75,-0.75,0.75,Y,F,0,0
predict,56,Y_F,6.0,color,feet,Y,F,7.25,-1.25,1.25,Y,F,1,1
predict,56,G_C,4.0,color,feet,Y,F,3.5,0.5,0.5,G,C,0,0
predict,56,G_F,2.0,color,feet,Y,F,5.0,-3.0,3.0,G,F,0,1
predict,56,Y_C,9.0,color,feet,Y,F,7.0,2.0,2.0,Y,C,1,0
predict,43,Y_C,4.0,feet,color,G,F,3.75,0.25,0.25,Y,C,0,0
predict,43,G_C,8.0,feet,color,G,F,4.75,3.25,3.25,G,C,1,0
predict,43,G_F,9.0,feet,color,G,F,6.75,2.25,2.25,G,F,1,1
predict,43,Y_F,5.0,feet,color,G,F,5.75,-0.75,0.75,Y,F,0,1
predict,36,G_F,3.0,color,feet,Y,C,3.25,-0.25,0.25,G,F,0,0
predict,36,Y_C,8.0,color,feet,Y,C,8.5,-0.5,0.5,Y,C,1,1
predict,36,Y_F,9.0,color,feet,Y,C,7.25,1.75,1.75,Y,F,1,0
predict,36,G_C,4.0,color,feet,Y,C,4.0,0.0,0.0,G,C,0,1
predict,13,Y_C,10.0,feet,color,Y,C,9.5,0.5,0.5,Y,C,1,1
predict,13,Y_F,6.0,feet,color,Y,C,5.0,1.0,1.0,Y,F,1,0
predict,13,G_F,2.0,feet,color,Y,C,4.25,-2.25,2.25,G,F,0,0
predict,13,G_C,8.0,feet,color,Y,C,8.25,-0.25,0.25,G,C,0,1
predict,168,Y_C,9.0,color,feet,Y,C,8.75,0.25,0.25,Y,C,1,1
predict,168,G_C,2.0,color,feet,Y,C,2.75,-0.75,0.75,G,C,0,1
predict,168,Y_F,10.0,color,feet,Y,C,7.25,2.75,2.75,Y,F,1,0
predict,168,G_F,2.0,color,feet,Y,C,3.25,-1.25,1.25,G,F,0,0
predict,89,Y_F,3.0,feet,color,G,C,2.0,1.0,1.0,Y,F,0,0
predict,89,G_F,3.0,feet,color,G,C,3.5,-0.5,0.5,G,F,1,0
predict,89,G_C,9.0,feet,color,G,C,8.25,0.75,0.75,G,C,1,1
predict,89,Y_C,6.0,feet,color,G,C,7.5,-1.5,1.5,Y,C,0,1
predict,213,Y_F,3.0,feet,color,G,C,3.25,-0.25,0.25,Y,F,0,0
predict,213,Y_C,7.0,feet,color,G,C,7.5,-0.5,0.5,Y,C,0,1
predict,213,G_C,2.0,feet,color,G,C,8.0,-6.0,6.0,G,C,1,1
predict,213,G_F,7.0,feet,color,G,C,3.75,3.25,3.25,G,F,1,0
predict,3,Y_F,6.0,feet,color,G,F,5.75,0.25,0.25,Y,F,0,1
predict,3,G_F,9.0,feet,color,G,F,8.0,1.0,1.0,G,F,1,1
predict,3,Y_C,2.0,feet,color,G,F,3.5,-1.5,1.5,Y,C,0,0
predict,3,G_C,1.0,feet,color,G,F,2.25,-1.25,1.25,G,C,1,0
predict,19,G_C,6.0,feet,color,G,F,4.25,1.75,1.75,G,C,1,0
predict,19,Y_C,8.0,feet,color,G,F,2.0,6.0,6.0,Y,C,0,0
predict,19,G_F,9.0,feet,color,G,F,7.75,1.25,1.25,G,F,1,1
predict,19,Y_F,5.0,feet,color,G,F,6.75,-1.75,1.75,Y,F,0,1
predict,169,Y_F,7.0,feet,color,G,C,4.75,2.25,2.25,Y,F,0,0
predict,169,G_C,6.0,feet,color,G,C,9.0,-3.0,3.0,G,C,1,1
predict,169,G_F,10.0,feet,color,G,C,5.0,5.0,5.0,G,F,1,0
predict,169,Y_C,6.0,feet,color,G,C,6.5,-0.5,0.5,Y,C,0,1
predict,193,Y_C,4.0,feet,color,G,C,6.75,-2.75,2.75,Y,C,0,1
predict,193,G_C,6.0,feet,color,G,C,7.75,-1.75,1.75,G,C,1,1
predict,193,Y_F,4.0,feet,color,G,C,4.0,0.0,0.0,Y,F,0,0
predict,193,G_F,6.0,feet,color,G,C,5.75,0.25,0.25,G,F,1,0
predict,115,G_C,7.0,feet,color,G,F,3.5,3.5,3.5,G,C,1,0
predict,115,Y_F,3.0,feet,color,G,F,5.5,-2.5,2.5,Y,F,0,1
predict,115,Y_C,8.0,feet,color,G,F,3.5,4.5,4.5,Y,C,0,0
predict,115,G_F,2.0,feet,color,G,F,8.0,-6.0,6.0,G,F,1,1
predict,182,G_C,8.0,color,feet,G,C,9.25,-1.25,1.25,G,C,1,1
predict,182,Y_F,3.0,color,feet,G,C,3.25,-0.25,0.25,Y,F,0,0
predict,182,Y_C,3.0,color,feet,G,C,3.0,0.0,0.0,Y,C,0,1
predict,182,G_F,8.0,color,feet,G,C,7.75,0.25,0.25,G,F,1,0
predict,207,G_C,3.0,feet,color,G,F,3.75,-0.75,0.75,G,C,1,0
predict,207,Y_F,5.0,feet,color,G,F,5.0,0.0,0.0,Y,F,0,1
predict,207,G_F,8.0,feet,color,G,F,7.0,1.0,1.0,G,F,1,1
predict,207,Y_C,3.0,feet,color,G,F,4.0,-1.0,1.0,Y,C,0,0
predict,106,G_C,5.0,color,feet,G,C,7.0,-2.0,2.0,G,C,1,1
predict,106,Y_C,4.0,color,feet,G,C,5.5,-1.5,1.5,Y,C,0,1
predict,106,G_F,7.0,color,feet,G,C,7.25,-0.25,0.25,G,F,1,0
predict,106,Y_F,6.0,color,feet,G,C,3.5,2.5,2.5,Y,F,0,0
predict,60,Y_C,10.0,color,feet,Y,C,7.5,2.5,2.5,Y,C,1,1
predict,60,G_F,3.0,color,feet,Y,C,2.75,0.25,0.25,G,F,0,0
predict,60,G_C,4.0,color,feet,Y,C,4.25,-0.25,0.25,G,C,0,1
predict,60,Y_F,8.0,color,feet,Y,C,8.0,0.0,0.0,Y,F,1,0
predict,123,Y_C,2.0,feet,color,Y,F,4.0,-2.0,2.0,Y,C,1,0
predict,123,G_F,9.0,feet,color,Y,F,7.25,1.75,1.75,G,F,0,1
predict,123,Y_F,8.0,feet,color,Y,F,8.25,-0.25,0.25,Y,F,1,1
predict,123,G_C,3.0,feet,color,Y,F,3.75,-0.75,0.75,G,C,0,0
predict,150,G_C,7.0,color,feet,G,C,8.5,-1.5,1.5,G,C,1,1
predict,150,Y_F,3.0,color,feet,G,C,3.5,-0.5,0.5,Y,F,0,0
predict,150,G_F,9.0,color,feet,G,C,7.5,1.5,1.5,G,F,1,0
predict,150,Y_C,4.0,color,feet,G,C,3.75,0.25,0.25,Y,C,0,1
predict,64,G_F,6.0,color,feet,Y,F,4.75,1.25,1.25,G,F,0,1
predict,64,Y_F,9.0,color,feet,Y,F,8.0,1.0,1.0,Y,F,1,1
predict,64,G_C,4.0,color,feet,Y,F,3.5,0.5,0.5,G,C,0,0
predict,64,Y_C,5.0,color,feet,Y,F,6.25,-1.25,1.25,Y,C,1,0
predict,179,G_F,8.0,feet,color,Y,F,6.5,1.5,1.5,G,F,0,1
predict,179,G_C,4.0,feet,color,Y,F,4.0,0.0,0.0,G,C,0,0
predict,179,Y_C,5.0,feet,color,Y,F,3.5,1.5,1.5,Y,C,1,0
predict,179,Y_F,9.0,feet,color,Y,F,9.0,0.0,0.0,Y,F,1,1
predict,211,G_F,7.0,feet,color,G,F,6.75,0.25,0.25,G,F,1,1
predict,211,Y_F,3.0,feet,color,G,F,5.5,-2.5,2.5,Y,F,0,1
predict,211,G_C,3.0,feet,color,G,F,4.0,-1.0,1.0,G,C,1,0
predict,211,Y_C,8.0,feet,color,G,F,4.25,3.75,3.75,Y,C,0,0
predict,210,Y_F,8.0,color,feet,G,F,5.25,2.75,2.75,Y,F,0,1
predict,210,G_F,7.0,color,feet,G,F,8.75,-1.75,1.75,G,F,1,1
predict,210,G_C,10.0,color,feet,G,F,7.75,2.25,2.25,G,C,1,0
predict,210,Y_C,4.0,color,feet,G,F,1.75,2.25,2.25,Y,C,0,0
predict,153,Y_F,2.0,feet,color,G,C,3.75,-1.75,1.75,Y,F,0,0
predict,153,Y_C,7.0,feet,color,G,C,7.25,-0.25,0.25,Y,C,0,1
predict,153,G_F,9.0,feet,color,G,C,3.5,5.5,5.5,G,F,1,0
predict,153,G_C,3.0,feet,color,G,C,8.75,-5.75,5.75,G,C,1,1
predict,201,G_F,6.0,feet,color,Y,C,3.5,2.5,2.5,G,F,0,0
predict,201,Y_C,6.0,feet,color,Y,C,6.25,-0.25,0.25,Y,C,1,1
predict,201,Y_F,7.0,feet,color,Y,C,6.0,1.0,1.0,Y,F,1,0
predict,201,G_C,4.0,feet,color,Y,C,6.25,-2.25,2.25,G,C,0,1
predict,148,Y_C,5.0,color,feet,Y,F,6.25,-1.25,1.25,Y,C,1,0
predict,148,Y_F,7.0,color,feet,Y,F,7.5,-0.5,0.5,Y,F,1,1
predict,148,G_F,4.0,color,feet,Y,F,3.75,0.25,0.25,G,F,0,1
predict,148,G_C,2.0,color,feet,Y,F,3.5,-1.5,1.5,G,C,0,0
predict,98,G_C,9.0,color,feet,G,C,7.5,1.5,1.5,G,C,1,1
predict,98,G_F,5.0,color,feet,G,C,4.0,1.0,1.0,G,F,1,0
predict,98,Y_F,4.0,color,feet,G,C,3.5,0.5,0.5,Y,F,0,0
predict,98,Y_C,2.0,color,feet,G,C,3.75,-1.75,1.75,Y,C,0,1
predict,83,Y_C,5.0,feet,color,G,F,2.0,3.0,3.0,Y,C,0,0
predict,83,Y_F,7.0,feet,color,G,F,7.0,0.0,0.0,Y,F,0,1
predict,83,G_F,10.0,feet,color,G,F,8.0,2.0,2.0,G,F,1,1
predict,83,G_C,5.0,feet,color,G,F,4.25,0.75,0.75,G,C,1,0
predict,166,Y_F,3.0,color,feet,G,F,3.75,-0.75,0.75,Y,F,0,1
predict,166,G_C,9.0,color,feet,G,F,7.0,2.0,2.0,G,C,1,0
predict,166,G_F,7.0,color,feet,G,F,7.5,-0.5,0.5,G,F,1,1
predict,166,Y_C,2.0,color,feet,G,F,2.0,0.0,0.0,Y,C,0,0
predict,173,Y_F,2.0,feet,color,G,C,3.25,-1.25,1.25,Y,F,0,0
predict,173,Y_C,8.0,feet,color,G,C,6.5,1.5,1.5,Y,C,0,1
predict,173,G_C,8.0,feet,color,G,C,8.75,-0.75,0.75,G,C,1,1
predict,173,G_F,3.0,feet,color,G,C,2.75,0.25,0.25,G,F,1,0
predict,144,Y_C,8.0,color,feet,Y,F,7.5,0.5,0.5,Y,C,1,0
predict,144,G_C,2.0,color,feet,Y,F,3.0,-1.0,1.0,G,C,0,0
predict,144,G_F,3.0,color,feet,Y,F,4.0,-1.0,1.0,G,F,0,1
predict,144,Y_F,7.0,color,feet,Y,F,8.25,-1.25,1.25,Y,F,1,1
predict,205,Y_F,2.0,feet,color,G,C,3.25,-1.25,1.25,Y,F,0,0
predict,205,Y_C,8.0,feet,color,G,C,6.75,1.25,1.25,Y,C,0,1
predict,205,G_F,4.0,feet,color,G,C,3.0,1.0,1.0,G,F,1,0
predict,205,G_C,10.0,feet,color,G,C,8.5,1.5,1.5,G,C,1,1
predict,202,G_F,6.0,color,feet,G,C,6.25,-0.25,0.25,G,F,1,0
predict,202,G_C,5.0,color,feet,G,C,6.25,-1.25,1.25,G,C,1,1
predict,202,Y_C,4.0,color,feet,G,C,4.0,0.0,0.0,Y,C,0,1
predict,202,Y_F,7.0,color,feet,G,C,1.75,5.25,5.25,Y,F,0,0
predict,163,Y_F,2.0,feet,color,G,F,6.25,-4.25,4.25,Y,F,0,1
predict,163,G_F,7.0,feet,color,G,F,6.25,0.75,0.75,G,F,1,1
predict,163,G_C,4.0,feet,color,G,F,4.75,-0.75,0.75,G,C,1,0
predict,163,Y_C,8.0,feet,color,G,F,2.75,5.25,5.25,Y,C,0,0
predict,104,Y_C,8.0,color,feet,Y,C,7.75,0.25,0.25,Y,C,1,1
predict,104,G_C,4.0,color,feet,Y,C,3.25,0.75,0.75,G,C,0,1
predict,104,G_F,1.0,color,feet,Y,C,3.25,-2.25,2.25,G,F,0,0
predict,104,Y_F,6.0,color,feet,Y,C,6.25,-0.25,0.25,Y,F,1,0
predict,2,G_F,8.0,color,feet,G,F,7.5,0.5,0.5,G,F,1,1
predict,2,Y_C,3.0,color,feet,G,F,3.0,0.0,0.0,Y,C,0,0
predict,2,Y_F,5.0,color,feet,G,F,3.5,1.5,1.5,Y,F,0,1
predict,2,G_C,7.0,color,feet,G,F,6.75,0.25,0.25,G,C,1,0
predict,212,Y_C,7.0,color,feet,Y,F,5.75,1.25,1.25,Y,C,1,0
predict,212,Y_F,7.0,color,feet,Y,F,8.25,-1.25,1.25,Y,F,1,1
predict,212,G_F,6.0,color,feet,Y,F,4.5,1.5,1.5,G,F,0,1
predict,212,G_C,6.0,color,feet,Y,F,5.0,1.0,1.0,G,C,0,0
predict,49,G_C,8.0,feet,color,Y,C,6.5,1.5,1.5,G,C,0,1
predict,49,G_F,2.0,feet,color,Y,C,3.5,-1.5,1.5,G,F,0,0
predict,49,Y_F,4.0,feet,color,Y,C,3.5,0.5,0.5,Y,F,1,0
predict,49,Y_C,9.0,feet,color,Y,C,8.5,0.5,0.5,Y,C,1,1
predict,206,Y_C,5.0,color,feet,G,F,3.5,1.5,1.5,Y,C,0,0
predict,206,G_F,7.0,color,feet,G,F,9.0,-2.0,2.0,G,F,1,1
predict,206,G_C,5.0,color,feet,G,F,6.75,-1.75,1.75,G,C,1,0
predict,206,Y_F,8.0,color,feet,G,F,4.25,3.75,3.75,Y,F,0,1
predict,40,Y_F,7.0,color,feet,Y,C,7.0,0.0,0.0,Y,F,1,0
predict,40,Y_C,9.0,color,feet,Y,C,8.0,1.0,1.0,Y,C,1,1
predict,40,G_C,5.0,color,feet,Y,C,4.75,0.25,0.25,G,C,0,1
predict,40,G_F,7.0,color,feet,Y,C,3.5,3.5,3.5,G,F,0,0
predict,42,G_F,7.0,color,feet,G,C,5.5,1.5,1.5,G,F,1,0
predict,42,Y_F,2.0,color,feet,G,C,2.75,-0.75,0.75,Y,F,0,0
predict,42,Y_C,7.0,color,feet,G,C,1.5,5.5,5.5,Y,C,0,1
predict,42,G_C,1.0,color,feet,G,C,9.0,-8.0,8.0,G,C,1,1
predict,167,G_C,8.0,feet,color,Y,F,3.0,5.0,5.0,G,C,0,0
predict,167,G_F,3.0,feet,color,Y,F,6.5,-3.5,3.5,G,F,0,1
predict,167,Y_F,9.0,feet,color,Y,F,7.75,1.25,1.25,Y,F,1,1
predict,167,Y_C,5.0,feet,color,Y,F,3.75,1.25,1.25,Y,C,1,0
predict,48,G_C,6.0,color,feet,Y,C,5.0,1.0,1.0,G,C,0,1
predict,48,Y_F,7.0,color,feet,Y,C,8.75,-1.75,1.75,Y,F,1,0
predict,48,Y_C,9.0,color,feet,Y,C,7.5,1.5,1.5,Y,C,1,1
predict,48,G_F,3.0,color,feet,Y,C,2.5,0.5,0.5,G,F,0,0
predict,194,Y_C,3.0,color,feet,G,F,4.0,-1.0,1.0,Y,C,0,0
predict,194,G_F,7.0,color,feet,G,F,8.5,-1.5,1.5,G,F,1,1
predict,194,G_C,8.0,color,feet,G,F,6.5,1.5,1.5,G,C,1,0
predict,194,Y_F,6.0,color,feet,G,F,3.0,3.0,3.0,Y,F,0,1
predict,61,Y_F,9.0,feet,color,Y,C,3.5,5.5,5.5,Y,F,1,0
predict,61,G_F,8.0,feet,color,Y,C,2.75,5.25,5.25,G,F,0,0
predict,61,Y_C,3.0,feet,color,Y,C,8.25,-5.25,5.25,Y,C,1,1
predict,61,G_C,1.0,feet,color,Y,C,6.75,-5.75,5.75,G,C,0,1
predict,114,Y_C,6.0,color,feet,G,F,4.5,1.5,1.5,Y,C,0,0
predict,114,Y_F,3.0,color,feet,G,F,3.75,-0.75,0.75,Y,F,0,1
predict,114,G_F,6.0,color,feet,G,F,8.5,-2.5,2.5,G,F,1,1
predict,114,G_C,8.0,color,feet,G,F,5.25,2.75,2.75,G,C,1,0
predict,70,G_C,9.0,color,feet,G,C,8.75,0.25,0.25,G,C,1,1
predict,70,G_F,9.0,color,feet,G,C,8.5,0.5,0.5,G,F,1,0
predict,70,Y_C,4.0,color,feet,G,C,4.0,0.0,0.0,Y,C,0,1
predict,70,Y_F,4.0,color,feet,G,C,3.25,0.75,0.75,Y,F,0,0
predict,160,Y_C,4.0,color,feet,Y,C,7.5,-3.5,3.5,Y,C,1,1
predict,160,G_F,5.0,color,feet,Y,C,3.0,2.0,2.0,G,F,0,0
predict,160,Y_F,4.0,color,feet,Y,C,6.75,-2.75,2.75,Y,F,1,0
predict,160,G_C,7.0,color,feet,Y,C,6.25,0.75,0.75,G,C,0,1
predict,51,Y_F,9.0,feet,color,Y,F,8.75,0.25,0.25,Y,F,1,1
predict,51,G_C,5.0,feet,color,Y,F,3.25,1.75,1.75,G,C,0,0
predict,51,G_F,8.0,feet,color,Y,F,8.75,-0.75,0.75,G,F,0,1
predict,51,Y_C,5.0,feet,color,Y,F,4.25,0.75,0.75,Y,C,1,0
predict,155,G_C,4.0,feet,color,Y,F,3.0,1.0,1.0,G,C,0,0
predict,155,Y_C,6.0,feet,color,Y,F,3.75,2.25,2.25,Y,C,1,0
predict,155,Y_F,10.0,feet,color,Y,F,8.0,2.0,2.0,Y,F,1,1
predict,155,G_F,7.0,feet,color,Y,F,7.75,-0.75,0.75,G,F,0,1
predict,91,G_C,5.0,feet,color,Y,F,2.5,2.5,2.5,G,C,0,0
predict,91,Y_C,7.0,feet,color,Y,F,4.5,2.5,2.5,Y,C,1,0
predict,91,Y_F,6.0,feet,color,Y,F,7.0,-1.0,1.0,Y,F,1,1
predict,91,G_F,3.0,feet,color,Y,F,6.25,-3.25,3.25,G,F,0,1
predict,141,G_F,1.0,feet,color,Y,C,2.75,-1.75,1.75,G,F,0,0
predict,141,Y_F,3.0,feet,color,Y,C,4.25,-1.25,1.25,Y,F,1,0
predict,141,Y_C,9.0,feet,color,Y,C,8.5,0.5,0.5,Y,C,1,1
predict,141,G_C,7.0,feet,color,Y,C,7.75,-0.75,0.75,G,C,0,1
predict,162,Y_F,3.0,color,feet,G,F,5.75,-2.75,2.75,Y,F,0,1
predict,162,G_F,6.0,color,feet,G,F,6.75,-0.75,0.75,G,F,1,1
predict,162,Y_C,5.0,color,feet,G,F,3.25,1.75,1.75,Y,C,0,0
predict,162,G_C,7.0,color,feet,G,F,6.0,1.0,1.0,G,C,1,0
predict,25,G_F,6.0,feet,color,G,C,5.0,1.0,1.0,G,F,1,0
predict,25,Y_F,6.0,feet,color,G,C,2.25,3.75,3.75,Y,F,0,0
predict,25,Y_C,8.0,feet,color,G,C,8.0,0.0,0.0,Y,C,0,1
predict,25,G_C,4.0,feet,color,G,C,7.25,-3.25,3.25,G,C,1,1
predict,140,G_C,6.0,color,feet,Y,C,5.0,1.0,1.0,G,C,0,1
predict,140,Y_C,8.0,color,feet,Y,C,7.25,0.75,0.75,Y,C,1,1
predict,140,Y_F,10.0,color,feet,Y,C,7.75,2.25,2.25,Y,F,1,0
predict,140,G_F,4.0,color,feet,Y,C,3.25,0.75,0.75,G,F,0,0
predict,203,G_C,4.0,feet,color,G,F,4.0,0.0,0.0,G,C,1,0
predict,203,G_F,5.0,feet,color,G,F,7.0,-2.0,2.0,G,F,1,1
predict,203,Y_F,7.0,feet,color,G,F,7.5,-0.5,0.5,Y,F,0,1
predict,203,Y_C,2.0,feet,color,G,F,2.5,-0.5,0.5,Y,C,0,0
predict,87,G_C,6.0,feet,color,Y,F,4.75,1.25,1.25,G,C,0,0
predict,87,G_F,3.0,feet,color,Y,F,7.0,-4.0,4.0,G,F,0,1
predict,87,Y_F,5.0,feet,color,Y,F,8.5,-3.5,3.5,Y,F,1,1
predict,87,Y_C,7.0,feet,color,Y,F,4.5,2.5,2.5,Y,C,1,0
predict,174,Y_F,3.0,color,feet,G,F,2.75,0.25,0.25,Y,F,0,1
predict,174,G_F,7.0,color,feet,G,F,8.25,-1.25,1.25,G,F,1,1
predict,174,G_C,8.0,color,feet,G,F,6.25,1.75,1.75,G,C,1,0
predict,174,Y_C,4.0,color,feet,G,F,3.75,0.25,0.25,Y,C,0,0
predict,171,G_C,4.0,feet,color,G,F,3.75,0.25,0.25,G,C,1,0
predict,171,G_F,3.0,feet,color,G,F,7.25,-4.25,4.25,G,F,1,1
predict,171,Y_F,4.0,feet,color,G,F,6.5,-2.5,2.5,Y,F,0,1
predict,171,Y_C,8.0,feet,color,G,F,3.0,5.0,5.0,Y,C,0,0
predict,54,G_F,7.0,color,feet,G,C,5.75,1.25,1.25,G,F,1,0
predict,54,Y_C,4.0,color,feet,G,C,4.0,0.0,0.0,Y,C,0,1
predict,54,G_C,10.0,color,feet,G,C,6.5,3.5,3.5,G,C,1,1
predict,54,Y_F,1.0,color,feet,G,C,3.75,-2.75,2.75,Y,F,0,0
predict,101,Y_C,6.0,feet,color,G,C,7.0,-1.0,1.0,Y,C,0,1
predict,101,G_C,8.0,feet,color,G,C,8.75,-0.75,0.75,G,C,1,1
predict,101,Y_F,2.0,feet,color,G,C,3.75,-1.75,1.75,Y,F,0,0
predict,101,G_F,2.0,feet,color,G,C,3.75,-1.75,1.75,G,F,1,0
predict,136,G_C,3.0,color,feet,Y,F,3.75,-0.75,0.75,G,C,0,0
predict,136,Y_C,9.0,color,feet,Y,F,7.5,1.5,1.5,Y,C,1,0
predict,136,G_F,1.0,color,feet,Y,F,4.0,-3.0,3.0,G,F,0,1
predict,136,Y_F,8.0,color,feet,Y,F,8.5,-0.5,0.5,Y,F,1,1
predict,192,G_C,4.0,color,feet,Y,F,2.75,1.25,1.25,G,C,0,0
predict,192,G_F,7.0,color,feet,Y,F,3.5,3.5,3.5,G,F,0,1
predict,192,Y_C,10.0,color,feet,Y,F,6.75,3.25,3.25,Y,C,1,0
predict,192,Y_F,7.0,color,feet,Y,F,8.25,-1.25,1.25,Y,F,1,1
predict,14,G_C,8.0,color,feet,G,C,8.5,-0.5,0.5,G,C,1,1
predict,14,Y_F,4.0,color,feet,G,C,3.0,1.0,1.0,Y,F,0,0
predict,14,G_F,8.0,color,feet,G,C,7.25,0.75,0.75,G,F,1,0
predict,14,Y_C,3.0,color,feet,G,C,3.75,-0.75,0.75,Y,C,0,1
predict,133,Y_C,10.0,feet,color,Y,C,8.5,1.5,1.5,Y,C,1,1
predict,133,G_F,1.0,feet,color,Y,C,1.75,-0.75,0.75,G,F,0,0
predict,133,Y_F,3.0,feet,color,Y,C,3.5,-0.5,0.5,Y,F,1,0
predict,133,G_C,7.0,feet,color,Y,C,7.5,-0.5,0.5,G,C,0,1
predict,53,Y_F,7.0,feet,color,Y,C,4.25,2.75,2.75,Y,F,1,0
predict,53,G_F,3.0,feet,color,Y,C,3.5,-0.5,0.5,G,F,0,0
predict,53,G_C,6.0,feet,color,Y,C,6.75,-0.75,0.75,G,C,0,1
predict,53,Y_C,8.0,feet,color,Y,C,7.75,0.25,0.25,Y,C,1,1
predict,102,Y_F,4.0,color,feet,G,F,5.0,-1.0,1.0,Y,F,0,1
predict,102,G_F,7.0,color,feet,G,F,7.25,-0.25,0.25,G,F,1,1
predict,102,Y_C,5.0,color,feet,G,F,2.75,2.25,2.25,Y,C,0,0
predict,102,G_C,8.0,color,feet,G,F,7.75,0.25,0.25,G,C,1,0
predict,27,G_F,5.0,feet,color,G,F,6.75,-1.75,1.75,G,F,1,1
predict,27,G_C,7.0,feet,color,G,F,5.5,1.5,1.5,G,C,1,0
predict,27,Y_F,9.0,feet,color,G,F,6.75,2.25,2.25,Y,F,0,1
predict,27,Y_C,8.0,feet,color,G,F,4.5,3.5,3.5,Y,C,0,0
predict,17,G_F,6.0,feet,color,G,C,5.0,1.0,1.0,G,F,1,0
predict,17,G_C,7.0,feet,color,G,C,6.0,1.0,1.0,G,C,1,1
predict,17,Y_C,5.0,feet,color,G,C,6.0,-1.0,1.0,Y,C,0,1
predict,17,Y_F,6.0,feet,color,G,C,3.5,2.5,2.5,Y,F,0,0
predict,47,Y_F,5.0,feet,color,G,F,7.0,-2.0,2.0,Y,F,0,1
predict,47,G_C,3.0,feet,color,G,F,4.75,-1.75,1.75,G,C,1,0
predict,47,G_F,8.0,feet,color,G,F,8.5,-0.5,0.5,G,F,1,1
predict,47,Y_C,9.0,feet,color,G,F,3.25,5.75,5.75,Y,C,0,0
predict,88,G_C,5.0,color,feet,Y,C,4.0,1.0,1.0,G,C,0,1
predict,88,Y_C,7.0,color,feet,Y,C,7.5,-0.5,0.5,Y,C,1,1
predict,88,G_F,3.0,color,feet,Y,C,4.25,-1.25,1.25,G,F,0,0
predict,88,Y_F,5.0,color,feet,Y,C,5.75,-0.75,0.75,Y,F,1,0
predict,145,G_F,2.0,feet,color,G,C,5.25,-3.25,3.25,G,F,1,0
predict,145,Y_F,2.0,feet,color,G,C,3.0,-1.0,1.0,Y,F,0,0
predict,145,Y_C,9.0,feet,color,G,C,8.25,0.75,0.75,Y,C,0,1
predict,145,G_C,9.0,feet,color,G,C,7.25,1.75,1.75,G,C,1,1
predict,134,Y_F,2.0,color,feet,G,F,3.0,-1.0,1.0,Y,F,0,1
predict,134,G_C,9.0,color,feet,G,F,6.75,2.25,2.25,G,C,1,0
predict,134,Y_C,3.0,color,feet,G,F,2.25,0.75,0.75,Y,C,0,0
predict,134,G_F,6.0,color,feet,G,F,7.75,-1.75,1.75,G,F,1,1
predict,68,Y_F,9.0,color,feet,Y,F,7.5,1.5,1.5,Y,F,1,1
predict,68,G_F,7.0,color,feet,Y,F,3.25,3.75,3.75,G,F,0,1
predict,68,G_C,5.0,color,feet,Y,F,3.5,1.5,1.5,G,C,0,0
predict,68,Y_C,7.0,color,feet,Y,F,6.0,1.0,1.0,Y,C,1,0
predict,66,G_C,9.0,color,feet,G,F,7.25,1.75,1.75,G,C,1,0
predict,66,G_F,7.0,color,feet,G,F,8.5,-1.5,1.5,G,F,1,1
predict,66,Y_F,2.0,color,feet,G,F,3.25,-1.25,1.25,Y,F,0,1
predict,66,Y_C,3.0,color,feet,G,F,3.25,-0.25,0.25,Y,C,0,0
predict,24,Y_F,7.0,color,feet,Y,C,6.0,1.0,1.0,Y,F,1,0
predict,24,G_C,1.0,color,feet,Y,C,2.5,-1.5,1.5,G,C,0,1
predict,24,G_F,4.0,color,feet,Y,C,4.0,0.0,0.0,G,F,0,0
predict,24,Y_C,10.0,color,feet,Y,C,8.5,1.5,1.5,Y,C,1,1
predict,177,G_C,9.0,feet,color,Y,C,8.25,0.75,0.75,G,C,0,1
predict,177,G_F,3.0,feet,color,Y,C,4.0,-1.0,1.0,G,F,0,0
predict,177,Y_F,8.0,feet,color,Y,C,4.25,3.75,3.75,Y,F,1,0
predict,177,Y_C,4.0,feet,color,Y,C,9.0,-5.0,5.0,Y,C,1,1
predict,135,Y_F,2.0,feet,color,G,F,6.25,-4.25,4.25,Y,F,0,1
predict,135,Y_C,7.0,feet,color,G,F,3.0,4.0,4.0,Y,C,0,0
predict,135,G_F,8.0,feet,color,G,F,6.0,2.0,2.0,G,F,1,1
predict,135,G_C,3.0,feet,color,G,F,4.5,-1.5,1.5,G,C,1,0
predict,29,G_F,4.0,feet,color,Y,C,3.25,0.75,0.75,G,F,0,0
predict,29,Y_C,5.0,feet,color,Y,C,6.75,-1.75,1.75,Y,C,1,1
predict,29,Y_F,4.0,feet,color,Y,C,4.75,-0.75,0.75,Y,F,1,0
predict,29,G_C,7.0,feet,color,Y,C,7.0,0.0,0.0,G,C,0,1
predict,146,G_C,6.0,color,feet,G,F,5.5,0.5,0.5,G,C,1,0
predict,146,G_F,9.0,color,feet,G,F,7.25,1.75,1.75,G,F,1,1
predict,146,Y_C,3.0,color,feet,G,F,2.75,0.25,0.25,Y,C,0,0
predict,146,Y_F,3.0,color,feet,G,F,3.5,-0.5,0.5,Y,F,0,1
predict,107,Y_F,5.0,feet,color,G,F,6.5,-1.5,1.5,Y,F,0,1
predict,107,G_F,3.0,feet,color,G,F,8.5,-5.5,5.5,G,F,1,1
predict,107,Y_C,8.0,feet,color,G,F,3.0,5.0,5.0,Y,C,0,0
predict,107,G_C,9.0,feet,color,G,F,2.75,6.25,6.25,G,C,1,0
predict,137,G_F,5.0,feet,color,G,C,4.0,1.0,1.0,G,F,1,0
predict,137,Y_C,7.0,feet,color,G,C,8.25,-1.25,1.25,Y,C,0,1
predict,137,Y_F,8.0,feet,color,G,C,2.75,5.25,5.25,Y,F,0,0
predict,137,G_C,4.0,feet,color,G,C,8.25,-4.25,4.25,G,C,1,1
predict,12,G_C,5.0,color,feet,Y,C,4.25,0.75,0.75,G,C,0,1
predict,12,G_F,6.0,color,feet,Y,C,2.25,3.75,3.75,G,F,0,0
predict,12,Y_F,3.0,color,feet,Y,C,7.5,-4.5,4.5,Y,F,1,0
predict,12,Y_C,2.0,color,feet,Y,C,7.5,-5.5,5.5,Y,C,1,1
predict,65,G_C,6.0,feet,color,Y,C,7.25,-1.25,1.25,G,C,0,1
predict,65,G_F,6.0,feet,color,Y,C,3.75,2.25,2.25,G,F,0,0
predict,65,Y_C,8.0,feet,color,Y,C,7.5,0.5,0.5,Y,C,1,1
predict,65,Y_F,7.0,feet,color,Y,C,5.25,1.75,1.75,Y,F,1,0
predict,11,G_C,7.0,feet,color,G,F,4.0,3.0,3.0,G,C,1,0
predict,11,G_F,3.0,feet,color,G,F,7.5,-4.5,4.5,G,F,1,1
predict,11,Y_F,9.0,feet,color,G,F,6.25,2.75,2.75,Y,F,0,1
predict,11,Y_C,3.0,feet,color,G,F,4.25,-1.25,1.25,Y,C,0,0
predict,143,Y_F,6.0,feet,color,Y,F,8.75,-2.75,2.75,Y,F,1,1
predict,143,G_F,5.0,feet,color,Y,F,7.25,-2.25,2.25,G,F,0,1
predict,143,G_C,6.0,feet,color,Y,F,4.75,1.25,1.25,G,C,0,0
predict,143,Y_C,8.0,feet,color,Y,F,4.75,3.25,3.25,Y,C,1,0
predict,184,G_F,2.0,color,feet,Y,F,2.5,-0.5,0.5,G,F,0,1
predict,184,G_C,4.0,color,feet,Y,F,2.75,1.25,1.25,G,C,0,0
predict,184,Y_F,7.0,color,feet,Y,F,8.25,-1.25,1.25,Y,F,1,1
predict,184,Y_C,9.0,color,feet,Y,F,5.5,3.5,3.5,Y,C,1,0
predict,219,Y_F,9.0,feet,color,Y,F,7.75,1.25,1.25,Y,F,1,1
predict,219,G_F,8.0,feet,color,Y,F,7.0,1.0,1.0,G,F,0,1
predict,219,G_C,5.0,feet,color,Y,F,3.0,2.0,2.0,G,C,0,0
predict,219,Y_C,7.0,feet,color,Y,F,3.5,3.5,3.5,Y,C,1,0
predict,175,G_C,7.0,feet,color,G,F,6.25,0.75,0.75,G,C,1,0
predict,175,Y_C,5.0,feet,color,G,F,3.5,1.5,1.5,Y,C,0,0
predict,175,G_F,7.0,feet,color,G,F,8.0,-1.0,1.0,G,F,1,1
predict,175,Y_F,5.0,feet,color,G,F,8.5,-3.5,3.5,Y,F,0,1
predict,86,Y_C,3.0,color,feet,G,C,4.0,-1.0,1.0,Y,C,0,1
predict,86,G_C,8.0,color,feet,G,C,8.5,-0.5,0.5,G,C,1,1
predict,86,G_F,10.0,color,feet,G,C,7.75,2.25,2.25,G,F,1,0
predict,86,Y_F,6.0,color,feet,G,C,3.0,3.0,3.0,Y,F,0,0
predict,85,G_F,2.0,feet,color,G,C,5.5,-3.5,3.5,G,F,1,0
predict,85,Y_F,2.0,feet,color,G,C,3.0,-1.0,1.0,Y,F,0,0
predict,85,G_C,8.0,feet,color,G,C,7.5,0.5,0.5,G,C,1,1
predict,85,Y_C,8.0,feet,color,G,C,8.0,0.0,0.0,Y,C,0,1
predict,129,G_C,6.0,feet,color,Y,C,7.25,-1.25,1.25,G,C,0,1
predict,129,Y_C,8.0,feet,color,Y,C,7.75,0.25,0.25,Y,C,1,1
predict,129,G_F,6.0,feet,color,Y,C,3.25,2.75,2.75,G,F,0,0
predict,129,Y_F,9.0,feet,color,Y,C,5.5,3.5,3.5,Y,F,1,0
predict,218,G_C,8.0,color,feet,G,C,8.75,-0.75,0.75,G,C,1,1
predict,218,Y_C,3.0,color,feet,G,C,3.75,-0.75,0.75,Y,C,0,1
predict,218,G_F,8.0,color,feet,G,C,6.5,1.5,1.5,G,F,1,0
predict,218,Y_F,4.0,color,feet,G,C,2.5,1.5,1.5,Y,F,0,0
predict,76,G_F,4.0,color,feet,Y,F,4.75,-0.75,0.75,G,F,0,1
predict,76,G_C,7.0,color,feet,Y,F,4.5,2.5,2.5,G,C,0,0
predict,76,Y_F,5.0,color,feet,Y,F,7.5,-2.5,2.5,Y,F,1,1
predict,76,Y_C,9.0,color,feet,Y,F,6.75,2.25,2.25,Y,C,1,0
predict,5,G_C,10.0,feet,color,Y,C,8.25,1.75,1.75,G,C,0,1
predict,5,G_F,2.0,feet,color,Y,C,2.75,-0.75,0.75,G,F,0,0
predict,5,Y_C,10.0,feet,color,Y,C,8.5,1.5,1.5,Y,C,1,1
predict,5,Y_F,3.0,feet,color,Y,C,3.5,-0.5,0.5,Y,F,1,0
predict,31,Y_C,4.0,feet,color,G,F,3.0,1.0,1.0,Y,C,0,0
predict,31,Y_F,5.0,feet,color,G,F,7.5,-2.5,2.5,Y,F,0,1
predict,31,G_F,6.0,feet,color,G,F,9.25,-3.25,3.25,G,F,1,1
predict,31,G_C,8.0,feet,color,G,F,3.25,4.75,4.75,G,C,1,0
predict,156,Y_F,8.0,color,feet,Y,C,7.75,0.25,0.25,Y,F,1,0
predict,156,G_C,3.0,color,feet,Y,C,4.0,-1.0,1.0,G,C,0,1
predict,156,Y_C,7.0,color,feet,Y,C,7.5,-0.5,0.5,Y,C,1,1
predict,156,G_F,2.0,color,feet,Y,C,2.0,0.0,0.0,G,F,0,0
predict,69,G_C,4.0,feet,color,Y,C,8.5,-4.5,4.5,G,C,0,1
predict,69,Y_C,8.0,feet,color,Y,C,8.75,-0.75,0.75,Y,C,1,1
predict,69,Y_F,3.0,feet,color,Y,C,3.5,-0.5,0.5,Y,F,1,0
predict,69,G_F,7.0,feet,color,Y,C,2.0,5.0,5.0,G,F,0,0
predict,183,Y_C,6.0,feet,color,Y,F,4.75,1.25,1.25,Y,C,1,0
predict,183,G_F,4.0,feet,color,Y,F,5.5,-1.5,1.5,G,F,0,1
predict,183,Y_F,10.0,feet,color,Y,F,8.0,2.0,2.0,Y,F,1,1
predict,183,G_C,3.0,feet,color,Y,F,3.25,-0.25,0.25,G,C,0,0
predict,108,Y_C,10.0,color,feet,Y,C,9.75,0.25,0.25,Y,C,1,1
predict,108,G_F,4.0,color,feet,Y,C,3.25,0.75,0.75,G,F,0,0
predict,108,Y_F,8.0,color,feet,Y,C,7.5,0.5,0.5,Y,F,1,0
predict,108,G_C,4.0,color,feet,Y,C,4.0,0.0,0.0,G,C,0,1
predict,198,Y_C,5.0,color,feet,G,F,4.0,1.0,1.0,Y,C,0,0
predict,198,G_C,10.0,color,feet,G,F,7.25,2.75,2.75,G,C,1,0
predict,198,G_F,6.0,color,feet,G,F,8.25,-2.25,2.25,G,F,1,1
predict,198,Y_F,4.0,color,feet,G,F,4.5,-0.5,0.5,Y,F,0,1
predict,105,Y_F,4.0,feet,color,Y,C,3.75,0.25,0.25,Y,F,1,0
predict,105,Y_C,8.0,feet,color,Y,C,7.5,0.5,0.5,Y,C,1,1
predict,105,G_C,8.0,feet,color,Y,C,6.5,1.5,1.5,G,C,0,1
predict,105,G_F,5.0,feet,color,Y,C,3.0,2.0,2.0,G,F,0,0
predict,74,G_F,3.0,color,feet,G,F,9.25,-6.25,6.25,G,F,1,1
predict,74,G_C,6.0,color,feet,G,F,6.25,-0.25,0.25,G,C,1,0
predict,74,Y_F,7.0,color,feet,G,F,4.0,3.0,3.0,Y,F,0,1
predict,74,Y_C,1.0,color,feet,G,F,4.5,-3.5,3.5,Y,C,0,0
predict,128,Y_C,4.0,color,feet,Y,F,7.5,-3.5,3.5,Y,C,1,0
predict,128,G_F,3.0,color,feet,Y,F,4.5,-1.5,1.5,G,F,0,1
predict,128,Y_F,5.0,color,feet,Y,F,8.5,-3.5,3.5,Y,F,1,1
predict,128,G_C,8.0,color,feet,Y,F,3.25,4.75,4.75,G,C,0,0
predict,62,G_C,7.0,color,feet,G,C,7.75,-0.75,0.75,G,C,1,1
predict,62,G_F,8.0,color,feet,G,C,6.5,1.5,1.5,G,F,1,0
predict,62,Y_F,4.0,color,feet,G,C,4.25,-0.25,0.25,Y,F,0,0
predict,62,Y_C,7.0,color,feet,G,C,4.25,2.75,2.75,Y,C,0,1
predict,126,G_F,9.0,color,feet,G,C,7.75,1.25,1.25,G,F,1,0
predict,126,Y_F,4.0,color,feet,G,C,3.25,0.75,0.75,Y,F,0,0
predict,126,Y_C,3.0,color,feet,G,C,3.75,-0.75,0.75,Y,C,0,1
predict,126,G_C,8.0,color,feet,G,C,9.0,-1.0,1.0,G,C,1,1
predict,164,G_C,4.0,color,feet,Y,C,6.25,-2.25,2.25,G,C,0,1
predict,164,Y_C,9.0,color,feet,Y,C,7.5,1.5,1.5,Y,C,1,1
predict,164,Y_F,9.0,color,feet,Y,C,8.75,0.25,0.25,Y,F,1,0
predict,164,G_F,4.0,color,feet,Y,C,3.5,0.5,0.5,G,F,0,0
predict,185,Y_F,2.0,feet,color,G,C,1.5,0.5,0.5,Y,F,0,0
predict,185,Y_C,9.0,feet,color,G,C,8.5,0.5,0.5,Y,C,0,1
predict,185,G_C,7.0,feet,color,G,C,7.25,-0.25,0.25,G,C,1,1
predict,185,G_F,4.0,feet,color,G,C,5.25,-1.25,1.25,G,F,1,0
predict,100,G_F,3.0,color,feet,Y,F,3.5,-0.5,0.5,G,F,0,1
predict,100,G_C,4.0,color,feet,Y,F,2.5,1.5,1.5,G,C,0,0
predict,100,Y_C,7.0,color,feet,Y,F,5.25,1.75,1.75,Y,C,1,0
predict,100,Y_F,6.0,color,feet,Y,F,8.75,-2.75,2.75,Y,F,1,1
predict,151,Y_F,8.0,feet,color,G,F,7.0,1.0,1.0,Y,F,0,1
predict,151,G_C,10.0,feet,color,G,F,5.75,4.25,4.25,G,C,1,0
predict,151,Y_C,6.0,feet,color,G,F,3.25,2.75,2.75,Y,C,0,0
predict,151,G_F,4.0,feet,color,G,F,6.75,-2.75,2.75,G,F,1,1
predict,186,Y_F,2.0,color,feet,G,F,3.25,-1.25,1.25,Y,F,0,1
predict,186,G_C,8.0,color,feet,G,F,5.5,2.5,2.5,G,C,1,0
predict,186,Y_C,4.0,color,feet,G,F,2.0,2.0,2.0,Y,C,0,0
predict,186,G_F,7.0,color,feet,G,F,8.0,-1.0,1.0,G,F,1,1
predict,165,G_C,6.0,feet,color,Y,C,6.0,0.0,0.0,G,C,0,1
predict,165,Y_F,9.0,feet,color,Y,C,3.75,5.25,5.25,Y,F,1,0
predict,165,G_F,9.0,feet,color,Y,C,3.0,6.0,6.0,G,F,0,0
predict,165,Y_C,4.0,feet,color,Y,C,8.0,-4.0,4.0,Y,C,1,1
predict,215,Y_C,2.0,feet,color,G,F,4.25,-2.25,2.25,Y,C,0,0
predict,215,G_C,8.0,feet,color,G,F,5.25,2.75,2.75,G,C,1,0
predict,215,G_F,9.0,feet,color,G,F,7.75,1.25,1.25,G,F,1,1
predict,215,Y_F,6.0,feet,color,G,F,6.75,-0.75,0.75,Y,F,0,1
predict,111,G_C,3.0,feet,color,Y,F,1.25,1.75,1.75,G,C,0,0
predict,111,Y_C,4.0,feet,color,Y,F,3.75,0.25,0.25,Y,C,1,0
predict,111,Y_F,7.0,feet,color,Y,F,8.0,-1.0,1.0,Y,F,1,1
predict,111,G_F,8.0,feet,color,Y,F,7.5,0.5,0.5,G,F,0,1
predict,132,Y_C,8.0,color,feet,Y,C,7.25,0.75,0.75,Y,C,1,1
predict,132,G_C,5.0,color,feet,Y,C,4.25,0.75,0.75,G,C,0,1
predict,132,G_F,3.0,color,feet,Y,C,3.25,-0.25,0.25,G,F,0,0
predict,132,Y_F,6.0,color,feet,Y,C,7.0,-1.0,1.0,Y,F,1,0
predict,188,G_F,2.0,color,feet,Y,C,3.75,-1.75,1.75,G,F,0,0
predict,188,Y_F,9.0,color,feet,Y,C,5.5,3.5,3.5,Y,F,1,0
predict,188,Y_C,5.0,color,feet,Y,C,9.0,-4.0,4.0,Y,C,1,1
predict,188,G_C,4.0,color,feet,Y,C,2.75,1.25,1.25,G,C,0,1
predict,26,Y_C,4.0,color,feet,G,F,3.25,0.75,0.75,Y,C,0,0
predict,26,Y_F,5.0,color,feet,G,F,3.5,1.5,1.5,Y,F,0,1
predict,26,G_F,9.0,color,feet,G,F,8.75,0.25,0.25,G,F,1,1
predict,26,G_C,8.0,color,feet,G,F,6.5,1.5,1.5,G,C,1,0
predict,58,G_C,3.0,color,feet,G,F,4.5,-1.5,1.5,G,C,1,0
predict,58,Y_C,4.0,color,feet,G,F,2.75,1.25,1.25,Y,C,0,0
predict,58,G_F,8.0,color,feet,G,F,7.75,0.25,0.25,G,F,1,1
predict,58,Y_F,6.0,color,feet,G,F,5.5,0.5,0.5,Y,F,0,1
predict,32,Y_C,9.0,color,feet,Y,F,6.5,2.5,2.5,Y,C,1,0
predict,32,G_C,5.0,color,feet,Y,F,3.5,1.5,1.5,G,C,0,0
predict,32,Y_F,10.0,color,feet,Y,F,8.5,1.5,1.5,Y,F,1,1
predict,32,G_F,8.0,color,feet,Y,F,4.25,3.75,3.75,G,F,0,1
predict,209,Y_F,5.0,feet,color,Y,C,3.5,1.5,1.5,Y,F,1,0
predict,209,G_C,3.0,feet,color,Y,C,6.5,-3.5,3.5,G,C,0,1
predict,209,G_F,7.0,feet,color,Y,C,3.75,3.25,3.25,G,F,0,0
predict,209,Y_C,8.0,feet,color,Y,C,8.0,0.0,0.0,Y,C,1,1
predict,157,Y_F,5.0,feet,color,Y,C,2.75,2.25,2.25,Y,F,1,0
predict,157,G_F,3.0,feet,color,Y,C,2.5,0.5,0.5,G,F,0,0
predict,157,G_C,9.0,feet,color,Y,C,6.0,3.0,3.0,G,C,0,1
predict,157,Y_C,6.0,feet,color,Y,C,8.5,-2.5,2.5,Y,C,1,1
predict,7,G_F,9.0,feet,color,G,F,7.5,1.5,1.5,G,F,1,1
predict,7,Y_F,8.0,feet,color,G,F,6.5,1.5,1.5,Y,F,0,1
predict,7,G_C,5.0,feet,color,G,F,4.0,1.0,1.0,G,C,1,0
predict,7,Y_C,5.0,feet,color,G,F,3.75,1.25,1.25,Y,C,0,0
predict,158,G_F,8.0,color,feet,G,F,7.5,0.5,0.5,G,F,1,1
predict,158,Y_C,1.0,color,feet,G,F,1.25,-0.25,0.25,Y,C,0,0
predict,158,G_C,6.0,color,feet,G,F,6.5,-0.5,0.5,G,C,1,0
predict,158,Y_F,4.0,color,feet,G,F,4.75,-0.75,0.75,Y,F,0,1
predict,81,G_F,5.0,feet,color,Y,C,3.5,1.5,1.5,G,F,0,0
predict,81,Y_F,4.0,feet,color,Y,C,3.5,0.5,0.5,Y,F,1,0
predict,81,Y_C,8.0,feet,color,Y,C,8.25,-0.25,0.25,Y,C,1,1
predict,81,G_C,7.0,feet,color,Y,C,7.0,0.0,0.0,G,C,0,1
predict,116,G_C,3.0,color,feet,Y,F,3.5,-0.5,0.5,G,C,0,0
predict,116,G_F,4.0,color,feet,Y,F,3.75,0.25,0.25,G,F,0,1
predict,116,Y_F,9.0,color,feet,Y,F,9.0,0.0,0.0,Y,F,1,1
predict,116,Y_C,8.0,color,feet,Y,F,7.0,1.0,1.0,Y,C,1,0
predict,131,G_C,2.0,feet,color,Y,F,3.0,-1.0,1.0,G,C,0,0
predict,131,Y_F,2.0,feet,color,Y,F,7.5,-5.5,5.5,Y,F,1,1
predict,131,G_F,7.0,feet,color,Y,F,6.5,0.5,0.5,G,F,0,1
predict,131,Y_C,7.0,feet,color,Y,F,3.75,3.25,3.25,Y,C,1,0
predict,94,Y_C,3.0,color,feet,G,C,4.0,-1.0,1.0,Y,C,0,1
predict,94,Y_F,5.0,color,feet,G,C,4.5,0.5,0.5,Y,F,0,0
predict,94,G_F,7.0,color,feet,G,C,7.5,-0.5,0.5,G,F,1,0
predict,94,G_C,10.0,color,feet,G,C,9.0,1.0,1.0,G,C,1,1
predict,97,Y_C,6.0,feet,color,Y,C,8.75,-2.75,2.75,Y,C,1,1
predict,97,G_F,7.0,feet,color,Y,C,4.25,2.75,2.75,G,F,0,0
predict,97,G_C,4.0,feet,color,Y,C,6.75,-2.75,2.75,G,C,0,1
predict,97,Y_F,6.0,feet,color,Y,C,3.75,2.25,2.25,Y,F,1,0
predict,82,G_C,9.0,color,feet,G,C,8.75,0.25,0.25,G,C,1,1
predict,82,Y_C,2.0,color,feet,G,C,2.25,-0.25,0.25,Y,C,0,1
predict,82,Y_F,4.0,color,feet,G,C,2.5,1.5,1.5,Y,F,0,0
predict,82,G_F,7.0,color,feet,G,C,7.25,-0.25,0.25,G,F,1,0
predict,187,Y_C,4.0,feet,color,Y,F,4.75,-0.75,0.75,Y,C,1,0
predict,187,Y_F,8.0,feet,color,Y,F,8.25,-0.25,0.25,Y,F,1,1
predict,187,G_C,6.0,feet,color,Y,F,3.25,2.75,2.75,G,C,0,0
predict,187,G_F,9.0,feet,color,Y,F,7.5,1.5,1.5,G,F,0,1
predict,220,Y_F,8.0,color,feet,Y,F,8.75,-0.75,0.75,Y,F,1,1
predict,220,G_C,4.0,color,feet,Y,F,2.0,2.0,2.0,G,C,0,0
predict,220,Y_C,5.0,color,feet,Y,F,8.0,-3.0,3.0,Y,C,1,0
predict,220,G_F,3.0,color,feet,Y,F,4.75,-1.75,1.75,G,F,0,1
predict,208,G_F,9.0,color,feet,Y,C,4.5,4.5,4.5,G,F,0,0
predict,208,G_C,7.0,color,feet,Y,C,4.25,2.75,2.75,G,C,0,1
predict,208,Y_C,2.0,color,feet,Y,C,7.5,-5.5,5.5,Y,C,1,1
predict,208,Y_F,2.0,color,feet,Y,C,5.5,-3.5,3.5,Y,F,1,0
predict,112,G_F,3.0,color,feet,Y,C,3.0,0.0,0.0,G,F,0,0
predict,112,Y_C,8.0,color,feet,Y,C,7.0,1.0,1.0,Y,C,1,1
predict,112,G_C,1.0,color,feet,Y,C,4.25,-3.25,3.25,G,C,0,1
predict,112,Y_F,6.0,color,feet,Y,C,6.75,-0.75,0.75,Y,F,1,0
predict,52,G_C,2.0,color,feet,Y,C,3.75,-1.75,1.75,G,C,0,1
predict,52,Y_F,8.0,color,feet,Y,C,7.0,1.0,1.0,Y,F,1,0
predict,52,G_F,4.0,color,feet,Y,C,2.25,1.75,1.75,G,F,0,0
predict,52,Y_C,6.0,color,feet,Y,C,7.0,-1.0,1.0,Y,C,1,1
predict,147,G_F,7.0,feet,color,Y,F,7.25,-0.25,0.25,G,F,0,1
predict,147,Y_C,2.0,feet,color,Y,F,4.25,-2.25,2.25,Y,C,1,0
predict,147,G_C,4.0,feet,color,Y,F,2.5,1.5,1.5,G,C,0,0
predict,147,Y_F,9.0,feet,color,Y,F,6.75,2.25,2.25,Y,F,1,1
predict,9,G_C,8.0,feet,color,Y,C,7.0,1.0,1.0,G,C,0,1
predict,9,Y_C,7.0,feet,color,Y,C,7.25,-0.25,0.25,Y,C,1,1
predict,9,G_F,1.0,feet,color,Y,C,2.0,-1.0,1.0,G,F,0,0
predict,9,Y_F,2.0,feet,color,Y,C,2.75,-0.75,0.75,Y,F,1,0
predict,204,Y_C,8.0,color,feet,Y,C,8.5,-0.5,0.5,Y,C,1,1
predict,204,Y_F,9.0,color,feet,Y,C,7.75,1.25,1.25,Y,F,1,0
predict,204,G_C,4.0,color,feet,Y,C,3.25,0.75,0.75,G,C,0,1
predict,204,G_F,2.0,color,feet,Y,C,1.75,0.25,0.25,G,F,0,0
predict,120,G_F,4.0,color,feet,Y,F,4.25,-0.25,0.25,G,F,0,1
predict,120,G_C,2.0,color,feet,Y,F,2.75,-0.75,0.75,G,C,0,0
predict,120,Y_C,7.0,color,feet,Y,F,6.5,0.5,0.5,Y,C,1,0
predict,120,Y_F,8.0,color,feet,Y,F,7.75,0.25,0.25,Y,F,1,1
