task,conditionOrder,item,testing_responses,relevant_dim,irrelevant_dim,stripes_high,feet_high,fertility_score,error,abs_error,stripes,feet
accommodate,226,W_F,6.0,stripes,feet,W,C,8.75,-2.75,2.75,W,F
accommodate,226,W_C,6.0,stripes,feet,W,C,7.25,-1.25,1.25,W,C
accommodate,226,E_F,6.0,stripes,feet,W,C,1.25,4.75,4.75,E,F
accommodate,226,E_C,6.0,stripes,feet,W,C,3.75,2.25,2.25,E,C
accommodate,210,W_C,9.0,stripes,feet,W,C,7.5,1.5,1.5,W,C
accommodate,210,E_F,5.0,stripes,feet,W,C,3.5,1.5,1.5,E,F
accommodate,210,W_F,8.0,stripes,feet,W,C,6.75,1.25,1.25,W,F
accommodate,210,E_C,2.0,stripes,feet,W,C,3.75,-1.75,1.75,E,C
accommodate,269,E_C,7.0,feet,stripes,W,C,6.75,0.25,0.25,E,C
accommodate,269,W_C,9.0,feet,stripes,W,C,8.5,0.5,0.5,W,C
accommodate,269,W_F,3.0,feet,stripes,W,C,3.25,-0.25,0.25,W,F
accommodate,269,E_F,2.0,feet,stripes,W,C,3.25,-1.25,1.25,E,F
accommodate,215,E_F,8.0,feet,stripes,W,F,5.75,2.25,2.25,E,F
accommodate,215,W_F,8.0,feet,stripes,W,F,8.0,0.0,0.0,W,F
accommodate,215,W_C,3.0,feet,stripes,W,F,3.5,-0.5,0.5,W,C
accommodate,215,E_C,3.0,feet,stripes,W,F,4.0,-1.0,1.0,E,C
accommodate,83,E_C,6.0,feet,stripes,E,F,5.5,0.5,0.5,E,C
accommodate,83,E_F,7.0,feet,stripes,E,F,7.75,-0.75,0.75,E,F
accommodate,83,W_C,8.0,feet,stripes,E,F,4.25,3.75,3.75,W,C
accommodate,83,W_F,10.0,feet,stripes,E,F,6.5,3.5,3.5,W,F
accommodate,171,W_C,2.0,feet,stripes,E,F,3.0,-1.0,1.0,W,C
accommodate,171,E_C,5.0,feet,stripes,E,F,4.25,0.75,0.75,E,C
accommodate,171,W_F,8.0,feet,stripes,E,F,6.5,1.5,1.5,W,F
accommodate,171,E_F,9.0,feet,stripes,E,F,7.75,1.25,1.25,E,F
accommodate,157,W_C,9.0,feet,stripes,W,C,8.25,0.75,0.75,W,C
accommodate,157,E_F,3.0,feet,stripes,W,C,4.5,-1.5,1.5,E,F
accommodate,157,E_C,7.0,feet,stripes,W,C,5.75,1.25,1.25,E,C
accommodate,157,W_F,3.0,feet,stripes,W,C,3.75,-0.75,0.75,W,F
accommodate,1,W_C,7.0,feet,stripes,E,C,6.0,1.0,1.0,W,C
accommodate,1,E_C,6.0,feet,stripes,E,C,7.5,-1.5,1.5,E,C
accommodate,1,E_F,4.0,feet,stripes,E,C,4.5,-0.5,0.5,E,F
accommodate,1,W_F,4.0,feet,stripes,E,C,2.5,1.5,1.5,W,F
accommodate,122,W_C,5.0,stripes,feet,W,F,4.75,0.25,0.25,W,C
accommodate,122,W_F,10.0,stripes,feet,W,F,8.5,1.5,1.5,W,F
accommodate,122,E_C,3.0,stripes,feet,W,F,4.75,-1.75,1.75,E,C
accommodate,122,E_F,6.0,stripes,feet,W,F,4.5,1.5,1.5,E,F
accommodate,149,E_C,8.0,feet,stripes,W,C,8.0,0.0,0.0,E,C
accommodate,149,E_F,4.0,feet,stripes,W,C,2.5,1.5,1.5,E,F
accommodate,149,W_F,2.0,feet,stripes,W,C,4.5,-2.5,2.5,W,F
accommodate,149,W_C,7.0,feet,stripes,W,C,7.0,0.0,0.0,W,C
accommodate,262,W_C,3.0,stripes,feet,W,C,8.5,-5.5,5.5,W,C
accommodate,262,E_C,3.0,stripes,feet,W,C,3.0,0.0,0.0,E,C
accommodate,262,E_F,10.0,stripes,feet,W,C,2.5,7.5,7.5,E,F
accommodate,262,W_F,7.0,stripes,feet,W,C,6.0,1.0,1.0,W,F
accommodate,244,W_C,2.0,stripes,feet,E,C,4.0,-2.0,2.0,W,C
accommodate,244,E_F,9.0,stripes,feet,E,C,7.0,2.0,2.0,E,F
accommodate,244,E_C,10.0,stripes,feet,E,C,7.5,2.5,2.5,E,C
accommodate,244,W_F,4.0,stripes,feet,E,C,3.25,0.75,0.75,W,F
accommodate,175,W_F,7.0,feet,stripes,E,F,7.25,-0.25,0.25,W,F
accommodate,175,W_C,2.0,feet,stripes,E,F,3.5,-1.5,1.5,W,C
accommodate,175,E_F,9.0,feet,stripes,E,F,7.25,1.75,1.75,E,F
accommodate,175,E_C,6.0,feet,stripes,E,F,5.5,0.5,0.5,E,C
accommodate,208,W_C,5.0,stripes,feet,E,C,3.5,1.5,1.5,W,C
accommodate,208,W_F,2.0,stripes,feet,E,C,2.75,-0.75,0.75,W,F
accommodate,208,E_C,10.0,stripes,feet,E,C,8.25,1.75,1.75,E,C
accommodate,208,E_F,7.0,stripes,feet,E,C,7.5,-0.5,0.5,E,F
accommodate,283,W_C,4.0,feet,stripes,W,F,4.75,-0.75,0.75,W,C
accommodate,283,W_F,8.0,feet,stripes,W,F,7.0,1.0,1.0,W,F
accommodate,283,E_F,7.0,feet,stripes,W,F,6.5,0.5,0.5,E,F
accommodate,283,E_C,2.0,feet,stripes,W,F,1.25,0.75,0.75,E,C
accommodate,143,E_C,5.0,feet,stripes,E,F,3.25,1.75,1.75,E,C
accommodate,143,W_C,1.0,feet,stripes,E,F,3.75,-2.75,2.75,W,C
accommodate,143,E_F,10.0,feet,stripes,E,F,8.25,1.75,1.75,E,F
accommodate,143,W_F,5.0,feet,stripes,E,F,5.75,-0.75,0.75,W,F
accommodate,119,W_F,6.0,feet,stripes,E,F,7.0,-1.0,1.0,W,F
accommodate,119,E_F,9.0,feet,stripes,E,F,7.25,1.75,1.75,E,F
accommodate,119,W_C,2.0,feet,stripes,E,F,2.25,-0.25,0.25,W,C
accommodate,119,E_C,4.0,feet,stripes,E,F,4.5,-0.5,0.5,E,C
accommodate,19,W_C,2.0,feet,stripes,E,F,1.25,0.75,0.75,W,C
accommodate,19,E_C,6.0,feet,stripes,E,F,3.75,2.25,2.25,E,C
accommodate,19,W_F,7.0,feet,stripes,E,F,7.25,-0.25,0.25,W,F
accommodate,19,E_F,9.0,feet,stripes,E,F,8.0,1.0,1.0,E,F
accommodate,170,E_C,3.0,stripes,feet,W,C,3.25,-0.25,0.25,E,C
accommodate,170,W_C,9.0,stripes,feet,W,C,9.0,0.0,0.0,W,C
accommodate,170,W_F,7.0,stripes,feet,W,C,7.5,-0.5,0.5,W,F
accommodate,170,E_F,1.0,stripes,feet,W,C,3.75,-2.75,2.75,E,F
accommodate,297,E_C,9.0,feet,stripes,W,C,6.75,2.25,2.25,E,C
accommodate,297,W_F,6.0,feet,stripes,W,C,4.5,1.5,1.5,W,F
accommodate,297,W_C,8.0,feet,stripes,W,C,6.75,1.25,1.25,W,C
accommodate,297,E_F,5.0,feet,stripes,W,C,1.0,4.0,4.0,E,F
accommodate,285,W_C,8.0,feet,stripes,E,C,7.0,1.0,1.0,W,C
accommodate,285,W_F,3.0,feet,stripes,E,C,3.5,-0.5,0.5,W,F
accommodate,285,E_F,3.0,feet,stripes,E,C,3.5,-0.5,0.5,E,F
accommodate,285,E_C,8.0,feet,stripes,E,C,9.25,-1.25,1.25,E,C
accommodate,227,E_C,4.0,feet,stripes,W,F,2.5,1.5,1.5,E,C
accommodate,227,W_C,4.0,feet,stripes,W,F,4.0,0.0,0.0,W,C
accommodate,227,W_F,8.0,feet,stripes,W,F,8.75,-0.75,0.75,W,F
accommodate,227,E_F,9.0,feet,stripes,W,F,7.5,1.5,1.5,E,F
accommodate,174,E_C,4.0,stripes,feet,W,F,3.0,1.0,1.0,E,C
accommodate,174,E_F,8.0,stripes,feet,W,F,4.25,3.75,3.75,E,F
accommodate,174,W_C,3.0,stripes,feet,W,F,5.5,-2.5,2.5,W,C
accommodate,174,W_F,5.0,stripes,feet,W,F,7.0,-2.0,2.0,W,F
accommodate,89,E_F,3.0,feet,stripes,W,C,4.0,-1.0,1.0,E,F
accommodate,89,W_C,8.0,feet,stripes,W,C,7.5,0.5,0.5,W,C
accommodate,89,W_F,3.0,feet,stripes,W,C,3.75,-0.75,0.75,W,F
accommodate,89,E_C,7.0,feet,stripes,W,C,6.25,0.75,0.75,E,C
accommodate,287,E_F,4.0,feet,stripes,E,F,7.0,-3.0,3.0,E,F
accommodate,287,W_C,8.0,feet,stripes,E,F,3.0,5.0,5.0,W,C
accommodate,287,E_C,3.0,feet,stripes,E,F,3.5,-0.5,0.5,E,C
accommodate,287,W_F,6.0,feet,stripes,E,F,6.5,-0.5,0.5,W,F
accommodate,6,W_C,7.0,stripes,feet,W,F,7.0,0.0,0.0,W,C
accommodate,6,E_C,3.0,stripes,feet,W,F,1.25,1.75,1.75,E,C
accommodate,6,W_F,7.0,stripes,feet,W,F,8.25,-1.25,1.25,W,F
accommodate,6,E_F,3.0,stripes,feet,W,F,4.0,-1.0,1.0,E,F
accommodate,27,E_C,3.0,feet,stripes,E,F,5.25,-2.25,2.25,E,C
accommodate,27,W_F,8.0,feet,stripes,E,F,8.25,-0.25,0.25,W,F
accommodate,27,E_F,8.0,feet,stripes,E,F,9.75,-1.75,1.75,E,F
accommodate,27,W_C,3.0,feet,stripes,E,F,5.5,-2.5,2.5,W,C
accommodate,124,W_C,2.0,stripes,feet,E,F,2.25,-0.25,0.25,W,C
accommodate,124,W_F,6.0,stripes,feet,E,F,3.5,2.5,2.5,W,F
accommodate,124,E_F,9.0,stripes,feet,E,F,8.75,0.25,0.25,E,F
accommodate,124,E_C,7.0,stripes,feet,E,F,7.5,-0.5,0.5,E,C
accommodate,158,E_C,3.0,stripes,feet,W,F,2.75,0.25,0.25,E,C
accommodate,158,W_C,5.0,stripes,feet,W,F,5.75,-0.75,0.75,W,C
accommodate,158,E_F,4.0,stripes,feet,W,F,4.0,0.0,0.0,E,F
accommodate,158,W_F,8.0,stripes,feet,W,F,7.25,0.75,0.75,W,F
accommodate,150,E_F,3.0,stripes,feet,W,C,5.25,-2.25,2.25,E,F
accommodate,150,W_F,7.0,stripes,feet,W,C,5.75,1.25,1.25,W,F
accommodate,150,E_C,2.0,stripes,feet,W,C,3.5,-1.5,1.5,E,C
accommodate,150,W_C,10.0,stripes,feet,W,C,8.75,1.25,1.25,W,C
accommodate,96,E_F,5.0,stripes,feet,E,C,7.5,-2.5,2.5,E,F
accommodate,96,W_C,5.0,stripes,feet,E,C,6.0,-1.0,1.0,W,C
accommodate,96,W_F,3.0,stripes,feet,E,C,3.0,0.0,0.0,W,F
accommodate,96,E_C,9.0,stripes,feet,E,C,7.5,1.5,1.5,E,C
accommodate,84,W_C,4.0,stripes,feet,E,F,3.5,0.5,0.5,W,C
accommodate,84,W_F,5.0,stripes,feet,E,F,4.25,0.75,0.75,W,F
accommodate,84,E_C,5.0,stripes,feet,E,F,8.0,-3.0,3.0,E,C
accommodate,84,E_F,8.0,stripes,feet,E,F,9.5,-1.5,1.5,E,F
accommodate,179,W_C,7.0,feet,stripes,W,F,5.0,2.0,2.0,W,C
accommodate,179,W_F,5.0,feet,stripes,W,F,6.75,-1.75,1.75,W,F
accommodate,179,E_C,6.0,feet,stripes,W,F,4.25,1.75,1.75,E,C
accommodate,179,E_F,5.0,feet,stripes,W,F,5.5,-0.5,0.5,E,F
accommodate,30,E_C,1.0,stripes,feet,W,F,2.5,-1.5,1.5,E,C
accommodate,30,W_C,5.0,stripes,feet,W,F,5.75,-0.75,0.75,W,C
accommodate,30,E_F,4.0,stripes,feet,W,F,3.5,0.5,0.5,E,F
accommodate,30,W_F,10.0,stripes,feet,W,F,8.0,2.0,2.0,W,F
accommodate,151,W_C,6.0,feet,stripes,W,F,3.75,2.25,2.25,W,C
accommodate,151,E_F,7.0,feet,stripes,W,F,6.5,0.5,0.5,E,F
accommodate,151,W_F,8.0,feet,stripes,W,F,7.25,0.75,0.75,W,F
accommodate,151,E_C,8.0,feet,stripes,W,F,3.0,5.0,5.0,E,C
accommodate,86,W_F,10.0,stripes,feet,W,F,9.0,1.0,1.0,W,F
accommodate,86,E_F,6.0,stripes,feet,W,F,3.25,2.75,2.75,E,F
accommodate,86,W_C,6.0,stripes,feet,W,F,6.75,-0.75,0.75,W,C
accommodate,86,E_C,1.0,stripes,feet,W,F,2.75,-1.75,1.75,E,C
accommodate,69,E_F,6.0,feet,stripes,E,C,4.75,1.25,1.25,E,F
accommodate,69,W_C,6.0,feet,stripes,E,C,6.25,-0.25,0.25,W,C
accommodate,69,E_C,8.0,feet,stripes,E,C,7.75,0.25,0.25,E,C
accommodate,69,W_F,4.0,feet,stripes,E,C,3.5,0.5,0.5,W,F
accommodate,29,W_C,7.0,feet,stripes,E,C,7.75,-0.75,0.75,W,C
accommodate,29,E_F,5.0,feet,stripes,E,C,3.75,1.25,1.25,E,F
accommodate,29,W_F,2.0,feet,stripes,E,C,2.0,0.0,0.0,W,F
accommodate,29,E_C,9.0,feet,stripes,E,C,8.25,0.75,0.75,E,C
accommodate,16,E_C,5.0,stripes,feet,E,F,6.25,-1.25,1.25,E,C
accommodate,16,W_F,4.0,stripes,feet,E,F,3.25,0.75,0.75,W,F
accommodate,16,W_C,1.0,stripes,feet,E,F,1.75,-0.75,0.75,W,C
accommodate,16,E_F,9.0,stripes,feet,E,F,7.75,1.25,1.25,E,F
accommodate,286,W_C,8.0,stripes,feet,W,F,7.5,0.5,0.5,W,C
accommodate,286,E_C,3.0,stripes,feet,W,F,3.0,0.0,0.0,E,C
accommodate,286,W_F,10.0,stripes,feet,W,F,9.0,1.0,1.0,W,F
accommodate,286,E_F,5.0,stripes,feet,W,F,4.5,0.5,0.5,E,F
accommodate,88,W_C,5.0,stripes,feet,E,C,3.25,1.75,1.75,W,C
accommodate,88,E_C,9.0,stripes,feet,E,C,8.25,0.75,0.75,E,C
accommodate,88,E_F,7.0,stripes,feet,E,C,6.5,0.5,0.5,E,F
accommodate,88,W_F,3.0,stripes,feet,E,C,3.25,-0.25,0.25,W,F
accommodate,75,W_C,3.0,feet,stripes,W,F,4.5,-1.5,1.5,W,C
accommodate,75,E_C,5.0,feet,stripes,W,F,3.5,1.5,1.5,E,C
accommodate,75,W_F,6.0,feet,stripes,W,F,7.0,-1.0,1.0,W,F
accommodate,75,E_F,8.0,feet,stripes,W,F,6.0,2.0,2.0,E,F
accommodate,242,W_C,7.0,stripes,feet,W,C,7.25,-0.25,0.25,W,C
accommodate,242,W_F,8.0,stripes,feet,W,C,6.25,1.75,1.75,W,F
accommodate,242,E_F,4.0,stripes,feet,W,C,2.75,1.25,1.25,E,F
accommodate,242,E_C,3.0,stripes,feet,W,C,3.75,-0.75,0.75,E,C
accommodate,79,W_F,4.0,feet,stripes,W,F,5.5,-1.5,1.5,W,F
accommodate,79,E_C,5.0,feet,stripes,W,F,2.75,2.25,2.25,E,C
accommodate,79,W_C,3.0,feet,stripes,W,F,5.5,-2.5,2.5,W,C
accommodate,79,E_F,8.0,feet,stripes,W,F,7.0,1.0,1.0,E,F
accommodate,182,W_C,7.0,stripes,feet,W,F,7.25,-0.25,0.25,W,C
accommodate,182,E_F,5.0,stripes,feet,W,F,5.25,-0.25,0.25,E,F
accommodate,182,W_F,9.0,stripes,feet,W,F,7.25,1.75,1.75,W,F
accommodate,182,E_C,3.0,stripes,feet,W,F,4.25,-1.25,1.25,E,C
accommodate,117,W_F,3.0,feet,stripes,W,C,3.75,-0.75,0.75,W,F
accommodate,117,E_C,9.0,feet,stripes,W,C,7.25,1.75,1.75,E,C
accommodate,117,W_C,8.0,feet,stripes,W,C,8.25,-0.25,0.25,W,C
accommodate,117,E_F,4.0,feet,stripes,W,C,3.25,0.75,0.75,E,F
accommodate,196,W_F,1.0,stripes,feet,E,F,4.0,-3.0,3.0,W,F
accommodate,196,W_C,3.0,stripes,feet,E,F,2.75,0.25,0.25,W,C
accommodate,196,E_F,9.0,stripes,feet,E,F,8.25,0.75,0.75,E,F
accommodate,196,E_C,6.0,stripes,feet,E,F,7.25,-1.25,1.25,E,C
accommodate,193,E_C,8.0,feet,stripes,E,C,8.0,0.0,0.0,E,C
accommodate,193,W_F,3.0,feet,stripes,E,C,2.75,0.25,0.25,W,F
accommodate,193,W_C,6.0,feet,stripes,E,C,7.5,-1.5,1.5,W,C
accommodate,193,E_F,5.0,feet,stripes,E,C,4.5,0.5,0.5,E,F
accommodate,53,E_F,6.0,feet,stripes,W,C,2.25,3.75,3.75,E,F
accommodate,53,W_F,7.0,feet,stripes,W,C,5.75,1.25,1.25,W,F
accommodate,53,W_C,5.0,feet,stripes,W,C,7.75,-2.75,2.75,W,C
accommodate,53,E_C,3.0,feet,stripes,W,C,7.75,-4.75,4.75,E,C
accommodate,34,E_C,3.0,stripes,feet,W,F,3.0,0.0,0.0,E,C
accommodate,34,E_F,3.0,stripes,feet,W,F,4.0,-1.0,1.0,E,F
accommodate,34,W_C,9.0,stripes,feet,W,F,7.75,1.25,1.25,W,C
accommodate,34,W_F,9.0,stripes,feet,W,F,8.5,0.5,0.5,W,F
accommodate,114,E_C,6.0,stripes,feet,W,F,2.75,3.25,3.25,E,C
accommodate,114,W_C,6.0,stripes,feet,W,F,6.5,-0.5,0.5,W,C
accommodate,114,W_F,6.0,stripes,feet,W,F,8.5,-2.5,2.5,W,F
accommodate,114,E_F,6.0,stripes,feet,W,F,3.0,3.0,3.0,E,F
accommodate,103,E_F,5.0,feet,stripes,W,F,6.25,-1.25,1.25,E,F
accommodate,103,E_C,2.0,feet,stripes,W,F,2.5,-0.5,0.5,E,C
accommodate,103,W_C,4.0,feet,stripes,W,F,2.75,1.25,1.25,W,C
accommodate,103,W_F,10.0,feet,stripes,W,F,7.25,2.75,2.75,W,F
accommodate,58,E_C,3.0,stripes,feet,W,C,3.5,-0.5,0.5,E,C
accommodate,58,E_F,3.0,stripes,feet,W,C,3.75,-0.75,0.75,E,F
accommodate,58,W_F,7.0,stripes,feet,W,C,6.25,0.75,0.75,W,F
accommodate,58,W_C,8.0,stripes,feet,W,C,8.25,-0.25,0.25,W,C
accommodate,228,W_F,4.0,stripes,feet,E,C,2.25,1.75,1.75,W,F
accommodate,228,W_C,2.0,stripes,feet,E,C,4.0,-2.0,2.0,W,C
accommodate,228,E_C,8.0,stripes,feet,E,C,8.25,-0.25,0.25,E,C
accommodate,228,E_F,7.0,stripes,feet,E,C,6.5,0.5,0.5,E,F
accommodate,51,E_F,8.0,feet,stripes,E,F,5.25,2.75,2.75,E,F
accommodate,51,E_C,6.0,feet,stripes,E,F,6.0,0.0,0.0,E,C
accommodate,51,W_F,6.0,feet,stripes,E,F,6.25,-0.25,0.25,W,F
accommodate,51,W_C,4.0,feet,stripes,E,F,4.0,0.0,0.0,W,C
accommodate,130,W_F,8.0,stripes,feet,W,C,7.0,1.0,1.0,W,F
accommodate,130,W_C,9.0,stripes,feet,W,C,8.75,0.25,0.25,W,C
accommodate,130,E_C,2.0,stripes,feet,W,C,2.5,-0.5,0.5,E,C
accommodate,130,E_F,1.0,stripes,feet,W,C,1.75,-0.75,0.75,E,F
accommodate,163,W_C,6.0,feet,stripes,W,F,4.75,1.25,1.25,W,C
accommodate,163,E_C,4.0,feet,stripes,W,F,3.5,0.5,0.5,E,C
accommodate,163,E_F,8.0,feet,stripes,W,F,7.75,0.25,0.25,E,F
accommodate,163,W_F,10.0,feet,stripes,W,F,8.75,1.25,1.25,W,F
accommodate,236,W_F,9.0,stripes,feet,E,C,2.25,6.75,6.75,W,F
accommodate,236,W_C,6.0,stripes,feet,E,C,4.5,1.5,1.5,W,C
accommodate,236,E_C,6.0,stripes,feet,E,C,6.0,0.0,0.0,E,C
accommodate,236,E_F,9.0,stripes,feet,E,C,6.25,2.75,2.75,E,F
accommodate,159,E_F,9.0,feet,stripes,E,F,8.25,0.75,0.75,E,F
accommodate,159,W_C,3.0,feet,stripes,E,F,2.0,1.0,1.0,W,C
accommodate,159,W_F,9.0,feet,stripes,E,F,7.25,1.75,1.75,W,F
accommodate,159,E_C,3.0,feet,stripes,E,F,2.5,0.5,0.5,E,C
accommodate,202,E_C,6.0,stripes,feet,W,C,3.25,2.75,2.75,E,C
accommodate,202,E_F,2.0,stripes,feet,W,C,4.75,-2.75,2.75,E,F
accommodate,202,W_C,10.0,stripes,feet,W,C,8.25,1.75,1.75,W,C
accommodate,202,W_F,7.0,stripes,feet,W,C,5.25,1.75,1.75,W,F
accommodate,248,W_C,3.0,stripes,feet,E,F,3.0,0.0,0.0,W,C
accommodate,248,E_C,7.0,stripes,feet,E,F,5.75,1.25,1.25,E,C
accommodate,248,E_F,7.0,stripes,feet,E,F,6.75,0.25,0.25,E,F
accommodate,248,W_F,3.0,stripes,feet,E,F,3.75,-0.75,0.75,W,F
accommodate,132,W_F,3.0,stripes,feet,E,C,3.5,-0.5,0.5,W,F
accommodate,132,W_C,4.0,stripes,feet,E,C,3.75,0.25,0.25,W,C
accommodate,132,E_C,9.0,stripes,feet,E,C,6.75,2.25,2.25,E,C
accommodate,132,E_F,6.0,stripes,feet,E,C,5.5,0.5,0.5,E,F
accommodate,11,E_F,6.0,feet,stripes,W,F,6.5,-0.5,0.5,E,F
accommodate,11,E_C,7.0,feet,stripes,W,F,3.75,3.25,3.25,E,C
accommodate,11,W_C,7.0,feet,stripes,W,F,5.0,2.0,2.0,W,C
accommodate,11,W_F,9.0,feet,stripes,W,F,7.5,1.5,1.5,W,F
accommodate,190,W_C,9.0,stripes,feet,W,C,8.75,0.25,0.25,W,C
accommodate,190,E_F,3.0,stripes,feet,W,C,2.5,0.5,0.5,E,F
accommodate,190,W_F,8.0,stripes,feet,W,C,7.5,0.5,0.5,W,F
accommodate,190,E_C,4.0,stripes,feet,W,C,4.25,-0.25,0.25,E,C
accommodate,80,E_C,10.0,stripes,feet,E,C,7.75,2.25,2.25,E,C
accommodate,80,W_F,6.0,stripes,feet,E,C,3.25,2.75,2.75,W,F
accommodate,80,E_F,9.0,stripes,feet,E,C,7.0,2.0,2.0,E,F
accommodate,80,W_C,3.0,stripes,feet,E,C,4.5,-1.5,1.5,W,C
accommodate,223,E_F,8.0,feet,stripes,E,F,7.25,0.75,0.75,E,F
accommodate,223,W_C,3.0,feet,stripes,E,F,2.75,0.25,0.25,W,C
accommodate,223,W_F,6.0,feet,stripes,E,F,6.5,-0.5,0.5,W,F
accommodate,223,E_C,3.0,feet,stripes,E,F,3.5,-0.5,0.5,E,C
accommodate,13,W_F,2.0,feet,stripes,E,C,2.5,-0.5,0.5,W,F
accommodate,13,W_C,5.0,feet,stripes,E,C,7.0,-2.0,2.0,W,C
accommodate,13,E_F,6.0,feet,stripes,E,C,3.75,2.25,2.25,E,F
accommodate,13,E_C,9.0,feet,stripes,E,C,8.75,0.25,0.25,E,C
accommodate,111,W_F,8.0,feet,stripes,E,F,6.25,1.75,1.75,W,F
accommodate,111,W_C,4.0,feet,stripes,E,F,3.25,0.75,0.75,W,C
accommodate,111,E_C,2.0,feet,stripes,E,F,3.25,-1.25,1.25,E,C
accommodate,111,E_F,7.0,feet,stripes,E,F,7.5,-0.5,0.5,E,F
accommodate,219,W_F,5.0,feet,stripes,E,F,6.5,-1.5,1.5,W,F
accommodate,219,E_F,9.0,feet,stripes,E,F,7.0,2.0,2.0,E,F
accommodate,219,E_C,7.0,feet,stripes,E,F,4.0,3.0,3.0,E,C
accommodate,219,W_C,4.0,feet,stripes,E,F,3.5,0.5,0.5,W,C
accommodate,201,E_C,10.0,feet,stripes,W,C,7.25,2.75,2.75,E,C
accommodate,201,E_F,6.0,feet,stripes,W,C,3.25,2.75,2.75,E,F
accommodate,201,W_C,7.0,feet,stripes,W,C,8.25,-1.25,1.25,W,C
accommodate,201,W_F,3.0,feet,stripes,W,C,4.25,-1.25,1.25,W,F
accommodate,5,W_F,4.0,feet,stripes,W,C,3.5,0.5,0.5,W,F
accommodate,5,E_C,9.0,feet,stripes,W,C,6.5,2.5,2.5,E,C
accommodate,5,W_C,7.0,feet,stripes,W,C,8.0,-1.0,1.0,W,C
accommodate,5,E_F,3.0,feet,stripes,W,C,3.75,-0.75,0.75,E,F
accommodate,255,W_F,3.0,feet,stripes,W,F,7.5,-4.5,4.5,W,F
accommodate,255,E_C,10.0,feet,stripes,W,F,2.0,8.0,8.0,E,C
accommodate,255,W_C,9.0,feet,stripes,W,F,3.25,5.75,5.75,W,C
accommodate,255,E_F,5.0,feet,stripes,W,F,7.0,-2.0,2.0,E,F
accommodate,181,W_F,6.0,feet,stripes,W,C,5.25,0.75,0.75,W,F
accommodate,181,W_C,5.0,feet,stripes,W,C,7.75,-2.75,2.75,W,C
accommodate,181,E_C,4.0,feet,stripes,W,C,6.25,-2.25,2.25,E,C
accommodate,181,E_F,4.0,feet,stripes,W,C,2.25,1.75,1.75,E,F
accommodate,125,W_F,6.0,feet,stripes,W,C,4.5,1.5,1.5,W,F
accommodate,125,E_F,2.0,feet,stripes,W,C,2.5,-0.5,0.5,E,F
accommodate,125,E_C,4.0,feet,stripes,W,C,7.75,-3.75,3.75,E,C
accommodate,125,W_C,8.0,feet,stripes,W,C,6.75,1.25,1.25,W,C
accommodate,162,W_C,7.0,stripes,feet,W,C,7.5,-0.5,0.5,W,C
accommodate,162,W_F,6.0,stripes,feet,W,C,7.0,-1.0,1.0,W,F
accommodate,162,E_F,4.0,stripes,feet,W,C,2.0,2.0,2.0,E,F
accommodate,162,E_C,1.0,stripes,feet,W,C,4.75,-3.75,3.75,E,C
accommodate,198,E_C,4.0,stripes,feet,W,F,3.0,1.0,1.0,E,C
accommodate,198,E_F,4.0,stripes,feet,W,F,3.75,0.25,0.25,E,F
accommodate,198,W_C,7.0,stripes,feet,W,F,6.75,0.25,0.25,W,C
accommodate,198,W_F,7.0,stripes,feet,W,F,7.5,-0.5,0.5,W,F
accommodate,293,E_C,10.0,feet,stripes,E,C,8.25,1.75,1.75,E,C
accommodate,293,W_C,7.0,feet,stripes,E,C,7.75,-0.75,0.75,W,C
accommodate,293,W_F,5.0,feet,stripes,E,C,4.25,0.75,0.75,W,F
accommodate,293,E_F,3.0,feet,stripes,E,C,5.0,-2.0,2.0,E,F
accommodate,9,W_C,6.0,feet,stripes,W,C,8.0,-2.0,2.0,W,C
accommodate,9,E_C,10.0,feet,stripes,W,C,6.25,3.75,3.75,E,C
accommodate,9,W_F,2.0,feet,stripes,W,C,4.0,-2.0,2.0,W,F
accommodate,9,E_F,4.0,feet,stripes,W,C,2.75,1.25,1.25,E,F
accommodate,176,E_C,2.0,stripes,feet,E,F,7.0,-5.0,5.0,E,C
accommodate,176,E_F,4.0,stripes,feet,E,F,8.5,-4.5,4.5,E,F
accommodate,176,W_C,5.0,stripes,feet,E,F,3.0,2.0,2.0,W,C
accommodate,176,W_F,9.0,stripes,feet,E,F,5.25,3.75,3.75,W,F
accommodate,85,E_C,6.0,feet,stripes,W,C,6.5,-0.5,0.5,E,C
accommodate,85,W_C,7.0,feet,stripes,W,C,7.5,-0.5,0.5,W,C
accommodate,85,W_F,3.0,feet,stripes,W,C,3.25,-0.25,0.25,W,F
accommodate,85,E_F,2.0,feet,stripes,W,C,1.75,0.25,0.25,E,F
accommodate,139,E_F,8.0,feet,stripes,W,F,6.0,2.0,2.0,E,F
accommodate,139,W_F,3.0,feet,stripes,W,F,6.75,-3.75,3.75,W,F
accommodate,139,W_C,7.0,feet,stripes,W,F,5.75,1.25,1.25,W,C
accommodate,139,E_C,6.0,feet,stripes,W,F,3.75,2.25,2.25,E,C
accommodate,271,E_F,7.0,feet,stripes,E,F,7.75,-0.75,0.75,E,F
accommodate,271,W_F,5.0,feet,stripes,E,F,5.75,-0.75,0.75,W,F
accommodate,271,E_C,4.0,feet,stripes,E,F,5.0,-1.0,1.0,E,C
accommodate,271,W_C,10.0,feet,stripes,E,F,3.75,6.25,6.25,W,C
accommodate,4,E_F,9.0,stripes,feet,E,F,8.0,1.0,1.0,E,F
accommodate,4,W_C,4.0,stripes,feet,E,F,4.5,-0.5,0.5,W,C
accommodate,4,W_F,7.0,stripes,feet,E,F,4.5,2.5,2.5,W,F
accommodate,4,E_C,9.0,stripes,feet,E,F,6.75,2.25,2.25,E,C
accommodate,231,W_F,8.0,feet,stripes,E,F,6.5,1.5,1.5,W,F
accommodate,231,W_C,6.0,feet,stripes,E,F,2.0,4.0,4.0,W,C
accommodate,231,E_C,4.0,feet,stripes,E,F,3.25,0.75,0.75,E,C
accommodate,231,E_F,5.0,feet,stripes,E,F,6.5,-1.5,1.5,E,F
accommodate,224,E_F,10.0,stripes,feet,E,C,7.5,2.5,2.5,E,F
accommodate,224,E_C,8.0,stripes,feet,E,C,7.5,0.5,0.5,E,C
accommodate,224,W_C,5.0,stripes,feet,E,C,4.0,1.0,1.0,W,C
accommodate,224,W_F,2.0,stripes,feet,E,C,3.0,-1.0,1.0,W,F
accommodate,87,W_C,3.0,feet,stripes,W,F,3.75,-0.75,0.75,W,C
accommodate,87,W_F,6.0,feet,stripes,W,F,8.5,-2.5,2.5,W,F
accommodate,87,E_F,9.0,feet,stripes,W,F,7.0,2.0,2.0,E,F
accommodate,87,E_C,4.0,feet,stripes,W,F,2.5,1.5,1.5,E,C
accommodate,189,W_C,7.0,feet,stripes,W,C,8.25,-1.25,1.25,W,C
accommodate,189,E_C,9.0,feet,stripes,W,C,6.0,3.0,3.0,E,C
accommodate,189,W_F,5.0,feet,stripes,W,C,4.75,0.25,0.25,W,F
accommodate,189,E_F,3.0,feet,stripes,W,C,4.0,-1.0,1.0,E,F
accommodate,135,E_C,5.0,feet,stripes,E,F,5.25,-0.25,0.25,E,C
accommodate,135,E_F,7.0,feet,stripes,E,F,7.5,-0.5,0.5,E,F
accommodate,135,W_F,9.0,feet,stripes,E,F,7.75,1.25,1.25,W,F
accommodate,135,W_C,3.0,feet,stripes,E,F,4.0,-1.0,1.0,W,C
accommodate,70,E_F,9.0,stripes,feet,W,F,4.75,4.25,4.25,E,F
accommodate,70,E_C,7.0,stripes,feet,W,F,2.75,4.25,4.25,E,C
accommodate,70,W_F,9.0,stripes,feet,W,F,8.75,0.25,0.25,W,F
accommodate,70,W_C,7.0,stripes,feet,W,F,6.75,0.25,0.25,W,C
accommodate,115,W_C,10.0,feet,stripes,E,F,2.25,7.75,7.75,W,C
accommodate,115,E_C,10.0,feet,stripes,E,F,5.0,5.0,5.0,E,C
accommodate,115,E_F,1.0,feet,stripes,E,F,9.5,-8.5,8.5,E,F
accommodate,115,W_F,1.0,feet,stripes,E,F,5.5,-4.5,4.5,W,F
accommodate,197,W_C,7.0,feet,stripes,W,C,6.5,0.5,0.5,W,C
accommodate,197,W_F,3.0,feet,stripes,W,C,3.0,0.0,0.0,W,F
accommodate,197,E_F,4.0,feet,stripes,W,C,2.25,1.75,1.75,E,F
accommodate,197,E_C,5.0,feet,stripes,W,C,5.75,-0.75,0.75,E,C
accommodate,209,E_C,9.0,feet,stripes,W,C,7.5,1.5,1.5,E,C
accommodate,209,W_F,4.0,feet,stripes,W,C,4.5,-0.5,0.5,W,F
accommodate,209,E_F,1.0,feet,stripes,W,C,3.25,-2.25,2.25,E,F
accommodate,209,W_C,8.0,feet,stripes,W,C,7.75,0.25,0.25,W,C
accommodate,191,W_F,7.0,feet,stripes,E,F,6.75,0.25,0.25,W,F
accommodate,191,W_C,3.0,feet,stripes,E,F,2.75,0.25,0.25,W,C
accommodate,191,E_C,5.0,feet,stripes,E,F,5.5,-0.5,0.5,E,C
accommodate,191,E_F,8.0,feet,stripes,E,F,7.0,1.0,1.0,E,F
accommodate,50,E_F,5.0,stripes,feet,W,C,3.25,1.75,1.75,E,F
accommodate,50,E_C,4.0,stripes,feet,W,C,3.5,0.5,0.5,E,C
accommodate,50,W_F,8.0,stripes,feet,W,C,6.75,1.25,1.25,W,F
accommodate,50,W_C,7.0,stripes,feet,W,C,7.75,-0.75,0.75,W,C
accommodate,91,W_C,5.0,feet,stripes,W,F,4.25,0.75,0.75,W,C
accommodate,91,W_F,7.0,feet,stripes,W,F,7.75,-0.75,0.75,W,F
accommodate,91,E_F,6.0,feet,stripes,W,F,5.0,1.0,1.0,E,F
accommodate,91,E_C,4.0,feet,stripes,W,F,4.25,-0.25,0.25,E,C
accommodate,61,E_F,4.0,feet,stripes,W,C,2.75,1.25,1.25,E,F
accommodate,61,E_C,10.0,feet,stripes,W,C,8.0,2.0,2.0,E,C
accommodate,61,W_F,3.0,feet,stripes,W,C,5.75,-2.75,2.75,W,F
accommodate,61,W_C,7.0,feet,stripes,W,C,9.5,-2.5,2.5,W,C
accommodate,164,E_F,5.0,stripes,feet,E,C,7.5,-2.5,2.5,E,F
accommodate,164,E_C,6.0,stripes,feet,E,C,7.25,-1.25,1.25,E,C
accommodate,164,W_C,4.0,stripes,feet,E,C,4.0,0.0,0.0,W,C
accommodate,164,W_F,1.0,stripes,feet,E,C,2.75,-1.75,1.75,W,F
accommodate,48,E_C,9.0,stripes,feet,E,F,5.75,3.25,3.25,E,C
accommodate,48,W_F,7.0,stripes,feet,E,F,3.75,3.25,3.25,W,F
accommodate,48,E_F,8.0,stripes,feet,E,F,6.25,1.75,1.75,E,F
accommodate,48,W_C,7.0,stripes,feet,E,F,3.0,4.0,4.0,W,C
accommodate,106,E_F,2.0,stripes,feet,W,C,3.75,-1.75,1.75,E,F
accommodate,106,E_C,9.0,stripes,feet,W,C,5.0,4.0,4.0,E,C
accommodate,106,W_F,7.0,stripes,feet,W,C,7.0,0.0,0.0,W,F
accommodate,106,W_C,9.0,stripes,feet,W,C,8.5,0.5,0.5,W,C
accommodate,148,W_C,3.0,stripes,feet,E,C,4.0,-1.0,1.0,W,C
accommodate,148,E_C,8.0,stripes,feet,E,C,8.25,-0.25,0.25,E,C
accommodate,148,W_F,3.0,stripes,feet,E,C,3.0,0.0,0.0,W,F
accommodate,148,E_F,8.0,stripes,feet,E,C,7.25,0.75,0.75,E,F
accommodate,136,W_C,5.0,stripes,feet,E,F,3.25,1.75,1.75,W,C
accommodate,136,W_F,4.0,stripes,feet,E,F,4.25,-0.25,0.25,W,F
accommodate,136,E_C,8.0,stripes,feet,E,F,6.25,1.75,1.75,E,C
accommodate,136,E_F,7.0,stripes,feet,E,F,9.0,-2.0,2.0,E,F
accommodate,94,W_F,10.0,stripes,feet,W,F,8.5,1.5,1.5,W,F
accommodate,94,E_C,3.0,stripes,feet,W,F,3.0,0.0,0.0,E,C
accommodate,94,W_C,8.0,stripes,feet,W,F,7.5,0.5,0.5,W,C
accommodate,94,E_F,5.0,stripes,feet,W,F,3.0,2.0,2.0,E,F
accommodate,222,W_F,6.0,stripes,feet,W,C,7.0,-1.0,1.0,W,F
accommodate,222,E_C,4.0,stripes,feet,W,C,3.75,0.25,0.25,E,C
accommodate,222,W_C,5.0,stripes,feet,W,C,7.0,-2.0,2.0,W,C
accommodate,222,E_F,7.0,stripes,feet,W,C,2.75,4.25,4.25,E,F
accommodate,14,E_F,3.0,stripes,feet,W,F,3.25,-0.25,0.25,E,F
accommodate,14,W_F,8.0,stripes,feet,W,F,8.0,0.0,0.0,W,F
accommodate,14,W_C,8.0,stripes,feet,W,F,6.25,1.75,1.75,W,C
accommodate,14,E_C,2.0,stripes,feet,W,F,3.5,-1.5,1.5,E,C
accommodate,97,E_F,5.0,feet,stripes,E,C,2.5,2.5,2.5,E,F
accommodate,97,W_F,1.0,feet,stripes,E,C,2.25,-1.25,1.25,W,F
accommodate,97,W_C,4.0,feet,stripes,E,C,5.75,-1.75,1.75,W,C
accommodate,97,E_C,10.0,feet,stripes,E,C,8.25,1.75,1.75,E,C
accommodate,281,W_F,4.0,feet,stripes,E,C,3.75,0.25,0.25,W,F
accommodate,281,W_C,5.0,feet,stripes,E,C,7.75,-2.75,2.75,W,C
accommodate,281,E_F,7.0,feet,stripes,E,C,7.5,-0.5,0.5,E,F
accommodate,281,E_C,8.0,feet,stripes,E,C,8.0,0.0,0.0,E,C
accommodate,62,E_F,2.0,stripes,feet,W,C,1.75,0.25,0.25,E,F
accommodate,62,W_C,9.0,stripes,feet,W,C,7.75,1.25,1.25,W,C
accommodate,62,W_F,7.0,stripes,feet,W,C,8.5,-1.5,1.5,W,F
accommodate,62,E_C,4.0,stripes,feet,W,C,3.5,0.5,0.5,E,C
accommodate,258,E_C,2.0,stripes,feet,W,F,2.25,-0.25,0.25,E,C
accommodate,258,W_F,9.0,stripes,feet,W,F,9.0,0.0,0.0,W,F
accommodate,258,W_C,7.0,stripes,feet,W,F,7.0,0.0,0.0,W,C
accommodate,258,E_F,5.0,stripes,feet,W,F,3.0,2.0,2.0,E,F
accommodate,257,W_F,3.0,feet,stripes,W,C,3.5,-0.5,0.5,W,F
accommodate,257,E_F,5.0,feet,stripes,W,C,2.5,2.5,2.5,E,F
accommodate,257,E_C,9.0,feet,stripes,W,C,7.75,1.25,1.25,E,C
accommodate,257,W_C,8.0,feet,stripes,W,C,8.0,0.0,0.0,W,C
accommodate,17,W_F,2.0,feet,stripes,E,C,3.75,-1.75,1.75,W,F
accommodate,17,W_C,4.0,feet,stripes,E,C,6.75,-2.75,2.75,W,C
accommodate,17,E_F,5.0,feet,stripes,E,C,4.25,0.75,0.75,E,F
accommodate,17,E_C,8.0,feet,stripes,E,C,7.75,0.25,0.25,E,C
accommodate,212,E_F,10.0,stripes,feet,E,F,8.25,1.75,1.75,E,F
accommodate,212,W_F,6.0,stripes,feet,E,F,4.25,1.75,1.75,W,F
accommodate,212,E_C,6.0,stripes,feet,E,F,7.25,-1.25,1.25,E,C
accommodate,212,W_C,1.0,stripes,feet,E,F,3.75,-2.75,2.75,W,C
accommodate,294,E_F,5.0,stripes,feet,W,F,5.25,-0.25,0.25,E,F
accommodate,294,W_F,10.0,stripes,feet,W,F,8.0,2.0,2.0,W,F
accommodate,294,W_C,6.0,stripes,feet,W,F,6.75,-0.75,0.75,W,C
accommodate,294,E_C,1.0,stripes,feet,W,F,2.0,-1.0,1.0,E,C
accommodate,168,W_C,2.0,stripes,feet,E,C,3.75,-1.75,1.75,W,C
accommodate,168,W_F,7.0,stripes,feet,E,C,3.75,3.25,3.25,W,F
accommodate,168,E_C,9.0,stripes,feet,E,C,9.0,0.0,0.0,E,C
accommodate,168,E_F,4.0,stripes,feet,E,C,4.75,-0.75,0.75,E,F
accommodate,194,E_C,3.0,stripes,feet,W,F,4.0,-1.0,1.0,E,C
accommodate,194,W_F,9.0,stripes,feet,W,F,7.5,1.5,1.5,W,F
accommodate,194,E_F,3.0,stripes,feet,W,F,3.5,-0.5,0.5,E,F
accommodate,194,W_C,5.0,stripes,feet,W,F,5.75,-0.75,0.75,W,C
accommodate,185,E_F,6.0,feet,stripes,E,C,5.5,0.5,0.5,E,F
accommodate,185,E_C,9.0,feet,stripes,E,C,8.25,0.75,0.75,E,C
accommodate,185,W_C,7.0,feet,stripes,E,C,6.5,0.5,0.5,W,C
accommodate,185,W_F,3.0,feet,stripes,E,C,3.5,-0.5,0.5,W,F
accommodate,288,W_C,6.0,stripes,feet,E,F,3.5,2.5,2.5,W,C
accommodate,288,E_F,10.0,stripes,feet,E,F,7.75,2.25,2.25,E,F
accommodate,288,W_F,10.0,stripes,feet,E,F,3.0,7.0,7.0,W,F
accommodate,288,E_C,6.0,stripes,feet,E,F,6.0,0.0,0.0,E,C
accommodate,121,E_C,6.0,feet,stripes,W,C,5.75,0.25,0.25,E,C
accommodate,121,E_F,2.0,feet,stripes,W,C,2.75,-0.75,0.75,E,F
accommodate,121,W_C,10.0,feet,stripes,W,C,7.25,2.75,2.75,W,C
accommodate,121,W_F,5.0,feet,stripes,W,C,3.75,1.25,1.25,W,F
accommodate,78,E_C,3.0,stripes,feet,W,C,3.75,-0.75,0.75,E,C
accommodate,78,W_C,9.0,stripes,feet,W,C,8.25,0.75,0.75,W,C
accommodate,78,E_F,2.0,stripes,feet,W,C,2.25,-0.25,0.25,E,F
accommodate,78,W_F,7.0,stripes,feet,W,C,7.0,0.0,0.0,W,F
accommodate,57,W_F,4.0,feet,stripes,W,C,4.0,0.0,0.0,W,F
accommodate,57,E_F,3.0,feet,stripes,W,C,4.75,-1.75,1.75,E,F
accommodate,57,E_C,8.0,feet,stripes,W,C,6.0,2.0,2.0,E,C
accommodate,57,W_C,7.0,feet,stripes,W,C,7.75,-0.75,0.75,W,C
accommodate,259,E_C,3.0,feet,stripes,E,F,3.25,-0.25,0.25,E,C
accommodate,259,W_F,8.0,feet,stripes,E,F,7.0,1.0,1.0,W,F
accommodate,259,E_F,8.0,feet,stripes,E,F,7.25,0.75,0.75,E,F
accommodate,259,W_C,3.0,feet,stripes,E,F,2.5,0.5,0.5,W,C
accommodate,120,E_C,9.0,stripes,feet,E,F,7.25,1.75,1.75,E,C
accommodate,120,W_F,2.0,stripes,feet,E,F,4.5,-2.5,2.5,W,F
accommodate,120,E_F,7.0,stripes,feet,E,F,7.0,0.0,0.0,E,F
accommodate,120,W_C,3.0,stripes,feet,E,F,2.5,0.5,0.5,W,C
accommodate,90,W_F,8.0,stripes,feet,W,C,6.5,1.5,1.5,W,F
accommodate,90,E_F,3.0,stripes,feet,W,C,3.25,-0.25,0.25,E,F
accommodate,90,E_C,2.0,stripes,feet,W,C,3.25,-1.25,1.25,E,C
accommodate,90,W_C,9.0,stripes,feet,W,C,9.25,-0.25,0.25,W,C
accommodate,180,W_F,4.0,stripes,feet,E,F,3.5,0.5,0.5,W,F
accommodate,180,E_F,7.0,stripes,feet,E,F,8.25,-1.25,1.25,E,F
accommodate,180,W_C,2.0,stripes,feet,E,F,3.25,-1.25,1.25,W,C
accommodate,180,E_C,9.0,stripes,feet,E,F,7.0,2.0,2.0,E,C
accommodate,22,W_F,9.0,stripes,feet,W,F,8.0,1.0,1.0,W,F
accommodate,22,W_C,8.0,stripes,feet,W,F,6.5,1.5,1.5,W,C
accommodate,22,E_F,5.0,stripes,feet,W,F,3.75,1.25,1.25,E,F
accommodate,22,E_C,3.0,stripes,feet,W,F,2.75,0.25,0.25,E,C
accommodate,145,E_F,5.0,feet,stripes,E,C,4.75,0.25,0.25,E,F
accommodate,145,W_F,2.0,feet,stripes,E,C,3.0,-1.0,1.0,W,F
accommodate,145,W_C,6.0,feet,stripes,E,C,8.0,-2.0,2.0,W,C
accommodate,145,E_C,9.0,feet,stripes,E,C,8.25,0.75,0.75,E,C
accommodate,123,E_F,10.0,feet,stripes,E,F,8.75,1.25,1.25,E,F
accommodate,123,W_C,5.0,feet,stripes,E,F,4.0,1.0,1.0,W,C
accommodate,123,W_F,6.0,feet,stripes,E,F,7.5,-1.5,1.5,W,F
accommodate,123,E_C,8.0,feet,stripes,E,F,5.75,2.25,2.25,E,C
accommodate,220,E_F,5.0,stripes,feet,E,F,7.5,-2.5,2.5,E,F
accommodate,220,W_F,4.0,stripes,feet,E,F,2.75,1.25,1.25,W,F
accommodate,220,E_C,7.0,stripes,feet,E,F,5.0,2.0,2.0,E,C
accommodate,220,W_C,10.0,stripes,feet,E,F,2.5,7.5,7.5,W,C
accommodate,40,E_C,8.0,stripes,feet,E,F,7.25,0.75,0.75,E,C
accommodate,40,E_F,8.0,stripes,feet,E,F,8.0,0.0,0.0,E,F
accommodate,40,W_F,3.0,stripes,feet,E,F,3.25,-0.25,0.25,W,F
accommodate,40,W_C,3.0,stripes,feet,E,F,3.0,0.0,0.0,W,C
accommodate,82,W_C,2.0,stripes,feet,W,C,8.25,-6.25,6.25,W,C
accommodate,82,E_C,6.0,stripes,feet,W,C,3.0,3.0,3.0,E,C
accommodate,82,W_F,7.0,stripes,feet,W,C,7.75,-0.75,0.75,W,F
accommodate,82,E_F,9.0,stripes,feet,W,C,2.0,7.0,7.0,E,F
accommodate,54,E_F,3.0,stripes,feet,W,F,3.25,-0.25,0.25,E,F
accommodate,54,W_C,7.0,stripes,feet,W,F,6.75,0.25,0.25,W,C
accommodate,54,W_F,10.0,stripes,feet,W,F,6.75,3.25,3.25,W,F
accommodate,54,E_C,1.0,stripes,feet,W,F,1.5,-0.5,0.5,E,C
accommodate,155,W_C,7.0,feet,stripes,W,F,4.5,2.5,2.5,W,C
accommodate,155,W_F,10.0,feet,stripes,W,F,8.5,1.5,1.5,W,F
accommodate,155,E_C,3.0,feet,stripes,W,F,3.5,-0.5,0.5,E,C
accommodate,155,E_F,7.0,feet,stripes,W,F,8.25,-1.25,1.25,E,F
accommodate,105,W_C,9.0,feet,stripes,E,C,8.25,0.75,0.75,W,C
accommodate,105,W_F,3.0,feet,stripes,E,C,2.25,0.75,0.75,W,F
accommodate,105,E_C,6.0,feet,stripes,E,C,8.75,-2.75,2.75,E,C
accommodate,105,E_F,4.0,feet,stripes,E,C,3.25,0.75,0.75,E,F
accommodate,237,W_F,6.0,feet,stripes,W,C,3.75,2.25,2.25,W,F
accommodate,237,E_C,6.0,feet,stripes,W,C,5.75,0.25,0.25,E,C
accommodate,237,W_C,9.0,feet,stripes,W,C,7.75,1.25,1.25,W,C
accommodate,237,E_F,2.0,feet,stripes,W,C,3.25,-1.25,1.25,E,F
accommodate,173,E_C,9.0,feet,stripes,E,C,8.25,0.75,0.75,E,C
accommodate,173,E_F,7.0,feet,stripes,E,C,4.0,3.0,3.0,E,F
accommodate,173,W_F,1.0,feet,stripes,E,C,2.75,-1.75,1.75,W,F
accommodate,173,W_C,6.0,feet,stripes,E,C,5.75,0.25,0.25,W,C
accommodate,25,W_C,10.0,feet,stripes,W,C,7.25,2.75,2.75,W,C
accommodate,25,E_C,7.0,feet,stripes,W,C,5.5,1.5,1.5,E,C
accommodate,25,W_F,6.0,feet,stripes,W,C,3.5,2.5,2.5,W,F
accommodate,25,E_F,2.0,feet,stripes,W,C,3.5,-1.5,1.5,E,F
accommodate,299,W_C,3.0,feet,stripes,E,F,3.0,0.0,0.0,W,C
accommodate,299,W_F,9.0,feet,stripes,E,F,7.5,1.5,1.5,W,F
accommodate,299,E_F,7.0,feet,stripes,E,F,8.25,-1.25,1.25,E,F
accommodate,299,E_C,4.0,feet,stripes,E,F,3.75,0.25,0.25,E,C
accommodate,108,W_F,4.0,stripes,feet,E,C,2.5,1.5,1.5,W,F
accommodate,108,E_F,9.0,stripes,feet,E,C,6.75,2.25,2.25,E,F
accommodate,108,E_C,6.0,stripes,feet,E,C,5.5,0.5,0.5,E,C
accommodate,108,W_C,5.0,stripes,feet,E,C,4.75,0.25,0.25,W,C
accommodate,245,W_C,7.0,feet,stripes,W,C,8.5,-1.5,1.5,W,C
accommodate,245,W_F,5.0,feet,stripes,W,C,2.75,2.25,2.25,W,F
accommodate,245,E_F,9.0,feet,stripes,W,C,3.5,5.5,5.5,E,F
accommodate,245,E_C,4.0,feet,stripes,W,C,6.75,-2.75,2.75,E,C
accommodate,247,E_F,8.0,feet,stripes,E,F,8.25,-0.25,0.25,E,F
accommodate,247,W_C,2.0,feet,stripes,E,F,3.0,-1.0,1.0,W,C
accommodate,247,E_C,4.0,feet,stripes,E,F,4.25,-0.25,0.25,E,C
accommodate,247,W_F,9.0,feet,stripes,E,F,7.25,1.75,1.75,W,F
accommodate,72,E_C,6.0,stripes,feet,E,F,8.75,-2.75,2.75,E,C
accommodate,72,W_C,3.0,stripes,feet,E,F,2.75,0.25,0.25,W,C
accommodate,72,E_F,9.0,stripes,feet,E,F,8.0,1.0,1.0,E,F
accommodate,72,W_F,6.0,stripes,feet,E,F,4.75,1.25,1.25,W,F
accommodate,266,E_C,4.0,stripes,feet,W,C,4.5,-0.5,0.5,E,C
accommodate,266,E_F,4.0,stripes,feet,W,C,3.75,0.25,0.25,E,F
accommodate,266,W_C,7.0,stripes,feet,W,C,7.0,0.0,0.0,W,C
accommodate,266,W_F,7.0,stripes,feet,W,C,6.75,0.25,0.25,W,F
accommodate,243,E_C,2.0,feet,stripes,W,F,1.75,0.25,0.25,E,C
accommodate,243,E_F,4.0,feet,stripes,W,F,7.25,-3.25,3.25,E,F
accommodate,243,W_F,9.0,feet,stripes,W,F,6.75,2.25,2.25,W,F
accommodate,243,W_C,8.0,feet,stripes,W,F,3.5,4.5,4.5,W,C
accommodate,249,W_C,6.0,feet,stripes,E,C,6.75,-0.75,0.75,W,C
accommodate,249,E_F,6.0,feet,stripes,E,C,4.0,2.0,2.0,E,F
accommodate,249,W_F,6.0,feet,stripes,E,C,4.0,2.0,2.0,W,F
accommodate,249,E_C,6.0,feet,stripes,E,C,8.75,-2.75,2.75,E,C
accommodate,63,E_C,6.0,feet,stripes,W,F,3.25,2.75,2.75,E,C
accommodate,63,W_F,3.0,feet,stripes,W,F,8.75,-5.75,5.75,W,F
accommodate,63,W_C,9.0,feet,stripes,W,F,3.5,5.5,5.5,W,C
accommodate,63,E_F,2.0,feet,stripes,W,F,5.5,-3.5,3.5,E,F
accommodate,38,W_C,8.0,stripes,feet,W,C,8.25,-0.25,0.25,W,C
accommodate,38,E_C,4.0,stripes,feet,W,C,4.25,-0.25,0.25,E,C
accommodate,38,E_F,7.0,stripes,feet,W,C,4.0,3.0,3.0,E,F
accommodate,38,W_F,6.0,stripes,feet,W,C,6.75,-0.75,0.75,W,F
accommodate,60,E_F,6.0,stripes,feet,E,C,7.25,-1.25,1.25,E,F
accommodate,60,W_C,4.0,stripes,feet,E,C,3.75,0.25,0.25,W,C
accommodate,60,E_C,10.0,stripes,feet,E,C,7.75,2.25,2.25,E,C
accommodate,60,W_F,3.0,stripes,feet,E,C,2.75,0.25,0.25,W,F
accommodate,256,E_C,5.0,stripes,feet,E,F,5.25,-0.25,0.25,E,C
accommodate,256,W_F,5.0,stripes,feet,E,F,2.75,2.25,2.25,W,F
accommodate,256,W_C,6.0,stripes,feet,E,F,4.0,2.0,2.0,W,C
accommodate,256,E_F,8.0,stripes,feet,E,F,7.5,0.5,0.5,E,F
accommodate,184,E_C,5.0,stripes,feet,E,F,5.75,-0.75,0.75,E,C
accommodate,184,E_F,9.0,stripes,feet,E,F,8.25,0.75,0.75,E,F
accommodate,184,W_F,6.0,stripes,feet,E,F,4.25,1.75,1.75,W,F
accommodate,184,W_C,3.0,stripes,feet,E,F,2.25,0.75,0.75,W,C
accommodate,23,E_C,4.0,feet,stripes,E,F,5.0,-1.0,1.0,E,C
accommodate,23,E_F,10.0,feet,stripes,E,F,8.25,1.75,1.75,E,F
accommodate,23,W_F,8.0,feet,stripes,E,F,8.0,0.0,0.0,W,F
accommodate,23,W_C,2.0,feet,stripes,E,F,2.75,-0.75,0.75,W,C
accommodate,277,W_C,8.0,feet,stripes,E,C,6.75,1.25,1.25,W,C
accommodate,277,E_F,4.0,feet,stripes,E,C,5.75,-1.75,1.75,E,F
accommodate,277,W_F,5.0,feet,stripes,E,C,3.25,1.75,1.75,W,F
accommodate,277,E_C,8.0,feet,stripes,E,C,8.75,-0.75,0.75,E,C
accommodate,141,W_F,4.0,feet,stripes,W,C,3.0,1.0,1.0,W,F
accommodate,141,E_F,2.0,feet,stripes,W,C,2.75,-0.75,0.75,E,F
accommodate,141,W_C,9.0,feet,stripes,W,C,8.0,1.0,1.0,W,C
accommodate,141,E_C,8.0,feet,stripes,W,C,6.5,1.5,1.5,E,C
accommodate,33,W_C,7.0,feet,stripes,E,C,6.5,0.5,0.5,W,C
accommodate,33,E_C,8.0,feet,stripes,E,C,8.75,-0.75,0.75,E,C
accommodate,33,E_F,4.0,feet,stripes,E,C,2.75,1.25,1.25,E,F
accommodate,33,W_F,4.0,feet,stripes,E,C,3.0,1.0,1.0,W,F
accommodate,213,E_C,10.0,feet,stripes,E,C,8.5,1.5,1.5,E,C
accommodate,213,E_F,5.0,feet,stripes,E,C,3.75,1.25,1.25,E,F
accommodate,213,W_C,5.0,feet,stripes,E,C,6.25,-1.25,1.25,W,C
accommodate,213,W_F,1.0,feet,stripes,E,C,4.75,-3.75,3.75,W,F
accommodate,233,E_F,5.0,feet,stripes,E,C,5.25,-0.25,0.25,E,F
accommodate,233,W_C,8.0,feet,stripes,E,C,7.0,1.0,1.0,W,C
accommodate,233,W_F,2.0,feet,stripes,E,C,3.25,-1.25,1.25,W,F
accommodate,233,E_C,9.0,feet,stripes,E,C,8.5,0.5,0.5,E,C
accommodate,12,W_F,5.0,stripes,feet,E,F,5.5,-0.5,0.5,W,F
accommodate,12,E_C,9.0,stripes,feet,E,F,7.25,1.75,1.75,E,C
accommodate,12,W_C,5.0,stripes,feet,E,F,4.25,0.75,0.75,W,C
accommodate,12,E_F,7.0,stripes,feet,E,F,7.5,-0.5,0.5,E,F
accommodate,41,W_C,2.0,feet,stripes,E,C,5.0,-3.0,3.0,W,C
accommodate,41,E_C,6.0,feet,stripes,E,C,7.25,-1.25,1.25,E,C
accommodate,41,W_F,1.0,feet,stripes,E,C,3.25,-2.25,2.25,W,F
accommodate,41,E_F,5.0,feet,stripes,E,C,2.75,2.25,2.25,E,F
accommodate,126,W_C,9.0,stripes,feet,W,C,7.5,1.5,1.5,W,C
accommodate,126,W_F,2.0,stripes,feet,W,C,8.25,-6.25,6.25,W,F
accommodate,126,E_C,8.0,stripes,feet,W,C,4.25,3.75,3.75,E,C
accommodate,126,E_F,2.0,stripes,feet,W,C,2.5,-0.5,0.5,E,F
accommodate,39,W_C,3.0,feet,stripes,W,F,4.0,-1.0,1.0,W,C
accommodate,39,E_F,8.0,feet,stripes,W,F,7.25,0.75,0.75,E,F
accommodate,39,E_C,1.0,feet,stripes,W,F,2.25,-1.25,1.25,E,C
accommodate,39,W_F,7.0,feet,stripes,W,F,7.0,0.0,0.0,W,F
accommodate,137,W_F,4.0,feet,stripes,W,C,5.0,-1.0,1.0,W,F
accommodate,137,E_C,8.0,feet,stripes,W,C,5.5,2.5,2.5,E,C
accommodate,137,W_C,5.0,feet,stripes,W,C,7.25,-2.25,2.25,W,C
accommodate,137,E_F,2.0,feet,stripes,W,C,2.5,-0.5,0.5,E,F
accommodate,73,W_F,4.0,feet,stripes,E,C,3.25,0.75,0.75,W,F
accommodate,73,E_F,4.0,feet,stripes,E,C,4.5,-0.5,0.5,E,F
accommodate,73,W_C,8.0,feet,stripes,E,C,7.25,0.75,0.75,W,C
accommodate,73,E_C,8.0,feet,stripes,E,C,7.75,0.25,0.25,E,C
accommodate,246,E_C,2.0,stripes,feet,W,C,3.25,-1.25,1.25,E,C
accommodate,246,E_F,3.0,stripes,feet,W,C,2.5,0.5,0.5,E,F
accommodate,246,W_C,9.0,stripes,feet,W,C,8.75,0.25,0.25,W,C
accommodate,246,W_F,7.0,stripes,feet,W,C,6.0,1.0,1.0,W,F
accommodate,274,W_F,3.0,stripes,feet,W,F,9.0,-6.0,6.0,W,F
accommodate,274,W_C,5.0,stripes,feet,W,F,8.75,-3.75,3.75,W,C
accommodate,274,E_F,8.0,stripes,feet,W,F,5.5,2.5,2.5,E,F
accommodate,274,E_C,10.0,stripes,feet,W,F,2.75,7.25,7.25,E,C
accommodate,113,W_C,7.0,feet,stripes,E,C,7.25,-0.25,0.25,W,C
accommodate,113,E_F,3.0,feet,stripes,E,C,4.25,-1.25,1.25,E,F
accommodate,113,E_C,10.0,feet,stripes,E,C,8.0,2.0,2.0,E,C
accommodate,113,W_F,1.0,feet,stripes,E,C,2.75,-1.75,1.75,W,F
accommodate,172,W_C,3.0,stripes,feet,E,C,4.5,-1.5,1.5,W,C
accommodate,172,E_C,8.0,stripes,feet,E,C,8.0,0.0,0.0,E,C
accommodate,172,W_F,4.0,stripes,feet,E,C,2.75,1.25,1.25,W,F
accommodate,172,E_F,7.0,stripes,feet,E,C,8.25,-1.25,1.25,E,F
accommodate,147,W_C,4.0,feet,stripes,W,F,4.75,-0.75,0.75,W,C
accommodate,147,E_F,9.0,feet,stripes,W,F,6.0,3.0,3.0,E,F
accommodate,147,W_F,10.0,feet,stripes,W,F,9.25,0.75,0.75,W,F
accommodate,147,E_C,10.0,feet,stripes,W,F,5.0,5.0,5.0,E,C
accommodate,18,W_F,7.0,stripes,feet,W,F,7.75,-0.75,0.75,W,F
accommodate,18,E_F,3.0,stripes,feet,W,F,3.0,0.0,0.0,E,F
accommodate,18,E_C,3.0,stripes,feet,W,F,2.5,0.5,0.5,E,C
accommodate,18,W_C,9.0,stripes,feet,W,F,6.0,3.0,3.0,W,C
accommodate,134,E_F,2.0,stripes,feet,W,C,2.75,-0.75,0.75,E,F
accommodate,134,W_F,5.0,stripes,feet,W,C,7.0,-2.0,2.0,W,F
accommodate,134,W_C,9.0,stripes,feet,W,C,7.75,1.25,1.25,W,C
accommodate,134,E_C,4.0,stripes,feet,W,C,3.5,0.5,0.5,E,C
accommodate,129,E_F,6.0,feet,stripes,E,C,4.25,1.75,1.75,E,F
accommodate,129,W_C,8.0,feet,stripes,E,C,8.5,-0.5,0.5,W,C
accommodate,129,E_C,10.0,feet,stripes,E,C,9.0,1.0,1.0,E,C
accommodate,129,W_F,4.0,feet,stripes,E,C,2.75,1.25,1.25,W,F
accommodate,7,E_F,7.0,feet,stripes,W,F,6.0,1.0,1.0,E,F
accommodate,7,W_C,5.0,feet,stripes,W,F,3.75,1.25,1.25,W,C
accommodate,7,E_C,4.0,feet,stripes,W,F,3.5,0.5,0.5,E,C
accommodate,7,W_F,9.0,feet,stripes,W,F,6.75,2.25,2.25,W,F
accommodate,26,W_F,6.0,stripes,feet,W,C,5.0,1.0,1.0,W,F
accommodate,26,W_C,9.0,stripes,feet,W,C,8.75,0.25,0.25,W,C
accommodate,26,E_F,1.0,stripes,feet,W,C,2.0,-1.0,1.0,E,F
accommodate,26,E_C,3.0,stripes,feet,W,C,3.75,-0.75,0.75,E,C
accommodate,235,W_C,6.0,feet,stripes,W,F,4.75,1.25,1.25,W,C
accommodate,235,W_F,7.0,feet,stripes,W,F,7.75,-0.75,0.75,W,F
accommodate,235,E_C,3.0,feet,stripes,W,F,3.5,-0.5,0.5,E,C
accommodate,235,E_F,4.0,feet,stripes,W,F,4.5,-0.5,0.5,E,F
accommodate,49,E_F,6.0,feet,stripes,E,C,5.0,1.0,1.0,E,F
accommodate,49,E_C,9.0,feet,stripes,E,C,7.75,1.25,1.25,E,C
accommodate,49,W_F,3.0,feet,stripes,E,C,4.0,-1.0,1.0,W,F
accommodate,49,W_C,5.0,feet,stripes,E,C,7.75,-2.75,2.75,W,C
accommodate,261,W_F,2.0,feet,stripes,W,C,3.75,-1.75,1.75,W,F
accommodate,261,E_C,7.0,feet,stripes,W,C,6.75,0.25,0.25,E,C
accommodate,261,E_F,2.0,feet,stripes,W,C,1.25,0.75,0.75,E,F
accommodate,261,W_C,6.0,feet,stripes,W,C,7.5,-1.5,1.5,W,C
accommodate,205,E_C,7.0,feet,stripes,E,C,6.5,0.5,0.5,E,C
accommodate,205,E_F,3.0,feet,stripes,E,C,5.0,-2.0,2.0,E,F
accommodate,205,W_C,8.0,feet,stripes,E,C,6.0,2.0,2.0,W,C
accommodate,205,W_F,4.0,feet,stripes,E,C,4.5,-0.5,0.5,W,F
accommodate,56,W_F,2.0,stripes,feet,E,C,1.5,0.5,0.5,W,F
accommodate,56,W_C,3.0,stripes,feet,E,C,3.5,-0.5,0.5,W,C
accommodate,56,E_F,4.0,stripes,feet,E,C,5.25,-1.25,1.25,E,F
accommodate,56,E_C,8.0,stripes,feet,E,C,7.0,1.0,1.0,E,C
accommodate,42,E_F,5.0,stripes,feet,W,C,3.0,2.0,2.0,E,F
accommodate,42,W_C,6.0,stripes,feet,W,C,6.5,-0.5,0.5,W,C
accommodate,42,W_F,7.0,stripes,feet,W,C,5.25,1.75,1.75,W,F
accommodate,42,E_C,3.0,stripes,feet,W,C,3.75,-0.75,0.75,E,C
accommodate,2,W_F,5.0,stripes,feet,W,C,6.25,-1.25,1.25,W,F
accommodate,2,E_F,2.0,stripes,feet,W,C,2.5,-0.5,0.5,E,F
accommodate,2,W_C,9.0,stripes,feet,W,C,8.25,0.75,0.75,W,C
accommodate,2,E_C,5.0,stripes,feet,W,C,2.25,2.75,2.75,E,C
accommodate,252,W_C,3.0,stripes,feet,E,F,2.0,1.0,1.0,W,C
accommodate,252,E_C,9.0,stripes,feet,E,F,7.5,1.5,1.5,E,C
accommodate,252,E_F,7.0,stripes,feet,E,F,6.5,0.5,0.5,E,F
accommodate,252,W_F,4.0,stripes,feet,E,F,4.75,-0.75,0.75,W,F
accommodate,290,E_F,6.0,stripes,feet,W,C,2.5,3.5,3.5,E,F
accommodate,290,E_C,6.0,stripes,feet,W,C,4.0,2.0,2.0,E,C
accommodate,290,W_C,4.0,stripes,feet,W,C,6.75,-2.75,2.75,W,C
accommodate,290,W_F,9.0,stripes,feet,W,C,6.5,2.5,2.5,W,F
accommodate,260,W_F,1.0,stripes,feet,E,C,2.75,-1.75,1.75,W,F
accommodate,260,W_C,4.0,stripes,feet,E,C,3.5,0.5,0.5,W,C
accommodate,260,E_C,8.0,stripes,feet,E,C,7.5,0.5,0.5,E,C
accommodate,260,E_F,5.0,stripes,feet,E,C,5.75,-0.75,0.75,E,F
accommodate,230,W_C,7.0,stripes,feet,W,F,7.0,0.0,0.0,W,C
accommodate,230,E_C,2.0,stripes,feet,W,F,3.0,-1.0,1.0,E,C
accommodate,230,W_F,9.0,stripes,feet,W,F,7.5,1.5,1.5,W,F
accommodate,230,E_F,5.0,stripes,feet,W,F,4.25,0.75,0.75,E,F
accommodate,187,W_C,3.0,feet,stripes,E,F,2.75,0.25,0.25,W,C
accommodate,187,W_F,5.0,feet,stripes,E,F,7.0,-2.0,2.0,W,F
accommodate,187,E_C,5.0,feet,stripes,E,F,5.5,-0.5,0.5,E,C
accommodate,187,E_F,9.0,feet,stripes,E,F,6.5,2.5,2.5,E,F
accommodate,188,W_C,5.0,stripes,feet,E,F,5.0,0.0,0.0,W,C
accommodate,188,E_F,9.0,stripes,feet,E,F,8.0,1.0,1.0,E,F
accommodate,188,E_C,8.0,stripes,feet,E,F,6.0,2.0,2.0,E,C
accommodate,188,W_F,5.0,stripes,feet,E,F,5.75,-0.75,0.75,W,F
accommodate,232,E_F,6.0,stripes,feet,E,F,7.5,-1.5,1.5,E,F
accommodate,232,E_C,7.0,stripes,feet,E,F,6.5,0.5,0.5,E,C
accommodate,232,W_C,5.0,stripes,feet,E,F,4.0,1.0,1.0,W,C
accommodate,232,W_F,8.0,stripes,feet,E,F,5.0,3.0,3.0,W,F
accommodate,92,W_C,3.0,stripes,feet,E,C,4.5,-1.5,1.5,W,C
accommodate,92,W_F,5.0,stripes,feet,E,C,3.75,1.25,1.25,W,F
accommodate,92,E_F,8.0,stripes,feet,E,C,6.75,1.25,1.25,E,F
accommodate,92,E_C,6.0,stripes,feet,E,C,7.5,-1.5,1.5,E,C
accommodate,214,E_F,3.0,stripes,feet,W,C,4.25,-1.25,1.25,E,F
accommodate,214,W_F,5.0,stripes,feet,W,C,6.0,-1.0,1.0,W,F
accommodate,214,E_C,4.0,stripes,feet,W,C,4.0,0.0,0.0,E,C
accommodate,214,W_C,8.0,stripes,feet,W,C,7.75,0.25,0.25,W,C
accommodate,138,E_F,7.0,stripes,feet,W,C,4.25,2.75,2.75,E,F
accommodate,138,E_C,3.0,stripes,feet,W,C,5.0,-2.0,2.0,E,C
accommodate,138,W_C,4.0,stripes,feet,W,C,7.5,-3.5,3.5,W,C
accommodate,138,W_F,6.0,stripes,feet,W,C,6.5,-0.5,0.5,W,F
accommodate,217,W_F,7.0,feet,stripes,W,C,6.0,1.0,1.0,W,F
accommodate,217,E_F,4.0,feet,stripes,W,C,3.5,0.5,0.5,E,F
accommodate,217,E_C,7.0,feet,stripes,W,C,7.25,-0.25,0.25,E,C
accommodate,217,W_C,9.0,feet,stripes,W,C,8.5,0.5,0.5,W,C
accommodate,64,W_F,8.0,stripes,feet,E,F,3.5,4.5,4.5,W,F
accommodate,64,E_C,6.0,stripes,feet,E,F,6.25,-0.25,0.25,E,C
accommodate,64,W_C,7.0,stripes,feet,E,F,3.5,3.5,3.5,W,C
accommodate,64,E_F,9.0,stripes,feet,E,F,7.75,1.25,1.25,E,F
accommodate,211,E_F,9.0,feet,stripes,E,F,8.75,0.25,0.25,E,F
accommodate,211,W_C,2.0,feet,stripes,E,F,3.25,-1.25,1.25,W,C
accommodate,211,W_F,4.0,feet,stripes,E,F,5.5,-1.5,1.5,W,F
accommodate,211,E_C,7.0,feet,stripes,E,F,2.5,4.5,4.5,E,C
accommodate,221,W_C,8.0,feet,stripes,W,C,8.0,0.0,0.0,W,C
accommodate,221,E_F,4.0,feet,stripes,W,C,2.5,1.5,1.5,E,F
accommodate,221,E_C,9.0,feet,stripes,W,C,5.75,3.25,3.25,E,C
accommodate,221,W_F,2.0,feet,stripes,W,C,3.0,-1.0,1.0,W,F
accommodate,47,W_C,2.0,feet,stripes,E,F,3.0,-1.0,1.0,W,C
accommodate,47,E_F,9.0,feet,stripes,E,F,7.5,1.5,1.5,E,F
accommodate,47,W_F,4.0,feet,stripes,E,F,6.0,-2.0,2.0,W,F
accommodate,47,E_C,5.0,feet,stripes,E,F,3.25,1.75,1.75,E,C
accommodate,218,E_F,3.0,stripes,feet,W,F,5.25,-2.25,2.25,E,F
accommodate,218,E_C,4.0,stripes,feet,W,F,3.0,1.0,1.0,E,C
accommodate,218,W_C,8.0,stripes,feet,W,F,5.0,3.0,3.0,W,C
accommodate,218,W_F,8.0,stripes,feet,W,F,7.5,0.5,0.5,W,F
accommodate,273,E_F,4.0,feet,stripes,W,C,3.25,0.75,0.75,E,F
accommodate,273,W_F,1.0,feet,stripes,W,C,4.0,-3.0,3.0,W,F
accommodate,273,W_C,6.0,feet,stripes,W,C,8.0,-2.0,2.0,W,C
accommodate,273,E_C,10.0,feet,stripes,W,C,7.5,2.5,2.5,E,C
accommodate,278,W_F,7.0,stripes,feet,W,C,8.25,-1.25,1.25,W,F
accommodate,278,E_F,2.0,stripes,feet,W,C,2.0,0.0,0.0,E,F
accommodate,278,W_C,8.0,stripes,feet,W,C,6.5,1.5,1.5,W,C
accommodate,278,E_C,1.0,stripes,feet,W,C,4.75,-3.75,3.75,E,C
accommodate,267,W_C,9.0,feet,stripes,E,F,3.25,5.75,5.75,W,C
accommodate,267,W_F,3.0,feet,stripes,E,F,7.0,-4.0,4.0,W,F
accommodate,267,E_F,8.0,feet,stripes,E,F,8.0,0.0,0.0,E,F
accommodate,267,E_C,6.0,feet,stripes,E,F,5.0,1.0,1.0,E,C
accommodate,160,W_F,7.0,stripes,feet,E,F,4.75,2.25,2.25,W,F
accommodate,160,E_F,9.0,stripes,feet,E,F,8.0,1.0,1.0,E,F
accommodate,160,W_C,3.0,stripes,feet,E,F,3.25,-0.25,0.25,W,C
accommodate,160,E_C,6.0,stripes,feet,E,F,6.5,-0.5,0.5,E,C
accommodate,74,W_F,9.0,stripes,feet,W,F,8.75,0.25,0.25,W,F
accommodate,74,E_C,4.0,stripes,feet,W,F,2.75,1.25,1.25,E,C
accommodate,74,W_C,8.0,stripes,feet,W,F,6.25,1.75,1.75,W,C
accommodate,74,E_F,5.0,stripes,feet,W,F,3.5,1.5,1.5,E,F
accommodate,195,E_F,10.0,feet,stripes,E,F,8.0,2.0,2.0,E,F
accommodate,195,W_F,7.0,feet,stripes,E,F,6.5,0.5,0.5,W,F
accommodate,195,W_C,5.0,feet,stripes,E,F,4.0,1.0,1.0,W,C
accommodate,195,E_C,5.0,feet,stripes,E,F,4.75,0.25,0.25,E,C
accommodate,128,E_F,9.0,stripes,feet,E,F,8.5,0.5,0.5,E,F
accommodate,128,W_F,4.0,stripes,feet,E,F,3.25,0.75,0.75,W,F
accommodate,128,E_C,7.0,stripes,feet,E,F,5.75,1.25,1.25,E,C
accommodate,128,W_C,5.0,stripes,feet,E,F,4.25,0.75,0.75,W,C
accommodate,110,E_F,6.0,stripes,feet,W,C,2.75,3.25,3.25,E,F
accommodate,110,W_F,8.0,stripes,feet,W,C,6.0,2.0,2.0,W,F
accommodate,110,E_C,4.0,stripes,feet,W,C,4.75,-0.75,0.75,E,C
accommodate,110,W_C,6.0,stripes,feet,W,C,6.5,-0.5,0.5,W,C
accommodate,102,W_F,7.0,stripes,feet,W,F,7.5,-0.5,0.5,W,F
accommodate,102,E_C,4.0,stripes,feet,W,F,3.0,1.0,1.0,E,C
accommodate,102,E_F,2.0,stripes,feet,W,F,3.0,-1.0,1.0,E,F
accommodate,102,W_C,9.0,stripes,feet,W,F,6.5,2.5,2.5,W,C
accommodate,100,E_F,5.0,stripes,feet,E,C,6.75,-1.75,1.75,E,F
accommodate,100,W_F,5.0,stripes,feet,E,C,3.0,2.0,2.0,W,F
accommodate,100,W_C,5.0,stripes,feet,E,C,5.5,-0.5,0.5,W,C
accommodate,100,E_C,5.0,stripes,feet,E,C,6.75,-1.75,1.75,E,C
accommodate,199,W_F,7.0,feet,stripes,E,F,6.75,0.25,0.25,W,F
accommodate,199,W_C,4.0,feet,stripes,E,F,2.75,1.25,1.25,W,C
accommodate,199,E_F,9.0,feet,stripes,E,F,7.5,1.5,1.5,E,F
accommodate,199,E_C,3.0,feet,stripes,E,F,3.25,-0.25,0.25,E,C
accommodate,131,E_C,7.0,feet,stripes,W,F,2.25,4.75,4.75,E,C
accommodate,131,W_C,8.0,feet,stripes,W,F,4.0,4.0,4.0,W,C
accommodate,131,W_F,8.0,feet,stripes,W,F,8.25,-0.25,0.25,W,F
accommodate,131,E_F,6.0,feet,stripes,W,F,5.5,0.5,0.5,E,F
accommodate,140,W_C,3.0,stripes,feet,E,C,3.0,0.0,0.0,W,C
accommodate,140,E_F,8.0,stripes,feet,E,C,7.5,0.5,0.5,E,F
accommodate,140,E_C,8.0,stripes,feet,E,C,9.0,-1.0,1.0,E,C
accommodate,140,W_F,3.0,stripes,feet,E,C,3.0,0.0,0.0,W,F
accommodate,127,W_F,4.0,feet,stripes,W,F,6.0,-2.0,2.0,W,F
accommodate,127,E_C,5.0,feet,stripes,W,F,2.25,2.75,2.75,E,C
accommodate,127,W_C,1.0,feet,stripes,W,F,3.25,-2.25,2.25,W,C
accommodate,127,E_F,7.0,feet,stripes,W,F,6.0,1.0,1.0,E,F
accommodate,280,W_F,4.0,stripes,feet,E,F,3.25,0.75,0.75,W,F
accommodate,280,E_F,9.0,stripes,feet,E,F,8.25,0.75,0.75,E,F
accommodate,280,E_C,5.0,stripes,feet,E,F,6.0,-1.0,1.0,E,C
accommodate,280,W_C,2.0,stripes,feet,E,F,3.0,-1.0,1.0,W,C
accommodate,265,E_C,7.0,feet,stripes,E,C,8.0,-1.0,1.0,E,C
accommodate,265,W_C,4.0,feet,stripes,E,C,5.75,-1.75,1.75,W,C
accommodate,265,E_F,6.0,feet,stripes,E,C,3.5,2.5,2.5,E,F
accommodate,265,W_F,4.0,feet,stripes,E,C,3.25,0.75,0.75,W,F
accommodate,279,E_F,7.0,feet,stripes,E,F,8.25,-1.25,1.25,E,F
accommodate,279,W_F,7.0,feet,stripes,E,F,8.25,-1.25,1.25,W,F
accommodate,279,E_C,4.0,feet,stripes,E,F,4.25,-0.25,0.25,E,C
accommodate,279,W_C,9.0,feet,stripes,E,F,2.0,7.0,7.0,W,C
accommodate,238,W_F,7.0,stripes,feet,W,C,6.5,0.5,0.5,W,F
accommodate,238,W_C,10.0,stripes,feet,W,C,8.75,1.25,1.25,W,C
accommodate,238,E_F,2.0,stripes,feet,W,C,3.75,-1.75,1.75,E,F
accommodate,238,E_C,7.0,stripes,feet,W,C,3.25,3.75,3.75,E,C
accommodate,178,E_F,5.0,stripes,feet,W,F,3.0,2.0,2.0,E,F
accommodate,178,W_C,8.0,stripes,feet,W,F,5.75,2.25,2.25,W,C
accommodate,178,W_F,10.0,stripes,feet,W,F,8.0,2.0,2.0,W,F
accommodate,178,E_C,3.0,stripes,feet,W,F,3.75,-0.75,0.75,E,C
accommodate,35,E_C,3.0,feet,stripes,E,F,3.75,-0.75,0.75,E,C
accommodate,35,W_F,10.0,feet,stripes,E,F,6.5,3.5,3.5,W,F
accommodate,35,W_C,6.0,feet,stripes,E,F,4.25,1.75,1.75,W,C
accommodate,35,E_F,8.0,feet,stripes,E,F,8.0,0.0,0.0,E,F
accommodate,52,W_F,4.0,stripes,feet,E,C,4.0,0.0,0.0,W,F
accommodate,52,W_C,4.0,stripes,feet,E,C,5.25,-1.25,1.25,W,C
accommodate,52,E_F,8.0,stripes,feet,E,C,7.75,0.25,0.25,E,F
accommodate,52,E_C,9.0,stripes,feet,E,C,7.75,1.25,1.25,E,C
accommodate,229,E_F,5.0,feet,stripes,W,C,2.75,2.25,2.25,E,F
accommodate,229,W_C,1.0,feet,stripes,W,C,6.25,-5.25,5.25,W,C
accommodate,229,W_F,6.0,feet,stripes,W,C,3.0,3.0,3.0,W,F
accommodate,229,E_C,2.0,feet,stripes,W,C,5.5,-3.5,3.5,E,C
accommodate,10,W_C,6.0,stripes,feet,W,C,6.75,-0.75,0.75,W,C
accommodate,10,E_F,3.0,stripes,feet,W,C,3.0,0.0,0.0,E,F
accommodate,10,W_F,5.0,stripes,feet,W,C,6.25,-1.25,1.25,W,F
accommodate,10,E_C,4.0,stripes,feet,W,C,4.75,-0.75,0.75,E,C
accommodate,65,W_C,5.0,feet,stripes,E,C,7.5,-2.5,2.5,W,C
accommodate,65,W_F,3.0,feet,stripes,E,C,2.5,0.5,0.5,W,F
accommodate,65,E_F,4.0,feet,stripes,E,C,4.0,0.0,0.0,E,F
accommodate,65,E_C,9.0,feet,stripes,E,C,7.75,1.25,1.25,E,C
accommodate,289,E_C,9.0,feet,stripes,E,C,6.5,2.5,2.5,E,C
accommodate,289,W_F,1.0,feet,stripes,E,C,1.5,-0.5,0.5,W,F
accommodate,289,W_C,9.0,feet,stripes,E,C,7.0,2.0,2.0,W,C
accommodate,289,E_F,2.0,feet,stripes,E,C,3.5,-1.5,1.5,E,F
accommodate,253,E_F,6.0,feet,stripes,E,C,3.0,3.0,3.0,E,F
accommodate,253,E_C,8.0,feet,stripes,E,C,8.5,-0.5,0.5,E,C
accommodate,253,W_F,3.0,feet,stripes,E,C,4.0,-1.0,1.0,W,F
accommodate,253,W_C,6.0,feet,stripes,E,C,5.75,0.25,0.25,W,C
accommodate,59,W_C,3.0,feet,stripes,W,F,5.0,-2.0,2.0,W,C
accommodate,59,E_C,6.0,feet,stripes,W,F,4.0,2.0,2.0,E,C
accommodate,59,E_F,10.0,feet,stripes,W,F,7.75,2.25,2.25,E,F
accommodate,59,W_F,4.0,feet,stripes,W,F,8.25,-4.25,4.25,W,F
accommodate,68,E_F,7.0,stripes,feet,E,C,6.75,0.25,0.25,E,F
accommodate,68,W_C,4.0,stripes,feet,E,C,3.5,0.5,0.5,W,C
accommodate,68,W_F,3.0,stripes,feet,E,C,2.0,1.0,1.0,W,F
accommodate,68,E_C,9.0,stripes,feet,E,C,8.75,0.25,0.25,E,C
accommodate,95,E_C,4.0,feet,stripes,W,F,4.0,0.0,0.0,E,C
accommodate,95,E_F,8.0,feet,stripes,W,F,7.5,0.5,0.5,E,F
accommodate,95,W_F,8.0,feet,stripes,W,F,9.0,-1.0,1.0,W,F
accommodate,95,W_C,3.0,feet,stripes,W,F,3.5,-0.5,0.5,W,C
accommodate,268,E_C,9.0,stripes,feet,E,C,7.5,1.5,1.5,E,C
accommodate,268,W_C,5.0,stripes,feet,E,C,3.75,1.25,1.25,W,C
accommodate,268,E_F,8.0,stripes,feet,E,C,7.0,1.0,1.0,E,F
accommodate,268,W_F,2.0,stripes,feet,E,C,3.25,-1.25,1.25,W,F
accommodate,234,W_F,3.0,stripes,feet,W,C,7.25,-4.25,4.25,W,F
accommodate,234,W_C,6.0,stripes,feet,W,C,7.75,-1.75,1.75,W,C
accommodate,234,E_F,8.0,stripes,feet,W,C,3.75,4.25,4.25,E,F
accommodate,234,E_C,9.0,stripes,feet,W,C,5.0,4.0,4.0,E,C
accommodate,101,W_F,4.0,feet,stripes,W,C,3.0,1.0,1.0,W,F
accommodate,101,W_C,6.0,feet,stripes,W,C,7.25,-1.25,1.25,W,C
accommodate,101,E_C,5.0,feet,stripes,W,C,6.75,-1.75,1.75,E,C
accommodate,101,E_F,8.0,feet,stripes,W,C,1.75,6.25,6.25,E,F
accommodate,116,E_F,5.0,stripes,feet,E,F,6.5,-1.5,1.5,E,F
accommodate,116,E_C,9.0,stripes,feet,E,F,7.0,2.0,2.0,E,C
accommodate,116,W_C,4.0,stripes,feet,E,F,1.75,2.25,2.25,W,C
accommodate,116,W_F,1.0,stripes,feet,E,F,4.0,-3.0,3.0,W,F
accommodate,264,W_C,4.0,stripes,feet,E,F,3.0,1.0,1.0,W,C
accommodate,264,E_F,8.0,stripes,feet,E,F,7.0,1.0,1.0,E,F
accommodate,264,E_C,6.0,stripes,feet,E,F,7.0,-1.0,1.0,E,C
accommodate,264,W_F,5.0,stripes,feet,E,F,5.25,-0.25,0.25,W,F
accommodate,46,W_C,9.0,stripes,feet,W,C,9.0,0.0,0.0,W,C
accommodate,46,E_C,4.0,stripes,feet,W,C,5.75,-1.75,1.75,E,C
accommodate,46,W_F,4.0,stripes,feet,W,C,7.25,-3.25,3.25,W,F
accommodate,46,E_F,1.0,stripes,feet,W,C,2.75,-1.75,1.75,E,F
accommodate,112,W_F,4.0,stripes,feet,E,C,2.0,2.0,2.0,W,F
accommodate,112,E_F,8.0,stripes,feet,E,C,7.5,0.5,0.5,E,F
accommodate,112,E_C,7.0,stripes,feet,E,C,7.75,-0.75,0.75,E,C
accommodate,112,W_C,3.0,stripes,feet,E,C,4.0,-1.0,1.0,W,C
accommodate,21,W_F,2.0,feet,stripes,E,C,3.0,-1.0,1.0,W,F
accommodate,21,W_C,8.0,feet,stripes,E,C,6.5,1.5,1.5,W,C
accommodate,21,E_C,9.0,feet,stripes,E,C,8.25,0.75,0.75,E,C
accommodate,21,E_F,6.0,feet,stripes,E,C,3.0,3.0,3.0,E,F
accommodate,81,E_C,6.0,feet,stripes,W,C,6.25,-0.25,0.25,E,C
accommodate,81,W_C,10.0,feet,stripes,W,C,9.0,1.0,1.0,W,C
accommodate,81,W_F,6.0,feet,stripes,W,C,4.5,1.5,1.5,W,F
accommodate,81,E_F,2.0,feet,stripes,W,C,2.25,-0.25,0.25,E,F
accommodate,291,W_C,5.0,feet,stripes,W,F,4.25,0.75,0.75,W,C
accommodate,291,E_F,7.0,feet,stripes,W,F,7.25,-0.25,0.25,E,F
accommodate,291,E_C,3.0,feet,stripes,W,F,4.0,-1.0,1.0,E,C
accommodate,291,W_F,9.0,feet,stripes,W,F,8.25,0.75,0.75,W,F
accommodate,156,E_F,8.0,stripes,feet,E,C,7.5,0.5,0.5,E,F
accommodate,156,W_C,4.0,stripes,feet,E,C,4.75,-0.75,0.75,W,C
accommodate,156,E_C,9.0,stripes,feet,E,C,9.5,-0.5,0.5,E,C
accommodate,156,W_F,4.0,stripes,feet,E,C,4.25,-0.25,0.25,W,F
accommodate,295,E_C,1.0,feet,stripes,W,F,2.5,-1.5,1.5,E,C
accommodate,295,E_F,7.0,feet,stripes,W,F,8.0,-1.0,1.0,E,F
accommodate,295,W_C,4.0,feet,stripes,W,F,6.0,-2.0,2.0,W,C
accommodate,295,W_F,10.0,feet,stripes,W,F,9.0,1.0,1.0,W,F
accommodate,67,W_C,5.0,feet,stripes,E,F,3.25,1.75,1.75,W,C
accommodate,67,W_F,5.0,feet,stripes,E,F,8.25,-3.25,3.25,W,F
accommodate,67,E_C,3.0,feet,stripes,E,F,5.75,-2.75,2.75,E,C
accommodate,67,E_F,9.0,feet,stripes,E,F,8.0,1.0,1.0,E,F
accommodate,104,E_C,6.0,stripes,feet,E,C,8.0,-2.0,2.0,E,C
accommodate,104,W_F,7.0,stripes,feet,E,C,5.0,2.0,2.0,W,F
accommodate,104,E_F,7.0,stripes,feet,E,C,6.25,0.75,0.75,E,F
accommodate,104,W_C,4.0,stripes,feet,E,C,4.25,-0.25,0.25,W,C
accommodate,37,W_C,6.0,feet,stripes,E,C,7.0,-1.0,1.0,W,C
accommodate,37,E_F,5.0,feet,stripes,E,C,3.5,1.5,1.5,E,F
accommodate,37,E_C,9.0,feet,stripes,E,C,7.75,1.25,1.25,E,C
accommodate,37,W_F,3.0,feet,stripes,E,C,2.5,0.5,0.5,W,F
accommodate,186,E_C,3.0,stripes,feet,W,F,2.75,0.25,0.25,E,C
accommodate,186,W_C,8.0,stripes,feet,W,F,7.0,1.0,1.0,W,C
accommodate,186,W_F,8.0,stripes,feet,W,F,8.25,-0.25,0.25,W,F
accommodate,186,E_F,3.0,stripes,feet,W,F,3.5,-0.5,0.5,E,F
accommodate,165,E_F,5.0,feet,stripes,E,C,4.75,0.25,0.25,E,F
accommodate,165,E_C,9.0,feet,stripes,E,C,7.75,1.25,1.25,E,C
accommodate,165,W_F,3.0,feet,stripes,E,C,3.0,0.0,0.0,W,F
accommodate,165,W_C,6.0,feet,stripes,E,C,7.25,-1.25,1.25,W,C
accommodate,204,W_C,5.0,stripes,feet,E,C,3.75,1.25,1.25,W,C
accommodate,204,E_F,3.0,stripes,feet,E,C,7.25,-4.25,4.25,E,F
accommodate,204,W_F,7.0,stripes,feet,E,C,2.25,4.75,4.75,W,F
accommodate,204,E_C,9.0,stripes,feet,E,C,8.75,0.25,0.25,E,C
accommodate,32,W_C,4.0,stripes,feet,E,C,4.25,-0.25,0.25,W,C
accommodate,32,W_F,5.0,stripes,feet,E,C,2.75,2.25,2.25,W,F
accommodate,32,E_C,9.0,stripes,feet,E,C,8.5,0.5,0.5,E,C
accommodate,32,E_F,10.0,stripes,feet,E,C,7.5,2.5,2.5,E,F
accommodate,93,E_C,8.0,feet,stripes,W,C,7.25,0.75,0.75,E,C
accommodate,93,E_F,5.0,feet,stripes,W,C,2.5,2.5,2.5,E,F
accommodate,93,W_C,4.0,feet,stripes,W,C,7.25,-3.25,3.25,W,C
accommodate,93,W_F,2.0,feet,stripes,W,C,3.75,-1.75,1.75,W,F
accommodate,153,E_C,8.0,feet,stripes,W,C,7.25,0.75,0.75,E,C
accommodate,153,W_F,4.0,feet,stripes,W,C,3.75,0.25,0.25,W,F
accommodate,153,W_C,9.0,feet,stripes,W,C,8.5,0.5,0.5,W,C
accommodate,153,E_F,4.0,feet,stripes,W,C,3.75,0.25,0.25,E,F
accommodate,71,E_F,4.0,feet,stripes,W,F,6.0,-2.0,2.0,E,F
accommodate,71,W_F,6.0,feet,stripes,W,F,6.0,0.0,0.0,W,F
accommodate,71,W_C,4.0,feet,stripes,W,F,3.5,0.5,0.5,W,C
accommodate,71,E_C,2.0,feet,stripes,W,F,2.25,-0.25,0.25,E,C
accommodate,207,E_C,3.0,feet,stripes,E,F,3.25,-0.25,0.25,E,C
accommodate,207,W_F,5.0,feet,stripes,E,F,6.0,-1.0,1.0,W,F
accommodate,207,E_F,6.0,feet,stripes,E,F,8.25,-2.25,2.25,E,F
accommodate,207,W_C,8.0,feet,stripes,E,F,3.75,4.25,4.25,W,C
accommodate,133,W_F,2.0,feet,stripes,E,C,3.5,-1.5,1.5,W,F
accommodate,133,W_C,5.0,feet,stripes,E,C,7.5,-2.5,2.5,W,C
accommodate,133,E_C,10.0,feet,stripes,E,C,9.75,0.25,0.25,E,C
accommodate,133,E_F,4.0,feet,stripes,E,C,3.75,0.25,0.25,E,F
accommodate,36,W_C,6.0,stripes,feet,E,F,2.25,3.75,3.75,W,C
accommodate,36,E_F,7.0,stripes,feet,E,F,8.25,-1.25,1.25,E,F
accommodate,36,E_C,7.0,stripes,feet,E,F,6.0,1.0,1.0,E,C
accommodate,36,W_F,7.0,stripes,feet,E,F,4.5,2.5,2.5,W,F
accommodate,206,W_F,9.0,stripes,feet,W,F,8.25,0.75,0.75,W,F
accommodate,206,W_C,8.0,stripes,feet,W,F,7.0,1.0,1.0,W,C
accommodate,206,E_C,6.0,stripes,feet,W,F,4.0,2.0,2.0,E,C
accommodate,206,E_F,5.0,stripes,feet,W,F,5.0,0.0,0.0,E,F
accommodate,169,W_C,3.0,feet,stripes,E,C,5.75,-2.75,2.75,W,C
accommodate,169,W_F,5.0,feet,stripes,E,C,4.0,1.0,1.0,W,F
accommodate,169,E_F,3.0,feet,stripes,E,C,3.75,-0.75,0.75,E,F
accommodate,169,E_C,9.0,feet,stripes,E,C,7.25,1.75,1.75,E,C
accommodate,300,E_F,9.0,stripes,feet,E,F,8.0,1.0,1.0,E,F
accommodate,300,W_F,4.0,stripes,feet,E,F,4.25,-0.25,0.25,W,F
accommodate,300,W_C,2.0,stripes,feet,E,F,2.75,-0.75,0.75,W,C
accommodate,300,E_C,6.0,stripes,feet,E,F,6.5,-0.5,0.5,E,C
accommodate,24,W_F,6.0,stripes,feet,E,C,3.5,2.5,2.5,W,F
accommodate,24,W_C,5.0,stripes,feet,E,C,4.0,1.0,1.0,W,C
accommodate,24,E_F,9.0,stripes,feet,E,C,7.5,1.5,1.5,E,F
accommodate,24,E_C,10.0,stripes,feet,E,C,8.25,1.75,1.75,E,C
accommodate,250,E_C,2.0,stripes,feet,W,C,3.75,-1.75,1.75,E,C
accommodate,250,W_C,5.0,stripes,feet,W,C,8.0,-3.0,3.0,W,C
accommodate,250,W_F,9.0,stripes,feet,W,C,7.5,1.5,1.5,W,F
accommodate,250,E_F,5.0,stripes,feet,W,C,3.0,2.0,2.0,E,F
accommodate,161,E_F,2.0,feet,stripes,W,C,3.25,-1.25,1.25,E,F
accommodate,161,W_F,4.0,feet,stripes,W,C,4.25,-0.25,0.25,W,F
accommodate,161,E_C,6.0,feet,stripes,W,C,7.0,-1.0,1.0,E,C
accommodate,161,W_C,8.0,feet,stripes,W,C,7.25,0.75,0.75,W,C
accommodate,109,W_C,9.0,feet,stripes,W,C,8.5,0.5,0.5,W,C
accommodate,109,E_C,7.0,feet,stripes,W,C,8.25,-1.25,1.25,E,C
accommodate,109,W_F,5.0,feet,stripes,W,C,3.25,1.75,1.75,W,F
accommodate,109,E_F,2.0,feet,stripes,W,C,2.5,-0.5,0.5,E,F
accommodate,152,E_C,3.0,stripes,feet,E,C,6.75,-3.75,3.75,E,C
accommodate,152,E_F,8.0,stripes,feet,E,C,6.25,1.75,1.75,E,F
accommodate,152,W_F,8.0,stripes,feet,E,C,3.0,5.0,5.0,W,F
accommodate,152,W_C,3.0,stripes,feet,E,C,5.0,-2.0,2.0,W,C
accommodate,296,E_F,9.0,stripes,feet,E,F,8.0,1.0,1.0,E,F
accommodate,296,W_F,4.0,stripes,feet,E,F,3.25,0.75,0.75,W,F
accommodate,296,W_C,2.0,stripes,feet,E,F,2.25,-0.25,0.25,W,C
accommodate,296,E_C,7.0,stripes,feet,E,F,7.25,-0.25,0.25,E,C
accommodate,43,W_F,7.0,feet,stripes,E,F,8.5,-1.5,1.5,W,F
accommodate,43,E_C,3.0,feet,stripes,E,F,4.5,-1.5,1.5,E,C
accommodate,43,E_F,8.0,feet,stripes,E,F,8.25,-0.25,0.25,E,F
accommodate,43,W_C,5.0,feet,stripes,E,F,3.0,2.0,2.0,W,C
accommodate,107,W_C,3.0,feet,stripes,W,F,4.25,-1.25,1.25,W,C
accommodate,107,W_F,8.0,feet,stripes,W,F,6.25,1.75,1.75,W,F
accommodate,107,E_C,4.0,feet,stripes,W,F,1.75,2.25,2.25,E,C
accommodate,107,E_F,7.0,feet,stripes,W,F,7.0,0.0,0.0,E,F
accommodate,241,E_F,2.0,feet,stripes,E,C,4.0,-2.0,2.0,E,F
accommodate,241,W_C,9.0,feet,stripes,E,C,6.75,2.25,2.25,W,C
accommodate,241,E_C,10.0,feet,stripes,E,C,9.25,0.75,0.75,E,C
accommodate,241,W_F,4.0,feet,stripes,E,C,4.25,-0.25,0.25,W,F
accommodate,66,E_F,2.0,stripes,feet,W,C,2.25,-0.25,0.25,E,F
accommodate,66,E_C,7.0,stripes,feet,W,C,4.5,2.5,2.5,E,C
accommodate,66,W_F,8.0,stripes,feet,W,C,8.0,0.0,0.0,W,F
accommodate,66,W_C,10.0,stripes,feet,W,C,9.0,1.0,1.0,W,C
accommodate,146,E_F,4.0,stripes,feet,W,F,3.0,1.0,1.0,E,F
accommodate,146,E_C,5.0,stripes,feet,W,F,4.5,0.5,0.5,E,C
accommodate,146,W_F,8.0,stripes,feet,W,F,8.5,-0.5,0.5,W,F
accommodate,146,W_C,8.0,stripes,feet,W,F,6.0,2.0,2.0,W,C
accommodate,31,W_C,4.0,feet,stripes,E,F,2.25,1.75,1.75,W,C
accommodate,31,W_F,6.0,feet,stripes,E,F,7.0,-1.0,1.0,W,F
accommodate,31,E_F,9.0,feet,stripes,E,F,8.0,1.0,1.0,E,F
accommodate,31,E_C,7.0,feet,stripes,E,F,2.5,4.5,4.5,E,C
accommodate,55,E_C,2.0,feet,stripes,W,F,1.75,0.25,0.25,E,C
accommodate,55,E_F,8.0,feet,stripes,W,F,7.25,0.75,0.75,E,F
accommodate,55,W_C,1.0,feet,stripes,W,F,2.5,-1.5,1.5,W,C
accommodate,55,W_F,10.0,feet,stripes,W,F,9.0,1.0,1.0,W,F
accommodate,251,E_F,6.0,feet,stripes,E,F,8.25,-2.25,2.25,E,F
accommodate,251,W_C,4.0,feet,stripes,E,F,2.0,2.0,2.0,W,C
accommodate,251,E_C,6.0,feet,stripes,E,F,4.0,2.0,2.0,E,C
accommodate,251,W_F,5.0,feet,stripes,E,F,7.0,-2.0,2.0,W,F
accommodate,166,E_F,4.0,stripes,feet,W,F,4.0,0.0,0.0,E,F
accommodate,166,W_C,6.0,stripes,feet,W,F,4.75,1.25,1.25,W,C
accommodate,166,E_C,5.0,stripes,feet,W,F,3.75,1.25,1.25,E,C
accommodate,166,W_F,9.0,stripes,feet,W,F,8.0,1.0,1.0,W,F
accommodate,99,E_F,6.0,feet,stripes,W,F,5.5,0.5,0.5,E,F
accommodate,99,W_F,9.0,feet,stripes,W,F,7.75,1.25,1.25,W,F
accommodate,99,W_C,4.0,feet,stripes,W,F,3.25,0.75,0.75,W,C
accommodate,99,E_C,2.0,feet,stripes,W,F,2.75,-0.75,0.75,E,C
accommodate,44,E_C,7.0,stripes,feet,E,C,6.5,0.5,0.5,E,C
accommodate,44,W_C,4.0,stripes,feet,E,C,4.0,0.0,0.0,W,C
accommodate,44,E_F,6.0,stripes,feet,E,C,5.75,0.25,0.25,E,F
accommodate,44,W_F,3.0,stripes,feet,E,C,3.25,-0.25,0.25,W,F
accommodate,118,W_C,6.0,stripes,feet,W,F,7.0,-1.0,1.0,W,C
accommodate,118,W_F,10.0,stripes,feet,W,F,9.25,0.75,0.75,W,F
accommodate,118,E_C,2.0,stripes,feet,W,F,3.75,-1.75,1.75,E,C
accommodate,118,E_F,4.0,stripes,feet,W,F,3.75,0.25,0.25,E,F
accommodate,216,W_C,4.0,stripes,feet,E,F,3.25,0.75,0.75,W,C
accommodate,216,W_F,1.0,stripes,feet,E,F,4.5,-3.5,3.5,W,F
accommodate,216,E_C,10.0,stripes,feet,E,F,7.75,2.25,2.25,E,C
accommodate,216,E_F,8.0,stripes,feet,E,F,7.5,0.5,0.5,E,F
accommodate,183,W_F,1.0,feet,stripes,W,F,7.0,-6.0,6.0,W,F
accommodate,183,E_C,10.0,feet,stripes,W,F,1.5,8.5,8.5,E,C
accommodate,183,E_F,3.0,feet,stripes,W,F,8.25,-5.25,5.25,E,F
accommodate,183,W_C,7.0,feet,stripes,W,F,5.5,1.5,1.5,W,C
accommodate,20,W_C,7.0,stripes,feet,E,C,5.0,2.0,2.0,W,C
accommodate,20,E_F,7.0,stripes,feet,E,C,7.0,0.0,0.0,E,F
accommodate,20,E_C,5.0,stripes,feet,E,C,6.5,-1.5,1.5,E,C
accommodate,20,W_F,6.0,stripes,feet,E,C,3.25,2.75,2.75,W,F
accommodate,282,W_C,2.0,stripes,feet,W,F,7.75,-5.75,5.75,W,C
accommodate,282,E_C,7.0,stripes,feet,W,F,2.5,4.5,4.5,E,C
accommodate,282,W_F,4.0,stripes,feet,W,F,8.25,-4.25,4.25,W,F
accommodate,282,E_F,9.0,stripes,feet,W,F,3.25,5.75,5.75,E,F
accommodate,239,E_C,6.0,feet,stripes,E,F,4.5,1.5,1.5,E,C
accommodate,239,W_C,7.0,feet,stripes,E,F,4.0,3.0,3.0,W,C
accommodate,239,E_F,7.0,feet,stripes,E,F,7.25,-0.25,0.25,E,F
accommodate,239,W_F,8.0,feet,stripes,E,F,6.5,1.5,1.5,W,F
accommodate,15,E_C,9.0,feet,stripes,E,F,2.75,6.25,6.25,E,C
accommodate,15,W_C,9.0,feet,stripes,E,F,2.25,6.75,6.75,W,C
accommodate,15,E_F,8.0,feet,stripes,E,F,8.75,-0.75,0.75,E,F
accommodate,15,W_F,3.0,feet,stripes,E,F,7.75,-4.75,4.75,W,F
accommodate,203,E_F,4.0,feet,stripes,W,F,6.25,-2.25,2.25,E,F
accommodate,203,W_F,7.0,feet,stripes,W,F,6.5,0.5,0.5,W,F
accommodate,203,E_C,7.0,feet,stripes,W,F,4.0,3.0,3.0,E,C
accommodate,203,W_C,4.0,feet,stripes,W,F,4.75,-0.75,0.75,W,C
accommodate,276,W_F,3.0,stripes,feet,E,F,3.5,-0.5,0.5,W,F
accommodate,276,E_F,9.0,stripes,feet,E,F,7.75,1.25,1.25,E,F
accommodate,276,E_C,8.0,stripes,feet,E,F,7.5,0.5,0.5,E,C
accommodate,276,W_C,2.0,stripes,feet,E,F,2.5,-0.5,0.5,W,C
accommodate,45,W_C,9.0,feet,stripes,E,C,8.75,0.25,0.25,W,C
accommodate,45,E_F,6.0,feet,stripes,E,C,6.0,0.0,0.0,E,F
accommodate,45,E_C,10.0,feet,stripes,E,C,7.75,2.25,2.25,E,C
accommodate,45,W_F,5.0,feet,stripes,E,C,4.0,1.0,1.0,W,F
accommodate,200,W_C,6.0,stripes,feet,E,F,3.25,2.75,2.75,W,C
accommodate,200,E_F,6.0,stripes,feet,E,F,7.75,-1.75,1.75,E,F
accommodate,200,E_C,10.0,stripes,feet,E,F,6.25,3.75,3.75,E,C
accommodate,200,W_F,2.0,stripes,feet,E,F,3.5,-1.5,1.5,W,F
accommodate,225,E_F,4.0,feet,stripes,W,C,2.5,1.5,1.5,E,F
accommodate,225,E_C,9.0,feet,stripes,W,C,8.0,1.0,1.0,E,C
accommodate,225,W_C,7.0,feet,stripes,W,C,7.0,0.0,0.0,W,C
accommodate,225,W_F,9.0,feet,stripes,W,C,4.75,4.25,4.25,W,F
accommodate,3,E_C,4.0,feet,stripes,W,F,3.75,0.25,0.25,E,C
accommodate,3,W_C,2.0,feet,stripes,W,F,4.75,-2.75,2.75,W,C
accommodate,3,W_F,6.0,feet,stripes,W,F,8.25,-2.25,2.25,W,F
accommodate,3,E_F,9.0,feet,stripes,W,F,7.5,1.5,1.5,E,F
accommodate,98,E_C,5.0,stripes,feet,W,C,6.25,-1.25,1.25,E,C
accommodate,98,W_F,5.0,stripes,feet,W,C,5.25,-0.25,0.25,W,F
accommodate,98,W_C,5.0,stripes,feet,W,C,6.25,-1.25,1.25,W,C
accommodate,98,E_F,5.0,stripes,feet,W,C,2.25,2.75,2.75,E,F
accommodate,77,E_C,8.0,feet,stripes,W,C,7.25,0.75,0.75,E,C
accommodate,77,W_C,8.0,feet,stripes,W,C,7.25,0.75,0.75,W,C
accommodate,77,W_F,6.0,feet,stripes,W,C,6.0,0.0,0.0,W,F
accommodate,77,E_F,6.0,feet,stripes,W,C,4.75,1.25,1.25,E,F
accommodate,298,W_C,4.0,stripes,feet,W,C,7.75,-3.75,3.75,W,C
accommodate,298,E_C,8.0,stripes,feet,W,C,5.25,2.75,2.75,E,C
accommodate,298,W_F,3.0,stripes,feet,W,C,6.25,-3.25,3.25,W,F
accommodate,298,E_F,9.0,stripes,feet,W,C,3.5,5.5,5.5,E,F
accommodate,142,E_F,3.0,stripes,feet,W,C,1.75,1.25,1.25,E,F
accommodate,142,E_C,3.0,stripes,feet,W,C,3.25,-0.25,0.25,E,C
accommodate,142,W_F,8.0,stripes,feet,W,C,7.75,0.25,0.25,W,F
accommodate,142,W_C,9.0,stripes,feet,W,C,8.75,0.25,0.25,W,C
accommodate,270,W_C,10.0,stripes,feet,W,C,8.25,1.75,1.75,W,C
accommodate,270,E_F,2.0,stripes,feet,W,C,3.25,-1.25,1.25,E,F
accommodate,270,W_F,7.0,stripes,feet,W,C,8.25,-1.25,1.25,W,F
accommodate,270,E_C,4.0,stripes,feet,W,C,4.75,-0.75,0.75,E,C
accommodate,292,E_F,8.0,stripes,feet,E,F,6.0,2.0,2.0,E,F
accommodate,292,W_F,3.0,stripes,feet,E,F,5.25,-2.25,2.25,W,F
accommodate,292,E_C,9.0,stripes,feet,E,F,8.0,1.0,1.0,E,C
accommodate,292,W_C,4.0,stripes,feet,E,F,2.25,1.75,1.75,W,C
accommodate,192,W_C,5.0,stripes,feet,E,F,2.75,2.25,2.25,W,C
accommodate,192,E_C,6.0,stripes,feet,E,F,6.5,-0.5,0.5,E,C
accommodate,192,W_F,7.0,stripes,feet,E,F,3.75,3.25,3.25,W,F
accommodate,192,E_F,9.0,stripes,feet,E,F,6.5,2.5,2.5,E,F
accommodate,254,W_C,7.0,stripes,feet,W,C,7.75,-0.75,0.75,W,C
accommodate,254,E_F,5.0,stripes,feet,W,C,2.0,3.0,3.0,E,F
accommodate,254,E_C,5.0,stripes,feet,W,C,5.0,0.0,0.0,E,C
accommodate,254,W_F,3.0,stripes,feet,W,C,6.0,-3.0,3.0,W,F
accommodate,144,W_C,3.0,stripes,feet,E,F,3.25,-0.25,0.25,W,C
accommodate,144,E_C,5.0,stripes,feet,E,F,8.0,-3.0,3.0,E,C
accommodate,144,E_F,9.0,stripes,feet,E,F,8.25,0.75,0.75,E,F
accommodate,144,W_F,6.0,stripes,feet,E,F,4.5,1.5,1.5,W,F
accommodate,8,W_F,3.0,stripes,feet,E,F,3.75,-0.75,0.75,W,F
accommodate,8,W_C,5.0,stripes,feet,E,F,4.5,0.5,0.5,W,C
accommodate,8,E_C,6.0,stripes,feet,E,F,7.25,-1.25,1.25,E,C
accommodate,8,E_F,7.0,stripes,feet,E,F,9.0,-2.0,2.0,E,F
accommodate,167,E_F,6.0,feet,stripes,W,F,6.75,-0.75,0.75,E,F
accommodate,167,W_C,5.0,feet,stripes,W,F,5.0,0.0,0.0,W,C
accommodate,167,E_C,2.0,feet,stripes,W,F,3.0,-1.0,1.0,E,C
accommodate,167,W_F,7.0,feet,stripes,W,F,8.5,-1.5,1.5,W,F
accommodate,28,E_C,4.0,stripes,feet,E,F,7.75,-3.75,3.75,E,C
accommodate,28,W_F,7.0,stripes,feet,E,F,3.25,3.75,3.75,W,F
accommodate,28,E_F,8.0,stripes,feet,E,F,9.0,-1.0,1.0,E,F
accommodate,28,W_C,2.0,stripes,feet,E,F,2.5,-0.5,0.5,W,C
accommodate,154,E_F,8.0,stripes,feet,W,F,5.0,3.0,3.0,E,F
accommodate,154,W_C,4.0,stripes,feet,W,F,5.75,-1.75,1.75,W,C
accommodate,154,W_F,7.0,stripes,feet,W,F,7.75,-0.75,0.75,W,F
accommodate,154,E_C,5.0,stripes,feet,W,F,3.25,1.75,1.75,E,C
predict,282,W_C,9.0,stripes,feet,W,F,7.75,1.25,1.25,W,C
predict,282,E_C,2.0,stripes,feet,W,F,2.5,-0.5,0.5,E,C
predict,282,W_F,8.0,stripes,feet,W,F,8.25,-0.25,0.25,W,F
predict,282,E_F,3.0,stripes,feet,W,F,3.25,-0.25,0.25,E,F
predict,74,W_F,8.0,stripes,feet,W,F,8.75,-0.75,0.75,W,F
predict,74,E_C,7.0,stripes,feet,W,F,2.75,4.25,4.25,E,C
predict,74,W_C,7.0,stripes,feet,W,F,6.25,0.75,0.75,W,C
predict,74,E_F,5.0,stripes,feet,W,F,3.5,1.5,1.5,E,F
predict,211,E_F,7.0,feet,stripes,E,F,8.75,-1.75,1.75,E,F
predict,211,W_C,3.0,feet,stripes,E,F,3.25,-0.25,0.25,W,C
predict,211,W_F,9.0,feet,stripes,E,F,5.5,3.5,3.5,W,F
predict,211,E_C,4.0,feet,stripes,E,F,2.5,1.5,1.5,E,C
predict,94,W_F,10.0,stripes,feet,W,F,8.5,1.5,1.5,W,F
predict,94,E_C,1.0,stripes,feet,W,F,3.0,-2.0,2.0,E,C
predict,94,W_C,6.0,stripes,feet,W,F,7.5,-1.5,1.5,W,C
predict,94,E_F,4.0,stripes,feet,W,F,3.0,1.0,1.0,E,F
predict,289,E_C,7.0,feet,stripes,E,C,6.5,0.5,0.5,E,C
predict,289,W_F,8.0,feet,stripes,E,C,1.5,6.5,6.5,W,F
predict,289,W_C,5.0,feet,stripes,E,C,7.0,-2.0,2.0,W,C
predict,289,E_F,7.0,feet,stripes,E,C,3.5,3.5,3.5,E,F
predict,270,W_C,8.0,stripes,feet,W,C,8.25,-0.25,0.25,W,C
predict,270,E_F,2.0,stripes,feet,W,C,3.25,-1.25,1.25,E,F
predict,270,W_F,9.0,stripes,feet,W,C,8.25,0.75,0.75,W,F
predict,270,E_C,4.0,stripes,feet,W,C,4.75,-0.75,0.75,E,C
predict,254,W_C,6.0,stripes,feet,W,C,7.75,-1.75,1.75,W,C
predict,254,E_F,4.0,stripes,feet,W,C,2.0,2.0,2.0,E,F
predict,254,E_C,9.0,stripes,feet,W,C,5.0,4.0,4.0,E,C
predict,254,W_F,2.0,stripes,feet,W,C,6.0,-4.0,4.0,W,F
predict,186,E_C,8.0,stripes,feet,W,F,2.75,5.25,5.25,E,C
predict,186,W_C,6.0,stripes,feet,W,F,7.0,-1.0,1.0,W,C
predict,186,W_F,5.0,stripes,feet,W,F,8.25,-3.25,3.25,W,F
predict,186,E_F,4.0,stripes,feet,W,F,3.5,0.5,0.5,E,F
predict,40,E_C,9.0,stripes,feet,E,F,7.25,1.75,1.75,E,C
predict,40,E_F,6.0,stripes,feet,E,F,8.0,-2.0,2.0,E,F
predict,40,W_F,4.0,stripes,feet,E,F,3.25,0.75,0.75,W,F
predict,40,W_C,7.0,stripes,feet,E,F,3.0,4.0,4.0,W,C
predict,266,E_C,5.0,stripes,feet,W,C,4.5,0.5,0.5,E,C
predict,266,E_F,5.0,stripes,feet,W,C,3.75,1.25,1.25,E,F
predict,266,W_C,8.0,stripes,feet,W,C,7.0,1.0,1.0,W,C
predict,266,W_F,6.0,stripes,feet,W,C,6.75,-0.75,0.75,W,F
predict,132,W_F,5.0,stripes,feet,E,C,3.5,1.5,1.5,W,F
predict,132,W_C,3.0,stripes,feet,E,C,3.75,-0.75,0.75,W,C
predict,132,E_C,5.0,stripes,feet,E,C,6.75,-1.75,1.75,E,C
predict,132,E_F,7.0,stripes,feet,E,C,5.5,1.5,1.5,E,F
predict,245,W_C,7.0,feet,stripes,W,C,8.5,-1.5,1.5,W,C
predict,245,W_F,1.0,feet,stripes,W,C,2.75,-1.75,1.75,W,F
predict,245,E_F,4.0,feet,stripes,W,C,3.5,0.5,0.5,E,F
predict,245,E_C,10.0,feet,stripes,W,C,6.75,3.25,3.25,E,C
predict,62,E_F,6.0,stripes,feet,W,C,1.75,4.25,4.25,E,F
predict,62,W_C,3.0,stripes,feet,W,C,7.75,-4.75,4.75,W,C
predict,62,W_F,7.0,stripes,feet,W,C,8.5,-1.5,1.5,W,F
predict,62,E_C,2.0,stripes,feet,W,C,3.5,-1.5,1.5,E,C
predict,101,W_F,3.0,feet,stripes,W,C,3.0,0.0,0.0,W,F
predict,101,W_C,7.0,feet,stripes,W,C,7.25,-0.25,0.25,W,C
predict,101,E_C,9.0,feet,stripes,W,C,6.75,2.25,2.25,E,C
predict,101,E_F,1.0,feet,stripes,W,C,1.75,-0.75,0.75,E,F
predict,256,E_C,2.0,stripes,feet,E,F,5.25,-3.25,3.25,E,C
predict,256,W_F,4.0,stripes,feet,E,F,2.75,1.25,1.25,W,F
predict,256,W_C,5.0,stripes,feet,E,F,4.0,1.0,1.0,W,C
predict,256,E_F,8.0,stripes,feet,E,F,7.5,0.5,0.5,E,F
predict,173,E_C,9.0,feet,stripes,E,C,8.25,0.75,0.75,E,C
predict,173,E_F,6.0,feet,stripes,E,C,4.0,2.0,2.0,E,F
predict,173,W_F,3.0,feet,stripes,E,C,2.75,0.25,0.25,W,F
predict,173,W_C,5.0,feet,stripes,E,C,5.75,-0.75,0.75,W,C
predict,201,E_C,6.0,feet,stripes,W,C,7.25,-1.25,1.25,E,C
predict,201,E_F,5.0,feet,stripes,W,C,3.25,1.75,1.75,E,F
predict,201,W_C,10.0,feet,stripes,W,C,8.25,1.75,1.75,W,C
predict,201,W_F,3.0,feet,stripes,W,C,4.25,-1.25,1.25,W,F
predict,233,E_F,5.0,feet,stripes,E,C,5.25,-0.25,0.25,E,F
predict,233,W_C,5.0,feet,stripes,E,C,7.0,-2.0,2.0,W,C
predict,233,W_F,1.0,feet,stripes,E,C,3.25,-2.25,2.25,W,F
predict,233,E_C,10.0,feet,stripes,E,C,8.5,1.5,1.5,E,C
predict,283,W_C,4.0,feet,stripes,W,F,4.75,-0.75,0.75,W,C
predict,283,W_F,6.0,feet,stripes,W,F,7.0,-1.0,1.0,W,F
predict,283,E_F,8.0,feet,stripes,W,F,6.5,1.5,1.5,E,F
predict,283,E_C,7.0,feet,stripes,W,F,1.25,5.75,5.75,E,C
predict,24,W_F,4.0,stripes,feet,E,C,3.5,0.5,0.5,W,F
predict,24,W_C,4.0,stripes,feet,E,C,4.0,0.0,0.0,W,C
predict,24,E_F,8.0,stripes,feet,E,C,7.5,0.5,0.5,E,F
predict,24,E_C,7.0,stripes,feet,E,C,8.25,-1.25,1.25,E,C
predict,135,E_C,5.0,feet,stripes,E,F,5.25,-0.25,0.25,E,C
predict,135,E_F,9.0,feet,stripes,E,F,7.5,1.5,1.5,E,F
predict,135,W_F,3.0,feet,stripes,E,F,7.75,-4.75,4.75,W,F
predict,135,W_C,8.0,feet,stripes,E,F,4.0,4.0,4.0,W,C
predict,91,W_C,5.0,feet,stripes,W,F,4.25,0.75,0.75,W,C
predict,91,W_F,8.0,feet,stripes,W,F,7.75,0.25,0.25,W,F
predict,91,E_F,4.0,feet,stripes,W,F,5.0,-1.0,1.0,E,F
predict,91,E_C,5.0,feet,stripes,W,F,4.25,0.75,0.75,E,C
predict,295,E_C,6.0,feet,stripes,W,F,2.5,3.5,3.5,E,C
predict,295,E_F,4.0,feet,stripes,W,F,8.0,-4.0,4.0,E,F
predict,295,W_C,9.0,feet,stripes,W,F,6.0,3.0,3.0,W,C
predict,295,W_F,2.0,feet,stripes,W,F,9.0,-7.0,7.0,W,F
predict,257,W_F,2.0,feet,stripes,W,C,3.5,-1.5,1.5,W,F
predict,257,E_F,2.0,feet,stripes,W,C,2.5,-0.5,0.5,E,F
predict,257,E_C,7.0,feet,stripes,W,C,7.75,-0.75,0.75,E,C
predict,257,W_C,7.0,feet,stripes,W,C,8.0,-1.0,1.0,W,C
predict,102,W_F,7.0,stripes,feet,W,F,7.5,-0.5,0.5,W,F
predict,102,E_C,4.0,stripes,feet,W,F,3.0,1.0,1.0,E,C
predict,102,E_F,3.0,stripes,feet,W,F,3.0,0.0,0.0,E,F
predict,102,W_C,9.0,stripes,feet,W,F,6.5,2.5,2.5,W,C
predict,22,W_F,9.0,stripes,feet,W,F,8.0,1.0,1.0,W,F
predict,22,W_C,8.0,stripes,feet,W,F,6.5,1.5,1.5,W,C
predict,22,E_F,5.0,stripes,feet,W,F,3.75,1.25,1.25,E,F
predict,22,E_C,2.0,stripes,feet,W,F,2.75,-0.75,0.75,E,C
predict,196,W_F,4.0,stripes,feet,E,F,4.0,0.0,0.0,W,F
predict,196,W_C,1.0,stripes,feet,E,F,2.75,-1.75,1.75,W,C
predict,196,E_F,10.0,stripes,feet,E,F,8.25,1.75,1.75,E,F
predict,196,E_C,7.0,stripes,feet,E,F,7.25,-0.25,0.25,E,C
predict,157,W_C,4.0,feet,stripes,W,C,8.25,-4.25,4.25,W,C
predict,157,E_F,5.0,feet,stripes,W,C,4.5,0.5,0.5,E,F
predict,157,E_C,9.0,feet,stripes,W,C,5.75,3.25,3.25,E,C
predict,157,W_F,5.0,feet,stripes,W,C,3.75,1.25,1.25,W,F
predict,260,W_F,6.0,stripes,feet,E,C,2.75,3.25,3.25,W,F
predict,260,W_C,2.0,stripes,feet,E,C,3.5,-1.5,1.5,W,C
predict,260,E_C,7.0,stripes,feet,E,C,7.5,-0.5,0.5,E,C
predict,260,E_F,5.0,stripes,feet,E,C,5.75,-0.75,0.75,E,F
predict,216,W_C,2.0,stripes,feet,E,F,3.25,-1.25,1.25,W,C
predict,216,W_F,4.0,stripes,feet,E,F,4.5,-0.5,0.5,W,F
predict,216,E_C,9.0,stripes,feet,E,F,7.75,1.25,1.25,E,C
predict,216,E_F,9.0,stripes,feet,E,F,7.5,1.5,1.5,E,F
predict,60,E_F,7.0,stripes,feet,E,C,7.25,-0.25,0.25,E,F
predict,60,W_C,3.0,stripes,feet,E,C,3.75,-0.75,0.75,W,C
predict,60,E_C,8.0,stripes,feet,E,C,7.75,0.25,0.25,E,C
predict,60,W_F,4.0,stripes,feet,E,C,2.75,1.25,1.25,W,F
predict,207,E_C,4.0,feet,stripes,E,F,3.25,0.75,0.75,E,C
predict,207,W_F,3.0,feet,stripes,E,F,6.0,-3.0,3.0,W,F
predict,207,E_F,9.0,feet,stripes,E,F,8.25,0.75,0.75,E,F
predict,207,W_C,3.0,feet,stripes,E,F,3.75,-0.75,0.75,W,C
predict,83,E_C,5.0,feet,stripes,E,F,5.5,-0.5,0.5,E,C
predict,83,E_F,10.0,feet,stripes,E,F,7.75,2.25,2.25,E,F
predict,83,W_C,4.0,feet,stripes,E,F,4.25,-0.25,0.25,W,C
predict,83,W_F,6.0,feet,stripes,E,F,6.5,-0.5,0.5,W,F
predict,45,W_C,8.0,feet,stripes,E,C,8.75,-0.75,0.75,W,C
predict,45,E_F,6.0,feet,stripes,E,C,6.0,0.0,0.0,E,F
predict,45,E_C,9.0,feet,stripes,E,C,7.75,1.25,1.25,E,C
predict,45,W_F,5.0,feet,stripes,E,C,4.0,1.0,1.0,W,F
predict,47,W_C,4.0,feet,stripes,E,F,3.0,1.0,1.0,W,C
predict,47,E_F,7.0,feet,stripes,E,F,7.5,-0.5,0.5,E,F
predict,47,W_F,8.0,feet,stripes,E,F,6.0,2.0,2.0,W,F
predict,47,E_C,3.0,feet,stripes,E,F,3.25,-0.25,0.25,E,C
predict,300,E_F,9.0,stripes,feet,E,F,8.0,1.0,1.0,E,F
predict,300,W_F,4.0,stripes,feet,E,F,4.25,-0.25,0.25,W,F
predict,300,W_C,3.0,stripes,feet,E,F,2.75,0.25,0.25,W,C
predict,300,E_C,4.0,stripes,feet,E,F,6.5,-2.5,2.5,E,C
predict,71,E_F,6.0,feet,stripes,W,F,6.0,0.0,0.0,E,F
predict,71,W_F,7.0,feet,stripes,W,F,6.0,1.0,1.0,W,F
predict,71,W_C,3.0,feet,stripes,W,F,3.5,-0.5,0.5,W,C
predict,71,E_C,2.0,feet,stripes,W,F,2.25,-0.25,0.25,E,C
predict,2,W_F,7.0,stripes,feet,W,C,6.25,0.75,0.75,W,F
predict,2,E_F,4.0,stripes,feet,W,C,2.5,1.5,1.5,E,F
predict,2,W_C,8.0,stripes,feet,W,C,8.25,-0.25,0.25,W,C
predict,2,E_C,3.0,stripes,feet,W,C,2.25,0.75,0.75,E,C
predict,154,E_F,7.0,stripes,feet,W,F,5.0,2.0,2.0,E,F
predict,154,W_C,4.0,stripes,feet,W,F,5.75,-1.75,1.75,W,C
predict,154,W_F,7.0,stripes,feet,W,F,7.75,-0.75,0.75,W,F
predict,154,E_C,4.0,stripes,feet,W,F,3.25,0.75,0.75,E,C
predict,159,E_F,7.0,feet,stripes,E,F,8.25,-1.25,1.25,E,F
predict,159,W_C,2.0,feet,stripes,E,F,2.0,0.0,0.0,W,C
predict,159,W_F,8.0,feet,stripes,E,F,7.25,0.75,0.75,W,F
predict,159,E_C,9.0,feet,stripes,E,F,2.5,6.5,6.5,E,C
predict,28,E_C,6.0,stripes,feet,E,F,7.75,-1.75,1.75,E,C
predict,28,W_F,8.0,stripes,feet,E,F,3.25,4.75,4.75,W,F
predict,28,E_F,2.0,stripes,feet,E,F,9.0,-7.0,7.0,E,F
predict,28,W_C,3.0,stripes,feet,E,F,2.5,0.5,0.5,W,C
predict,242,W_C,5.0,stripes,feet,W,C,7.25,-2.25,2.25,W,C
predict,242,W_F,6.0,stripes,feet,W,C,6.25,-0.25,0.25,W,F
predict,242,E_F,6.0,stripes,feet,W,C,2.75,3.25,3.25,E,F
predict,242,E_C,6.0,stripes,feet,W,C,3.75,2.25,2.25,E,C
predict,248,W_C,5.0,stripes,feet,E,F,3.0,2.0,2.0,W,C
predict,248,E_C,8.0,stripes,feet,E,F,5.75,2.25,2.25,E,C
predict,248,E_F,7.0,stripes,feet,E,F,6.75,0.25,0.25,E,F
predict,248,W_F,3.0,stripes,feet,E,F,3.75,-0.75,0.75,W,F
predict,93,E_C,7.0,feet,stripes,W,C,7.25,-0.25,0.25,E,C
predict,93,E_F,4.0,feet,stripes,W,C,2.5,1.5,1.5,E,F
predict,93,W_C,9.0,feet,stripes,W,C,7.25,1.75,1.75,W,C
predict,93,W_F,5.0,feet,stripes,W,C,3.75,1.25,1.25,W,F
predict,148,W_C,3.0,stripes,feet,E,C,4.0,-1.0,1.0,W,C
predict,148,E_C,7.0,stripes,feet,E,C,8.25,-1.25,1.25,E,C
predict,148,W_F,4.0,stripes,feet,E,C,3.0,1.0,1.0,W,F
predict,148,E_F,9.0,stripes,feet,E,C,7.25,1.75,1.75,E,F
predict,70,E_F,5.0,stripes,feet,W,F,4.75,0.25,0.25,E,F
predict,70,E_C,2.0,stripes,feet,W,F,2.75,-0.75,0.75,E,C
predict,70,W_F,9.0,stripes,feet,W,F,8.75,0.25,0.25,W,F
predict,70,W_C,7.0,stripes,feet,W,F,6.75,0.25,0.25,W,C
predict,126,W_C,9.0,stripes,feet,W,C,7.5,1.5,1.5,W,C
predict,126,W_F,9.0,stripes,feet,W,C,8.25,0.75,0.75,W,F
predict,126,E_C,3.0,stripes,feet,W,C,4.25,-1.25,1.25,E,C
predict,126,E_F,3.0,stripes,feet,W,C,2.5,0.5,0.5,E,F
predict,195,E_F,7.0,feet,stripes,E,F,8.0,-1.0,1.0,E,F
predict,195,W_F,10.0,feet,stripes,E,F,6.5,3.5,3.5,W,F
predict,195,W_C,8.0,feet,stripes,E,F,4.0,4.0,4.0,W,C
predict,195,E_C,4.0,feet,stripes,E,F,4.75,-0.75,0.75,E,C
predict,46,W_C,10.0,stripes,feet,W,C,9.0,1.0,1.0,W,C
predict,46,E_C,3.0,stripes,feet,W,C,5.75,-2.75,2.75,E,C
predict,46,W_F,8.0,stripes,feet,W,C,7.25,0.75,0.75,W,F
predict,46,E_F,3.0,stripes,feet,W,C,2.75,0.25,0.25,E,F
predict,33,W_C,10.0,feet,stripes,E,C,6.5,3.5,3.5,W,C
predict,33,E_C,9.0,feet,stripes,E,C,8.75,0.25,0.25,E,C
predict,33,E_F,2.0,feet,stripes,E,C,2.75,-0.75,0.75,E,F
predict,33,W_F,3.0,feet,stripes,E,C,3.0,0.0,0.0,W,F
predict,49,E_F,5.0,feet,stripes,E,C,5.0,0.0,0.0,E,F
predict,49,E_C,6.0,feet,stripes,E,C,7.75,-1.75,1.75,E,C
predict,49,W_F,8.0,feet,stripes,E,C,4.0,4.0,4.0,W,F
predict,49,W_C,9.0,feet,stripes,E,C,7.75,1.25,1.25,W,C
predict,258,E_C,9.0,stripes,feet,W,F,2.25,6.75,6.75,E,C
predict,258,W_F,10.0,stripes,feet,W,F,9.0,1.0,1.0,W,F
predict,258,W_C,1.0,stripes,feet,W,F,7.0,-6.0,6.0,W,C
predict,258,E_F,2.0,stripes,feet,W,F,3.0,-1.0,1.0,E,F
predict,64,W_F,4.0,stripes,feet,E,F,3.5,0.5,0.5,W,F
predict,64,E_C,9.0,stripes,feet,E,F,6.25,2.75,2.75,E,C
predict,64,W_C,4.0,stripes,feet,E,F,3.5,0.5,0.5,W,C
predict,64,E_F,9.0,stripes,feet,E,F,7.75,1.25,1.25,E,F
predict,68,E_F,7.0,stripes,feet,E,C,6.75,0.25,0.25,E,F
predict,68,W_C,4.0,stripes,feet,E,C,3.5,0.5,0.5,W,C
predict,68,W_F,3.0,stripes,feet,E,C,2.0,1.0,1.0,W,F
predict,68,E_C,8.0,stripes,feet,E,C,8.75,-0.75,0.75,E,C
predict,55,E_C,2.0,feet,stripes,W,F,1.75,0.25,0.25,E,C
predict,55,E_F,7.0,feet,stripes,W,F,7.25,-0.25,0.25,E,F
predict,55,W_C,3.0,feet,stripes,W,F,2.5,0.5,0.5,W,C
predict,55,W_F,9.0,feet,stripes,W,F,9.0,0.0,0.0,W,F
predict,192,W_C,5.0,stripes,feet,E,F,2.75,2.25,2.25,W,C
predict,192,E_C,8.0,stripes,feet,E,F,6.5,1.5,1.5,E,C
predict,192,W_F,5.0,stripes,feet,E,F,3.75,1.25,1.25,W,F
predict,192,E_F,7.0,stripes,feet,E,F,6.5,0.5,0.5,E,F
predict,278,W_F,7.0,stripes,feet,W,C,8.25,-1.25,1.25,W,F
predict,278,E_F,2.0,stripes,feet,W,C,2.0,0.0,0.0,E,F
predict,278,W_C,9.0,stripes,feet,W,C,6.5,2.5,2.5,W,C
predict,278,E_C,5.0,stripes,feet,W,C,4.75,0.25,0.25,E,C
predict,156,E_F,6.0,stripes,feet,E,C,7.5,-1.5,1.5,E,F
predict,156,W_C,5.0,stripes,feet,E,C,4.75,0.25,0.25,W,C
predict,156,E_C,10.0,stripes,feet,E,C,9.5,0.5,0.5,E,C
predict,156,W_F,1.0,stripes,feet,E,C,4.25,-3.25,3.25,W,F
predict,253,E_F,4.0,feet,stripes,E,C,3.0,1.0,1.0,E,F
predict,253,E_C,7.0,feet,stripes,E,C,8.5,-1.5,1.5,E,C
predict,253,W_F,3.0,feet,stripes,E,C,4.0,-1.0,1.0,W,F
predict,253,W_C,8.0,feet,stripes,E,C,5.75,2.25,2.25,W,C
predict,225,E_F,3.0,feet,stripes,W,C,2.5,0.5,0.5,E,F
predict,225,E_C,8.0,feet,stripes,W,C,8.0,0.0,0.0,E,C
predict,225,W_C,8.0,feet,stripes,W,C,7.0,1.0,1.0,W,C
predict,225,W_F,3.0,feet,stripes,W,C,4.75,-1.75,1.75,W,F
predict,61,E_F,3.0,feet,stripes,W,C,2.75,0.25,0.25,E,F
predict,61,E_C,7.0,feet,stripes,W,C,8.0,-1.0,1.0,E,C
predict,61,W_F,5.0,feet,stripes,W,C,5.75,-0.75,0.75,W,F
predict,61,W_C,10.0,feet,stripes,W,C,9.5,0.5,0.5,W,C
predict,115,W_C,2.0,feet,stripes,E,F,2.25,-0.25,0.25,W,C
predict,115,E_C,5.0,feet,stripes,E,F,5.0,0.0,0.0,E,C
predict,115,E_F,10.0,feet,stripes,E,F,9.5,0.5,0.5,E,F
predict,115,W_F,7.0,feet,stripes,E,F,5.5,1.5,1.5,W,F
predict,97,E_F,4.0,feet,stripes,E,C,2.5,1.5,1.5,E,F
predict,97,W_F,2.0,feet,stripes,E,C,2.25,-0.25,0.25,W,F
predict,97,W_C,7.0,feet,stripes,E,C,5.75,1.25,1.25,W,C
predict,97,E_C,10.0,feet,stripes,E,C,8.25,1.75,1.75,E,C
predict,79,W_F,3.0,feet,stripes,W,F,5.5,-2.5,2.5,W,F
predict,79,E_C,3.0,feet,stripes,W,F,2.75,0.25,0.25,E,C
predict,79,W_C,8.0,feet,stripes,W,F,5.5,2.5,2.5,W,C
predict,79,E_F,7.0,feet,stripes,W,F,7.0,0.0,0.0,E,F
predict,198,E_C,1.0,stripes,feet,W,F,3.0,-2.0,2.0,E,C
predict,198,E_F,10.0,stripes,feet,W,F,3.75,6.25,6.25,E,F
predict,198,W_C,7.0,stripes,feet,W,F,6.75,0.25,0.25,W,C
predict,198,W_F,5.0,stripes,feet,W,F,7.5,-2.5,2.5,W,F
predict,147,W_C,8.0,feet,stripes,W,F,4.75,3.25,3.25,W,C
predict,147,E_F,5.0,feet,stripes,W,F,6.0,-1.0,1.0,E,F
predict,147,W_F,5.0,feet,stripes,W,F,9.25,-4.25,4.25,W,F
predict,147,E_C,8.0,feet,stripes,W,F,5.0,3.0,3.0,E,C
predict,181,W_F,5.0,feet,stripes,W,C,5.25,-0.25,0.25,W,F
predict,181,W_C,9.0,feet,stripes,W,C,7.75,1.25,1.25,W,C
predict,181,E_C,6.0,feet,stripes,W,C,6.25,-0.25,0.25,E,C
predict,181,E_F,2.0,feet,stripes,W,C,2.25,-0.25,0.25,E,F
predict,133,W_F,6.0,feet,stripes,E,C,3.5,2.5,2.5,W,F
predict,133,W_C,7.0,feet,stripes,E,C,7.5,-0.5,0.5,W,C
predict,133,E_C,10.0,feet,stripes,E,C,9.75,0.25,0.25,E,C
predict,133,E_F,3.0,feet,stripes,E,C,3.75,-0.75,0.75,E,F
predict,35,E_C,4.0,feet,stripes,E,F,3.75,0.25,0.25,E,C
predict,35,W_F,6.0,feet,stripes,E,F,6.5,-0.5,0.5,W,F
predict,35,W_C,4.0,feet,stripes,E,F,4.25,-0.25,0.25,W,C
predict,35,E_F,8.0,feet,stripes,E,F,8.0,0.0,0.0,E,F
predict,175,W_F,6.0,feet,stripes,E,F,7.25,-1.25,1.25,W,F
predict,175,W_C,3.0,feet,stripes,E,F,3.5,-0.5,0.5,W,C
predict,175,E_F,8.0,feet,stripes,E,F,7.25,0.75,0.75,E,F
predict,175,E_C,6.0,feet,stripes,E,F,5.5,0.5,0.5,E,C
predict,56,W_F,2.0,stripes,feet,E,C,1.5,0.5,0.5,W,F
predict,56,W_C,8.0,stripes,feet,E,C,3.5,4.5,4.5,W,C
predict,56,E_F,3.0,stripes,feet,E,C,5.25,-2.25,2.25,E,F
predict,56,E_C,9.0,stripes,feet,E,C,7.0,2.0,2.0,E,C
predict,239,E_C,2.0,feet,stripes,E,F,4.5,-2.5,2.5,E,C
predict,239,W_C,5.0,feet,stripes,E,F,4.0,1.0,1.0,W,C
predict,239,E_F,7.0,feet,stripes,E,F,7.25,-0.25,0.25,E,F
predict,239,W_F,8.0,feet,stripes,E,F,6.5,1.5,1.5,W,F
predict,153,E_C,4.0,feet,stripes,W,C,7.25,-3.25,3.25,E,C
predict,153,W_F,9.0,feet,stripes,W,C,3.75,5.25,5.25,W,F
predict,153,W_C,5.0,feet,stripes,W,C,8.5,-3.5,3.5,W,C
predict,153,E_F,7.0,feet,stripes,W,C,3.75,3.25,3.25,E,F
predict,142,E_F,7.0,stripes,feet,W,C,1.75,5.25,5.25,E,F
predict,142,E_C,4.0,stripes,feet,W,C,3.25,0.75,0.75,E,C
predict,142,W_F,7.0,stripes,feet,W,C,7.75,-0.75,0.75,W,F
predict,142,W_C,7.0,stripes,feet,W,C,8.75,-1.75,1.75,W,C
predict,189,W_C,8.0,feet,stripes,W,C,8.25,-0.25,0.25,W,C
predict,189,E_C,6.0,feet,stripes,W,C,6.0,0.0,0.0,E,C
predict,189,W_F,6.0,feet,stripes,W,C,4.75,1.25,1.25,W,F
predict,189,E_F,7.0,feet,stripes,W,C,4.0,3.0,3.0,E,F
predict,165,E_F,10.0,feet,stripes,E,C,4.75,5.25,5.25,E,F
predict,165,E_C,8.0,feet,stripes,E,C,7.75,0.25,0.25,E,C
predict,165,W_F,4.0,feet,stripes,E,C,3.0,1.0,1.0,W,F
predict,165,W_C,6.0,feet,stripes,E,C,7.25,-1.25,1.25,W,C
predict,63,E_C,3.0,feet,stripes,W,F,3.25,-0.25,0.25,E,C
predict,63,W_F,9.0,feet,stripes,W,F,8.75,0.25,0.25,W,F
predict,63,W_C,4.0,feet,stripes,W,F,3.5,0.5,0.5,W,C
predict,63,E_F,6.0,feet,stripes,W,F,5.5,0.5,0.5,E,F
predict,158,E_C,7.0,stripes,feet,W,F,2.75,4.25,4.25,E,C
predict,158,W_C,5.0,stripes,feet,W,F,5.75,-0.75,0.75,W,C
predict,158,E_F,5.0,stripes,feet,W,F,4.0,1.0,1.0,E,F
predict,158,W_F,5.0,stripes,feet,W,F,7.25,-2.25,2.25,W,F
predict,136,W_C,3.0,stripes,feet,E,F,3.25,-0.25,0.25,W,C
predict,136,W_F,4.0,stripes,feet,E,F,4.25,-0.25,0.25,W,F
predict,136,E_C,7.0,stripes,feet,E,F,6.25,0.75,0.75,E,C
predict,136,E_F,8.0,stripes,feet,E,F,9.0,-1.0,1.0,E,F
predict,143,E_C,2.0,feet,stripes,E,F,3.25,-1.25,1.25,E,C
predict,143,W_C,4.0,feet,stripes,E,F,3.75,0.25,0.25,W,C
predict,143,E_F,6.0,feet,stripes,E,F,8.25,-2.25,2.25,E,F
predict,143,W_F,9.0,feet,stripes,E,F,5.75,3.25,3.25,W,F
predict,41,W_C,8.0,feet,stripes,E,C,5.0,3.0,3.0,W,C
predict,41,E_C,5.0,feet,stripes,E,C,7.25,-2.25,2.25,E,C
predict,41,W_F,4.0,feet,stripes,E,C,3.25,0.75,0.75,W,F
predict,41,E_F,1.0,feet,stripes,E,C,2.75,-1.75,1.75,E,F
predict,222,W_F,7.0,stripes,feet,W,C,7.0,0.0,0.0,W,F
predict,222,E_C,2.0,stripes,feet,W,C,3.75,-1.75,1.75,E,C
predict,222,W_C,8.0,stripes,feet,W,C,7.0,1.0,1.0,W,C
predict,222,E_F,4.0,stripes,feet,W,C,2.75,1.25,1.25,E,F
predict,162,W_C,7.0,stripes,feet,W,C,7.5,-0.5,0.5,W,C
predict,162,W_F,7.0,stripes,feet,W,C,7.0,0.0,0.0,W,F
predict,162,E_F,3.0,stripes,feet,W,C,2.0,1.0,1.0,E,F
predict,162,E_C,4.0,stripes,feet,W,C,4.75,-0.75,0.75,E,C
predict,169,W_C,6.0,feet,stripes,E,C,5.75,0.25,0.25,W,C
predict,169,W_F,5.0,feet,stripes,E,C,4.0,1.0,1.0,W,F
predict,169,E_F,1.0,feet,stripes,E,C,3.75,-2.75,2.75,E,F
predict,169,E_C,10.0,feet,stripes,E,C,7.25,2.75,2.75,E,C
predict,297,E_C,8.0,feet,stripes,W,C,6.75,1.25,1.25,E,C
predict,297,W_F,5.0,feet,stripes,W,C,4.5,0.5,0.5,W,F
predict,297,W_C,8.0,feet,stripes,W,C,6.75,1.25,1.25,W,C
predict,297,E_F,3.0,feet,stripes,W,C,1.0,2.0,2.0,E,F
predict,32,W_C,1.0,stripes,feet,E,C,4.25,-3.25,3.25,W,C
predict,32,W_F,5.0,stripes,feet,E,C,2.75,2.25,2.25,W,F
predict,32,E_C,10.0,stripes,feet,E,C,8.5,1.5,1.5,E,C
predict,32,E_F,7.0,stripes,feet,E,C,7.5,-0.5,0.5,E,F
predict,212,E_F,8.0,stripes,feet,E,F,8.25,-0.25,0.25,E,F
predict,212,W_F,6.0,stripes,feet,E,F,4.25,1.75,1.75,W,F
predict,212,E_C,6.0,stripes,feet,E,F,7.25,-1.25,1.25,E,C
predict,212,W_C,4.0,stripes,feet,E,F,3.75,0.25,0.25,W,C
predict,262,W_C,6.0,stripes,feet,W,C,8.5,-2.5,2.5,W,C
predict,262,E_C,8.0,stripes,feet,W,C,3.0,5.0,5.0,E,C
predict,262,E_F,4.0,stripes,feet,W,C,2.5,1.5,1.5,E,F
predict,262,W_F,3.0,stripes,feet,W,C,6.0,-3.0,3.0,W,F
predict,23,E_C,10.0,feet,stripes,E,F,5.0,5.0,5.0,E,C
predict,23,E_F,7.0,feet,stripes,E,F,8.25,-1.25,1.25,E,F
predict,23,W_F,3.0,feet,stripes,E,F,8.0,-5.0,5.0,W,F
predict,23,W_C,4.0,feet,stripes,E,F,2.75,1.25,1.25,W,C
predict,264,W_C,5.0,stripes,feet,E,F,3.0,2.0,2.0,W,C
predict,264,E_F,3.0,stripes,feet,E,F,7.0,-4.0,4.0,E,F
predict,264,E_C,8.0,stripes,feet,E,F,7.0,1.0,1.0,E,C
predict,264,W_F,8.0,stripes,feet,E,F,5.25,2.75,2.75,W,F
predict,238,W_F,7.0,stripes,feet,W,C,6.5,0.5,0.5,W,F
predict,238,W_C,9.0,stripes,feet,W,C,8.75,0.25,0.25,W,C
predict,238,E_F,3.0,stripes,feet,W,C,3.75,-0.75,0.75,E,F
predict,238,E_C,4.0,stripes,feet,W,C,3.25,0.75,0.75,E,C
predict,267,W_C,3.0,feet,stripes,E,F,3.25,-0.25,0.25,W,C
predict,267,W_F,8.0,feet,stripes,E,F,7.0,1.0,1.0,W,F
predict,267,E_F,9.0,feet,stripes,E,F,8.0,1.0,1.0,E,F
predict,267,E_C,2.0,feet,stripes,E,F,5.0,-3.0,3.0,E,C
predict,34,E_C,7.0,stripes,feet,W,F,3.0,4.0,4.0,E,C
predict,34,E_F,5.0,stripes,feet,W,F,4.0,1.0,1.0,E,F
predict,34,W_C,8.0,stripes,feet,W,F,7.75,0.25,0.25,W,C
predict,34,W_F,9.0,stripes,feet,W,F,8.5,0.5,0.5,W,F
predict,164,E_F,8.0,stripes,feet,E,C,7.5,0.5,0.5,E,F
predict,164,E_C,9.0,stripes,feet,E,C,7.25,1.75,1.75,E,C
predict,164,W_C,4.0,stripes,feet,E,C,4.0,0.0,0.0,W,C
predict,164,W_F,2.0,stripes,feet,E,C,2.75,-0.75,0.75,W,F
predict,52,W_F,7.0,stripes,feet,E,C,4.0,3.0,3.0,W,F
predict,52,W_C,9.0,stripes,feet,E,C,5.25,3.75,3.75,W,C
predict,52,E_F,6.0,stripes,feet,E,C,7.75,-1.75,1.75,E,F
predict,52,E_C,7.0,stripes,feet,E,C,7.75,-0.75,0.75,E,C
predict,218,E_F,2.0,stripes,feet,W,F,5.25,-3.25,3.25,E,F
predict,218,E_C,3.0,stripes,feet,W,F,3.0,0.0,0.0,E,C
predict,218,W_C,7.0,stripes,feet,W,F,5.0,2.0,2.0,W,C
predict,218,W_F,9.0,stripes,feet,W,F,7.5,1.5,1.5,W,F
predict,75,W_C,7.0,feet,stripes,W,F,4.5,2.5,2.5,W,C
predict,75,E_C,2.0,feet,stripes,W,F,3.5,-1.5,1.5,E,C
predict,75,W_F,4.0,feet,stripes,W,F,7.0,-3.0,3.0,W,F
predict,75,E_F,10.0,feet,stripes,W,F,6.0,4.0,4.0,E,F
predict,208,W_C,2.0,stripes,feet,E,C,3.5,-1.5,1.5,W,C
predict,208,W_F,8.0,stripes,feet,E,C,2.75,5.25,5.25,W,F
predict,208,E_C,5.0,stripes,feet,E,C,8.25,-3.25,3.25,E,C
predict,208,E_F,10.0,stripes,feet,E,C,7.5,2.5,2.5,E,F
predict,27,E_C,9.0,feet,stripes,E,F,5.25,3.75,3.75,E,C
predict,27,W_F,8.0,feet,stripes,E,F,8.25,-0.25,0.25,W,F
predict,27,E_F,10.0,feet,stripes,E,F,9.75,0.25,0.25,E,F
predict,27,W_C,5.0,feet,stripes,E,F,5.5,-0.5,0.5,W,C
predict,3,E_C,4.0,feet,stripes,W,F,3.75,0.25,0.25,E,C
predict,3,W_C,4.0,feet,stripes,W,F,4.75,-0.75,0.75,W,C
predict,3,W_F,9.0,feet,stripes,W,F,8.25,0.75,0.75,W,F
predict,3,E_F,9.0,feet,stripes,W,F,7.5,1.5,1.5,E,F
predict,146,E_F,2.0,stripes,feet,W,F,3.0,-1.0,1.0,E,F
predict,146,E_C,5.0,stripes,feet,W,F,4.5,0.5,0.5,E,C
predict,146,W_F,8.0,stripes,feet,W,F,8.5,-0.5,0.5,W,F
predict,146,W_C,6.0,stripes,feet,W,F,6.0,0.0,0.0,W,C
predict,30,E_C,4.0,stripes,feet,W,F,2.5,1.5,1.5,E,C
predict,30,W_C,5.0,stripes,feet,W,F,5.75,-0.75,0.75,W,C
predict,30,E_F,3.0,stripes,feet,W,F,3.5,-0.5,0.5,E,F
predict,30,W_F,8.0,stripes,feet,W,F,8.0,0.0,0.0,W,F
predict,92,W_C,3.0,stripes,feet,E,C,4.5,-1.5,1.5,W,C
predict,92,W_F,4.0,stripes,feet,E,C,3.75,0.25,0.25,W,F
predict,92,E_F,10.0,stripes,feet,E,C,6.75,3.25,3.25,E,F
predict,92,E_C,8.0,stripes,feet,E,C,7.5,0.5,0.5,E,C
predict,220,E_F,10.0,stripes,feet,E,F,7.5,2.5,2.5,E,F
predict,220,W_F,4.0,stripes,feet,E,F,2.75,1.25,1.25,W,F
predict,220,E_C,4.0,stripes,feet,E,F,5.0,-1.0,1.0,E,C
predict,220,W_C,7.0,stripes,feet,E,F,2.5,4.5,4.5,W,C
predict,172,W_C,3.0,stripes,feet,E,C,4.5,-1.5,1.5,W,C
predict,172,E_C,8.0,stripes,feet,E,C,8.0,0.0,0.0,E,C
predict,172,W_F,4.0,stripes,feet,E,C,2.75,1.25,1.25,W,F
predict,172,E_F,8.0,stripes,feet,E,C,8.25,-0.25,0.25,E,F
predict,31,W_C,2.0,feet,stripes,E,F,2.25,-0.25,0.25,W,C
predict,31,W_F,7.0,feet,stripes,E,F,7.0,0.0,0.0,W,F
predict,31,E_F,7.0,feet,stripes,E,F,8.0,-1.0,1.0,E,F
predict,31,E_C,2.0,feet,stripes,E,F,2.5,-0.5,0.5,E,C
predict,113,W_C,8.0,feet,stripes,E,C,7.25,0.75,0.75,W,C
predict,113,E_F,4.0,feet,stripes,E,C,4.25,-0.25,0.25,E,F
predict,113,E_C,8.0,feet,stripes,E,C,8.0,0.0,0.0,E,C
predict,113,W_F,4.0,feet,stripes,E,C,2.75,1.25,1.25,W,F
predict,273,E_F,5.0,feet,stripes,W,C,3.25,1.75,1.75,E,F
predict,273,W_F,6.0,feet,stripes,W,C,4.0,2.0,2.0,W,F
predict,273,W_C,6.0,feet,stripes,W,C,8.0,-2.0,2.0,W,C
predict,273,E_C,9.0,feet,stripes,W,C,7.5,1.5,1.5,E,C
predict,88,W_C,4.0,stripes,feet,E,C,3.25,0.75,0.75,W,C
predict,88,E_C,8.0,stripes,feet,E,C,8.25,-0.25,0.25,E,C
predict,88,E_F,2.0,stripes,feet,E,C,6.5,-4.5,4.5,E,F
predict,88,W_F,6.0,stripes,feet,E,C,3.25,2.75,2.75,W,F
predict,194,E_C,2.0,stripes,feet,W,F,4.0,-2.0,2.0,E,C
predict,194,W_F,10.0,stripes,feet,W,F,7.5,2.5,2.5,W,F
predict,194,E_F,3.0,stripes,feet,W,F,3.5,-0.5,0.5,E,F
predict,194,W_C,8.0,stripes,feet,W,F,5.75,2.25,2.25,W,C
predict,105,W_C,10.0,feet,stripes,E,C,8.25,1.75,1.75,W,C
predict,105,W_F,3.0,feet,stripes,E,C,2.25,0.75,0.75,W,F
predict,105,E_C,9.0,feet,stripes,E,C,8.75,0.25,0.25,E,C
predict,105,E_F,1.0,feet,stripes,E,C,3.25,-2.25,2.25,E,F
predict,230,W_C,7.0,stripes,feet,W,F,7.0,0.0,0.0,W,C
predict,230,E_C,3.0,stripes,feet,W,F,3.0,0.0,0.0,E,C
predict,230,W_F,9.0,stripes,feet,W,F,7.5,1.5,1.5,W,F
predict,230,E_F,6.0,stripes,feet,W,F,4.25,1.75,1.75,E,F
predict,50,E_F,8.0,stripes,feet,W,C,3.25,4.75,4.75,E,F
predict,50,E_C,3.0,stripes,feet,W,C,3.5,-0.5,0.5,E,C
predict,50,W_F,7.0,stripes,feet,W,C,6.75,0.25,0.25,W,F
predict,50,W_C,7.0,stripes,feet,W,C,7.75,-0.75,0.75,W,C
predict,26,W_F,7.0,stripes,feet,W,C,5.0,2.0,2.0,W,F
predict,26,W_C,8.0,stripes,feet,W,C,8.75,-0.75,0.75,W,C
predict,26,E_F,4.0,stripes,feet,W,C,2.0,2.0,2.0,E,F
predict,26,E_C,3.0,stripes,feet,W,C,3.75,-0.75,0.75,E,C
predict,166,E_F,6.0,stripes,feet,W,F,4.0,2.0,2.0,E,F
predict,166,W_C,7.0,stripes,feet,W,F,4.75,2.25,2.25,W,C
predict,166,E_C,7.0,stripes,feet,W,F,3.75,3.25,3.25,E,C
predict,166,W_F,4.0,stripes,feet,W,F,8.0,-4.0,4.0,W,F
predict,145,E_F,3.0,feet,stripes,E,C,4.75,-1.75,1.75,E,F
predict,145,W_F,3.0,feet,stripes,E,C,3.0,0.0,0.0,W,F
predict,145,W_C,9.0,feet,stripes,E,C,8.0,1.0,1.0,W,C
predict,145,E_C,9.0,feet,stripes,E,C,8.25,0.75,0.75,E,C
predict,206,W_F,3.0,stripes,feet,W,F,8.25,-5.25,5.25,W,F
predict,206,W_C,7.0,stripes,feet,W,F,7.0,0.0,0.0,W,C
predict,206,E_C,5.0,stripes,feet,W,F,4.0,1.0,1.0,E,C
predict,206,E_F,5.0,stripes,feet,W,F,5.0,0.0,0.0,E,F
predict,13,W_F,3.0,feet,stripes,E,C,2.5,0.5,0.5,W,F
predict,13,W_C,7.0,feet,stripes,E,C,7.0,0.0,0.0,W,C
predict,13,E_F,6.0,feet,stripes,E,C,3.75,2.25,2.25,E,F
predict,13,E_C,9.0,feet,stripes,E,C,8.75,0.25,0.25,E,C
predict,116,E_F,8.0,stripes,feet,E,F,6.5,1.5,1.5,E,F
predict,116,E_C,8.0,stripes,feet,E,F,7.0,1.0,1.0,E,C
predict,116,W_C,2.0,stripes,feet,E,F,1.75,0.25,0.25,W,C
predict,116,W_F,1.0,stripes,feet,E,F,4.0,-3.0,3.0,W,F
predict,251,E_F,10.0,feet,stripes,E,F,8.25,1.75,1.75,E,F
predict,251,W_C,7.0,feet,stripes,E,F,2.0,5.0,5.0,W,C
predict,251,E_C,1.0,feet,stripes,E,F,4.0,-3.0,3.0,E,C
predict,251,W_F,2.0,feet,stripes,E,F,7.0,-5.0,5.0,W,F
predict,100,E_F,9.0,stripes,feet,E,C,6.75,2.25,2.25,E,F
predict,100,W_F,5.0,stripes,feet,E,C,3.0,2.0,2.0,W,F
predict,100,W_C,3.0,stripes,feet,E,C,5.5,-2.5,2.5,W,C
predict,100,E_C,5.0,stripes,feet,E,C,6.75,-1.75,1.75,E,C
predict,299,W_C,3.0,feet,stripes,E,F,3.0,0.0,0.0,W,C
predict,299,W_F,8.0,feet,stripes,E,F,7.5,0.5,0.5,W,F
predict,299,E_F,8.0,feet,stripes,E,F,8.25,-0.25,0.25,E,F
predict,299,E_C,3.0,feet,stripes,E,F,3.75,-0.75,0.75,E,C
predict,199,W_F,5.0,feet,stripes,E,F,6.75,-1.75,1.75,W,F
predict,199,W_C,5.0,feet,stripes,E,F,2.75,2.25,2.25,W,C
predict,199,E_F,5.0,feet,stripes,E,F,7.5,-2.5,2.5,E,F
predict,199,E_C,8.0,feet,stripes,E,F,3.25,4.75,4.75,E,C
predict,53,E_F,7.0,feet,stripes,W,C,2.25,4.75,4.75,E,F
predict,53,W_F,4.0,feet,stripes,W,C,5.75,-1.75,1.75,W,F
predict,53,W_C,4.0,feet,stripes,W,C,7.75,-3.75,3.75,W,C
predict,53,E_C,7.0,feet,stripes,W,C,7.75,-0.75,0.75,E,C
predict,152,E_C,8.0,stripes,feet,E,C,6.75,1.25,1.25,E,C
predict,152,E_F,7.0,stripes,feet,E,C,6.25,0.75,0.75,E,F
predict,152,W_F,3.0,stripes,feet,E,C,3.0,0.0,0.0,W,F
predict,152,W_C,5.0,stripes,feet,E,C,5.0,0.0,0.0,W,C
predict,204,W_C,7.0,stripes,feet,E,C,3.75,3.25,3.25,W,C
predict,204,E_F,5.0,stripes,feet,E,C,7.25,-2.25,2.25,E,F
predict,204,W_F,3.0,stripes,feet,E,C,2.25,0.75,0.75,W,F
predict,204,E_C,7.0,stripes,feet,E,C,8.75,-1.75,1.75,E,C
predict,185,E_F,6.0,feet,stripes,E,C,5.5,0.5,0.5,E,F
predict,185,E_C,8.0,feet,stripes,E,C,8.25,-0.25,0.25,E,C
predict,185,W_C,6.0,feet,stripes,E,C,6.5,-0.5,0.5,W,C
predict,185,W_F,3.0,feet,stripes,E,C,3.5,-0.5,0.5,W,F
predict,15,E_C,4.0,feet,stripes,E,F,2.75,1.25,1.25,E,C
predict,15,W_C,2.0,feet,stripes,E,F,2.25,-0.25,0.25,W,C
predict,15,E_F,9.0,feet,stripes,E,F,8.75,0.25,0.25,E,F
predict,15,W_F,6.0,feet,stripes,E,F,7.75,-1.75,1.75,W,F
predict,174,E_C,6.0,stripes,feet,W,F,3.0,3.0,3.0,E,C
predict,174,E_F,4.0,stripes,feet,W,F,4.25,-0.25,0.25,E,F
predict,174,W_C,8.0,stripes,feet,W,F,5.5,2.5,2.5,W,C
predict,174,W_F,5.0,stripes,feet,W,F,7.0,-2.0,2.0,W,F
predict,163,W_C,4.0,feet,stripes,W,F,4.75,-0.75,0.75,W,C
predict,163,E_C,4.0,feet,stripes,W,F,3.5,0.5,0.5,E,C
predict,163,E_F,7.0,feet,stripes,W,F,7.75,-0.75,0.75,E,F
predict,163,W_F,9.0,feet,stripes,W,F,8.75,0.25,0.25,W,F
predict,122,W_C,6.0,stripes,feet,W,F,4.75,1.25,1.25,W,C
predict,122,W_F,10.0,stripes,feet,W,F,8.5,1.5,1.5,W,F
predict,122,E_C,3.0,stripes,feet,W,F,4.75,-1.75,1.75,E,C
predict,122,E_F,5.0,stripes,feet,W,F,4.5,0.5,0.5,E,F
predict,250,E_C,3.0,stripes,feet,W,C,3.75,-0.75,0.75,E,C
predict,250,W_C,8.0,stripes,feet,W,C,8.0,0.0,0.0,W,C
predict,250,W_F,9.0,stripes,feet,W,C,7.5,1.5,1.5,W,F
predict,250,E_F,4.0,stripes,feet,W,C,3.0,1.0,1.0,E,F
predict,193,E_C,9.0,feet,stripes,E,C,8.0,1.0,1.0,E,C
predict,193,W_F,2.0,feet,stripes,E,C,2.75,-0.75,0.75,W,F
predict,193,W_C,5.0,feet,stripes,E,C,7.5,-2.5,2.5,W,C
predict,193,E_F,7.0,feet,stripes,E,C,4.5,2.5,2.5,E,F
predict,43,W_F,8.0,feet,stripes,E,F,8.5,-0.5,0.5,W,F
predict,43,E_C,5.0,feet,stripes,E,F,4.5,0.5,0.5,E,C
predict,43,E_F,7.0,feet,stripes,E,F,8.25,-1.25,1.25,E,F
predict,43,W_C,2.0,feet,stripes,E,F,3.0,-1.0,1.0,W,C
predict,269,E_C,8.0,feet,stripes,W,C,6.75,1.25,1.25,E,C
predict,269,W_C,7.0,feet,stripes,W,C,8.5,-1.5,1.5,W,C
predict,269,W_F,3.0,feet,stripes,W,C,3.25,-0.25,0.25,W,F
predict,269,E_F,4.0,feet,stripes,W,C,3.25,0.75,0.75,E,F
predict,274,W_F,8.0,stripes,feet,W,F,9.0,-1.0,1.0,W,F
predict,274,W_C,9.0,stripes,feet,W,F,8.75,0.25,0.25,W,C
predict,274,E_F,2.0,stripes,feet,W,F,5.5,-3.5,3.5,E,F
predict,274,E_C,3.0,stripes,feet,W,F,2.75,0.25,0.25,E,C
predict,57,W_F,5.0,feet,stripes,W,C,4.0,1.0,1.0,W,F
predict,57,E_F,3.0,feet,stripes,W,C,4.75,-1.75,1.75,E,F
predict,57,E_C,7.0,feet,stripes,W,C,6.0,1.0,1.0,E,C
predict,57,W_C,8.0,feet,stripes,W,C,7.75,0.25,0.25,W,C
predict,67,W_C,5.0,feet,stripes,E,F,3.25,1.75,1.75,W,C
predict,67,W_F,6.0,feet,stripes,E,F,8.25,-2.25,2.25,W,F
predict,67,E_C,7.0,feet,stripes,E,F,5.75,1.25,1.25,E,C
predict,67,E_F,10.0,feet,stripes,E,F,8.0,2.0,2.0,E,F
predict,286,W_C,8.0,stripes,feet,W,F,7.5,0.5,0.5,W,C
predict,286,E_C,3.0,stripes,feet,W,F,3.0,0.0,0.0,E,C
predict,286,W_F,6.0,stripes,feet,W,F,9.0,-3.0,3.0,W,F
predict,286,E_F,2.0,stripes,feet,W,F,4.5,-2.5,2.5,E,F
predict,246,E_C,5.0,stripes,feet,W,C,3.25,1.75,1.75,E,C
predict,246,E_F,5.0,stripes,feet,W,C,2.5,2.5,2.5,E,F
predict,246,W_C,7.0,stripes,feet,W,C,8.75,-1.75,1.75,W,C
predict,246,W_F,6.0,stripes,feet,W,C,6.0,0.0,0.0,W,F
predict,6,W_C,5.0,stripes,feet,W,F,7.0,-2.0,2.0,W,C
predict,6,E_C,1.0,stripes,feet,W,F,1.25,-0.25,0.25,E,C
predict,6,W_F,8.0,stripes,feet,W,F,8.25,-0.25,0.25,W,F
predict,6,E_F,5.0,stripes,feet,W,F,4.0,1.0,1.0,E,F
predict,134,E_F,4.0,stripes,feet,W,C,2.75,1.25,1.25,E,F
predict,134,W_F,5.0,stripes,feet,W,C,7.0,-2.0,2.0,W,F
predict,134,W_C,8.0,stripes,feet,W,C,7.75,0.25,0.25,W,C
predict,134,E_C,4.0,stripes,feet,W,C,3.5,0.5,0.5,E,C
predict,298,W_C,9.0,stripes,feet,W,C,7.75,1.25,1.25,W,C
predict,298,E_C,3.0,stripes,feet,W,C,5.25,-2.25,2.25,E,C
predict,298,W_F,7.0,stripes,feet,W,C,6.25,0.75,0.75,W,F
predict,298,E_F,4.0,stripes,feet,W,C,3.5,0.5,0.5,E,F
predict,82,W_C,7.0,stripes,feet,W,C,8.25,-1.25,1.25,W,C
predict,82,E_C,6.0,stripes,feet,W,C,3.0,3.0,3.0,E,C
predict,82,W_F,4.0,stripes,feet,W,C,7.75,-3.75,3.75,W,F
predict,82,E_F,5.0,stripes,feet,W,C,2.0,3.0,3.0,E,F
predict,276,W_F,1.0,stripes,feet,E,F,3.5,-2.5,2.5,W,F
predict,276,E_F,9.0,stripes,feet,E,F,7.75,1.25,1.25,E,F
predict,276,E_C,8.0,stripes,feet,E,F,7.5,0.5,0.5,E,C
predict,276,W_C,4.0,stripes,feet,E,F,2.5,1.5,1.5,W,C
predict,228,W_F,2.0,stripes,feet,E,C,2.25,-0.25,0.25,W,F
predict,228,W_C,9.0,stripes,feet,E,C,4.0,5.0,5.0,W,C
predict,228,E_C,4.0,stripes,feet,E,C,8.25,-4.25,4.25,E,C
predict,228,E_F,8.0,stripes,feet,E,C,6.5,1.5,1.5,E,F
predict,229,E_F,2.0,feet,stripes,W,C,2.75,-0.75,0.75,E,F
predict,229,W_C,7.0,feet,stripes,W,C,6.25,0.75,0.75,W,C
predict,229,W_F,3.0,feet,stripes,W,C,3.0,0.0,0.0,W,F
predict,229,E_C,6.0,feet,stripes,W,C,5.5,0.5,0.5,E,C
predict,291,W_C,7.0,feet,stripes,W,F,4.25,2.75,2.75,W,C
predict,291,E_F,6.0,feet,stripes,W,F,7.25,-1.25,1.25,E,F
predict,291,E_C,4.0,feet,stripes,W,F,4.0,0.0,0.0,E,C
predict,291,W_F,7.0,feet,stripes,W,F,8.25,-1.25,1.25,W,F
predict,219,W_F,6.0,feet,stripes,E,F,6.5,-0.5,0.5,W,F
predict,219,E_F,4.0,feet,stripes,E,F,7.0,-3.0,3.0,E,F
predict,219,E_C,9.0,feet,stripes,E,F,4.0,5.0,5.0,E,C
predict,219,W_C,3.0,feet,stripes,E,F,3.5,-0.5,0.5,W,C
predict,125,W_F,5.0,feet,stripes,W,C,4.5,0.5,0.5,W,F
predict,125,E_F,3.0,feet,stripes,W,C,2.5,0.5,0.5,E,F
predict,125,E_C,8.0,feet,stripes,W,C,7.75,0.25,0.25,E,C
predict,125,W_C,10.0,feet,stripes,W,C,6.75,3.25,3.25,W,C
predict,77,E_C,8.0,feet,stripes,W,C,7.25,0.75,0.75,E,C
predict,77,W_C,7.0,feet,stripes,W,C,7.25,-0.25,0.25,W,C
predict,77,W_F,6.0,feet,stripes,W,C,6.0,0.0,0.0,W,F
predict,77,E_F,5.0,feet,stripes,W,C,4.75,0.25,0.25,E,F
predict,81,E_C,9.0,feet,stripes,W,C,6.25,2.75,2.75,E,C
predict,81,W_C,8.0,feet,stripes,W,C,9.0,-1.0,1.0,W,C
predict,81,W_F,4.0,feet,stripes,W,C,4.5,-0.5,0.5,W,F
predict,81,E_F,2.0,feet,stripes,W,C,2.25,-0.25,0.25,E,F
predict,44,E_C,5.0,stripes,feet,E,C,6.5,-1.5,1.5,E,C
predict,44,W_C,7.0,stripes,feet,E,C,4.0,3.0,3.0,W,C
predict,44,E_F,4.0,stripes,feet,E,C,5.75,-1.75,1.75,E,F
predict,44,W_F,6.0,stripes,feet,E,C,3.25,2.75,2.75,W,F
predict,87,W_C,3.0,feet,stripes,W,F,3.75,-0.75,0.75,W,C
predict,87,W_F,9.0,feet,stripes,W,F,8.5,0.5,0.5,W,F
predict,87,E_F,7.0,feet,stripes,W,F,7.0,0.0,0.0,E,F
predict,87,E_C,3.0,feet,stripes,W,F,2.5,0.5,0.5,E,C
predict,292,E_F,5.0,stripes,feet,E,F,6.0,-1.0,1.0,E,F
predict,292,W_F,7.0,stripes,feet,E,F,5.25,1.75,1.75,W,F
predict,292,E_C,5.0,stripes,feet,E,F,8.0,-3.0,3.0,E,C
predict,292,W_C,3.0,stripes,feet,E,F,2.25,0.75,0.75,W,C
predict,144,W_C,4.0,stripes,feet,E,F,3.25,0.75,0.75,W,C
predict,144,E_C,9.0,stripes,feet,E,F,8.0,1.0,1.0,E,C
predict,144,E_F,8.0,stripes,feet,E,F,8.25,-0.25,0.25,E,F
predict,144,W_F,6.0,stripes,feet,E,F,4.5,1.5,1.5,W,F
predict,149,E_C,8.0,feet,stripes,W,C,8.0,0.0,0.0,E,C
predict,149,E_F,4.0,feet,stripes,W,C,2.5,1.5,1.5,E,F
predict,149,W_F,3.0,feet,stripes,W,C,4.5,-1.5,1.5,W,F
predict,149,W_C,6.0,feet,stripes,W,C,7.0,-1.0,1.0,W,C
predict,237,W_F,3.0,feet,stripes,W,C,3.75,-0.75,0.75,W,F
predict,237,E_C,3.0,feet,stripes,W,C,5.75,-2.75,2.75,E,C
predict,237,W_C,8.0,feet,stripes,W,C,7.75,0.25,0.25,W,C
predict,237,E_F,8.0,feet,stripes,W,C,3.25,4.75,4.75,E,F
predict,171,W_C,2.0,feet,stripes,E,F,3.0,-1.0,1.0,W,C
predict,171,E_C,6.0,feet,stripes,E,F,4.25,1.75,1.75,E,C
predict,171,W_F,5.0,feet,stripes,E,F,6.5,-1.5,1.5,W,F
predict,171,E_F,8.0,feet,stripes,E,F,7.75,0.25,0.25,E,F
predict,202,E_C,3.0,stripes,feet,W,C,3.25,-0.25,0.25,E,C
predict,202,E_F,8.0,stripes,feet,W,C,4.75,3.25,3.25,E,F
predict,202,W_C,8.0,stripes,feet,W,C,8.25,-0.25,0.25,W,C
predict,202,W_F,5.0,stripes,feet,W,C,5.25,-0.25,0.25,W,F
predict,179,W_C,4.0,feet,stripes,W,F,5.0,-1.0,1.0,W,C
predict,179,W_F,8.0,feet,stripes,W,F,6.75,1.25,1.25,W,F
predict,179,E_C,6.0,feet,stripes,W,F,4.25,1.75,1.75,E,C
predict,179,E_F,6.0,feet,stripes,W,F,5.5,0.5,0.5,E,F
predict,10,W_C,5.0,stripes,feet,W,C,6.75,-1.75,1.75,W,C
predict,10,E_F,6.0,stripes,feet,W,C,3.0,3.0,3.0,E,F
predict,10,W_F,3.0,stripes,feet,W,C,6.25,-3.25,3.25,W,F
predict,10,E_C,6.0,stripes,feet,W,C,4.75,1.25,1.25,E,C
predict,261,W_F,2.0,feet,stripes,W,C,3.75,-1.75,1.75,W,F
predict,261,E_C,8.0,feet,stripes,W,C,6.75,1.25,1.25,E,C
predict,261,E_F,3.0,feet,stripes,W,C,1.25,1.75,1.75,E,F
predict,261,W_C,8.0,feet,stripes,W,C,7.5,0.5,0.5,W,C
predict,66,E_F,5.0,stripes,feet,W,C,2.25,2.75,2.75,E,F
predict,66,E_C,3.0,stripes,feet,W,C,4.5,-1.5,1.5,E,C
predict,66,W_F,10.0,stripes,feet,W,C,8.0,2.0,2.0,W,F
predict,66,W_C,9.0,stripes,feet,W,C,9.0,0.0,0.0,W,C
predict,139,E_F,8.0,feet,stripes,W,F,6.0,2.0,2.0,E,F
predict,139,W_F,7.0,feet,stripes,W,F,6.75,0.25,0.25,W,F
predict,139,W_C,4.0,feet,stripes,W,F,5.75,-1.75,1.75,W,C
predict,139,E_C,2.0,feet,stripes,W,F,3.75,-1.75,1.75,E,C
predict,215,E_F,10.0,feet,stripes,W,F,5.75,4.25,4.25,E,F
predict,215,W_F,4.0,feet,stripes,W,F,8.0,-4.0,4.0,W,F
predict,215,W_C,2.0,feet,stripes,W,F,3.5,-1.5,1.5,W,C
predict,215,E_C,6.0,feet,stripes,W,F,4.0,2.0,2.0,E,C
predict,1,W_C,7.0,feet,stripes,E,C,6.0,1.0,1.0,W,C
predict,1,E_C,9.0,feet,stripes,E,C,7.5,1.5,1.5,E,C
predict,1,E_F,3.0,feet,stripes,E,C,4.5,-1.5,1.5,E,F
predict,1,W_F,4.0,feet,stripes,E,C,2.5,1.5,1.5,W,F
predict,84,W_C,3.0,stripes,feet,E,F,3.5,-0.5,0.5,W,C
predict,84,W_F,4.0,stripes,feet,E,F,4.25,-0.25,0.25,W,F
predict,84,E_C,10.0,stripes,feet,E,F,8.0,2.0,2.0,E,C
predict,84,E_F,8.0,stripes,feet,E,F,9.5,-1.5,1.5,E,F
predict,231,W_F,7.0,feet,stripes,E,F,6.5,0.5,0.5,W,F
predict,231,W_C,4.0,feet,stripes,E,F,2.0,2.0,2.0,W,C
predict,231,E_C,3.0,feet,stripes,E,F,3.25,-0.25,0.25,E,C
predict,231,E_F,7.0,feet,stripes,E,F,6.5,0.5,0.5,E,F
predict,244,W_C,5.0,stripes,feet,E,C,4.0,1.0,1.0,W,C
predict,244,E_F,4.0,stripes,feet,E,C,7.0,-3.0,3.0,E,F
predict,244,E_C,2.0,stripes,feet,E,C,7.5,-5.5,5.5,E,C
predict,244,W_F,8.0,stripes,feet,E,C,3.25,4.75,4.75,W,F
predict,7,E_F,8.0,feet,stripes,W,F,6.0,2.0,2.0,E,F
predict,7,W_C,6.0,feet,stripes,W,F,3.75,2.25,2.25,W,C
predict,7,E_C,7.0,feet,stripes,W,F,3.5,3.5,3.5,E,C
predict,7,W_F,9.0,feet,stripes,W,F,6.75,2.25,2.25,W,F
predict,243,E_C,7.0,feet,stripes,W,F,1.75,5.25,5.25,E,C
predict,243,E_F,5.0,feet,stripes,W,F,7.25,-2.25,2.25,E,F
predict,243,W_F,8.0,feet,stripes,W,F,6.75,1.25,1.25,W,F
predict,243,W_C,5.0,feet,stripes,W,F,3.5,1.5,1.5,W,C
predict,14,E_F,4.0,stripes,feet,W,F,3.25,0.75,0.75,E,F
predict,14,W_F,7.0,stripes,feet,W,F,8.0,-1.0,1.0,W,F
predict,14,W_C,2.0,stripes,feet,W,F,6.25,-4.25,4.25,W,C
predict,14,E_C,6.0,stripes,feet,W,F,3.5,2.5,2.5,E,C
predict,255,W_F,7.0,feet,stripes,W,F,7.5,-0.5,0.5,W,F
predict,255,E_C,2.0,feet,stripes,W,F,2.0,0.0,0.0,E,C
predict,255,W_C,2.0,feet,stripes,W,F,3.25,-1.25,1.25,W,C
predict,255,E_F,7.0,feet,stripes,W,F,7.0,0.0,0.0,E,F
predict,137,W_F,6.0,feet,stripes,W,C,5.0,1.0,1.0,W,F
predict,137,E_C,3.0,feet,stripes,W,C,5.5,-2.5,2.5,E,C
predict,137,W_C,8.0,feet,stripes,W,C,7.25,0.75,0.75,W,C
predict,137,E_F,2.0,feet,stripes,W,C,2.5,-0.5,0.5,E,F
predict,98,E_C,2.0,stripes,feet,W,C,6.25,-4.25,4.25,E,C
predict,98,W_F,3.0,stripes,feet,W,C,5.25,-2.25,2.25,W,F
predict,98,W_C,7.0,stripes,feet,W,C,6.25,0.75,0.75,W,C
predict,98,E_F,1.0,stripes,feet,W,C,2.25,-1.25,1.25,E,F
predict,21,W_F,3.0,feet,stripes,E,C,3.0,0.0,0.0,W,F
predict,21,W_C,7.0,feet,stripes,E,C,6.5,0.5,0.5,W,C
predict,21,E_C,8.0,feet,stripes,E,C,8.25,-0.25,0.25,E,C
predict,21,E_F,3.0,feet,stripes,E,C,3.0,0.0,0.0,E,F
predict,271,E_F,7.0,feet,stripes,E,F,7.75,-0.75,0.75,E,F
predict,271,W_F,10.0,feet,stripes,E,F,5.75,4.25,4.25,W,F
predict,271,E_C,3.0,feet,stripes,E,F,5.0,-2.0,2.0,E,C
predict,271,W_C,7.0,feet,stripes,E,F,3.75,3.25,3.25,W,C
predict,183,W_F,7.0,feet,stripes,W,F,7.0,0.0,0.0,W,F
predict,183,E_C,1.0,feet,stripes,W,F,1.5,-0.5,0.5,E,C
predict,183,E_F,7.0,feet,stripes,W,F,8.25,-1.25,1.25,E,F
predict,183,W_C,3.0,feet,stripes,W,F,5.5,-2.5,2.5,W,C
predict,280,W_F,8.0,stripes,feet,E,F,3.25,4.75,4.75,W,F
predict,280,E_F,6.0,stripes,feet,E,F,8.25,-2.25,2.25,E,F
predict,280,E_C,2.0,stripes,feet,E,F,6.0,-4.0,4.0,E,C
predict,280,W_C,4.0,stripes,feet,E,F,3.0,1.0,1.0,W,C
predict,118,W_C,7.0,stripes,feet,W,F,7.0,0.0,0.0,W,C
predict,118,W_F,10.0,stripes,feet,W,F,9.25,0.75,0.75,W,F
predict,118,E_C,1.0,stripes,feet,W,F,3.75,-2.75,2.75,E,C
predict,118,E_F,7.0,stripes,feet,W,F,3.75,3.25,3.25,E,F
predict,155,W_C,4.0,feet,stripes,W,F,4.5,-0.5,0.5,W,C
predict,155,W_F,8.0,feet,stripes,W,F,8.5,-0.5,0.5,W,F
predict,155,E_C,4.0,feet,stripes,W,F,3.5,0.5,0.5,E,C
predict,155,E_F,9.0,feet,stripes,W,F,8.25,0.75,0.75,E,F
predict,287,E_F,5.0,feet,stripes,E,F,7.0,-2.0,2.0,E,F
predict,287,W_C,6.0,feet,stripes,E,F,3.0,3.0,3.0,W,C
predict,287,E_C,6.0,feet,stripes,E,F,3.5,2.5,2.5,E,C
predict,287,W_F,9.0,feet,stripes,E,F,6.5,2.5,2.5,W,F
predict,54,E_F,1.0,stripes,feet,W,F,3.25,-2.25,2.25,E,F
predict,54,W_C,10.0,stripes,feet,W,F,6.75,3.25,3.25,W,C
predict,54,W_F,8.0,stripes,feet,W,F,6.75,1.25,1.25,W,F
predict,54,E_C,3.0,stripes,feet,W,F,1.5,1.5,1.5,E,C
predict,65,W_C,7.0,feet,stripes,E,C,7.5,-0.5,0.5,W,C
predict,65,W_F,4.0,feet,stripes,E,C,2.5,1.5,1.5,W,F
predict,65,E_F,6.0,feet,stripes,E,C,4.0,2.0,2.0,E,F
predict,65,E_C,8.0,feet,stripes,E,C,7.75,0.25,0.25,E,C
predict,203,E_F,9.0,feet,stripes,W,F,6.25,2.75,2.75,E,F
predict,203,W_F,4.0,feet,stripes,W,F,6.5,-2.5,2.5,W,F
predict,203,E_C,7.0,feet,stripes,W,F,4.0,3.0,3.0,E,C
predict,203,W_C,3.0,feet,stripes,W,F,4.75,-1.75,1.75,W,C
predict,59,W_C,8.0,feet,stripes,W,F,5.0,3.0,3.0,W,C
predict,59,E_C,7.0,feet,stripes,W,F,4.0,3.0,3.0,E,C
predict,59,E_F,7.0,feet,stripes,W,F,7.75,-0.75,0.75,E,F
predict,59,W_F,8.0,feet,stripes,W,F,8.25,-0.25,0.25,W,F
predict,103,E_F,6.0,feet,stripes,W,F,6.25,-0.25,0.25,E,F
predict,103,E_C,1.0,feet,stripes,W,F,2.5,-1.5,1.5,E,C
predict,103,W_C,5.0,feet,stripes,W,F,2.75,2.25,2.25,W,C
predict,103,W_F,10.0,feet,stripes,W,F,7.25,2.75,2.75,W,F
predict,85,E_C,9.0,feet,stripes,W,C,6.5,2.5,2.5,E,C
predict,85,W_C,7.0,feet,stripes,W,C,7.5,-0.5,0.5,W,C
predict,85,W_F,2.0,feet,stripes,W,C,3.25,-1.25,1.25,W,F
predict,85,E_F,4.0,feet,stripes,W,C,1.75,2.25,2.25,E,F
predict,131,E_C,3.0,feet,stripes,W,F,2.25,0.75,0.75,E,C
predict,131,W_C,5.0,feet,stripes,W,F,4.0,1.0,1.0,W,C
predict,131,W_F,10.0,feet,stripes,W,F,8.25,1.75,1.75,W,F
predict,131,E_F,4.0,feet,stripes,W,F,5.5,-1.5,1.5,E,F
predict,170,E_C,3.0,stripes,feet,W,C,3.25,-0.25,0.25,E,C
predict,170,W_C,9.0,stripes,feet,W,C,9.0,0.0,0.0,W,C
predict,170,W_F,8.0,stripes,feet,W,C,7.5,0.5,0.5,W,F
predict,170,E_F,4.0,stripes,feet,W,C,3.75,0.25,0.25,E,F
predict,12,W_F,5.0,stripes,feet,E,F,5.5,-0.5,0.5,W,F
predict,12,E_C,7.0,stripes,feet,E,F,7.25,-0.25,0.25,E,C
predict,12,W_C,9.0,stripes,feet,E,F,4.25,4.75,4.75,W,C
predict,12,E_F,3.0,stripes,feet,E,F,7.5,-4.5,4.5,E,F
predict,281,W_F,3.0,feet,stripes,E,C,3.75,-0.75,0.75,W,F
predict,281,W_C,9.0,feet,stripes,E,C,7.75,1.25,1.25,W,C
predict,281,E_F,3.0,feet,stripes,E,C,7.5,-4.5,4.5,E,F
predict,281,E_C,9.0,feet,stripes,E,C,8.0,1.0,1.0,E,C
predict,227,E_C,4.0,feet,stripes,W,F,2.5,1.5,1.5,E,C
predict,227,W_C,3.0,feet,stripes,W,F,4.0,-1.0,1.0,W,C
predict,227,W_F,9.0,feet,stripes,W,F,8.75,0.25,0.25,W,F
predict,227,E_F,9.0,feet,stripes,W,F,7.5,1.5,1.5,E,F
predict,268,E_C,8.0,stripes,feet,E,C,7.5,0.5,0.5,E,C
predict,268,W_C,1.0,stripes,feet,E,C,3.75,-2.75,2.75,W,C
predict,268,E_F,10.0,stripes,feet,E,C,7.0,3.0,3.0,E,F
predict,268,W_F,5.0,stripes,feet,E,C,3.25,1.75,1.75,W,F
predict,296,E_F,9.0,stripes,feet,E,F,8.0,1.0,1.0,E,F
predict,296,W_F,4.0,stripes,feet,E,F,3.25,0.75,0.75,W,F
predict,296,W_C,2.0,stripes,feet,E,F,2.25,-0.25,0.25,W,C
predict,296,E_C,7.0,stripes,feet,E,F,7.25,-0.25,0.25,E,C
predict,294,E_F,5.0,stripes,feet,W,F,5.25,-0.25,0.25,E,F
predict,294,W_F,10.0,stripes,feet,W,F,8.0,2.0,2.0,W,F
predict,294,W_C,3.0,stripes,feet,W,F,6.75,-3.75,3.75,W,C
predict,294,E_C,4.0,stripes,feet,W,F,2.0,2.0,2.0,E,C
predict,37,W_C,7.0,feet,stripes,E,C,7.0,0.0,0.0,W,C
predict,37,E_F,4.0,feet,stripes,E,C,3.5,0.5,0.5,E,F
predict,37,E_C,9.0,feet,stripes,E,C,7.75,1.25,1.25,E,C
predict,37,W_F,5.0,feet,stripes,E,C,2.5,2.5,2.5,W,F
predict,124,W_C,3.0,stripes,feet,E,F,2.25,0.75,0.75,W,C
predict,124,W_F,4.0,stripes,feet,E,F,3.5,0.5,0.5,W,F
predict,124,E_F,10.0,stripes,feet,E,F,8.75,1.25,1.25,E,F
predict,124,E_C,8.0,stripes,feet,E,F,7.5,0.5,0.5,E,C
predict,209,E_C,8.0,feet,stripes,W,C,7.5,0.5,0.5,E,C
predict,209,W_F,4.0,feet,stripes,W,C,4.5,-0.5,0.5,W,F
predict,209,E_F,5.0,feet,stripes,W,C,3.25,1.75,1.75,E,F
predict,209,W_C,9.0,feet,stripes,W,C,7.75,1.25,1.25,W,C
predict,123,E_F,9.0,feet,stripes,E,F,8.75,0.25,0.25,E,F
predict,123,W_C,3.0,feet,stripes,E,F,4.0,-1.0,1.0,W,C
predict,123,W_F,7.0,feet,stripes,E,F,7.5,-0.5,0.5,W,F
predict,123,E_C,5.0,feet,stripes,E,F,5.75,-0.75,0.75,E,C
predict,217,W_F,2.0,feet,stripes,W,C,6.0,-4.0,4.0,W,F
predict,217,E_F,7.0,feet,stripes,W,C,3.5,3.5,3.5,E,F
predict,217,E_C,9.0,feet,stripes,W,C,7.25,1.75,1.75,E,C
predict,217,W_C,5.0,feet,stripes,W,C,8.5,-3.5,3.5,W,C
predict,69,E_F,5.0,feet,stripes,E,C,4.75,0.25,0.25,E,F
predict,69,W_C,6.0,feet,stripes,E,C,6.25,-0.25,0.25,W,C
predict,69,E_C,8.0,feet,stripes,E,C,7.75,0.25,0.25,E,C
predict,69,W_F,3.0,feet,stripes,E,C,3.5,-0.5,0.5,W,F
predict,226,W_F,5.0,stripes,feet,W,C,8.75,-3.75,3.75,W,F
predict,226,W_C,8.0,stripes,feet,W,C,7.25,0.75,0.75,W,C
predict,226,E_F,1.0,stripes,feet,W,C,1.25,-0.25,0.25,E,F
predict,226,E_C,4.0,stripes,feet,W,C,3.75,0.25,0.25,E,C
predict,72,E_C,9.0,stripes,feet,E,F,8.75,0.25,0.25,E,C
predict,72,W_C,4.0,stripes,feet,E,F,2.75,1.25,1.25,W,C
predict,72,E_F,7.0,stripes,feet,E,F,8.0,-1.0,1.0,E,F
predict,72,W_F,2.0,stripes,feet,E,F,4.75,-2.75,2.75,W,F
predict,129,E_F,3.0,feet,stripes,E,C,4.25,-1.25,1.25,E,F
predict,129,W_C,8.0,feet,stripes,E,C,8.5,-0.5,0.5,W,C
predict,129,E_C,9.0,feet,stripes,E,C,9.0,0.0,0.0,E,C
predict,129,W_F,3.0,feet,stripes,E,C,2.75,0.25,0.25,W,F
predict,48,E_C,6.0,stripes,feet,E,F,5.75,0.25,0.25,E,C
predict,48,W_F,4.0,stripes,feet,E,F,3.75,0.25,0.25,W,F
predict,48,E_F,8.0,stripes,feet,E,F,6.25,1.75,1.75,E,F
predict,48,W_C,3.0,stripes,feet,E,F,3.0,0.0,0.0,W,C
predict,190,W_C,8.0,stripes,feet,W,C,8.75,-0.75,0.75,W,C
predict,190,E_F,3.0,stripes,feet,W,C,2.5,0.5,0.5,E,F
predict,190,W_F,9.0,stripes,feet,W,C,7.5,1.5,1.5,W,F
predict,190,E_C,2.0,stripes,feet,W,C,4.25,-2.25,2.25,E,C
predict,236,W_F,2.0,stripes,feet,E,C,2.25,-0.25,0.25,W,F
predict,236,W_C,7.0,stripes,feet,E,C,4.5,2.5,2.5,W,C
predict,236,E_C,7.0,stripes,feet,E,C,6.0,1.0,1.0,E,C
predict,236,E_F,5.0,stripes,feet,E,C,6.25,-1.25,1.25,E,F
predict,178,E_F,3.0,stripes,feet,W,F,3.0,0.0,0.0,E,F
predict,178,W_C,6.0,stripes,feet,W,F,5.75,0.25,0.25,W,C
predict,178,W_F,8.0,stripes,feet,W,F,8.0,0.0,0.0,W,F
predict,178,E_C,4.0,stripes,feet,W,F,3.75,0.25,0.25,E,C
predict,16,E_C,4.0,stripes,feet,E,F,6.25,-2.25,2.25,E,C
predict,16,W_F,5.0,stripes,feet,E,F,3.25,1.75,1.75,W,F
predict,16,W_C,3.0,stripes,feet,E,F,1.75,1.25,1.25,W,C
predict,16,E_F,8.0,stripes,feet,E,F,7.75,0.25,0.25,E,F
predict,119,W_F,2.0,feet,stripes,E,F,7.0,-5.0,5.0,W,F
predict,119,E_F,9.0,feet,stripes,E,F,7.25,1.75,1.75,E,F
predict,119,W_C,5.0,feet,stripes,E,F,2.25,2.75,2.75,W,C
predict,119,E_C,6.0,feet,stripes,E,F,4.5,1.5,1.5,E,C
predict,107,W_C,4.0,feet,stripes,W,F,4.25,-0.25,0.25,W,C
predict,107,W_F,9.0,feet,stripes,W,F,6.25,2.75,2.75,W,F
predict,107,E_C,2.0,feet,stripes,W,F,1.75,0.25,0.25,E,C
predict,107,E_F,8.0,feet,stripes,W,F,7.0,1.0,1.0,E,F
predict,168,W_C,5.0,stripes,feet,E,C,3.75,1.25,1.25,W,C
predict,168,W_F,3.0,stripes,feet,E,C,3.75,-0.75,0.75,W,F
predict,168,E_C,10.0,stripes,feet,E,C,9.0,1.0,1.0,E,C
predict,168,E_F,7.0,stripes,feet,E,C,4.75,2.25,2.25,E,F
predict,73,W_F,4.0,feet,stripes,E,C,3.25,0.75,0.75,W,F
predict,73,E_F,5.0,feet,stripes,E,C,4.5,0.5,0.5,E,F
predict,73,W_C,7.0,feet,stripes,E,C,7.25,-0.25,0.25,W,C
predict,73,E_C,9.0,feet,stripes,E,C,7.75,1.25,1.25,E,C
predict,138,E_F,4.0,stripes,feet,W,C,4.25,-0.25,0.25,E,F
predict,138,E_C,4.0,stripes,feet,W,C,5.0,-1.0,1.0,E,C
predict,138,W_C,7.0,stripes,feet,W,C,7.5,-0.5,0.5,W,C
predict,138,W_F,8.0,stripes,feet,W,C,6.5,1.5,1.5,W,F
predict,214,E_F,3.0,stripes,feet,W,C,4.25,-1.25,1.25,E,F
predict,214,W_F,7.0,stripes,feet,W,C,6.0,1.0,1.0,W,F
predict,214,E_C,1.0,stripes,feet,W,C,4.0,-3.0,3.0,E,C
predict,214,W_C,10.0,stripes,feet,W,C,7.75,2.25,2.25,W,C
predict,151,W_C,2.0,feet,stripes,W,F,3.75,-1.75,1.75,W,C
predict,151,E_F,10.0,feet,stripes,W,F,6.5,3.5,3.5,E,F
predict,151,W_F,8.0,feet,stripes,W,F,7.25,0.75,0.75,W,F
predict,151,E_C,4.0,feet,stripes,W,F,3.0,1.0,1.0,E,C
predict,99,E_F,9.0,feet,stripes,W,F,5.5,3.5,3.5,E,F
predict,99,W_F,6.0,feet,stripes,W,F,7.75,-1.75,1.75,W,F
predict,99,W_C,4.0,feet,stripes,W,F,3.25,0.75,0.75,W,C
predict,99,E_C,1.0,feet,stripes,W,F,2.75,-1.75,1.75,E,C
predict,187,W_C,3.0,feet,stripes,E,F,2.75,0.25,0.25,W,C
predict,187,W_F,2.0,feet,stripes,E,F,7.0,-5.0,5.0,W,F
predict,187,E_C,6.0,feet,stripes,E,F,5.5,0.5,0.5,E,C
predict,187,E_F,9.0,feet,stripes,E,F,6.5,2.5,2.5,E,F
predict,128,E_F,9.0,stripes,feet,E,F,8.5,0.5,0.5,E,F
predict,128,W_F,4.0,stripes,feet,E,F,3.25,0.75,0.75,W,F
predict,128,E_C,5.0,stripes,feet,E,F,5.75,-0.75,0.75,E,C
predict,128,W_C,3.0,stripes,feet,E,F,4.25,-1.25,1.25,W,C
predict,58,E_C,4.0,stripes,feet,W,C,3.5,0.5,0.5,E,C
predict,58,E_F,5.0,stripes,feet,W,C,3.75,1.25,1.25,E,F
predict,58,W_F,5.0,stripes,feet,W,C,6.25,-1.25,1.25,W,F
predict,58,W_C,8.0,stripes,feet,W,C,8.25,-0.25,0.25,W,C
predict,224,E_F,7.0,stripes,feet,E,C,7.5,-0.5,0.5,E,F
predict,224,E_C,8.0,stripes,feet,E,C,7.5,0.5,0.5,E,C
predict,224,W_C,4.0,stripes,feet,E,C,4.0,0.0,0.0,W,C
predict,224,W_F,4.0,stripes,feet,E,C,3.0,1.0,1.0,W,F
predict,140,W_C,7.0,stripes,feet,E,C,3.0,4.0,4.0,W,C
predict,140,E_F,5.0,stripes,feet,E,C,7.5,-2.5,2.5,E,F
predict,140,E_C,7.0,stripes,feet,E,C,9.0,-2.0,2.0,E,C
predict,140,W_F,1.0,stripes,feet,E,C,3.0,-2.0,2.0,W,F
predict,232,E_F,10.0,stripes,feet,E,F,7.5,2.5,2.5,E,F
predict,232,E_C,10.0,stripes,feet,E,F,6.5,3.5,3.5,E,C
predict,232,W_C,5.0,stripes,feet,E,F,4.0,1.0,1.0,W,C
predict,232,W_F,7.0,stripes,feet,E,F,5.0,2.0,2.0,W,F
predict,9,W_C,8.0,feet,stripes,W,C,8.0,0.0,0.0,W,C
predict,9,E_C,6.0,feet,stripes,W,C,6.25,-0.25,0.25,E,C
predict,9,W_F,2.0,feet,stripes,W,C,4.0,-2.0,2.0,W,F
predict,9,E_F,1.0,feet,stripes,W,C,2.75,-1.75,1.75,E,F
predict,4,E_F,10.0,stripes,feet,E,F,8.0,2.0,2.0,E,F
predict,4,W_C,4.0,stripes,feet,E,F,4.5,-0.5,0.5,W,C
predict,4,W_F,6.0,stripes,feet,E,F,4.5,1.5,1.5,W,F
predict,4,E_C,8.0,stripes,feet,E,F,6.75,1.25,1.25,E,C
predict,191,W_F,6.0,feet,stripes,E,F,6.75,-0.75,0.75,W,F
predict,191,W_C,3.0,feet,stripes,E,F,2.75,0.25,0.25,W,C
predict,191,E_C,3.0,feet,stripes,E,F,5.5,-2.5,2.5,E,C
predict,191,E_F,8.0,feet,stripes,E,F,7.0,1.0,1.0,E,F
predict,80,E_C,9.0,stripes,feet,E,C,7.75,1.25,1.25,E,C
predict,80,W_F,10.0,stripes,feet,E,C,3.25,6.75,6.75,W,F
predict,80,E_F,8.0,stripes,feet,E,C,7.0,1.0,1.0,E,F
predict,80,W_C,9.0,stripes,feet,E,C,4.5,4.5,4.5,W,C
predict,252,W_C,5.0,stripes,feet,E,F,2.0,3.0,3.0,W,C
predict,252,E_C,9.0,stripes,feet,E,F,7.5,1.5,1.5,E,C
predict,252,E_F,8.0,stripes,feet,E,F,6.5,1.5,1.5,E,F
predict,252,W_F,5.0,stripes,feet,E,F,4.75,0.25,0.25,W,F
predict,141,W_F,4.0,feet,stripes,W,C,3.0,1.0,1.0,W,F
predict,141,E_F,2.0,feet,stripes,W,C,2.75,-0.75,0.75,E,F
predict,141,W_C,9.0,feet,stripes,W,C,8.0,1.0,1.0,W,C
predict,141,E_C,6.0,feet,stripes,W,C,6.5,-0.5,0.5,E,C
predict,200,W_C,4.0,stripes,feet,E,F,3.25,0.75,0.75,W,C
predict,200,E_F,6.0,stripes,feet,E,F,7.75,-1.75,1.75,E,F
predict,200,E_C,7.0,stripes,feet,E,F,6.25,0.75,0.75,E,C
predict,200,W_F,4.0,stripes,feet,E,F,3.5,0.5,0.5,W,F
predict,39,W_C,3.0,feet,stripes,W,F,4.0,-1.0,1.0,W,C
predict,39,E_F,7.0,feet,stripes,W,F,7.25,-0.25,0.25,E,F
predict,39,E_C,2.0,feet,stripes,W,F,2.25,-0.25,0.25,E,C
predict,39,W_F,9.0,feet,stripes,W,F,7.0,2.0,2.0,W,F
predict,17,W_F,3.0,feet,stripes,E,C,3.75,-0.75,0.75,W,F
predict,17,W_C,6.0,feet,stripes,E,C,6.75,-0.75,0.75,W,C
predict,17,E_F,6.0,feet,stripes,E,C,4.25,1.75,1.75,E,F
predict,17,E_C,10.0,feet,stripes,E,C,7.75,2.25,2.25,E,C
predict,108,W_F,5.0,stripes,feet,E,C,2.5,2.5,2.5,W,F
predict,108,E_F,3.0,stripes,feet,E,C,6.75,-3.75,3.75,E,F
predict,108,E_C,4.0,stripes,feet,E,C,5.5,-1.5,1.5,E,C
predict,108,W_C,6.0,stripes,feet,E,C,4.75,1.25,1.25,W,C
predict,11,E_F,8.0,feet,stripes,W,F,6.5,1.5,1.5,E,F
predict,11,E_C,6.0,feet,stripes,W,F,3.75,2.25,2.25,E,C
predict,11,W_C,3.0,feet,stripes,W,F,5.0,-2.0,2.0,W,C
predict,11,W_F,8.0,feet,stripes,W,F,7.5,0.5,0.5,W,F
predict,121,E_C,8.0,feet,stripes,W,C,5.75,2.25,2.25,E,C
predict,121,E_F,3.0,feet,stripes,W,C,2.75,0.25,0.25,E,F
predict,121,W_C,7.0,feet,stripes,W,C,7.25,-0.25,0.25,W,C
predict,121,W_F,4.0,feet,stripes,W,C,3.75,0.25,0.25,W,F
predict,188,W_C,3.0,stripes,feet,E,F,5.0,-2.0,2.0,W,C
predict,188,E_F,10.0,stripes,feet,E,F,8.0,2.0,2.0,E,F
predict,188,E_C,9.0,stripes,feet,E,F,6.0,3.0,3.0,E,C
predict,188,W_F,5.0,stripes,feet,E,F,5.75,-0.75,0.75,W,F
predict,167,E_F,7.0,feet,stripes,W,F,6.75,0.25,0.25,E,F
predict,167,W_C,4.0,feet,stripes,W,F,5.0,-1.0,1.0,W,C
predict,167,E_C,3.0,feet,stripes,W,F,3.0,0.0,0.0,E,C
predict,167,W_F,9.0,feet,stripes,W,F,8.5,0.5,0.5,W,F
predict,150,E_F,7.0,stripes,feet,W,C,5.25,1.75,1.75,E,F
predict,150,W_F,9.0,stripes,feet,W,C,5.75,3.25,3.25,W,F
predict,150,E_C,6.0,stripes,feet,W,C,3.5,2.5,2.5,E,C
predict,150,W_C,6.0,stripes,feet,W,C,8.75,-2.75,2.75,W,C
predict,184,E_C,5.0,stripes,feet,E,F,5.75,-0.75,0.75,E,C
predict,184,E_F,7.0,stripes,feet,E,F,8.25,-1.25,1.25,E,F
predict,184,W_F,3.0,stripes,feet,E,F,4.25,-1.25,1.25,W,F
predict,184,W_C,5.0,stripes,feet,E,F,2.25,2.75,2.75,W,C
predict,19,W_C,1.0,feet,stripes,E,F,1.25,-0.25,0.25,W,C
predict,19,E_C,6.0,feet,stripes,E,F,3.75,2.25,2.25,E,C
predict,19,W_F,7.0,feet,stripes,E,F,7.25,-0.25,0.25,W,F
predict,19,E_F,9.0,feet,stripes,E,F,8.0,1.0,1.0,E,F
predict,38,W_C,7.0,stripes,feet,W,C,8.25,-1.25,1.25,W,C
predict,38,E_C,3.0,stripes,feet,W,C,4.25,-1.25,1.25,E,C
predict,38,E_F,4.0,stripes,feet,W,C,4.0,0.0,0.0,E,F
predict,38,W_F,8.0,stripes,feet,W,C,6.75,1.25,1.25,W,F
predict,180,W_F,6.0,stripes,feet,E,F,3.5,2.5,2.5,W,F
predict,180,E_F,3.0,stripes,feet,E,F,8.25,-5.25,5.25,E,F
predict,180,W_C,7.0,stripes,feet,E,F,3.25,3.75,3.75,W,C
predict,180,E_C,5.0,stripes,feet,E,F,7.0,-2.0,2.0,E,C
predict,89,E_F,3.0,feet,stripes,W,C,4.0,-1.0,1.0,E,F
predict,89,W_C,6.0,feet,stripes,W,C,7.5,-1.5,1.5,W,C
predict,89,W_F,3.0,feet,stripes,W,C,3.75,-0.75,0.75,W,F
predict,89,E_C,8.0,feet,stripes,W,C,6.25,1.75,1.75,E,C
predict,279,E_F,10.0,feet,stripes,E,F,8.25,1.75,1.75,E,F
predict,279,W_F,8.0,feet,stripes,E,F,8.25,-0.25,0.25,W,F
predict,279,E_C,1.0,feet,stripes,E,F,4.25,-3.25,3.25,E,C
predict,279,W_C,2.0,feet,stripes,E,F,2.0,0.0,0.0,W,C
predict,95,E_C,5.0,feet,stripes,W,F,4.0,1.0,1.0,E,C
predict,95,E_F,7.0,feet,stripes,W,F,7.5,-0.5,0.5,E,F
predict,95,W_F,8.0,feet,stripes,W,F,9.0,-1.0,1.0,W,F
predict,95,W_C,3.0,feet,stripes,W,F,3.5,-0.5,0.5,W,C
predict,20,W_C,5.0,stripes,feet,E,C,5.0,0.0,0.0,W,C
predict,20,E_F,3.0,stripes,feet,E,C,7.0,-4.0,4.0,E,F
predict,20,E_C,6.0,stripes,feet,E,C,6.5,-0.5,0.5,E,C
predict,20,W_F,4.0,stripes,feet,E,C,3.25,0.75,0.75,W,F
predict,117,W_F,3.0,feet,stripes,W,C,3.75,-0.75,0.75,W,F
predict,117,E_C,7.0,feet,stripes,W,C,7.25,-0.25,0.25,E,C
predict,117,W_C,5.0,feet,stripes,W,C,8.25,-3.25,3.25,W,C
predict,117,E_F,5.0,feet,stripes,W,C,3.25,1.75,1.75,E,F
predict,160,W_F,3.0,stripes,feet,E,F,4.75,-1.75,1.75,W,F
predict,160,E_F,9.0,stripes,feet,E,F,8.0,1.0,1.0,E,F
predict,160,W_C,3.0,stripes,feet,E,F,3.25,-0.25,0.25,W,C
predict,160,E_C,7.0,stripes,feet,E,F,6.5,0.5,0.5,E,C
predict,109,W_C,7.0,feet,stripes,W,C,8.5,-1.5,1.5,W,C
predict,109,E_C,10.0,feet,stripes,W,C,8.25,1.75,1.75,E,C
predict,109,W_F,3.0,feet,stripes,W,C,3.25,-0.25,0.25,W,F
predict,109,E_F,4.0,feet,stripes,W,C,2.5,1.5,1.5,E,F
predict,234,W_F,6.0,stripes,feet,W,C,7.25,-1.25,1.25,W,F
predict,234,W_C,9.0,stripes,feet,W,C,7.75,1.25,1.25,W,C
predict,234,E_F,4.0,stripes,feet,W,C,3.75,0.25,0.25,E,F
predict,234,E_C,10.0,stripes,feet,W,C,5.0,5.0,5.0,E,C
predict,176,E_C,9.0,stripes,feet,E,F,7.0,2.0,2.0,E,C
predict,176,E_F,8.0,stripes,feet,E,F,8.5,-0.5,0.5,E,F
predict,176,W_C,4.0,stripes,feet,E,F,3.0,1.0,1.0,W,C
predict,176,W_F,6.0,stripes,feet,E,F,5.25,0.75,0.75,W,F
predict,18,W_F,10.0,stripes,feet,W,F,7.75,2.25,2.25,W,F
predict,18,E_F,4.0,stripes,feet,W,F,3.0,1.0,1.0,E,F
predict,18,E_C,7.0,stripes,feet,W,F,2.5,4.5,4.5,E,C
predict,18,W_C,1.0,stripes,feet,W,F,6.0,-5.0,5.0,W,C
predict,210,W_C,4.0,stripes,feet,W,C,7.5,-3.5,3.5,W,C
predict,210,E_F,5.0,stripes,feet,W,C,3.5,1.5,1.5,E,F
predict,210,W_F,8.0,stripes,feet,W,C,6.75,1.25,1.25,W,F
predict,210,E_C,3.0,stripes,feet,W,C,3.75,-0.75,0.75,E,C
predict,5,W_F,5.0,feet,stripes,W,C,3.5,1.5,1.5,W,F
predict,5,E_C,8.0,feet,stripes,W,C,6.5,1.5,1.5,E,C
predict,5,W_C,7.0,feet,stripes,W,C,8.0,-1.0,1.0,W,C
predict,5,E_F,5.0,feet,stripes,W,C,3.75,1.25,1.25,E,F
predict,106,E_F,7.0,stripes,feet,W,C,3.75,3.25,3.25,E,F
predict,106,E_C,8.0,stripes,feet,W,C,5.0,3.0,3.0,E,C
predict,106,W_F,6.0,stripes,feet,W,C,7.0,-1.0,1.0,W,F
predict,106,W_C,3.0,stripes,feet,W,C,8.5,-5.5,5.5,W,C
predict,127,W_F,6.0,feet,stripes,W,F,6.0,0.0,0.0,W,F
predict,127,E_C,3.0,feet,stripes,W,F,2.25,0.75,0.75,E,C
predict,127,W_C,1.0,feet,stripes,W,F,3.25,-2.25,2.25,W,C
predict,127,E_F,8.0,feet,stripes,W,F,6.0,2.0,2.0,E,F
predict,120,E_C,9.0,stripes,feet,E,F,7.25,1.75,1.75,E,C
predict,120,W_F,2.0,stripes,feet,E,F,4.5,-2.5,2.5,W,F
predict,120,E_F,10.0,stripes,feet,E,F,7.0,3.0,3.0,E,F
predict,120,W_C,4.0,stripes,feet,E,F,2.5,1.5,1.5,W,C
predict,25,W_C,6.0,feet,stripes,W,C,7.25,-1.25,1.25,W,C
predict,25,E_C,8.0,feet,stripes,W,C,5.5,2.5,2.5,E,C
predict,25,W_F,3.0,feet,stripes,W,C,3.5,-0.5,0.5,W,F
predict,25,E_F,5.0,feet,stripes,W,C,3.5,1.5,1.5,E,F
predict,182,W_C,8.0,stripes,feet,W,F,7.25,0.75,0.75,W,C
predict,182,E_F,3.0,stripes,feet,W,F,5.25,-2.25,2.25,E,F
predict,182,W_F,9.0,stripes,feet,W,F,7.25,1.75,1.75,W,F
predict,182,E_C,4.0,stripes,feet,W,F,4.25,-0.25,0.25,E,C
predict,205,E_C,9.0,feet,stripes,E,C,6.5,2.5,2.5,E,C
predict,205,E_F,7.0,feet,stripes,E,C,5.0,2.0,2.0,E,F
predict,205,W_C,4.0,feet,stripes,E,C,6.0,-2.0,2.0,W,C
predict,205,W_F,2.0,feet,stripes,E,C,4.5,-2.5,2.5,W,F
predict,96,E_F,6.0,stripes,feet,E,C,7.5,-1.5,1.5,E,F
predict,96,W_C,5.0,stripes,feet,E,C,6.0,-1.0,1.0,W,C
predict,96,W_F,2.0,stripes,feet,E,C,3.0,-1.0,1.0,W,F
predict,96,E_C,9.0,stripes,feet,E,C,7.5,1.5,1.5,E,C
predict,42,E_F,2.0,stripes,feet,W,C,3.0,-1.0,1.0,E,F
predict,42,W_C,5.0,stripes,feet,W,C,6.5,-1.5,1.5,W,C
predict,42,W_F,2.0,stripes,feet,W,C,5.25,-3.25,3.25,W,F
predict,42,E_C,3.0,stripes,feet,W,C,3.75,-0.75,0.75,E,C
predict,259,E_C,5.0,feet,stripes,E,F,3.25,1.75,1.75,E,C
predict,259,W_F,5.0,feet,stripes,E,F,7.0,-2.0,2.0,W,F
predict,259,E_F,8.0,feet,stripes,E,F,7.25,0.75,0.75,E,F
predict,259,W_C,3.0,feet,stripes,E,F,2.5,0.5,0.5,W,C
predict,288,W_C,3.0,stripes,feet,E,F,3.5,-0.5,0.5,W,C
predict,288,E_F,7.0,stripes,feet,E,F,7.75,-0.75,0.75,E,F
predict,288,W_F,2.0,stripes,feet,E,F,3.0,-1.0,1.0,W,F
predict,288,E_C,7.0,stripes,feet,E,F,6.0,1.0,1.0,E,C
predict,247,E_F,7.0,feet,stripes,E,F,8.25,-1.25,1.25,E,F
predict,247,W_C,3.0,feet,stripes,E,F,3.0,0.0,0.0,W,C
predict,247,E_C,9.0,feet,stripes,E,F,4.25,4.75,4.75,E,C
predict,247,W_F,8.0,feet,stripes,E,F,7.25,0.75,0.75,W,F
predict,221,W_C,5.0,feet,stripes,W,C,8.0,-3.0,3.0,W,C
predict,221,E_F,5.0,feet,stripes,W,C,2.5,2.5,2.5,E,F
predict,221,E_C,5.0,feet,stripes,W,C,5.75,-0.75,0.75,E,C
predict,221,W_F,5.0,feet,stripes,W,C,3.0,2.0,2.0,W,F
predict,130,W_F,7.0,stripes,feet,W,C,7.0,0.0,0.0,W,F
predict,130,W_C,6.0,stripes,feet,W,C,8.75,-2.75,2.75,W,C
predict,130,E_C,3.0,stripes,feet,W,C,2.5,0.5,0.5,E,C
predict,130,E_F,2.0,stripes,feet,W,C,1.75,0.25,0.25,E,F
predict,241,E_F,4.0,feet,stripes,E,C,4.0,0.0,0.0,E,F
predict,241,W_C,8.0,feet,stripes,E,C,6.75,1.25,1.25,W,C
predict,241,E_C,9.0,feet,stripes,E,C,9.25,-0.25,0.25,E,C
predict,241,W_F,4.0,feet,stripes,E,C,4.25,-0.25,0.25,W,F
predict,249,W_C,8.0,feet,stripes,E,C,6.75,1.25,1.25,W,C
predict,249,E_F,6.0,feet,stripes,E,C,4.0,2.0,2.0,E,F
predict,249,W_F,5.0,feet,stripes,E,C,4.0,1.0,1.0,W,F
predict,249,E_C,5.0,feet,stripes,E,C,8.75,-3.75,3.75,E,C
predict,277,W_C,9.0,feet,stripes,E,C,6.75,2.25,2.25,W,C
predict,277,E_F,2.0,feet,stripes,E,C,5.75,-3.75,3.75,E,F
predict,277,W_F,7.0,feet,stripes,E,C,3.25,3.75,3.75,W,F
predict,277,E_C,5.0,feet,stripes,E,C,8.75,-3.75,3.75,E,C
predict,111,W_F,7.0,feet,stripes,E,F,6.25,0.75,0.75,W,F
predict,111,W_C,3.0,feet,stripes,E,F,3.25,-0.25,0.25,W,C
predict,111,E_C,2.0,feet,stripes,E,F,3.25,-1.25,1.25,E,C
predict,111,E_F,5.0,feet,stripes,E,F,7.5,-2.5,2.5,E,F
predict,8,W_F,4.0,stripes,feet,E,F,3.75,0.25,0.25,W,F
predict,8,W_C,5.0,stripes,feet,E,F,4.5,0.5,0.5,W,C
predict,8,E_C,8.0,stripes,feet,E,F,7.25,0.75,0.75,E,C
predict,8,E_F,9.0,stripes,feet,E,F,9.0,0.0,0.0,E,F
predict,290,E_F,3.0,stripes,feet,W,C,2.5,0.5,0.5,E,F
predict,290,E_C,3.0,stripes,feet,W,C,4.0,-1.0,1.0,E,C
predict,290,W_C,6.0,stripes,feet,W,C,6.75,-0.75,0.75,W,C
predict,290,W_F,6.0,stripes,feet,W,C,6.5,-0.5,0.5,W,F
predict,213,E_C,7.0,feet,stripes,E,C,8.5,-1.5,1.5,E,C
predict,213,E_F,4.0,feet,stripes,E,C,3.75,0.25,0.25,E,F
predict,213,W_C,8.0,feet,stripes,E,C,6.25,1.75,1.75,W,C
predict,213,W_F,3.0,feet,stripes,E,C,4.75,-1.75,1.75,W,F
predict,223,E_F,8.0,feet,stripes,E,F,7.25,0.75,0.75,E,F
predict,223,W_C,3.0,feet,stripes,E,F,2.75,0.25,0.25,W,C
predict,223,W_F,8.0,feet,stripes,E,F,6.5,1.5,1.5,W,F
predict,223,E_C,3.0,feet,stripes,E,F,3.5,-0.5,0.5,E,C
predict,36,W_C,2.0,stripes,feet,E,F,2.25,-0.25,0.25,W,C
predict,36,E_F,9.0,stripes,feet,E,F,8.25,0.75,0.75,E,F
predict,36,E_C,7.0,stripes,feet,E,F,6.0,1.0,1.0,E,C
predict,36,W_F,5.0,stripes,feet,E,F,4.5,0.5,0.5,W,F
predict,112,W_F,2.0,stripes,feet,E,C,2.0,0.0,0.0,W,F
predict,112,E_F,8.0,stripes,feet,E,C,7.5,0.5,0.5,E,F
predict,112,E_C,10.0,stripes,feet,E,C,7.75,2.25,2.25,E,C
predict,112,W_C,5.0,stripes,feet,E,C,4.0,1.0,1.0,W,C
predict,104,E_C,9.0,stripes,feet,E,C,8.0,1.0,1.0,E,C
predict,104,W_F,6.0,stripes,feet,E,C,5.0,1.0,1.0,W,F
predict,104,E_F,8.0,stripes,feet,E,C,6.25,1.75,1.75,E,F
predict,104,W_C,2.0,stripes,feet,E,C,4.25,-2.25,2.25,W,C
predict,51,E_F,8.0,feet,stripes,E,F,5.25,2.75,2.75,E,F
predict,51,E_C,5.0,feet,stripes,E,F,6.0,-1.0,1.0,E,C
predict,51,W_F,6.0,feet,stripes,E,F,6.25,-0.25,0.25,W,F
predict,51,W_C,3.0,feet,stripes,E,F,4.0,-1.0,1.0,W,C
predict,293,E_C,5.0,feet,stripes,E,C,8.25,-3.25,3.25,E,C
predict,293,W_C,8.0,feet,stripes,E,C,7.75,0.25,0.25,W,C
predict,293,W_F,8.0,feet,stripes,E,C,4.25,3.75,3.75,W,F
predict,293,E_F,7.0,feet,stripes,E,C,5.0,2.0,2.0,E,F
predict,90,W_F,7.0,stripes,feet,W,C,6.5,0.5,0.5,W,F
predict,90,E_F,4.0,stripes,feet,W,C,3.25,0.75,0.75,E,F
predict,90,E_C,8.0,stripes,feet,W,C,3.25,4.75,4.75,E,C
predict,90,W_C,10.0,stripes,feet,W,C,9.25,0.75,0.75,W,C
predict,114,E_C,3.0,stripes,feet,W,F,2.75,0.25,0.25,E,C
predict,114,W_C,3.0,stripes,feet,W,F,6.5,-3.5,3.5,W,C
predict,114,W_F,7.0,stripes,feet,W,F,8.5,-1.5,1.5,W,F
predict,114,E_F,7.0,stripes,feet,W,F,3.0,4.0,4.0,E,F
predict,110,E_F,6.0,stripes,feet,W,C,2.75,3.25,3.25,E,F
predict,110,W_F,4.0,stripes,feet,W,C,6.0,-2.0,2.0,W,F
predict,110,E_C,6.0,stripes,feet,W,C,4.75,1.25,1.25,E,C
predict,110,W_C,7.0,stripes,feet,W,C,6.5,0.5,0.5,W,C
predict,29,W_C,9.0,feet,stripes,E,C,7.75,1.25,1.25,W,C
predict,29,E_F,3.0,feet,stripes,E,C,3.75,-0.75,0.75,E,F
predict,29,W_F,4.0,feet,stripes,E,C,2.0,2.0,2.0,W,F
predict,29,E_C,9.0,feet,stripes,E,C,8.25,0.75,0.75,E,C
predict,285,W_C,7.0,feet,stripes,E,C,7.0,0.0,0.0,W,C
predict,285,W_F,5.0,feet,stripes,E,C,3.5,1.5,1.5,W,F
predict,285,E_F,8.0,feet,stripes,E,C,3.5,4.5,4.5,E,F
predict,285,E_C,10.0,feet,stripes,E,C,9.25,0.75,0.75,E,C
predict,161,E_F,4.0,feet,stripes,W,C,3.25,0.75,0.75,E,F
predict,161,W_F,3.0,feet,stripes,W,C,4.25,-1.25,1.25,W,F
predict,161,E_C,7.0,feet,stripes,W,C,7.0,0.0,0.0,E,C
predict,161,W_C,8.0,feet,stripes,W,C,7.25,0.75,0.75,W,C
predict,235,W_C,7.0,feet,stripes,W,F,4.75,2.25,2.25,W,C
predict,235,W_F,4.0,feet,stripes,W,F,7.75,-3.75,3.75,W,F
predict,235,E_C,6.0,feet,stripes,W,F,3.5,2.5,2.5,E,C
predict,235,E_F,8.0,feet,stripes,W,F,4.5,3.5,3.5,E,F
predict,78,E_C,5.0,stripes,feet,W,C,3.75,1.25,1.25,E,C
predict,78,W_C,9.0,stripes,feet,W,C,8.25,0.75,0.75,W,C
predict,78,E_F,2.0,stripes,feet,W,C,2.25,-0.25,0.25,E,F
predict,78,W_F,5.0,stripes,feet,W,C,7.0,-2.0,2.0,W,F
predict,197,W_C,7.0,feet,stripes,W,C,6.5,0.5,0.5,W,C
predict,197,W_F,2.0,feet,stripes,W,C,3.0,-1.0,1.0,W,F
predict,197,E_F,2.0,feet,stripes,W,C,2.25,-0.25,0.25,E,F
predict,197,E_C,6.0,feet,stripes,W,C,5.75,0.25,0.25,E,C
predict,265,E_C,8.0,feet,stripes,E,C,8.0,0.0,0.0,E,C
predict,265,W_C,3.0,feet,stripes,E,C,5.75,-2.75,2.75,W,C
predict,265,E_F,3.0,feet,stripes,E,C,3.5,-0.5,0.5,E,F
predict,265,W_F,1.0,feet,stripes,E,C,3.25,-2.25,2.25,W,F
predict,86,W_F,9.0,stripes,feet,W,F,9.0,0.0,0.0,W,F
predict,86,E_F,2.0,stripes,feet,W,F,3.25,-1.25,1.25,E,F
predict,86,W_C,8.0,stripes,feet,W,F,6.75,1.25,1.25,W,C
predict,86,E_C,3.0,stripes,feet,W,F,2.75,0.25,0.25,E,C
