task,conditionOrder,item,testing_responses,relevant_dim_1,relevant_dim_2,irrelevant_dim,color_high,tail_high,shape_high,food_amount,error,abs_error,tail,color,shape,tail_match_high,color_match_high,shape_match_high
accommodate,85,N_Y_S,5.0,color,tail,shape,B,N,C,4.333333333333333,0.666666666666667,0.666666666666667,N,Y,S,1,0,0
accommodate,85,N_Y_C,3.0,color,tail,shape,B,N,C,4.0,-1.0,1.0,N,Y,C,1,0,1
accommodate,85,N_B_S,6.0,color,tail,shape,B,N,C,7.0,-1.0,1.0,N,B,S,1,1,0
accommodate,85,N_B_C,8.0,color,tail,shape,B,N,C,7.666666666666667,0.33333333333333304,0.33333333333333304,N,B,C,1,1,1
accommodate,85,T_B_C,6.0,color,tail,shape,B,N,C,6.666666666666667,-0.666666666666667,0.666666666666667,T,B,C,0,1,1
accommodate,85,T_B_S,5.0,color,tail,shape,B,N,C,4.333333333333333,0.666666666666667,0.666666666666667,T,B,S,0,1,0
accommodate,85,T_Y_C,2.0,color,tail,shape,B,N,C,3.3333333333333335,-1.3333333333333335,1.3333333333333335,T,Y,C,0,0,1
accommodate,85,T_Y_S,2.0,color,tail,shape,B,N,C,2.6666666666666665,-0.6666666666666665,0.6666666666666665,T,Y,S,0,0,0
accommodate,12,T_Y_S,6.0,color,tail,shape,Y,N,S,5.666666666666667,0.33333333333333304,0.33333333333333304,T,Y,S,0,1,1
accommodate,12,T_B_S,4.0,color,tail,shape,Y,N,S,4.666666666666667,-0.666666666666667,0.666666666666667,T,B,S,0,0,1
accommodate,12,N_Y_S,8.0,color,tail,shape,Y,N,S,7.666666666666667,0.33333333333333304,0.33333333333333304,N,Y,S,1,1,1
accommodate,12,N_Y_C,8.0,color,tail,shape,Y,N,S,6.0,2.0,2.0,N,Y,C,1,1,0
accommodate,12,N_B_S,4.0,color,tail,shape,Y,N,S,4.333333333333333,-0.33333333333333304,0.33333333333333304,N,B,S,1,0,1
accommodate,12,T_Y_C,6.0,color,tail,shape,Y,N,S,4.666666666666667,1.333333333333333,1.333333333333333,T,Y,C,0,1,0
accommodate,12,T_B_C,3.0,color,tail,shape,Y,N,S,3.0,0.0,0.0,T,B,C,0,0,0
accommodate,12,N_B_C,5.0,color,tail,shape,Y,N,S,5.0,0.0,0.0,N,B,C,1,0,0
accommodate,98,N_B_C,8.0,shape,tail,color,B,N,C,5.333333333333333,2.666666666666667,2.666666666666667,N,B,C,1,1,1
accommodate,98,N_Y_S,3.0,shape,tail,color,B,N,C,4.333333333333333,-1.333333333333333,1.333333333333333,N,Y,S,1,0,0
accommodate,98,T_Y_C,4.0,shape,tail,color,B,N,C,4.333333333333333,-0.33333333333333304,0.33333333333333304,T,Y,C,0,0,1
accommodate,98,T_B_C,6.0,shape,tail,color,B,N,C,5.666666666666667,0.33333333333333304,0.33333333333333304,T,B,C,0,1,1
accommodate,98,T_Y_S,7.0,shape,tail,color,B,N,C,3.3333333333333335,3.6666666666666665,3.6666666666666665,T,Y,S,0,0,0
accommodate,98,N_B_S,2.0,shape,tail,color,B,N,C,5.333333333333333,-3.333333333333333,3.333333333333333,N,B,S,1,1,0
accommodate,98,T_B_S,2.0,shape,tail,color,B,N,C,3.3333333333333335,-1.3333333333333335,1.3333333333333335,T,B,S,0,1,0
accommodate,98,N_Y_C,6.0,shape,tail,color,B,N,C,5.333333333333333,0.666666666666667,0.666666666666667,N,Y,C,1,0,1
accommodate,112,N_B_S,6.0,tail,shape,color,Y,N,S,6.666666666666667,-0.666666666666667,0.666666666666667,N,B,S,1,0,1
accommodate,112,N_B_C,5.0,tail,shape,color,Y,N,S,4.666666666666667,0.33333333333333304,0.33333333333333304,N,B,C,1,0,0
accommodate,112,T_B_C,4.0,tail,shape,color,Y,N,S,2.3333333333333335,1.6666666666666665,1.6666666666666665,T,B,C,0,0,0
accommodate,112,N_Y_C,7.0,tail,shape,color,Y,N,S,5.666666666666667,1.333333333333333,1.333333333333333,N,Y,C,1,1,0
accommodate,112,T_Y_S,5.0,tail,shape,color,Y,N,S,5.333333333333333,-0.33333333333333304,0.33333333333333304,T,Y,S,0,1,1
accommodate,112,N_Y_S,9.0,tail,shape,color,Y,N,S,8.0,1.0,1.0,N,Y,S,1,1,1
accommodate,112,T_B_S,3.0,tail,shape,color,Y,N,S,5.333333333333333,-2.333333333333333,2.333333333333333,T,B,S,0,0,1
accommodate,112,T_Y_C,3.0,tail,shape,color,Y,N,S,2.6666666666666665,0.3333333333333335,0.3333333333333335,T,Y,C,0,1,0
accommodate,90,T_B_C,4.0,tail,color,shape,B,T,C,7.0,-3.0,3.0,T,B,C,1,1,1
accommodate,90,T_B_S,5.0,tail,color,shape,B,T,C,7.0,-2.0,2.0,T,B,S,1,1,0
accommodate,90,N_B_S,3.0,tail,color,shape,B,T,C,6.0,-3.0,3.0,N,B,S,0,1,0
accommodate,90,N_Y_S,6.0,tail,color,shape,B,T,C,3.3333333333333335,2.6666666666666665,2.6666666666666665,N,Y,S,0,0,0
accommodate,90,T_Y_C,4.0,tail,color,shape,B,T,C,6.0,-2.0,2.0,T,Y,C,1,0,1
accommodate,90,N_B_C,7.0,tail,color,shape,B,T,C,5.333333333333333,1.666666666666667,1.666666666666667,N,B,C,0,1,1
accommodate,90,T_Y_S,6.0,tail,color,shape,B,T,C,5.0,1.0,1.0,T,Y,S,1,0,0
accommodate,90,N_Y_C,4.0,tail,color,shape,B,T,C,3.3333333333333335,0.6666666666666665,0.6666666666666665,N,Y,C,0,0,1
accommodate,78,T_Y_S,3.0,tail,color,shape,B,N,S,3.3333333333333335,-0.3333333333333335,0.3333333333333335,T,Y,S,0,0,1
accommodate,78,N_Y_C,5.0,tail,color,shape,B,N,S,4.666666666666667,0.33333333333333304,0.33333333333333304,N,Y,C,1,0,0
accommodate,78,T_B_C,3.0,tail,color,shape,B,N,S,5.0,-2.0,2.0,T,B,C,0,1,0
accommodate,78,T_B_S,3.0,tail,color,shape,B,N,S,3.3333333333333335,-0.3333333333333335,0.3333333333333335,T,B,S,0,1,1
accommodate,78,T_Y_C,3.0,tail,color,shape,B,N,S,3.3333333333333335,-0.3333333333333335,0.3333333333333335,T,Y,C,0,0,0
accommodate,78,N_B_S,8.0,tail,color,shape,B,N,S,8.333333333333334,-0.3333333333333339,0.3333333333333339,N,B,S,1,1,1
accommodate,78,N_B_C,6.0,tail,color,shape,B,N,S,7.333333333333333,-1.333333333333333,1.333333333333333,N,B,C,1,1,0
accommodate,78,N_Y_S,6.0,tail,color,shape,B,N,S,5.666666666666667,0.33333333333333304,0.33333333333333304,N,Y,S,1,0,1
accommodate,68,T_B_C,6.0,tail,color,shape,B,T,C,6.0,0.0,0.0,T,B,C,1,1,1
accommodate,68,T_Y_S,6.0,tail,color,shape,B,T,C,4.666666666666667,1.333333333333333,1.333333333333333,T,Y,S,1,0,0
accommodate,68,T_B_S,8.0,tail,color,shape,B,T,C,8.0,0.0,0.0,T,B,S,1,1,0
accommodate,68,N_Y_C,4.0,tail,color,shape,B,T,C,4.333333333333333,-0.33333333333333304,0.33333333333333304,N,Y,C,0,0,1
accommodate,68,T_Y_C,4.0,tail,color,shape,B,T,C,5.333333333333333,-1.333333333333333,1.333333333333333,T,Y,C,1,0,1
accommodate,68,N_Y_S,6.0,tail,color,shape,B,T,C,3.0,3.0,3.0,N,Y,S,0,0,0
accommodate,68,N_B_S,8.0,tail,color,shape,B,T,C,4.0,4.0,4.0,N,B,S,0,1,0
accommodate,68,N_B_C,6.0,tail,color,shape,B,T,C,5.333333333333333,0.666666666666667,0.666666666666667,N,B,C,0,1,1
accommodate,134,T_B_C,6.0,shape,color,tail,B,T,C,8.0,-2.0,2.0,T,B,C,1,1,1
accommodate,134,T_Y_C,4.0,shape,color,tail,B,T,C,4.0,0.0,0.0,T,Y,C,1,0,1
accommodate,134,T_B_S,7.0,shape,color,tail,B,T,C,6.0,1.0,1.0,T,B,S,1,1,0
accommodate,134,N_B_C,4.0,shape,color,tail,B,T,C,8.333333333333334,-4.333333333333334,4.333333333333334,N,B,C,0,1,1
accommodate,134,N_B_S,9.0,shape,color,tail,B,T,C,4.0,5.0,5.0,N,B,S,0,1,0
accommodate,134,N_Y_S,3.0,shape,color,tail,B,T,C,2.0,1.0,1.0,N,Y,S,0,0,0
accommodate,134,T_Y_S,3.0,shape,color,tail,B,T,C,1.6666666666666667,1.3333333333333333,1.3333333333333333,T,Y,S,1,0,0
accommodate,134,N_Y_C,4.0,shape,color,tail,B,T,C,5.333333333333333,-1.333333333333333,1.333333333333333,N,Y,C,0,0,1
accommodate,33,N_Y_C,3.0,shape,tail,color,B,T,S,3.0,0.0,0.0,N,Y,C,0,0,0
accommodate,33,T_Y_S,7.0,shape,tail,color,B,T,S,6.333333333333333,0.666666666666667,0.666666666666667,T,Y,S,1,0,1
accommodate,33,T_B_S,4.0,shape,tail,color,B,T,S,7.666666666666667,-3.666666666666667,3.666666666666667,T,B,S,1,1,1
accommodate,33,T_Y_C,8.0,shape,tail,color,B,T,S,4.333333333333333,3.666666666666667,3.666666666666667,T,Y,C,1,0,0
accommodate,33,T_B_C,4.0,shape,tail,color,B,T,S,4.666666666666667,-0.666666666666667,0.666666666666667,T,B,C,1,1,0
accommodate,33,N_B_C,3.0,shape,tail,color,B,T,S,4.0,-1.0,1.0,N,B,C,0,1,0
accommodate,33,N_Y_S,7.0,shape,tail,color,B,T,S,5.666666666666667,1.333333333333333,1.333333333333333,N,Y,S,0,0,1
accommodate,33,N_B_S,6.0,shape,tail,color,B,T,S,5.0,1.0,1.0,N,B,S,0,1,1
accommodate,128,T_Y_C,6.0,color,tail,shape,B,T,C,5.333333333333333,0.666666666666667,0.666666666666667,T,Y,C,1,0,1
accommodate,128,T_B_S,6.0,color,tail,shape,B,T,C,5.0,1.0,1.0,T,B,S,1,1,0
accommodate,128,N_B_C,6.0,color,tail,shape,B,T,C,3.6666666666666665,2.3333333333333335,2.3333333333333335,N,B,C,0,1,1
accommodate,128,N_Y_S,6.0,color,tail,shape,B,T,C,2.6666666666666665,3.3333333333333335,3.3333333333333335,N,Y,S,0,0,0
accommodate,128,N_B_S,6.0,color,tail,shape,B,T,C,4.0,2.0,2.0,N,B,S,0,1,0
accommodate,128,T_Y_S,6.0,color,tail,shape,B,T,C,5.666666666666667,0.33333333333333304,0.33333333333333304,T,Y,S,1,0,0
accommodate,128,T_B_C,6.0,color,tail,shape,B,T,C,8.333333333333334,-2.333333333333334,2.333333333333334,T,B,C,1,1,1
accommodate,128,N_Y_C,6.0,color,tail,shape,B,T,C,4.333333333333333,1.666666666666667,1.666666666666667,N,Y,C,0,0,1
accommodate,95,N_B_S,4.0,color,shape,tail,B,N,C,5.666666666666667,-1.666666666666667,1.666666666666667,N,B,S,1,1,0
accommodate,95,N_Y_C,5.0,color,shape,tail,B,N,C,5.666666666666667,-0.666666666666667,0.666666666666667,N,Y,C,1,0,1
accommodate,95,T_Y_C,4.0,color,shape,tail,B,N,C,3.6666666666666665,0.3333333333333335,0.3333333333333335,T,Y,C,0,0,1
accommodate,95,N_Y_S,2.0,color,shape,tail,B,N,C,3.6666666666666665,-1.6666666666666665,1.6666666666666665,N,Y,S,1,0,0
accommodate,95,T_Y_S,3.0,color,shape,tail,B,N,C,3.0,0.0,0.0,T,Y,S,0,0,0
accommodate,95,T_B_S,4.0,color,shape,tail,B,N,C,4.666666666666667,-0.666666666666667,0.666666666666667,T,B,S,0,1,0
accommodate,95,N_B_C,7.0,color,shape,tail,B,N,C,7.333333333333333,-0.33333333333333304,0.33333333333333304,N,B,C,1,1,1
accommodate,95,T_B_C,4.0,color,shape,tail,B,N,C,6.0,-2.0,2.0,T,B,C,0,1,1
accommodate,61,N_B_S,6.0,shape,color,tail,Y,N,C,3.3333333333333335,2.6666666666666665,2.6666666666666665,N,B,S,1,0,0
accommodate,61,N_Y_S,6.0,shape,color,tail,Y,N,C,3.6666666666666665,2.3333333333333335,2.3333333333333335,N,Y,S,1,1,0
accommodate,61,N_B_C,7.0,shape,color,tail,Y,N,C,6.333333333333333,0.666666666666667,0.666666666666667,N,B,C,1,0,1
accommodate,61,T_Y_C,3.0,shape,color,tail,Y,N,C,6.333333333333333,-3.333333333333333,3.333333333333333,T,Y,C,0,1,1
accommodate,61,N_Y_C,7.0,shape,color,tail,Y,N,C,7.333333333333333,-0.33333333333333304,0.33333333333333304,N,Y,C,1,1,1
accommodate,61,T_B_S,4.0,shape,color,tail,Y,N,C,3.0,1.0,1.0,T,B,S,0,0,0
accommodate,61,T_B_C,3.0,shape,color,tail,Y,N,C,4.666666666666667,-1.666666666666667,1.666666666666667,T,B,C,0,0,1
accommodate,61,T_Y_S,3.0,shape,color,tail,Y,N,C,5.0,-2.0,2.0,T,Y,S,0,1,0
accommodate,111,N_Y_S,3.0,shape,color,tail,B,N,C,2.6666666666666665,0.3333333333333335,0.3333333333333335,N,Y,S,1,0,0
accommodate,111,T_Y_C,4.0,shape,color,tail,B,N,C,5.666666666666667,-1.666666666666667,1.666666666666667,T,Y,C,0,0,1
accommodate,111,N_Y_C,5.0,shape,color,tail,B,N,C,4.666666666666667,0.33333333333333304,0.33333333333333304,N,Y,C,1,0,1
accommodate,111,N_B_C,5.0,shape,color,tail,B,N,C,8.333333333333334,-3.333333333333334,3.333333333333334,N,B,C,1,1,1
accommodate,111,T_B_C,5.0,shape,color,tail,B,N,C,6.666666666666667,-1.666666666666667,1.666666666666667,T,B,C,0,1,1
accommodate,111,N_B_S,6.0,shape,color,tail,B,N,C,5.666666666666667,0.33333333333333304,0.33333333333333304,N,B,S,1,1,0
accommodate,111,T_Y_S,3.0,shape,color,tail,B,N,C,3.0,0.0,0.0,T,Y,S,0,0,0
accommodate,111,T_B_S,5.0,shape,color,tail,B,N,C,4.333333333333333,0.666666666666667,0.666666666666667,T,B,S,0,1,0
accommodate,110,N_Y_C,6.0,tail,shape,color,B,N,C,7.333333333333333,-1.333333333333333,1.333333333333333,N,Y,C,1,0,1
accommodate,110,N_Y_S,5.0,tail,shape,color,B,N,C,5.333333333333333,-0.33333333333333304,0.33333333333333304,N,Y,S,1,0,0
accommodate,110,T_Y_S,8.0,tail,shape,color,B,N,C,3.3333333333333335,4.666666666666666,4.666666666666666,T,Y,S,0,0,0
accommodate,110,T_B_C,4.0,tail,shape,color,B,N,C,5.0,-1.0,1.0,T,B,C,0,1,1
accommodate,110,N_B_S,6.0,tail,shape,color,B,N,C,5.333333333333333,0.666666666666667,0.666666666666667,N,B,S,1,1,0
accommodate,110,T_B_S,5.0,tail,shape,color,B,N,C,3.3333333333333335,1.6666666666666665,1.6666666666666665,T,B,S,0,1,0
accommodate,110,N_B_C,8.0,tail,shape,color,B,N,C,7.666666666666667,0.33333333333333304,0.33333333333333304,N,B,C,1,1,1
accommodate,110,T_Y_C,5.0,tail,shape,color,B,N,C,5.0,0.0,0.0,T,Y,C,0,0,1
accommodate,47,N_B_C,5.0,tail,shape,color,B,N,S,7.0,-2.0,2.0,N,B,C,1,1,0
accommodate,47,N_B_S,7.0,tail,shape,color,B,N,S,7.0,0.0,0.0,N,B,S,1,1,1
accommodate,47,N_Y_C,6.0,tail,shape,color,B,N,S,4.333333333333333,1.666666666666667,1.666666666666667,N,Y,C,1,0,0
accommodate,47,T_Y_C,3.0,tail,shape,color,B,N,S,4.0,-1.0,1.0,T,Y,C,0,0,0
accommodate,47,T_B_S,4.0,tail,shape,color,B,N,S,5.666666666666667,-1.666666666666667,1.666666666666667,T,B,S,0,1,1
accommodate,47,T_Y_S,4.0,tail,shape,color,B,N,S,4.333333333333333,-0.33333333333333304,0.33333333333333304,T,Y,S,0,0,1
accommodate,47,N_Y_S,6.0,tail,shape,color,B,N,S,7.333333333333333,-1.333333333333333,1.333333333333333,N,Y,S,1,0,1
accommodate,47,T_B_C,4.0,tail,shape,color,B,N,S,3.0,1.0,1.0,T,B,C,0,1,0
accommodate,97,N_Y_S,5.0,tail,color,shape,B,T,C,3.6666666666666665,1.3333333333333335,1.3333333333333335,N,Y,S,0,0,0
accommodate,97,T_Y_C,4.0,tail,color,shape,B,T,C,5.666666666666667,-1.666666666666667,1.666666666666667,T,Y,C,1,0,1
accommodate,97,T_Y_S,7.0,tail,color,shape,B,T,C,3.6666666666666665,3.3333333333333335,3.3333333333333335,T,Y,S,1,0,0
accommodate,97,N_Y_C,5.0,tail,color,shape,B,T,C,3.6666666666666665,1.3333333333333335,1.3333333333333335,N,Y,C,0,0,1
accommodate,97,N_B_C,6.0,tail,color,shape,B,T,C,5.666666666666667,0.33333333333333304,0.33333333333333304,N,B,C,0,1,1
accommodate,97,T_B_C,4.0,tail,color,shape,B,T,C,6.333333333333333,-2.333333333333333,2.333333333333333,T,B,C,1,1,1
accommodate,97,N_B_S,7.0,tail,color,shape,B,T,C,2.6666666666666665,4.333333333333334,4.333333333333334,N,B,S,0,1,0
accommodate,97,T_B_S,4.0,tail,color,shape,B,T,C,6.0,-2.0,2.0,T,B,S,1,1,0
accommodate,32,T_B_C,3.0,tail,color,shape,Y,N,S,2.6666666666666665,0.3333333333333335,0.3333333333333335,T,B,C,0,0,0
accommodate,32,T_Y_C,7.0,tail,color,shape,Y,N,S,5.0,2.0,2.0,T,Y,C,0,1,0
accommodate,32,T_B_S,6.0,tail,color,shape,Y,N,S,2.3333333333333335,3.6666666666666665,3.6666666666666665,T,B,S,0,0,1
accommodate,32,N_Y_C,8.0,tail,color,shape,Y,N,S,7.333333333333333,0.666666666666667,0.666666666666667,N,Y,C,1,1,0
accommodate,32,N_B_S,4.0,tail,color,shape,Y,N,S,6.0,-2.0,2.0,N,B,S,1,0,1
accommodate,32,T_Y_S,9.0,tail,color,shape,Y,N,S,5.666666666666667,3.333333333333333,3.333333333333333,T,Y,S,0,1,1
accommodate,32,N_B_C,4.0,tail,color,shape,Y,N,S,5.666666666666667,-1.666666666666667,1.666666666666667,N,B,C,1,0,0
accommodate,32,N_Y_S,7.0,tail,color,shape,Y,N,S,6.666666666666667,0.33333333333333304,0.33333333333333304,N,Y,S,1,1,1
accommodate,132,N_Y_S,4.0,tail,color,shape,B,N,S,7.0,-3.0,3.0,N,Y,S,1,0,1
accommodate,132,N_B_S,6.0,tail,color,shape,B,N,S,8.333333333333334,-2.333333333333334,2.333333333333334,N,B,S,1,1,1
accommodate,132,T_Y_S,5.0,tail,color,shape,B,N,S,3.3333333333333335,1.6666666666666665,1.6666666666666665,T,Y,S,0,0,1
accommodate,132,T_B_S,6.0,tail,color,shape,B,N,S,4.333333333333333,1.666666666666667,1.666666666666667,T,B,S,0,1,1
accommodate,132,N_B_C,10.0,tail,color,shape,B,N,S,6.0,4.0,4.0,N,B,C,1,1,0
accommodate,132,T_B_C,4.0,tail,color,shape,B,N,S,5.666666666666667,-1.666666666666667,1.666666666666667,T,B,C,0,1,0
accommodate,132,T_Y_C,4.0,tail,color,shape,B,N,S,4.0,0.0,0.0,T,Y,C,0,0,0
accommodate,132,N_Y_C,6.0,tail,color,shape,B,N,S,5.333333333333333,0.666666666666667,0.666666666666667,N,Y,C,1,0,0
accommodate,10,T_Y_S,6.0,color,tail,shape,Y,T,C,6.0,0.0,0.0,T,Y,S,1,1,0
accommodate,10,T_Y_C,8.0,color,tail,shape,Y,T,C,6.333333333333333,1.666666666666667,1.666666666666667,T,Y,C,1,1,1
accommodate,10,N_Y_S,5.0,color,tail,shape,Y,T,C,6.0,-1.0,1.0,N,Y,S,0,1,0
accommodate,10,T_B_S,7.0,color,tail,shape,Y,T,C,5.0,2.0,2.0,T,B,S,1,0,0
accommodate,10,T_B_C,7.0,color,tail,shape,Y,T,C,6.0,1.0,1.0,T,B,C,1,0,1
accommodate,10,N_B_S,4.0,color,tail,shape,Y,T,C,2.3333333333333335,1.6666666666666665,1.6666666666666665,N,B,S,0,0,0
accommodate,10,N_B_C,5.0,color,tail,shape,Y,T,C,4.333333333333333,0.666666666666667,0.666666666666667,N,B,C,0,0,1
accommodate,10,N_Y_C,5.0,color,tail,shape,Y,T,C,4.333333333333333,0.666666666666667,0.666666666666667,N,Y,C,0,1,1
accommodate,87,T_B_S,6.0,shape,color,tail,B,N,C,5.0,1.0,1.0,T,B,S,0,1,0
accommodate,87,T_Y_C,3.0,shape,color,tail,B,N,C,5.333333333333333,-2.333333333333333,2.333333333333333,T,Y,C,0,0,1
accommodate,87,N_B_S,9.0,shape,color,tail,B,N,C,4.333333333333333,4.666666666666667,4.666666666666667,N,B,S,1,1,0
accommodate,87,N_B_C,6.0,shape,color,tail,B,N,C,7.666666666666667,-1.666666666666667,1.666666666666667,N,B,C,1,1,1
accommodate,87,N_Y_S,5.0,shape,color,tail,B,N,C,5.333333333333333,-0.33333333333333304,0.33333333333333304,N,Y,S,1,0,0
accommodate,87,T_Y_S,3.0,shape,color,tail,B,N,C,2.6666666666666665,0.3333333333333335,0.3333333333333335,T,Y,S,0,0,0
accommodate,87,N_Y_C,4.0,shape,color,tail,B,N,C,4.666666666666667,-0.666666666666667,0.666666666666667,N,Y,C,1,0,1
accommodate,87,T_B_C,4.0,shape,color,tail,B,N,C,7.0,-3.0,3.0,T,B,C,0,1,1
accommodate,35,T_Y_C,4.0,color,tail,shape,B,N,S,4.0,0.0,0.0,T,Y,C,0,0,0
accommodate,35,N_B_S,6.0,color,tail,shape,B,N,S,7.333333333333333,-1.333333333333333,1.333333333333333,N,B,S,1,1,1
accommodate,35,N_Y_S,3.0,color,tail,shape,B,N,S,6.0,-3.0,3.0,N,Y,S,1,0,1
accommodate,35,N_B_C,8.0,color,tail,shape,B,N,S,7.333333333333333,0.666666666666667,0.666666666666667,N,B,C,1,1,0
accommodate,35,T_B_C,4.0,color,tail,shape,B,N,S,4.333333333333333,-0.33333333333333304,0.33333333333333304,T,B,C,0,1,0
accommodate,35,T_Y_S,3.0,color,tail,shape,B,N,S,4.0,-1.0,1.0,T,Y,S,0,0,1
accommodate,35,N_Y_C,3.0,color,tail,shape,B,N,S,4.0,-1.0,1.0,N,Y,C,1,0,0
accommodate,35,T_B_S,4.0,color,tail,shape,B,N,S,5.333333333333333,-1.333333333333333,1.333333333333333,T,B,S,0,1,1
accommodate,114,N_B_S,5.0,shape,color,tail,Y,T,S,5.333333333333333,-0.33333333333333304,0.33333333333333304,N,B,S,0,0,1
accommodate,114,N_Y_S,7.0,shape,color,tail,Y,T,S,7.0,0.0,0.0,N,Y,S,0,1,1
accommodate,114,N_Y_C,6.0,shape,color,tail,Y,T,S,5.666666666666667,0.33333333333333304,0.33333333333333304,N,Y,C,0,1,0
accommodate,114,T_B_S,8.0,shape,color,tail,Y,T,S,5.0,3.0,3.0,T,B,S,1,0,1
accommodate,114,N_B_C,7.0,shape,color,tail,Y,T,S,2.6666666666666665,4.333333333333334,4.333333333333334,N,B,C,0,0,0
accommodate,114,T_Y_C,5.0,shape,color,tail,Y,T,S,6.666666666666667,-1.666666666666667,1.666666666666667,T,Y,C,1,1,0
accommodate,114,T_B_C,7.0,shape,color,tail,Y,T,S,2.0,5.0,5.0,T,B,C,1,0,0
accommodate,114,T_Y_S,7.0,shape,color,tail,Y,T,S,7.0,0.0,0.0,T,Y,S,1,1,1
accommodate,6,N_Y_C,2.0,tail,color,shape,B,T,S,2.6666666666666665,-0.6666666666666665,0.6666666666666665,N,Y,C,0,0,0
accommodate,6,N_Y_S,2.0,tail,color,shape,B,T,S,2.3333333333333335,-0.3333333333333335,0.3333333333333335,N,Y,S,0,0,1
accommodate,6,T_B_C,7.0,tail,color,shape,B,T,S,7.0,0.0,0.0,T,B,C,1,1,0
accommodate,6,N_B_S,10.0,tail,color,shape,B,T,S,5.666666666666667,4.333333333333333,4.333333333333333,N,B,S,0,1,1
accommodate,6,T_Y_S,5.0,tail,color,shape,B,T,S,5.333333333333333,-0.33333333333333304,0.33333333333333304,T,Y,S,1,0,1
accommodate,6,T_B_S,8.0,tail,color,shape,B,T,S,7.666666666666667,0.33333333333333304,0.33333333333333304,T,B,S,1,1,1
accommodate,6,N_B_C,6.0,tail,color,shape,B,T,S,5.333333333333333,0.666666666666667,0.666666666666667,N,B,C,0,1,0
accommodate,6,T_Y_C,6.0,tail,color,shape,B,T,S,5.333333333333333,0.666666666666667,0.666666666666667,T,Y,C,1,0,0
accommodate,80,N_B_C,4.0,tail,color,shape,Y,T,C,3.0,1.0,1.0,N,B,C,0,0,1
accommodate,80,T_B_S,5.0,tail,color,shape,Y,T,C,5.0,0.0,0.0,T,B,S,1,0,0
accommodate,80,T_Y_C,8.0,tail,color,shape,Y,T,C,6.0,2.0,2.0,T,Y,C,1,1,1
accommodate,80,N_Y_S,5.0,tail,color,shape,Y,T,C,4.0,1.0,1.0,N,Y,S,0,1,0
accommodate,80,N_Y_C,7.0,tail,color,shape,Y,T,C,5.666666666666667,1.333333333333333,1.333333333333333,N,Y,C,0,1,1
accommodate,80,T_Y_S,6.0,tail,color,shape,Y,T,C,6.666666666666667,-0.666666666666667,0.666666666666667,T,Y,S,1,1,0
accommodate,80,N_B_S,2.0,tail,color,shape,Y,T,C,1.6666666666666667,0.33333333333333326,0.33333333333333326,N,B,S,0,0,0
accommodate,80,T_B_C,6.0,tail,color,shape,Y,T,C,4.666666666666667,1.333333333333333,1.333333333333333,T,B,C,1,0,1
accommodate,116,T_Y_S,7.0,color,shape,tail,Y,N,S,7.333333333333333,-0.33333333333333304,0.33333333333333304,T,Y,S,0,1,1
accommodate,116,N_Y_S,9.0,color,shape,tail,Y,N,S,7.0,2.0,2.0,N,Y,S,1,1,1
accommodate,116,T_Y_C,6.0,color,shape,tail,Y,N,S,6.0,0.0,0.0,T,Y,C,0,1,0
accommodate,116,N_B_S,6.0,color,shape,tail,Y,N,S,5.333333333333333,0.666666666666667,0.666666666666667,N,B,S,1,0,1
accommodate,116,N_B_C,2.0,color,shape,tail,Y,N,S,2.6666666666666665,-0.6666666666666665,0.6666666666666665,N,B,C,1,0,0
accommodate,116,T_B_C,3.0,color,shape,tail,Y,N,S,2.6666666666666665,0.3333333333333335,0.3333333333333335,T,B,C,0,0,0
accommodate,116,N_Y_C,8.0,color,shape,tail,Y,N,S,6.0,2.0,2.0,N,Y,C,1,1,0
accommodate,116,T_B_S,4.0,color,shape,tail,Y,N,S,4.666666666666667,-0.666666666666667,0.666666666666667,T,B,S,0,0,1
accommodate,81,N_Y_C,6.0,tail,color,shape,B,N,C,5.0,1.0,1.0,N,Y,C,1,0,1
accommodate,81,T_Y_C,3.0,tail,color,shape,B,N,C,4.666666666666667,-1.666666666666667,1.666666666666667,T,Y,C,0,0,1
accommodate,81,T_Y_S,3.0,tail,color,shape,B,N,C,3.3333333333333335,-0.3333333333333335,0.3333333333333335,T,Y,S,0,0,0
accommodate,81,N_B_C,6.0,tail,color,shape,B,N,C,7.0,-1.0,1.0,N,B,C,1,1,1
accommodate,81,T_B_S,5.0,tail,color,shape,B,N,C,5.666666666666667,-0.666666666666667,0.666666666666667,T,B,S,0,1,0
accommodate,81,N_Y_S,5.0,tail,color,shape,B,N,C,4.333333333333333,0.666666666666667,0.666666666666667,N,Y,S,1,0,0
accommodate,81,N_B_S,7.0,tail,color,shape,B,N,C,7.333333333333333,-0.33333333333333304,0.33333333333333304,N,B,S,1,1,0
accommodate,81,T_B_C,4.0,tail,color,shape,B,N,C,4.666666666666667,-0.666666666666667,0.666666666666667,T,B,C,0,1,1
accommodate,83,N_Y_S,7.0,shape,tail,color,B,N,S,5.666666666666667,1.333333333333333,1.333333333333333,N,Y,S,1,0,1
accommodate,83,N_B_S,6.0,shape,tail,color,B,N,S,6.666666666666667,-0.666666666666667,0.666666666666667,N,B,S,1,1,1
accommodate,83,N_Y_C,6.0,shape,tail,color,B,N,S,5.0,1.0,1.0,N,Y,C,1,0,0
accommodate,83,T_Y_S,6.0,shape,tail,color,B,N,S,4.666666666666667,1.333333333333333,1.333333333333333,T,Y,S,0,0,1
accommodate,83,T_B_C,3.0,shape,tail,color,B,N,S,3.0,0.0,0.0,T,B,C,0,1,0
accommodate,83,T_Y_C,4.0,shape,tail,color,B,N,S,2.3333333333333335,1.6666666666666665,1.6666666666666665,T,Y,C,0,0,0
accommodate,83,T_B_S,4.0,shape,tail,color,B,N,S,4.0,0.0,0.0,T,B,S,0,1,1
accommodate,83,N_B_C,5.0,shape,tail,color,B,N,S,4.333333333333333,0.666666666666667,0.666666666666667,N,B,C,1,1,0
accommodate,57,T_B_S,7.0,color,tail,shape,B,N,S,6.0,1.0,1.0,T,B,S,0,1,1
accommodate,57,T_Y_C,4.0,color,tail,shape,B,N,S,3.3333333333333335,0.6666666666666665,0.6666666666666665,T,Y,C,0,0,0
accommodate,57,N_B_C,8.0,color,tail,shape,B,N,S,7.0,1.0,1.0,N,B,C,1,1,0
accommodate,57,N_Y_S,4.0,color,tail,shape,B,N,S,6.666666666666667,-2.666666666666667,2.666666666666667,N,Y,S,1,0,1
accommodate,57,T_B_C,8.0,color,tail,shape,B,N,S,6.333333333333333,1.666666666666667,1.666666666666667,T,B,C,0,1,0
accommodate,57,N_Y_C,8.0,color,tail,shape,B,N,S,4.666666666666667,3.333333333333333,3.333333333333333,N,Y,C,1,0,0
accommodate,57,T_Y_S,3.0,color,tail,shape,B,N,S,1.6666666666666667,1.3333333333333333,1.3333333333333333,T,Y,S,0,0,1
accommodate,57,N_B_S,7.0,color,tail,shape,B,N,S,7.0,0.0,0.0,N,B,S,1,1,1
accommodate,36,N_Y_C,2.0,shape,color,tail,B,N,S,2.6666666666666665,-0.6666666666666665,0.6666666666666665,N,Y,C,1,0,0
accommodate,36,T_Y_S,7.0,shape,color,tail,B,N,S,5.666666666666667,1.333333333333333,1.333333333333333,T,Y,S,0,0,1
accommodate,36,T_B_S,10.0,shape,color,tail,B,N,S,5.666666666666667,4.333333333333333,4.333333333333333,T,B,S,0,1,1
accommodate,36,N_B_C,4.0,shape,color,tail,B,N,S,5.0,-1.0,1.0,N,B,C,1,1,0
accommodate,36,T_Y_C,4.0,shape,color,tail,B,N,S,2.0,2.0,2.0,T,Y,C,0,0,0
accommodate,36,N_Y_S,5.0,shape,color,tail,B,N,S,6.0,-1.0,1.0,N,Y,S,1,0,1
accommodate,36,T_B_C,7.0,shape,color,tail,B,N,S,4.666666666666667,2.333333333333333,2.333333333333333,T,B,C,0,1,0
accommodate,36,N_B_S,5.0,shape,color,tail,B,N,S,7.666666666666667,-2.666666666666667,2.666666666666667,N,B,S,1,1,1
accommodate,105,T_B_S,4.0,tail,shape,color,B,N,C,4.333333333333333,-0.33333333333333304,0.33333333333333304,T,B,S,0,1,0
accommodate,105,N_Y_S,3.0,tail,shape,color,B,N,C,3.3333333333333335,-0.3333333333333335,0.3333333333333335,N,Y,S,1,0,0
accommodate,105,N_Y_C,5.0,tail,shape,color,B,N,C,6.333333333333333,-1.333333333333333,1.333333333333333,N,Y,C,1,0,1
accommodate,105,N_B_C,6.0,tail,shape,color,B,N,C,7.333333333333333,-1.333333333333333,1.333333333333333,N,B,C,1,1,1
accommodate,105,T_B_C,7.0,tail,shape,color,B,N,C,4.666666666666667,2.333333333333333,2.333333333333333,T,B,C,0,1,1
accommodate,105,T_Y_C,6.0,tail,shape,color,B,N,C,4.666666666666667,1.333333333333333,1.333333333333333,T,Y,C,0,0,1
accommodate,105,T_Y_S,4.0,tail,shape,color,B,N,C,3.0,1.0,1.0,T,Y,S,0,0,0
accommodate,105,N_B_S,5.0,tail,shape,color,B,N,C,4.666666666666667,0.33333333333333304,0.33333333333333304,N,B,S,1,1,0
accommodate,73,T_B_S,7.0,shape,tail,color,Y,N,S,5.666666666666667,1.333333333333333,1.333333333333333,T,B,S,0,0,1
accommodate,73,N_B_C,3.0,shape,tail,color,Y,N,S,4.0,-1.0,1.0,N,B,C,1,0,0
accommodate,73,N_B_S,7.0,shape,tail,color,Y,N,S,6.0,1.0,1.0,N,B,S,1,0,1
accommodate,73,T_Y_S,7.0,shape,tail,color,Y,N,S,3.3333333333333335,3.6666666666666665,3.6666666666666665,T,Y,S,0,1,1
accommodate,73,T_B_C,3.0,shape,tail,color,Y,N,S,3.6666666666666665,-0.6666666666666665,0.6666666666666665,T,B,C,0,0,0
accommodate,73,T_Y_C,4.0,shape,tail,color,Y,N,S,3.6666666666666665,0.3333333333333335,0.3333333333333335,T,Y,C,0,1,0
accommodate,73,N_Y_S,7.0,shape,tail,color,Y,N,S,8.333333333333334,-1.333333333333334,1.333333333333334,N,Y,S,1,1,1
accommodate,73,N_Y_C,4.0,shape,tail,color,Y,N,S,4.666666666666667,-0.666666666666667,0.666666666666667,N,Y,C,1,1,0
accommodate,52,T_B_C,8.0,shape,tail,color,Y,N,S,2.6666666666666665,5.333333333333334,5.333333333333334,T,B,C,0,0,0
accommodate,52,N_B_S,8.0,shape,tail,color,Y,N,S,7.666666666666667,0.33333333333333304,0.33333333333333304,N,B,S,1,0,1
accommodate,52,T_Y_C,5.0,shape,tail,color,Y,N,S,3.3333333333333335,1.6666666666666665,1.6666666666666665,T,Y,C,0,1,0
accommodate,52,T_Y_S,6.0,shape,tail,color,Y,N,S,4.666666666666667,1.333333333333333,1.333333333333333,T,Y,S,0,1,1
accommodate,52,T_B_S,7.0,shape,tail,color,Y,N,S,5.333333333333333,1.666666666666667,1.666666666666667,T,B,S,0,0,1
accommodate,52,N_Y_C,6.0,shape,tail,color,Y,N,S,6.333333333333333,-0.33333333333333304,0.33333333333333304,N,Y,C,1,1,0
accommodate,52,N_B_C,4.0,shape,tail,color,Y,N,S,4.333333333333333,-0.33333333333333304,0.33333333333333304,N,B,C,1,0,0
accommodate,52,N_Y_S,6.0,shape,tail,color,Y,N,S,8.0,-2.0,2.0,N,Y,S,1,1,1
accommodate,117,T_Y_S,9.0,color,shape,tail,Y,T,S,7.0,2.0,2.0,T,Y,S,1,1,1
accommodate,117,N_B_C,4.0,color,shape,tail,Y,T,S,3.3333333333333335,0.6666666666666665,0.6666666666666665,N,B,C,0,0,0
accommodate,117,N_Y_C,7.0,color,shape,tail,Y,T,S,6.333333333333333,0.666666666666667,0.666666666666667,N,Y,C,0,1,0
accommodate,117,N_B_S,4.0,color,shape,tail,Y,T,S,4.0,0.0,0.0,N,B,S,0,0,1
accommodate,117,T_B_S,1.0,color,shape,tail,Y,T,S,5.333333333333333,-4.333333333333333,4.333333333333333,T,B,S,1,0,1
accommodate,117,T_Y_C,8.0,color,shape,tail,Y,T,S,6.0,2.0,2.0,T,Y,C,1,1,0
accommodate,117,N_Y_S,9.0,color,shape,tail,Y,T,S,7.333333333333333,1.666666666666667,1.666666666666667,N,Y,S,0,1,1
accommodate,117,T_B_C,5.0,color,shape,tail,Y,T,S,3.0,2.0,2.0,T,B,C,1,0,0
accommodate,23,T_B_S,6.0,tail,shape,color,B,N,S,5.666666666666667,0.33333333333333304,0.33333333333333304,T,B,S,0,1,1
accommodate,23,T_B_C,4.0,tail,shape,color,B,N,S,3.3333333333333335,0.6666666666666665,0.6666666666666665,T,B,C,0,1,0
accommodate,23,N_B_C,6.0,tail,shape,color,B,N,S,5.666666666666667,0.33333333333333304,0.33333333333333304,N,B,C,1,1,0
accommodate,23,N_B_S,5.0,tail,shape,color,B,N,S,6.333333333333333,-1.333333333333333,1.333333333333333,N,B,S,1,1,1
accommodate,23,N_Y_S,7.0,tail,shape,color,B,N,S,7.333333333333333,-0.33333333333333304,0.33333333333333304,N,Y,S,1,0,1
accommodate,23,T_Y_C,2.0,tail,shape,color,B,N,S,2.0,0.0,0.0,T,Y,C,0,0,0
accommodate,23,T_Y_S,5.0,tail,shape,color,B,N,S,5.0,0.0,0.0,T,Y,S,0,0,1
accommodate,23,N_Y_C,6.0,tail,shape,color,B,N,S,5.666666666666667,0.33333333333333304,0.33333333333333304,N,Y,C,1,0,0
accommodate,8,T_Y_C,4.0,color,tail,shape,Y,N,S,4.333333333333333,-0.33333333333333304,0.33333333333333304,T,Y,C,0,1,0
accommodate,8,T_B_S,2.0,color,tail,shape,Y,N,S,3.3333333333333335,-1.3333333333333335,1.3333333333333335,T,B,S,0,0,1
accommodate,8,T_Y_S,7.0,color,tail,shape,Y,N,S,5.666666666666667,1.333333333333333,1.333333333333333,T,Y,S,0,1,1
accommodate,8,N_B_C,5.0,color,tail,shape,Y,N,S,5.666666666666667,-0.666666666666667,0.666666666666667,N,B,C,1,0,0
accommodate,8,T_B_C,2.0,color,tail,shape,Y,N,S,3.3333333333333335,-1.3333333333333335,1.3333333333333335,T,B,C,0,0,0
accommodate,8,N_B_S,5.0,color,tail,shape,Y,N,S,4.333333333333333,0.666666666666667,0.666666666666667,N,B,S,1,0,1
accommodate,8,N_Y_C,6.0,color,tail,shape,Y,N,S,6.0,0.0,0.0,N,Y,C,1,1,0
accommodate,8,N_Y_S,7.0,color,tail,shape,Y,N,S,7.0,0.0,0.0,N,Y,S,1,1,1
accommodate,123,N_B_C,7.0,shape,color,tail,B,T,C,7.333333333333333,-0.33333333333333304,0.33333333333333304,N,B,C,0,1,1
accommodate,123,T_Y_S,3.0,shape,color,tail,B,T,C,3.0,0.0,0.0,T,Y,S,1,0,0
accommodate,123,N_Y_C,3.0,shape,color,tail,B,T,C,4.333333333333333,-1.333333333333333,1.333333333333333,N,Y,C,0,0,1
accommodate,123,T_B_S,8.0,shape,color,tail,B,T,C,4.666666666666667,3.333333333333333,3.333333333333333,T,B,S,1,1,0
accommodate,123,N_B_S,5.0,shape,color,tail,B,T,C,6.0,-1.0,1.0,N,B,S,0,1,0
accommodate,123,N_Y_S,2.0,shape,color,tail,B,T,C,2.3333333333333335,-0.3333333333333335,0.3333333333333335,N,Y,S,0,0,0
accommodate,123,T_Y_C,4.0,shape,color,tail,B,T,C,5.0,-1.0,1.0,T,Y,C,1,0,1
accommodate,123,T_B_C,9.0,shape,color,tail,B,T,C,8.0,1.0,1.0,T,B,C,1,1,1
accommodate,25,T_B_S,8.0,color,shape,tail,B,N,S,7.333333333333333,0.666666666666667,0.666666666666667,T,B,S,0,1,1
accommodate,25,T_Y_C,4.0,color,shape,tail,B,N,S,4.0,0.0,0.0,T,Y,C,0,0,0
accommodate,25,N_Y_C,5.0,color,shape,tail,B,N,S,3.0,2.0,2.0,N,Y,C,1,0,0
accommodate,25,N_B_C,5.0,color,shape,tail,B,N,S,5.666666666666667,-0.666666666666667,0.666666666666667,N,B,C,1,1,0
accommodate,25,N_Y_S,5.0,color,shape,tail,B,N,S,4.333333333333333,0.666666666666667,0.666666666666667,N,Y,S,1,0,1
accommodate,25,T_Y_S,4.0,color,shape,tail,B,N,S,4.333333333333333,-0.33333333333333304,0.33333333333333304,T,Y,S,0,0,1
accommodate,25,T_B_C,7.0,color,shape,tail,B,N,S,3.0,4.0,4.0,T,B,C,0,1,0
accommodate,25,N_B_S,6.0,color,shape,tail,B,N,S,7.0,-1.0,1.0,N,B,S,1,1,1
accommodate,3,T_B_S,7.0,shape,tail,color,Y,N,S,5.0,2.0,2.0,T,B,S,0,0,1
accommodate,3,N_B_S,7.0,shape,tail,color,Y,N,S,7.333333333333333,-0.33333333333333304,0.33333333333333304,N,B,S,1,0,1
accommodate,3,N_B_C,4.0,shape,tail,color,Y,N,S,5.0,-1.0,1.0,N,B,C,1,0,0
accommodate,3,T_Y_C,4.0,shape,tail,color,Y,N,S,3.6666666666666665,0.3333333333333335,0.3333333333333335,T,Y,C,0,1,0
accommodate,3,N_Y_S,5.0,shape,tail,color,Y,N,S,7.666666666666667,-2.666666666666667,2.666666666666667,N,Y,S,1,1,1
accommodate,3,T_Y_S,6.0,shape,tail,color,Y,N,S,5.666666666666667,0.33333333333333304,0.33333333333333304,T,Y,S,0,1,1
accommodate,3,T_B_C,4.0,shape,tail,color,Y,N,S,3.0,1.0,1.0,T,B,C,0,0,0
accommodate,3,N_Y_C,3.0,shape,tail,color,Y,N,S,4.666666666666667,-1.666666666666667,1.666666666666667,N,Y,C,1,1,0
accommodate,76,T_B_C,4.0,color,shape,tail,B,T,S,5.0,-1.0,1.0,T,B,C,1,1,0
accommodate,76,T_Y_S,5.0,color,shape,tail,B,T,S,4.666666666666667,0.33333333333333304,0.33333333333333304,T,Y,S,1,0,1
accommodate,76,N_Y_S,5.0,color,shape,tail,B,T,S,5.0,0.0,0.0,N,Y,S,0,0,1
accommodate,76,N_B_S,4.0,color,shape,tail,B,T,S,4.666666666666667,-0.666666666666667,0.666666666666667,N,B,S,0,1,1
accommodate,76,N_Y_C,5.0,color,shape,tail,B,T,S,3.6666666666666665,1.3333333333333335,1.3333333333333335,N,Y,C,0,0,0
accommodate,76,T_Y_C,1.0,color,shape,tail,B,T,S,2.0,-1.0,1.0,T,Y,C,1,0,0
accommodate,76,T_B_S,6.0,color,shape,tail,B,T,S,6.666666666666667,-0.666666666666667,0.666666666666667,T,B,S,1,1,1
accommodate,76,N_B_C,3.0,color,shape,tail,B,T,S,3.3333333333333335,-0.3333333333333335,0.3333333333333335,N,B,C,0,1,0
accommodate,18,T_B_C,8.0,tail,shape,color,B,T,S,6.0,2.0,2.0,T,B,C,1,1,0
accommodate,18,N_Y_C,4.0,tail,shape,color,B,T,S,3.3333333333333335,0.6666666666666665,0.6666666666666665,N,Y,C,0,0,0
accommodate,18,T_B_S,7.0,tail,shape,color,B,T,S,7.333333333333333,-0.33333333333333304,0.33333333333333304,T,B,S,1,1,1
accommodate,18,T_Y_C,8.0,tail,shape,color,B,T,S,4.0,4.0,4.0,T,Y,C,1,0,0
accommodate,18,T_Y_S,9.0,tail,shape,color,B,T,S,7.333333333333333,1.666666666666667,1.666666666666667,T,Y,S,1,0,1
accommodate,18,N_B_S,4.0,tail,shape,color,B,T,S,4.666666666666667,-0.666666666666667,0.666666666666667,N,B,S,0,1,1
accommodate,18,N_Y_S,4.0,tail,shape,color,B,T,S,5.333333333333333,-1.333333333333333,1.333333333333333,N,Y,S,0,0,1
accommodate,18,N_B_C,5.0,tail,shape,color,B,T,S,3.3333333333333335,1.6666666666666665,1.6666666666666665,N,B,C,0,1,0
accommodate,82,N_Y_C,5.0,tail,color,shape,Y,N,S,6.0,-1.0,1.0,N,Y,C,1,1,0
accommodate,82,T_Y_S,4.0,tail,color,shape,Y,N,S,6.0,-2.0,2.0,T,Y,S,0,1,1
accommodate,82,N_B_S,4.0,tail,color,shape,Y,N,S,5.0,-1.0,1.0,N,B,S,1,0,1
accommodate,82,N_Y_S,4.0,tail,color,shape,Y,N,S,6.666666666666667,-2.666666666666667,2.666666666666667,N,Y,S,1,1,1
accommodate,82,T_Y_C,6.0,tail,color,shape,Y,N,S,5.666666666666667,0.33333333333333304,0.33333333333333304,T,Y,C,0,1,0
accommodate,82,T_B_S,4.0,tail,color,shape,Y,N,S,3.0,1.0,1.0,T,B,S,0,0,1
accommodate,82,N_B_C,6.0,tail,color,shape,Y,N,S,4.666666666666667,1.333333333333333,1.333333333333333,N,B,C,1,0,0
accommodate,82,T_B_C,7.0,tail,color,shape,Y,N,S,2.6666666666666665,4.333333333333334,4.333333333333334,T,B,C,0,0,0
accommodate,48,T_B_C,7.0,shape,color,tail,B,N,C,7.333333333333333,-0.33333333333333304,0.33333333333333304,T,B,C,0,1,1
accommodate,48,T_Y_S,3.0,shape,color,tail,B,N,C,2.0,1.0,1.0,T,Y,S,0,0,0
accommodate,48,N_B_C,6.0,shape,color,tail,B,N,C,7.333333333333333,-1.333333333333333,1.333333333333333,N,B,C,1,1,1
accommodate,48,T_Y_C,5.0,shape,color,tail,B,N,C,5.666666666666667,-0.666666666666667,0.666666666666667,T,Y,C,0,0,1
accommodate,48,N_Y_C,8.0,shape,color,tail,B,N,C,6.333333333333333,1.666666666666667,1.666666666666667,N,Y,C,1,0,1
accommodate,48,N_B_S,5.0,shape,color,tail,B,N,C,5.0,0.0,0.0,N,B,S,1,1,0
accommodate,48,T_B_S,5.0,shape,color,tail,B,N,C,5.666666666666667,-0.666666666666667,0.666666666666667,T,B,S,0,1,0
accommodate,48,N_Y_S,3.0,shape,color,tail,B,N,C,3.0,0.0,0.0,N,Y,S,1,0,0
accommodate,115,N_Y_S,9.0,tail,shape,color,Y,N,S,7.333333333333333,1.666666666666667,1.666666666666667,N,Y,S,1,1,1
accommodate,115,N_B_S,7.0,tail,shape,color,Y,N,S,7.333333333333333,-0.33333333333333304,0.33333333333333304,N,B,S,1,0,1
accommodate,115,N_Y_C,4.0,tail,shape,color,Y,N,S,6.0,-2.0,2.0,N,Y,C,1,1,0
accommodate,115,N_B_C,5.0,tail,shape,color,Y,N,S,5.666666666666667,-0.666666666666667,0.666666666666667,N,B,C,1,0,0
accommodate,115,T_B_C,3.0,tail,shape,color,Y,N,S,3.6666666666666665,-0.6666666666666665,0.6666666666666665,T,B,C,0,0,0
accommodate,115,T_Y_S,6.0,tail,shape,color,Y,N,S,6.0,0.0,0.0,T,Y,S,0,1,1
accommodate,115,T_Y_C,3.0,tail,shape,color,Y,N,S,3.6666666666666665,-0.6666666666666665,0.6666666666666665,T,Y,C,0,1,0
accommodate,115,T_B_S,5.0,tail,shape,color,Y,N,S,4.0,1.0,1.0,T,B,S,0,0,1
accommodate,66,N_Y_S,1.0,shape,tail,color,B,T,C,2.6666666666666665,-1.6666666666666665,1.6666666666666665,N,Y,S,0,0,0
accommodate,66,T_Y_S,3.0,shape,tail,color,B,T,C,4.0,-1.0,1.0,T,Y,S,1,0,0
accommodate,66,T_B_S,3.0,shape,tail,color,B,T,C,4.0,-1.0,1.0,T,B,S,1,1,0
accommodate,66,N_B_C,5.0,shape,tail,color,B,T,C,4.333333333333333,0.666666666666667,0.666666666666667,N,B,C,0,1,1
accommodate,66,N_Y_C,5.0,shape,tail,color,B,T,C,3.6666666666666665,1.3333333333333335,1.3333333333333335,N,Y,C,0,0,1
accommodate,66,N_B_S,1.0,shape,tail,color,B,T,C,2.6666666666666665,-1.6666666666666665,1.6666666666666665,N,B,S,0,1,0
accommodate,66,T_Y_C,7.0,shape,tail,color,B,T,C,6.333333333333333,0.666666666666667,0.666666666666667,T,Y,C,1,0,1
accommodate,66,T_B_C,7.0,shape,tail,color,B,T,C,8.0,-1.0,1.0,T,B,C,1,1,1
accommodate,146,T_B_C,4.0,color,shape,tail,Y,N,S,3.0,1.0,1.0,T,B,C,0,0,0
accommodate,146,T_Y_C,5.0,color,shape,tail,Y,N,S,4.333333333333333,0.666666666666667,0.666666666666667,T,Y,C,0,1,0
accommodate,146,T_Y_S,6.0,color,shape,tail,Y,N,S,7.666666666666667,-1.666666666666667,1.666666666666667,T,Y,S,0,1,1
accommodate,146,N_B_S,5.0,color,shape,tail,Y,N,S,5.0,0.0,0.0,N,B,S,1,0,1
accommodate,146,T_B_S,4.0,color,shape,tail,Y,N,S,4.333333333333333,-0.33333333333333304,0.33333333333333304,T,B,S,0,0,1
accommodate,146,N_Y_C,5.0,color,shape,tail,Y,N,S,4.333333333333333,0.666666666666667,0.666666666666667,N,Y,C,1,1,0
accommodate,146,N_B_C,4.0,color,shape,tail,Y,N,S,3.3333333333333335,0.6666666666666665,0.6666666666666665,N,B,C,1,0,0
accommodate,146,N_Y_S,8.0,color,shape,tail,Y,N,S,8.0,0.0,0.0,N,Y,S,1,1,1
accommodate,126,N_Y_C,4.0,color,shape,tail,B,T,C,4.666666666666667,-0.666666666666667,0.666666666666667,N,Y,C,0,0,1
accommodate,126,N_B_C,8.0,color,shape,tail,B,T,C,7.0,1.0,1.0,N,B,C,0,1,1
accommodate,126,T_Y_C,7.0,color,shape,tail,B,T,C,5.666666666666667,1.333333333333333,1.333333333333333,T,Y,C,1,0,1
accommodate,126,T_B_C,7.0,color,shape,tail,B,T,C,6.666666666666667,0.33333333333333304,0.33333333333333304,T,B,C,1,1,1
accommodate,126,N_Y_S,4.0,color,shape,tail,B,T,C,2.6666666666666665,1.3333333333333335,1.3333333333333335,N,Y,S,0,0,0
accommodate,126,N_B_S,7.0,color,shape,tail,B,T,C,6.0,1.0,1.0,N,B,S,0,1,0
accommodate,126,T_Y_S,6.0,color,shape,tail,B,T,C,4.333333333333333,1.666666666666667,1.666666666666667,T,Y,S,1,0,0
accommodate,126,T_B_S,7.0,color,shape,tail,B,T,C,5.666666666666667,1.333333333333333,1.333333333333333,T,B,S,1,1,0
accommodate,49,N_B_C,3.0,color,tail,shape,Y,T,S,3.6666666666666665,-0.6666666666666665,0.6666666666666665,N,B,C,0,0,0
accommodate,49,N_Y_S,6.0,color,tail,shape,Y,T,S,4.666666666666667,1.333333333333333,1.333333333333333,N,Y,S,0,1,1
accommodate,49,T_B_C,5.0,color,tail,shape,Y,T,S,4.0,1.0,1.0,T,B,C,1,0,0
accommodate,49,T_B_S,3.0,color,tail,shape,Y,T,S,4.333333333333333,-1.333333333333333,1.333333333333333,T,B,S,1,0,1
accommodate,49,N_B_S,3.0,color,tail,shape,Y,T,S,2.6666666666666665,0.3333333333333335,0.3333333333333335,N,B,S,0,0,1
accommodate,49,N_Y_C,8.0,color,tail,shape,Y,T,S,5.0,3.0,3.0,N,Y,C,0,1,0
accommodate,49,T_Y_S,7.0,color,tail,shape,Y,T,S,7.666666666666667,-0.666666666666667,0.666666666666667,T,Y,S,1,1,1
accommodate,49,T_Y_C,8.0,color,tail,shape,Y,T,S,6.0,2.0,2.0,T,Y,C,1,1,0
accommodate,135,T_B_C,3.0,color,shape,tail,Y,T,S,3.6666666666666665,-0.6666666666666665,0.6666666666666665,T,B,C,1,0,0
accommodate,135,T_B_S,5.0,color,shape,tail,Y,T,S,5.333333333333333,-0.33333333333333304,0.33333333333333304,T,B,S,1,0,1
accommodate,135,T_Y_S,7.0,color,shape,tail,Y,T,S,6.0,1.0,1.0,T,Y,S,1,1,1
accommodate,135,T_Y_C,3.0,color,shape,tail,Y,T,S,4.666666666666667,-1.666666666666667,1.666666666666667,T,Y,C,1,1,0
accommodate,135,N_B_C,4.0,color,shape,tail,Y,T,S,4.0,0.0,0.0,N,B,C,0,0,0
accommodate,135,N_B_S,6.0,color,shape,tail,Y,T,S,5.0,1.0,1.0,N,B,S,0,0,1
accommodate,135,N_Y_S,8.0,color,shape,tail,Y,T,S,6.333333333333333,1.666666666666667,1.666666666666667,N,Y,S,0,1,1
accommodate,135,N_Y_C,5.0,color,shape,tail,Y,T,S,3.6666666666666665,1.3333333333333335,1.3333333333333335,N,Y,C,0,1,0
accommodate,144,T_B_S,8.0,tail,color,shape,B,T,S,8.666666666666666,-0.6666666666666661,0.6666666666666661,T,B,S,1,1,1
accommodate,144,N_B_C,4.0,tail,color,shape,B,T,S,4.0,0.0,0.0,N,B,C,0,1,0
accommodate,144,T_Y_C,5.0,tail,color,shape,B,T,S,3.3333333333333335,1.6666666666666665,1.6666666666666665,T,Y,C,1,0,0
accommodate,144,T_Y_S,8.0,tail,color,shape,B,T,S,3.6666666666666665,4.333333333333334,4.333333333333334,T,Y,S,1,0,1
accommodate,144,N_Y_S,3.0,tail,color,shape,B,T,S,3.3333333333333335,-0.3333333333333335,0.3333333333333335,N,Y,S,0,0,1
accommodate,144,T_B_C,5.0,tail,color,shape,B,T,S,6.0,-1.0,1.0,T,B,C,1,1,0
accommodate,144,N_Y_C,3.0,tail,color,shape,B,T,S,4.0,-1.0,1.0,N,Y,C,0,0,0
accommodate,144,N_B_S,5.0,tail,color,shape,B,T,S,5.0,0.0,0.0,N,B,S,0,1,1
accommodate,86,T_Y_C,7.0,color,tail,shape,Y,N,C,4.333333333333333,2.666666666666667,2.666666666666667,T,Y,C,0,1,1
accommodate,86,N_B_S,3.0,color,tail,shape,Y,N,C,4.0,-1.0,1.0,N,B,S,1,0,0
accommodate,86,T_B_C,7.0,color,tail,shape,Y,N,C,3.6666666666666665,3.3333333333333335,3.3333333333333335,T,B,C,0,0,1
accommodate,86,N_B_C,3.0,color,tail,shape,Y,N,C,4.333333333333333,-1.333333333333333,1.333333333333333,N,B,C,1,0,1
accommodate,86,N_Y_C,9.0,color,tail,shape,Y,N,C,7.0,2.0,2.0,N,Y,C,1,1,1
accommodate,86,T_B_S,7.0,color,tail,shape,Y,N,C,2.3333333333333335,4.666666666666666,4.666666666666666,T,B,S,0,0,0
accommodate,86,N_Y_S,8.0,color,tail,shape,Y,N,C,7.0,1.0,1.0,N,Y,S,1,1,0
accommodate,86,T_Y_S,9.0,color,tail,shape,Y,N,C,4.666666666666667,4.333333333333333,4.333333333333333,T,Y,S,0,1,0
accommodate,5,T_Y_S,6.0,shape,tail,color,Y,N,S,5.666666666666667,0.33333333333333304,0.33333333333333304,T,Y,S,0,1,1
accommodate,5,N_B_S,5.0,shape,tail,color,Y,N,S,5.666666666666667,-0.666666666666667,0.666666666666667,N,B,S,1,0,1
accommodate,5,T_B_S,5.0,shape,tail,color,Y,N,S,6.0,-1.0,1.0,T,B,S,0,0,1
accommodate,5,N_B_C,4.0,shape,tail,color,Y,N,S,3.6666666666666665,0.3333333333333335,0.3333333333333335,N,B,C,1,0,0
accommodate,5,N_Y_C,5.0,shape,tail,color,Y,N,S,5.0,0.0,0.0,N,Y,C,1,1,0
accommodate,5,T_B_C,2.0,shape,tail,color,Y,N,S,2.0,0.0,0.0,T,B,C,0,0,0
accommodate,5,T_Y_C,4.0,shape,tail,color,Y,N,S,2.3333333333333335,1.6666666666666665,1.6666666666666665,T,Y,C,0,1,0
accommodate,5,N_Y_S,8.0,shape,tail,color,Y,N,S,7.0,1.0,1.0,N,Y,S,1,1,1
accommodate,72,T_B_S,6.0,shape,color,tail,B,N,C,4.666666666666667,1.333333333333333,1.333333333333333,T,B,S,0,1,0
accommodate,72,N_Y_S,4.0,shape,color,tail,B,N,C,3.3333333333333335,0.6666666666666665,0.6666666666666665,N,Y,S,1,0,0
accommodate,72,T_B_C,6.0,shape,color,tail,B,N,C,6.0,0.0,0.0,T,B,C,0,1,1
accommodate,72,T_Y_S,6.0,shape,color,tail,B,N,C,2.6666666666666665,3.3333333333333335,3.3333333333333335,T,Y,S,0,0,0
accommodate,72,N_Y_C,8.0,shape,color,tail,B,N,C,5.666666666666667,2.333333333333333,2.333333333333333,N,Y,C,1,0,1
accommodate,72,T_Y_C,4.0,shape,color,tail,B,N,C,4.0,0.0,0.0,T,Y,C,0,0,1
accommodate,72,N_B_C,4.0,shape,color,tail,B,N,C,7.333333333333333,-3.333333333333333,3.333333333333333,N,B,C,1,1,1
accommodate,72,N_B_S,7.0,shape,color,tail,B,N,C,4.666666666666667,2.333333333333333,2.333333333333333,N,B,S,1,1,0
accommodate,30,T_Y_S,6.0,shape,color,tail,Y,N,S,6.666666666666667,-0.666666666666667,0.666666666666667,T,Y,S,0,1,1
accommodate,30,N_B_S,6.0,shape,color,tail,Y,N,S,6.333333333333333,-0.33333333333333304,0.33333333333333304,N,B,S,1,0,1
accommodate,30,N_B_C,3.0,shape,color,tail,Y,N,S,2.6666666666666665,0.3333333333333335,0.3333333333333335,N,B,C,1,0,0
accommodate,30,N_Y_S,8.0,shape,color,tail,Y,N,S,8.0,0.0,0.0,N,Y,S,1,1,1
accommodate,30,T_B_S,5.0,shape,color,tail,Y,N,S,4.666666666666667,0.33333333333333304,0.33333333333333304,T,B,S,0,0,1
accommodate,30,N_Y_C,5.0,shape,color,tail,Y,N,S,4.666666666666667,0.33333333333333304,0.33333333333333304,N,Y,C,1,1,0
accommodate,30,T_B_C,3.0,shape,color,tail,Y,N,S,3.0,0.0,0.0,T,B,C,0,0,0
accommodate,30,T_Y_C,4.0,shape,color,tail,Y,N,S,5.666666666666667,-1.666666666666667,1.666666666666667,T,Y,C,0,1,0
accommodate,64,N_B_S,4.0,color,shape,tail,B,N,S,8.333333333333334,-4.333333333333334,4.333333333333334,N,B,S,1,1,1
accommodate,64,N_B_C,6.0,color,shape,tail,B,N,S,4.333333333333333,1.666666666666667,1.666666666666667,N,B,C,1,1,0
accommodate,64,T_B_C,3.0,color,shape,tail,B,N,S,4.0,-1.0,1.0,T,B,C,0,1,0
accommodate,64,T_B_S,5.0,color,shape,tail,B,N,S,5.333333333333333,-0.33333333333333304,0.33333333333333304,T,B,S,0,1,1
accommodate,64,T_Y_C,6.0,color,shape,tail,B,N,S,4.666666666666667,1.333333333333333,1.333333333333333,T,Y,C,0,0,0
accommodate,64,N_Y_S,3.0,color,shape,tail,B,N,S,5.0,-2.0,2.0,N,Y,S,1,0,1
accommodate,64,N_Y_C,8.0,color,shape,tail,B,N,S,4.333333333333333,3.666666666666667,3.666666666666667,N,Y,C,1,0,0
accommodate,64,T_Y_S,7.0,color,shape,tail,B,N,S,4.666666666666667,2.333333333333333,2.333333333333333,T,Y,S,0,0,1
accommodate,127,N_B_C,8.0,shape,color,tail,Y,T,C,4.0,4.0,4.0,N,B,C,0,0,1
accommodate,127,T_B_C,8.0,shape,color,tail,Y,T,C,5.666666666666667,2.333333333333333,2.333333333333333,T,B,C,1,0,1
accommodate,127,N_Y_S,3.0,shape,color,tail,Y,T,C,4.0,-1.0,1.0,N,Y,S,0,1,0
accommodate,127,N_B_S,4.0,shape,color,tail,Y,T,C,2.0,2.0,2.0,N,B,S,0,0,0
accommodate,127,T_B_S,2.0,shape,color,tail,Y,T,C,3.0,-1.0,1.0,T,B,S,1,0,0
accommodate,127,T_Y_C,9.0,shape,color,tail,Y,T,C,7.666666666666667,1.333333333333333,1.333333333333333,T,Y,C,1,1,1
accommodate,127,N_Y_C,9.0,shape,color,tail,Y,T,C,8.333333333333334,0.6666666666666661,0.6666666666666661,N,Y,C,0,1,1
accommodate,127,T_Y_S,5.0,shape,color,tail,Y,T,C,5.0,0.0,0.0,T,Y,S,1,1,0
accommodate,125,N_Y_C,4.0,shape,tail,color,B,T,C,4.333333333333333,-0.33333333333333304,0.33333333333333304,N,Y,C,0,0,1
accommodate,125,N_Y_S,2.0,shape,tail,color,B,T,C,3.3333333333333335,-1.3333333333333335,1.3333333333333335,N,Y,S,0,0,0
accommodate,125,T_Y_C,6.0,shape,tail,color,B,T,C,6.666666666666667,-0.666666666666667,0.666666666666667,T,Y,C,1,0,1
accommodate,125,N_B_C,4.0,shape,tail,color,B,T,C,4.666666666666667,-0.666666666666667,0.666666666666667,N,B,C,0,1,1
accommodate,125,T_Y_S,5.0,shape,tail,color,B,T,C,4.666666666666667,0.33333333333333304,0.33333333333333304,T,Y,S,1,0,0
accommodate,125,T_B_S,6.0,shape,tail,color,B,T,C,4.0,2.0,2.0,T,B,S,1,1,0
accommodate,125,N_B_S,4.0,shape,tail,color,B,T,C,4.333333333333333,-0.33333333333333304,0.33333333333333304,N,B,S,0,1,0
accommodate,125,T_B_C,8.0,shape,tail,color,B,T,C,6.333333333333333,1.666666666666667,1.666666666666667,T,B,C,1,1,1
accommodate,100,N_Y_S,6.0,color,tail,shape,Y,N,C,6.666666666666667,-0.666666666666667,0.666666666666667,N,Y,S,1,1,0
accommodate,100,T_B_S,4.0,color,tail,shape,Y,N,C,3.0,1.0,1.0,T,B,S,0,0,0
accommodate,100,T_B_C,4.0,color,tail,shape,Y,N,C,2.6666666666666665,1.3333333333333335,1.3333333333333335,T,B,C,0,0,1
accommodate,100,N_B_C,5.0,color,tail,shape,Y,N,C,5.0,0.0,0.0,N,B,C,1,0,1
accommodate,100,T_Y_C,5.0,color,tail,shape,Y,N,C,5.333333333333333,-0.33333333333333304,0.33333333333333304,T,Y,C,0,1,1
accommodate,100,T_Y_S,6.0,color,tail,shape,Y,N,C,5.333333333333333,0.666666666666667,0.666666666666667,T,Y,S,0,1,0
accommodate,100,N_Y_C,6.0,color,tail,shape,Y,N,C,7.0,-1.0,1.0,N,Y,C,1,1,1
accommodate,100,N_B_S,5.0,color,tail,shape,Y,N,C,4.333333333333333,0.666666666666667,0.666666666666667,N,B,S,1,0,0
accommodate,34,N_B_C,7.0,tail,shape,color,B,N,S,4.333333333333333,2.666666666666667,2.666666666666667,N,B,C,1,1,0
accommodate,34,N_Y_S,6.0,tail,shape,color,B,N,S,6.666666666666667,-0.666666666666667,0.666666666666667,N,Y,S,1,0,1
accommodate,34,T_Y_S,3.0,tail,shape,color,B,N,S,6.0,-3.0,3.0,T,Y,S,0,0,1
accommodate,34,T_Y_C,3.0,tail,shape,color,B,N,S,2.3333333333333335,0.6666666666666665,0.6666666666666665,T,Y,C,0,0,0
accommodate,34,T_B_S,5.0,tail,shape,color,B,N,S,5.666666666666667,-0.666666666666667,0.666666666666667,T,B,S,0,1,1
accommodate,34,N_Y_C,5.0,tail,shape,color,B,N,S,6.0,-1.0,1.0,N,Y,C,1,0,0
accommodate,34,T_B_C,6.0,tail,shape,color,B,N,S,3.0,3.0,3.0,T,B,C,0,1,0
accommodate,34,N_B_S,7.0,tail,shape,color,B,N,S,8.333333333333334,-1.333333333333334,1.333333333333334,N,B,S,1,1,1
accommodate,22,N_Y_S,4.0,color,shape,tail,Y,N,C,5.0,-1.0,1.0,N,Y,S,1,1,0
accommodate,22,N_Y_C,7.0,color,shape,tail,Y,N,C,7.333333333333333,-0.33333333333333304,0.33333333333333304,N,Y,C,1,1,1
accommodate,22,N_B_S,2.0,color,shape,tail,Y,N,C,1.6666666666666667,0.33333333333333326,0.33333333333333326,N,B,S,1,0,0
accommodate,22,T_B_S,5.0,color,shape,tail,Y,N,C,2.3333333333333335,2.6666666666666665,2.6666666666666665,T,B,S,0,0,0
accommodate,22,T_B_C,6.0,color,shape,tail,Y,N,C,5.0,1.0,1.0,T,B,C,0,0,1
accommodate,22,N_B_C,9.0,color,shape,tail,Y,N,C,5.666666666666667,3.333333333333333,3.333333333333333,N,B,C,1,0,1
accommodate,22,T_Y_C,9.0,color,shape,tail,Y,N,C,6.666666666666667,2.333333333333333,2.333333333333333,T,Y,C,0,1,1
accommodate,22,T_Y_S,7.0,color,shape,tail,Y,N,C,5.0,2.0,2.0,T,Y,S,0,1,0
accommodate,107,N_B_C,4.0,color,tail,shape,Y,T,C,3.3333333333333335,0.6666666666666665,0.6666666666666665,N,B,C,0,0,1
accommodate,107,T_Y_S,7.0,color,tail,shape,Y,T,C,6.333333333333333,0.666666666666667,0.666666666666667,T,Y,S,1,1,0
accommodate,107,T_B_C,5.0,color,tail,shape,Y,T,C,6.0,-1.0,1.0,T,B,C,1,0,1
accommodate,107,T_Y_C,7.0,color,tail,shape,Y,T,C,7.0,0.0,0.0,T,Y,C,1,1,1
accommodate,107,N_Y_S,5.0,color,tail,shape,Y,T,C,4.0,1.0,1.0,N,Y,S,0,1,0
accommodate,107,T_B_S,5.0,color,tail,shape,Y,T,C,5.0,0.0,0.0,T,B,S,1,0,0
accommodate,107,N_B_S,3.0,color,tail,shape,Y,T,C,2.3333333333333335,0.6666666666666665,0.6666666666666665,N,B,S,0,0,0
accommodate,107,N_Y_C,3.0,color,tail,shape,Y,T,C,4.333333333333333,-1.333333333333333,1.333333333333333,N,Y,C,0,1,1
accommodate,31,T_Y_S,4.0,tail,color,shape,B,T,S,4.666666666666667,-0.666666666666667,0.666666666666667,T,Y,S,1,0,1
accommodate,31,T_B_S,9.0,tail,color,shape,B,T,S,8.333333333333334,0.6666666666666661,0.6666666666666661,T,B,S,1,1,1
accommodate,31,N_Y_C,3.0,tail,color,shape,B,T,S,3.3333333333333335,-0.3333333333333335,0.3333333333333335,N,Y,C,0,0,0
accommodate,31,N_Y_S,1.0,tail,color,shape,B,T,S,2.0,-1.0,1.0,N,Y,S,0,0,1
accommodate,31,N_B_S,3.0,tail,color,shape,B,T,S,6.0,-3.0,3.0,N,B,S,0,1,1
accommodate,31,T_B_C,4.0,tail,color,shape,B,T,S,7.0,-3.0,3.0,T,B,C,1,1,0
accommodate,31,T_Y_C,4.0,tail,color,shape,B,T,S,5.333333333333333,-1.333333333333333,1.333333333333333,T,Y,C,1,0,0
accommodate,31,N_B_C,5.0,tail,color,shape,B,T,S,4.333333333333333,0.666666666666667,0.666666666666667,N,B,C,0,1,0
accommodate,88,N_B_C,6.0,color,shape,tail,Y,N,S,2.6666666666666665,3.3333333333333335,3.3333333333333335,N,B,C,1,0,0
accommodate,88,T_B_S,8.0,color,shape,tail,Y,N,S,6.333333333333333,1.666666666666667,1.666666666666667,T,B,S,0,0,1
accommodate,88,T_B_C,2.0,color,shape,tail,Y,N,S,3.3333333333333335,-1.3333333333333335,1.3333333333333335,T,B,C,0,0,0
accommodate,88,N_Y_S,9.0,color,shape,tail,Y,N,S,6.666666666666667,2.333333333333333,2.333333333333333,N,Y,S,1,1,1
accommodate,88,T_Y_C,6.0,color,shape,tail,Y,N,S,3.3333333333333335,2.6666666666666665,2.6666666666666665,T,Y,C,0,1,0
accommodate,88,T_Y_S,2.0,color,shape,tail,Y,N,S,6.333333333333333,-4.333333333333333,4.333333333333333,T,Y,S,0,1,1
accommodate,88,N_B_S,9.0,color,shape,tail,Y,N,S,5.333333333333333,3.666666666666667,3.666666666666667,N,B,S,1,0,1
accommodate,88,N_Y_C,6.0,color,shape,tail,Y,N,S,6.0,0.0,0.0,N,Y,C,1,1,0
accommodate,84,T_B_S,5.0,tail,shape,color,Y,N,C,2.3333333333333335,2.6666666666666665,2.6666666666666665,T,B,S,0,0,0
accommodate,84,N_B_C,7.0,tail,shape,color,Y,N,C,7.0,0.0,0.0,N,B,C,1,0,1
accommodate,84,N_Y_C,7.0,tail,shape,color,Y,N,C,7.0,0.0,0.0,N,Y,C,1,1,1
accommodate,84,T_Y_C,7.0,tail,shape,color,Y,N,C,7.333333333333333,-0.33333333333333304,0.33333333333333304,T,Y,C,0,1,1
accommodate,84,N_Y_S,4.0,tail,shape,color,Y,N,C,4.333333333333333,-0.33333333333333304,0.33333333333333304,N,Y,S,1,1,0
accommodate,84,T_B_C,7.0,tail,shape,color,Y,N,C,5.666666666666667,1.333333333333333,1.333333333333333,T,B,C,0,0,1
accommodate,84,T_Y_S,4.0,tail,shape,color,Y,N,C,3.3333333333333335,0.6666666666666665,0.6666666666666665,T,Y,S,0,1,0
accommodate,84,N_B_S,4.0,tail,shape,color,Y,N,C,4.666666666666667,-0.666666666666667,0.666666666666667,N,B,S,1,0,0
accommodate,74,N_B_C,3.0,shape,tail,color,Y,N,C,7.0,-4.0,4.0,N,B,C,1,0,1
accommodate,74,T_B_S,7.0,shape,tail,color,Y,N,C,1.0,6.0,6.0,T,B,S,0,0,0
accommodate,74,N_B_S,6.0,shape,tail,color,Y,N,C,4.666666666666667,1.333333333333333,1.333333333333333,N,B,S,1,0,0
accommodate,74,N_Y_C,5.0,shape,tail,color,Y,N,C,6.333333333333333,-1.333333333333333,1.333333333333333,N,Y,C,1,1,1
accommodate,74,T_Y_S,6.0,shape,tail,color,Y,N,C,3.0,3.0,3.0,T,Y,S,0,1,0
accommodate,74,N_Y_S,3.0,shape,tail,color,Y,N,C,5.666666666666667,-2.666666666666667,2.666666666666667,N,Y,S,1,1,0
accommodate,74,T_B_C,4.0,shape,tail,color,Y,N,C,4.333333333333333,-0.33333333333333304,0.33333333333333304,T,B,C,0,0,1
accommodate,74,T_Y_C,4.0,shape,tail,color,Y,N,C,5.666666666666667,-1.666666666666667,1.666666666666667,T,Y,C,0,1,1
accommodate,121,T_B_C,5.0,color,shape,tail,B,N,S,6.0,-1.0,1.0,T,B,C,0,1,0
accommodate,121,T_Y_S,4.0,color,shape,tail,B,N,S,4.333333333333333,-0.33333333333333304,0.33333333333333304,T,Y,S,0,0,1
accommodate,121,N_B_C,6.0,color,shape,tail,B,N,S,4.666666666666667,1.333333333333333,1.333333333333333,N,B,C,1,1,0
accommodate,121,N_B_S,5.0,color,shape,tail,B,N,S,8.0,-3.0,3.0,N,B,S,1,1,1
accommodate,121,N_Y_S,5.0,color,shape,tail,B,N,S,5.333333333333333,-0.33333333333333304,0.33333333333333304,N,Y,S,1,0,1
accommodate,121,T_B_S,4.0,color,shape,tail,B,N,S,7.0,-3.0,3.0,T,B,S,0,1,1
accommodate,121,T_Y_C,4.0,color,shape,tail,B,N,S,3.0,1.0,1.0,T,Y,C,0,0,0
accommodate,121,N_Y_C,6.0,color,shape,tail,B,N,S,3.0,3.0,3.0,N,Y,C,1,0,0
accommodate,118,T_B_S,7.0,color,tail,shape,Y,N,S,3.0,4.0,4.0,T,B,S,0,0,1
accommodate,118,N_B_S,6.0,color,tail,shape,Y,N,S,4.0,2.0,2.0,N,B,S,1,0,1
accommodate,118,T_Y_S,4.0,color,tail,shape,Y,N,S,5.0,-1.0,1.0,T,Y,S,0,1,1
accommodate,118,N_Y_C,6.0,color,tail,shape,Y,N,S,7.333333333333333,-1.333333333333333,1.333333333333333,N,Y,C,1,1,0
accommodate,118,N_Y_S,3.0,color,tail,shape,Y,N,S,7.0,-4.0,4.0,N,Y,S,1,1,1
accommodate,118,T_B_C,8.0,color,tail,shape,Y,N,S,3.0,5.0,5.0,T,B,C,0,0,0
accommodate,118,T_Y_C,4.0,color,tail,shape,Y,N,S,4.333333333333333,-0.33333333333333304,0.33333333333333304,T,Y,C,0,1,0
accommodate,118,N_B_C,6.0,color,tail,shape,Y,N,S,4.333333333333333,1.666666666666667,1.666666666666667,N,B,C,1,0,0
accommodate,37,N_B_S,5.0,shape,tail,color,B,N,C,4.666666666666667,0.33333333333333304,0.33333333333333304,N,B,S,1,1,0
accommodate,37,N_B_C,4.0,shape,tail,color,B,N,C,6.333333333333333,-2.333333333333333,2.333333333333333,N,B,C,1,1,1
accommodate,37,T_B_C,3.0,shape,tail,color,B,N,C,5.333333333333333,-2.333333333333333,2.333333333333333,T,B,C,0,1,1
accommodate,37,T_B_S,5.0,shape,tail,color,B,N,C,3.0,2.0,2.0,T,B,S,0,1,0
accommodate,37,T_Y_S,8.0,shape,tail,color,B,N,C,2.3333333333333335,5.666666666666666,5.666666666666666,T,Y,S,0,0,0
accommodate,37,N_Y_C,7.0,shape,tail,color,B,N,C,7.333333333333333,-0.33333333333333304,0.33333333333333304,N,Y,C,1,0,1
accommodate,37,N_Y_S,7.0,shape,tail,color,B,N,C,3.6666666666666665,3.3333333333333335,3.3333333333333335,N,Y,S,1,0,0
accommodate,37,T_Y_C,4.0,shape,tail,color,B,N,C,5.333333333333333,-1.333333333333333,1.333333333333333,T,Y,C,0,0,1
accommodate,99,N_Y_S,8.0,tail,shape,color,Y,N,S,7.666666666666667,0.33333333333333304,0.33333333333333304,N,Y,S,1,1,1
accommodate,99,T_Y_S,6.0,tail,shape,color,Y,N,S,5.0,1.0,1.0,T,Y,S,0,1,1
accommodate,99,N_Y_C,5.0,tail,shape,color,Y,N,S,5.666666666666667,-0.666666666666667,0.666666666666667,N,Y,C,1,1,0
accommodate,99,N_B_S,6.0,tail,shape,color,Y,N,S,5.333333333333333,0.666666666666667,0.666666666666667,N,B,S,1,0,1
accommodate,99,T_B_C,3.0,tail,shape,color,Y,N,S,2.6666666666666665,0.3333333333333335,0.3333333333333335,T,B,C,0,0,0
accommodate,99,T_Y_C,5.0,tail,shape,color,Y,N,S,4.0,1.0,1.0,T,Y,C,0,1,0
accommodate,99,N_B_C,4.0,tail,shape,color,Y,N,S,4.666666666666667,-0.666666666666667,0.666666666666667,N,B,C,1,0,0
accommodate,99,T_B_S,5.0,tail,shape,color,Y,N,S,5.666666666666667,-0.666666666666667,0.666666666666667,T,B,S,0,0,1
accommodate,92,T_Y_S,5.0,tail,color,shape,B,T,C,6.333333333333333,-1.333333333333333,1.333333333333333,T,Y,S,1,0,0
accommodate,92,N_B_S,3.0,tail,color,shape,B,T,C,5.666666666666667,-2.666666666666667,2.666666666666667,N,B,S,0,1,0
accommodate,92,T_B_C,7.0,tail,color,shape,B,T,C,7.0,0.0,0.0,T,B,C,1,1,1
accommodate,92,N_Y_C,6.0,tail,color,shape,B,T,C,5.0,1.0,1.0,N,Y,C,0,0,1
accommodate,92,N_Y_S,6.0,tail,color,shape,B,T,C,2.6666666666666665,3.3333333333333335,3.3333333333333335,N,Y,S,0,0,0
accommodate,92,N_B_C,4.0,tail,color,shape,B,T,C,5.666666666666667,-1.666666666666667,1.666666666666667,N,B,C,0,1,1
accommodate,92,T_B_S,6.0,tail,color,shape,B,T,C,6.666666666666667,-0.666666666666667,0.666666666666667,T,B,S,1,1,0
accommodate,92,T_Y_C,7.0,tail,color,shape,B,T,C,4.666666666666667,2.333333333333333,2.333333333333333,T,Y,C,1,0,1
accommodate,46,N_Y_S,5.0,color,shape,tail,Y,N,S,6.333333333333333,-1.333333333333333,1.333333333333333,N,Y,S,1,1,1
accommodate,46,T_Y_S,6.0,color,shape,tail,Y,N,S,7.0,-1.0,1.0,T,Y,S,0,1,1
accommodate,46,N_B_S,6.0,color,shape,tail,Y,N,S,6.0,0.0,0.0,N,B,S,1,0,1
accommodate,46,T_B_C,4.0,color,shape,tail,Y,N,S,3.0,1.0,1.0,T,B,C,0,0,0
accommodate,46,T_B_S,5.0,color,shape,tail,Y,N,S,5.666666666666667,-0.666666666666667,0.666666666666667,T,B,S,0,0,1
accommodate,46,N_Y_C,6.0,color,shape,tail,Y,N,S,5.333333333333333,0.666666666666667,0.666666666666667,N,Y,C,1,1,0
accommodate,46,N_B_C,5.0,color,shape,tail,Y,N,S,3.0,2.0,2.0,N,B,C,1,0,0
accommodate,46,T_Y_C,5.0,color,shape,tail,Y,N,S,4.666666666666667,0.33333333333333304,0.33333333333333304,T,Y,C,0,1,0
accommodate,40,N_B_C,4.0,tail,color,shape,B,N,S,7.333333333333333,-3.333333333333333,3.333333333333333,N,B,C,1,1,0
accommodate,40,N_Y_C,4.0,tail,color,shape,B,N,S,4.0,0.0,0.0,N,Y,C,1,0,0
accommodate,40,T_B_C,2.0,tail,color,shape,B,N,S,5.0,-3.0,3.0,T,B,C,0,1,0
accommodate,40,N_B_S,3.0,tail,color,shape,B,N,S,6.333333333333333,-3.333333333333333,3.333333333333333,N,B,S,1,1,1
accommodate,40,T_Y_C,2.0,tail,color,shape,B,N,S,3.0,-1.0,1.0,T,Y,C,0,0,0
accommodate,40,T_B_S,5.0,tail,color,shape,B,N,S,6.0,-1.0,1.0,T,B,S,0,1,1
accommodate,40,N_Y_S,5.0,tail,color,shape,B,N,S,5.0,0.0,0.0,N,Y,S,1,0,1
accommodate,40,T_Y_S,3.0,tail,color,shape,B,N,S,4.0,-1.0,1.0,T,Y,S,0,0,1
accommodate,77,N_B_C,4.0,color,shape,tail,Y,N,S,3.3333333333333335,0.6666666666666665,0.6666666666666665,N,B,C,1,0,0
accommodate,77,T_Y_S,5.0,color,shape,tail,Y,N,S,6.0,-1.0,1.0,T,Y,S,0,1,1
accommodate,77,T_B_C,4.0,color,shape,tail,Y,N,S,2.0,2.0,2.0,T,B,C,0,0,0
accommodate,77,N_Y_C,4.0,color,shape,tail,Y,N,S,5.333333333333333,-1.333333333333333,1.333333333333333,N,Y,C,1,1,0
accommodate,77,T_Y_C,3.0,color,shape,tail,Y,N,S,3.6666666666666665,-0.6666666666666665,0.6666666666666665,T,Y,C,0,1,0
accommodate,77,N_Y_S,5.0,color,shape,tail,Y,N,S,6.666666666666667,-1.666666666666667,1.666666666666667,N,Y,S,1,1,1
accommodate,77,T_B_S,5.0,color,shape,tail,Y,N,S,5.333333333333333,-0.33333333333333304,0.33333333333333304,T,B,S,0,0,1
accommodate,77,N_B_S,6.0,color,shape,tail,Y,N,S,6.333333333333333,-0.33333333333333304,0.33333333333333304,N,B,S,1,0,1
accommodate,145,T_Y_S,5.0,tail,shape,color,Y,T,C,5.0,0.0,0.0,T,Y,S,1,1,0
accommodate,145,T_Y_C,7.0,tail,shape,color,Y,T,C,6.0,1.0,1.0,T,Y,C,1,1,1
accommodate,145,T_B_S,6.0,tail,shape,color,Y,T,C,4.0,2.0,2.0,T,B,S,1,0,0
accommodate,145,T_B_C,6.0,tail,shape,color,Y,T,C,7.666666666666667,-1.666666666666667,1.666666666666667,T,B,C,1,0,1
accommodate,145,N_Y_C,5.0,tail,shape,color,Y,T,C,4.666666666666667,0.33333333333333304,0.33333333333333304,N,Y,C,0,1,1
accommodate,145,N_B_C,4.0,tail,shape,color,Y,T,C,4.333333333333333,-0.33333333333333304,0.33333333333333304,N,B,C,0,0,1
accommodate,145,N_Y_S,5.0,tail,shape,color,Y,T,C,3.3333333333333335,1.6666666666666665,1.6666666666666665,N,Y,S,0,1,0
accommodate,145,N_B_S,5.0,tail,shape,color,Y,T,C,1.6666666666666667,3.333333333333333,3.333333333333333,N,B,S,0,0,0
accommodate,130,N_Y_S,4.0,shape,color,tail,Y,N,S,9.333333333333334,-5.333333333333334,5.333333333333334,N,Y,S,1,1,1
accommodate,130,N_B_S,8.0,shape,color,tail,Y,N,S,4.333333333333333,3.666666666666667,3.666666666666667,N,B,S,1,0,1
accommodate,130,N_B_C,7.0,shape,color,tail,Y,N,S,5.0,2.0,2.0,N,B,C,1,0,0
accommodate,130,T_B_C,5.0,shape,color,tail,Y,N,S,2.3333333333333335,2.6666666666666665,2.6666666666666665,T,B,C,0,0,0
accommodate,130,T_Y_S,5.0,shape,color,tail,Y,N,S,7.666666666666667,-2.666666666666667,2.666666666666667,T,Y,S,0,1,1
accommodate,130,T_Y_C,3.0,shape,color,tail,Y,N,S,6.0,-3.0,3.0,T,Y,C,0,1,0
accommodate,130,N_Y_C,4.0,shape,color,tail,Y,N,S,6.0,-2.0,2.0,N,Y,C,1,1,0
accommodate,130,T_B_S,5.0,shape,color,tail,Y,N,S,3.0,2.0,2.0,T,B,S,0,0,1
accommodate,51,T_Y_C,6.0,shape,color,tail,B,N,C,6.0,0.0,0.0,T,Y,C,0,0,1
accommodate,51,N_B_S,6.0,shape,color,tail,B,N,C,5.666666666666667,0.33333333333333304,0.33333333333333304,N,B,S,1,1,0
accommodate,51,T_B_C,7.0,shape,color,tail,B,N,C,7.0,0.0,0.0,T,B,C,0,1,1
accommodate,51,T_Y_S,6.0,shape,color,tail,B,N,C,2.0,4.0,4.0,T,Y,S,0,0,0
accommodate,51,N_Y_S,4.0,shape,color,tail,B,N,C,3.3333333333333335,0.6666666666666665,0.6666666666666665,N,Y,S,1,0,0
accommodate,51,N_Y_C,5.0,shape,color,tail,B,N,C,5.0,0.0,0.0,N,Y,C,1,0,1
accommodate,51,N_B_C,5.0,shape,color,tail,B,N,C,7.666666666666667,-2.666666666666667,2.666666666666667,N,B,C,1,1,1
accommodate,51,T_B_S,6.0,shape,color,tail,B,N,C,4.0,2.0,2.0,T,B,S,0,1,0
accommodate,113,T_B_S,3.0,shape,tail,color,B,N,C,3.6666666666666665,-0.6666666666666665,0.6666666666666665,T,B,S,0,1,0
accommodate,113,T_Y_S,4.0,shape,tail,color,B,N,C,3.0,1.0,1.0,T,Y,S,0,0,0
accommodate,113,N_Y_S,5.0,shape,tail,color,B,N,C,5.0,0.0,0.0,N,Y,S,1,0,0
accommodate,113,T_B_C,6.0,shape,tail,color,B,N,C,5.333333333333333,0.666666666666667,0.666666666666667,T,B,C,0,1,1
accommodate,113,N_B_S,7.0,shape,tail,color,B,N,C,4.666666666666667,2.333333333333333,2.333333333333333,N,B,S,1,1,0
accommodate,113,T_Y_C,7.0,shape,tail,color,B,N,C,4.0,3.0,3.0,T,Y,C,0,0,1
accommodate,113,N_Y_C,8.0,shape,tail,color,B,N,C,6.666666666666667,1.333333333333333,1.333333333333333,N,Y,C,1,0,1
accommodate,113,N_B_C,7.0,shape,tail,color,B,N,C,7.333333333333333,-0.33333333333333304,0.33333333333333304,N,B,C,1,1,1
accommodate,142,N_B_S,7.0,shape,tail,color,B,N,S,7.333333333333333,-0.33333333333333304,0.33333333333333304,N,B,S,1,1,1
accommodate,142,N_Y_S,4.0,shape,tail,color,B,N,S,6.333333333333333,-2.333333333333333,2.333333333333333,N,Y,S,1,0,1
accommodate,142,N_Y_C,1.0,shape,tail,color,B,N,S,4.0,-3.0,3.0,N,Y,C,1,0,0
accommodate,142,T_B_S,8.0,shape,tail,color,B,N,S,5.0,3.0,3.0,T,B,S,0,1,1
accommodate,142,T_B_C,5.0,shape,tail,color,B,N,S,3.3333333333333335,1.6666666666666665,1.6666666666666665,T,B,C,0,1,0
accommodate,142,N_B_C,6.0,shape,tail,color,B,N,S,4.333333333333333,1.666666666666667,1.666666666666667,N,B,C,1,1,0
accommodate,142,T_Y_C,3.0,shape,tail,color,B,N,S,3.6666666666666665,-0.6666666666666665,0.6666666666666665,T,Y,C,0,0,0
accommodate,142,T_Y_S,2.0,shape,tail,color,B,N,S,5.666666666666667,-3.666666666666667,3.666666666666667,T,Y,S,0,0,1
accommodate,21,T_B_S,9.0,tail,shape,color,Y,T,S,6.666666666666667,2.333333333333333,2.333333333333333,T,B,S,1,0,1
accommodate,21,T_Y_C,7.0,tail,shape,color,Y,T,S,6.0,1.0,1.0,T,Y,C,1,1,0
accommodate,21,N_B_S,7.0,tail,shape,color,Y,T,S,4.0,3.0,3.0,N,B,S,0,0,1
accommodate,21,N_Y_C,5.0,tail,shape,color,Y,T,S,4.0,1.0,1.0,N,Y,C,0,1,0
accommodate,21,T_B_C,10.0,tail,shape,color,Y,T,S,4.333333333333333,5.666666666666667,5.666666666666667,T,B,C,1,0,0
accommodate,21,N_B_C,7.0,tail,shape,color,Y,T,S,3.6666666666666665,3.3333333333333335,3.3333333333333335,N,B,C,0,0,0
accommodate,21,N_Y_S,7.0,tail,shape,color,Y,T,S,4.0,3.0,3.0,N,Y,S,0,1,1
accommodate,21,T_Y_S,8.0,tail,shape,color,Y,T,S,7.333333333333333,0.666666666666667,0.666666666666667,T,Y,S,1,1,1
accommodate,7,N_B_C,6.0,tail,color,shape,Y,N,C,5.0,1.0,1.0,N,B,C,1,0,1
accommodate,7,T_Y_C,8.0,tail,color,shape,Y,N,C,6.666666666666667,1.333333333333333,1.333333333333333,T,Y,C,0,1,1
accommodate,7,T_B_C,8.0,tail,color,shape,Y,N,C,4.333333333333333,3.666666666666667,3.666666666666667,T,B,C,0,0,1
accommodate,7,N_B_S,7.0,tail,color,shape,Y,N,C,5.333333333333333,1.666666666666667,1.666666666666667,N,B,S,1,0,0
accommodate,7,N_Y_S,5.0,tail,color,shape,Y,N,C,7.666666666666667,-2.666666666666667,2.666666666666667,N,Y,S,1,1,0
accommodate,7,N_Y_C,6.0,tail,color,shape,Y,N,C,6.666666666666667,-0.666666666666667,0.666666666666667,N,Y,C,1,1,1
accommodate,7,T_Y_S,6.0,tail,color,shape,Y,N,C,5.333333333333333,0.666666666666667,0.666666666666667,T,Y,S,0,1,0
accommodate,7,T_B_S,6.0,tail,color,shape,Y,N,C,3.0,3.0,3.0,T,B,S,0,0,0
accommodate,15,T_Y_C,5.0,color,tail,shape,B,T,C,6.0,-1.0,1.0,T,Y,C,1,0,1
accommodate,15,N_Y_S,3.0,color,tail,shape,B,T,C,2.6666666666666665,0.3333333333333335,0.3333333333333335,N,Y,S,0,0,0
accommodate,15,T_Y_S,4.0,color,tail,shape,B,T,C,4.666666666666667,-0.666666666666667,0.666666666666667,T,Y,S,1,0,0
accommodate,15,N_B_S,5.0,color,tail,shape,B,T,C,4.333333333333333,0.666666666666667,0.666666666666667,N,B,S,0,1,0
accommodate,15,N_B_C,6.0,color,tail,shape,B,T,C,5.333333333333333,0.666666666666667,0.666666666666667,N,B,C,0,1,1
accommodate,15,T_B_S,6.0,color,tail,shape,B,T,C,6.333333333333333,-0.33333333333333304,0.33333333333333304,T,B,S,1,1,0
accommodate,15,T_B_C,8.0,color,tail,shape,B,T,C,7.666666666666667,0.33333333333333304,0.33333333333333304,T,B,C,1,1,1
accommodate,15,N_Y_C,4.0,color,tail,shape,B,T,C,3.6666666666666665,0.3333333333333335,0.3333333333333335,N,Y,C,0,0,1
accommodate,94,N_Y_C,4.0,shape,tail,color,Y,T,S,4.0,0.0,0.0,N,Y,C,0,1,0
accommodate,94,T_Y_C,7.0,shape,tail,color,Y,T,S,6.0,1.0,1.0,T,Y,C,1,1,0
accommodate,94,N_B_S,4.0,shape,tail,color,Y,T,S,6.333333333333333,-2.333333333333333,2.333333333333333,N,B,S,0,0,1
accommodate,94,T_B_C,6.0,shape,tail,color,Y,T,S,4.0,2.0,2.0,T,B,C,1,0,0
accommodate,94,N_B_C,4.0,shape,tail,color,Y,T,S,2.6666666666666665,1.3333333333333335,1.3333333333333335,N,B,C,0,0,0
accommodate,94,T_Y_S,7.0,shape,tail,color,Y,T,S,5.333333333333333,1.666666666666667,1.666666666666667,T,Y,S,1,1,1
accommodate,94,N_Y_S,3.0,shape,tail,color,Y,T,S,4.666666666666667,-1.666666666666667,1.666666666666667,N,Y,S,0,1,1
accommodate,94,T_B_S,8.0,shape,tail,color,Y,T,S,6.666666666666667,1.333333333333333,1.333333333333333,T,B,S,1,0,1
accommodate,13,N_B_S,5.0,shape,color,tail,Y,N,S,4.333333333333333,0.666666666666667,0.666666666666667,N,B,S,1,0,1
accommodate,13,N_Y_C,5.0,shape,color,tail,Y,N,S,4.333333333333333,0.666666666666667,0.666666666666667,N,Y,C,1,1,0
accommodate,13,N_B_C,3.0,shape,color,tail,Y,N,S,3.6666666666666665,-0.6666666666666665,0.6666666666666665,N,B,C,1,0,0
accommodate,13,N_Y_S,8.0,shape,color,tail,Y,N,S,7.666666666666667,0.33333333333333304,0.33333333333333304,N,Y,S,1,1,1
accommodate,13,T_Y_S,6.0,shape,color,tail,Y,N,S,7.0,-1.0,1.0,T,Y,S,0,1,1
accommodate,13,T_Y_C,7.0,shape,color,tail,Y,N,S,4.333333333333333,2.666666666666667,2.666666666666667,T,Y,C,0,1,0
accommodate,13,T_B_C,3.0,shape,color,tail,Y,N,S,2.3333333333333335,0.6666666666666665,0.6666666666666665,T,B,C,0,0,0
accommodate,13,T_B_S,6.0,shape,color,tail,Y,N,S,5.666666666666667,0.33333333333333304,0.33333333333333304,T,B,S,0,0,1
accommodate,44,T_Y_C,6.0,tail,shape,color,Y,T,S,5.666666666666667,0.33333333333333304,0.33333333333333304,T,Y,C,1,1,0
accommodate,44,T_B_S,5.0,tail,shape,color,Y,T,S,5.333333333333333,-0.33333333333333304,0.33333333333333304,T,B,S,1,0,1
accommodate,44,N_Y_S,8.0,tail,shape,color,Y,T,S,6.0,2.0,2.0,N,Y,S,0,1,1
accommodate,44,T_Y_S,8.0,tail,shape,color,Y,T,S,7.666666666666667,0.33333333333333304,0.33333333333333304,T,Y,S,1,1,1
accommodate,44,N_Y_C,3.0,tail,shape,color,Y,T,S,3.6666666666666665,-0.6666666666666665,0.6666666666666665,N,Y,C,0,1,0
accommodate,44,N_B_S,5.0,tail,shape,color,Y,T,S,4.666666666666667,0.33333333333333304,0.33333333333333304,N,B,S,0,0,1
accommodate,44,T_B_C,2.0,tail,shape,color,Y,T,S,5.0,-3.0,3.0,T,B,C,1,0,0
accommodate,44,N_B_C,6.0,tail,shape,color,Y,T,S,2.6666666666666665,3.3333333333333335,3.3333333333333335,N,B,C,0,0,0
accommodate,39,T_B_S,7.0,color,tail,shape,B,T,C,6.666666666666667,0.33333333333333304,0.33333333333333304,T,B,S,1,1,0
accommodate,39,N_B_C,4.0,color,tail,shape,B,T,C,5.0,-1.0,1.0,N,B,C,0,1,1
accommodate,39,N_B_S,6.0,color,tail,shape,B,T,C,5.0,1.0,1.0,N,B,S,0,1,0
accommodate,39,N_Y_C,3.0,color,tail,shape,B,T,C,4.0,-1.0,1.0,N,Y,C,0,0,1
accommodate,39,T_B_C,5.0,color,tail,shape,B,T,C,6.0,-1.0,1.0,T,B,C,1,1,1
accommodate,39,N_Y_S,4.0,color,tail,shape,B,T,C,2.3333333333333335,1.6666666666666665,1.6666666666666665,N,Y,S,0,0,0
accommodate,39,T_Y_C,5.0,color,tail,shape,B,T,C,4.666666666666667,0.33333333333333304,0.33333333333333304,T,Y,C,1,0,1
accommodate,39,T_Y_S,6.0,color,tail,shape,B,T,C,5.333333333333333,0.666666666666667,0.666666666666667,T,Y,S,1,0,0
accommodate,1,T_Y_C,6.0,color,tail,shape,B,T,C,5.666666666666667,0.33333333333333304,0.33333333333333304,T,Y,C,1,0,1
accommodate,1,T_B_S,7.0,color,tail,shape,B,T,C,5.0,2.0,2.0,T,B,S,1,1,0
accommodate,1,N_Y_C,3.0,color,tail,shape,B,T,C,2.3333333333333335,0.6666666666666665,0.6666666666666665,N,Y,C,0,0,1
accommodate,1,N_Y_S,3.0,color,tail,shape,B,T,C,3.3333333333333335,-0.3333333333333335,0.3333333333333335,N,Y,S,0,0,0
accommodate,1,T_B_C,9.0,color,tail,shape,B,T,C,9.0,0.0,0.0,T,B,C,1,1,1
accommodate,1,N_B_C,5.0,color,tail,shape,B,T,C,3.3333333333333335,1.6666666666666665,1.6666666666666665,N,B,C,0,1,1
accommodate,1,N_B_S,4.0,color,tail,shape,B,T,C,4.333333333333333,-0.33333333333333304,0.33333333333333304,N,B,S,0,1,0
accommodate,1,T_Y_S,8.0,color,tail,shape,B,T,C,5.666666666666667,2.333333333333333,2.333333333333333,T,Y,S,1,0,0
accommodate,59,T_Y_S,3.0,tail,shape,color,B,N,C,4.0,-1.0,1.0,T,Y,S,0,0,0
accommodate,59,T_Y_C,5.0,tail,shape,color,B,N,C,5.666666666666667,-0.666666666666667,0.666666666666667,T,Y,C,0,0,1
accommodate,59,N_B_C,5.0,tail,shape,color,B,N,C,7.0,-2.0,2.0,N,B,C,1,1,1
accommodate,59,T_B_S,3.0,tail,shape,color,B,N,C,2.0,1.0,1.0,T,B,S,0,1,0
accommodate,59,N_B_S,4.0,tail,shape,color,B,N,C,6.333333333333333,-2.333333333333333,2.333333333333333,N,B,S,1,1,0
accommodate,59,T_B_C,7.0,tail,shape,color,B,N,C,6.0,1.0,1.0,T,B,C,0,1,1
accommodate,59,N_Y_S,4.0,tail,shape,color,B,N,C,4.333333333333333,-0.33333333333333304,0.33333333333333304,N,Y,S,1,0,0
accommodate,59,N_Y_C,3.0,tail,shape,color,B,N,C,7.0,-4.0,4.0,N,Y,C,1,0,1
accommodate,62,T_Y_S,8.0,color,shape,tail,Y,T,S,7.666666666666667,0.33333333333333304,0.33333333333333304,T,Y,S,1,1,1
accommodate,62,N_B_S,6.0,color,shape,tail,Y,T,S,4.0,2.0,2.0,N,B,S,0,0,1
accommodate,62,N_Y_S,7.0,color,shape,tail,Y,T,S,7.666666666666667,-0.666666666666667,0.666666666666667,N,Y,S,0,1,1
accommodate,62,N_Y_C,8.0,color,shape,tail,Y,T,S,5.666666666666667,2.333333333333333,2.333333333333333,N,Y,C,0,1,0
accommodate,62,T_B_C,4.0,color,shape,tail,Y,T,S,5.0,-1.0,1.0,T,B,C,1,0,0
accommodate,62,N_B_C,5.0,color,shape,tail,Y,T,S,4.0,1.0,1.0,N,B,C,0,0,0
accommodate,62,T_B_S,5.0,color,shape,tail,Y,T,S,5.0,0.0,0.0,T,B,S,1,0,1
accommodate,62,T_Y_C,6.0,color,shape,tail,Y,T,S,5.333333333333333,0.666666666666667,0.666666666666667,T,Y,C,1,1,0
accommodate,89,T_B_C,8.0,color,shape,tail,B,N,C,7.666666666666667,0.33333333333333304,0.33333333333333304,T,B,C,0,1,1
accommodate,89,T_Y_S,3.0,color,shape,tail,B,N,C,2.6666666666666665,0.3333333333333335,0.3333333333333335,T,Y,S,0,0,0
accommodate,89,T_Y_C,6.0,color,shape,tail,B,N,C,3.6666666666666665,2.3333333333333335,2.3333333333333335,T,Y,C,0,0,1
accommodate,89,N_B_C,7.0,color,shape,tail,B,N,C,7.0,0.0,0.0,N,B,C,1,1,1
accommodate,89,T_B_S,4.0,color,shape,tail,B,N,C,5.0,-1.0,1.0,T,B,S,0,1,0
accommodate,89,N_Y_C,4.0,color,shape,tail,B,N,C,5.0,-1.0,1.0,N,Y,C,1,0,1
accommodate,89,N_Y_S,3.0,color,shape,tail,B,N,C,3.3333333333333335,-0.3333333333333335,0.3333333333333335,N,Y,S,1,0,0
accommodate,89,N_B_S,5.0,color,shape,tail,B,N,C,5.666666666666667,-0.666666666666667,0.666666666666667,N,B,S,1,1,0
accommodate,67,N_B_S,8.0,shape,color,tail,B,T,S,7.333333333333333,0.666666666666667,0.666666666666667,N,B,S,0,1,1
accommodate,67,T_B_S,6.0,shape,color,tail,B,T,S,7.0,-1.0,1.0,T,B,S,1,1,1
accommodate,67,N_Y_S,4.0,shape,color,tail,B,T,S,4.0,0.0,0.0,N,Y,S,0,0,1
accommodate,67,N_B_C,4.0,shape,color,tail,B,T,S,5.333333333333333,-1.333333333333333,1.333333333333333,N,B,C,0,1,0
accommodate,67,T_B_C,3.0,shape,color,tail,B,T,S,5.0,-2.0,2.0,T,B,C,1,1,0
accommodate,67,T_Y_C,7.0,shape,color,tail,B,T,S,4.0,3.0,3.0,T,Y,C,1,0,0
accommodate,67,N_Y_C,4.0,shape,color,tail,B,T,S,1.6666666666666667,2.333333333333333,2.333333333333333,N,Y,C,0,0,0
accommodate,67,T_Y_S,5.0,shape,color,tail,B,T,S,5.0,0.0,0.0,T,Y,S,1,0,1
accommodate,140,T_Y_S,6.0,tail,color,shape,Y,T,C,7.0,-1.0,1.0,T,Y,S,1,1,0
accommodate,140,T_Y_C,8.0,tail,color,shape,Y,T,C,7.0,1.0,1.0,T,Y,C,1,1,1
accommodate,140,T_B_S,5.0,tail,color,shape,Y,T,C,4.0,1.0,1.0,T,B,S,1,0,0
accommodate,140,N_Y_S,6.0,tail,color,shape,Y,T,C,4.333333333333333,1.666666666666667,1.666666666666667,N,Y,S,0,1,0
accommodate,140,T_B_C,7.0,tail,color,shape,Y,T,C,4.666666666666667,2.333333333333333,2.333333333333333,T,B,C,1,0,1
accommodate,140,N_Y_C,8.0,tail,color,shape,Y,T,C,4.666666666666667,3.333333333333333,3.333333333333333,N,Y,C,0,1,1
accommodate,140,N_B_S,4.0,tail,color,shape,Y,T,C,3.3333333333333335,0.6666666666666665,0.6666666666666665,N,B,S,0,0,0
accommodate,140,N_B_C,7.0,tail,color,shape,Y,T,C,3.3333333333333335,3.6666666666666665,3.6666666666666665,N,B,C,0,0,1
accommodate,119,N_B_C,7.0,color,tail,shape,B,N,C,7.0,0.0,0.0,N,B,C,1,1,1
accommodate,119,T_B_C,6.0,color,tail,shape,B,N,C,6.666666666666667,-0.666666666666667,0.666666666666667,T,B,C,0,1,1
accommodate,119,T_Y_S,4.0,color,tail,shape,B,N,C,3.6666666666666665,0.3333333333333335,0.3333333333333335,T,Y,S,0,0,0
accommodate,119,N_B_S,10.0,color,tail,shape,B,N,C,7.333333333333333,2.666666666666667,2.666666666666667,N,B,S,1,1,0
accommodate,119,N_Y_C,3.0,color,tail,shape,B,N,C,5.0,-2.0,2.0,N,Y,C,1,0,1
accommodate,119,T_B_S,5.0,color,tail,shape,B,N,C,5.0,0.0,0.0,T,B,S,0,1,0
accommodate,119,T_Y_C,3.0,color,tail,shape,B,N,C,4.333333333333333,-1.333333333333333,1.333333333333333,T,Y,C,0,0,1
accommodate,119,N_Y_S,6.0,color,tail,shape,B,N,C,5.333333333333333,0.666666666666667,0.666666666666667,N,Y,S,1,0,0
accommodate,103,N_B_S,5.0,tail,shape,color,Y,N,C,2.6666666666666665,2.3333333333333335,2.3333333333333335,N,B,S,1,0,0
accommodate,103,N_Y_C,3.0,tail,shape,color,Y,N,C,6.0,-3.0,3.0,N,Y,C,1,1,1
accommodate,103,T_Y_S,4.0,tail,shape,color,Y,N,C,2.3333333333333335,1.6666666666666665,1.6666666666666665,T,Y,S,0,1,0
accommodate,103,N_Y_S,3.0,tail,shape,color,Y,N,C,4.333333333333333,-1.333333333333333,1.333333333333333,N,Y,S,1,1,0
accommodate,103,T_B_C,6.0,tail,shape,color,Y,N,C,4.666666666666667,1.333333333333333,1.333333333333333,T,B,C,0,0,1
accommodate,103,N_B_C,3.0,tail,shape,color,Y,N,C,6.333333333333333,-3.333333333333333,3.333333333333333,N,B,C,1,0,1
accommodate,103,T_Y_C,8.0,tail,shape,color,Y,N,C,5.0,3.0,3.0,T,Y,C,0,1,1
accommodate,103,T_B_S,9.0,tail,shape,color,Y,N,C,2.6666666666666665,6.333333333333334,6.333333333333334,T,B,S,0,0,0
accommodate,102,N_B_S,6.0,tail,color,shape,B,T,S,6.333333333333333,-0.33333333333333304,0.33333333333333304,N,B,S,0,1,1
accommodate,102,T_B_C,7.0,tail,color,shape,B,T,S,6.333333333333333,0.666666666666667,0.666666666666667,T,B,C,1,1,0
accommodate,102,N_B_C,7.0,tail,color,shape,B,T,S,6.333333333333333,0.666666666666667,0.666666666666667,N,B,C,0,1,0
accommodate,102,T_Y_C,5.0,tail,color,shape,B,T,S,5.333333333333333,-0.33333333333333304,0.33333333333333304,T,Y,C,1,0,0
accommodate,102,N_Y_S,2.0,tail,color,shape,B,T,S,3.0,-1.0,1.0,N,Y,S,0,0,1
accommodate,102,N_Y_C,5.0,tail,color,shape,B,T,S,3.6666666666666665,1.3333333333333335,1.3333333333333335,N,Y,C,0,0,0
accommodate,102,T_B_S,7.0,tail,color,shape,B,T,S,7.0,0.0,0.0,T,B,S,1,1,1
accommodate,102,T_Y_S,4.0,tail,color,shape,B,T,S,5.666666666666667,-1.666666666666667,1.666666666666667,T,Y,S,1,0,1
accommodate,131,T_B_C,6.0,tail,shape,color,Y,T,S,5.0,1.0,1.0,T,B,C,1,0,0
accommodate,131,N_Y_S,4.0,tail,shape,color,Y,T,S,4.666666666666667,-0.666666666666667,0.666666666666667,N,Y,S,0,1,1
accommodate,131,T_B_S,10.0,tail,shape,color,Y,T,S,7.333333333333333,2.666666666666667,2.666666666666667,T,B,S,1,0,1
accommodate,131,N_B_S,2.0,tail,shape,color,Y,T,S,4.333333333333333,-2.333333333333333,2.333333333333333,N,B,S,0,0,1
accommodate,131,T_Y_C,9.0,tail,shape,color,Y,T,S,7.333333333333333,1.666666666666667,1.666666666666667,T,Y,C,1,1,0
accommodate,131,T_Y_S,7.0,tail,shape,color,Y,T,S,7.333333333333333,-0.33333333333333304,0.33333333333333304,T,Y,S,1,1,1
accommodate,131,N_Y_C,2.0,tail,shape,color,Y,T,S,2.0,0.0,0.0,N,Y,C,0,1,0
accommodate,131,N_B_C,4.0,tail,shape,color,Y,T,S,3.0,1.0,1.0,N,B,C,0,0,0
accommodate,55,T_B_S,4.0,color,tail,shape,Y,N,C,3.0,1.0,1.0,T,B,S,0,0,0
accommodate,55,T_B_C,3.0,color,tail,shape,Y,N,C,3.0,0.0,0.0,T,B,C,0,0,1
accommodate,55,N_B_C,3.0,color,tail,shape,Y,N,C,3.3333333333333335,-0.3333333333333335,0.3333333333333335,N,B,C,1,0,1
accommodate,55,T_Y_S,7.0,color,tail,shape,Y,N,C,4.666666666666667,2.333333333333333,2.333333333333333,T,Y,S,0,1,0
accommodate,55,T_Y_C,7.0,color,tail,shape,Y,N,C,6.0,1.0,1.0,T,Y,C,0,1,1
accommodate,55,N_B_S,3.0,color,tail,shape,Y,N,C,4.666666666666667,-1.666666666666667,1.666666666666667,N,B,S,1,0,0
accommodate,55,N_Y_S,7.0,color,tail,shape,Y,N,C,7.666666666666667,-0.666666666666667,0.666666666666667,N,Y,S,1,1,0
accommodate,55,N_Y_C,7.0,color,tail,shape,Y,N,C,8.0,-1.0,1.0,N,Y,C,1,1,1
accommodate,79,N_B_C,4.0,color,tail,shape,B,T,S,4.666666666666667,-0.666666666666667,0.666666666666667,N,B,C,0,1,0
accommodate,79,N_Y_C,5.0,color,tail,shape,B,T,S,3.0,2.0,2.0,N,Y,C,0,0,0
accommodate,79,T_B_C,4.0,color,tail,shape,B,T,S,7.666666666666667,-3.666666666666667,3.666666666666667,T,B,C,1,1,0
accommodate,79,N_B_S,6.0,color,tail,shape,B,T,S,4.333333333333333,1.666666666666667,1.666666666666667,N,B,S,0,1,1
accommodate,79,T_Y_C,4.0,color,tail,shape,B,T,S,4.666666666666667,-0.666666666666667,0.666666666666667,T,Y,C,1,0,0
accommodate,79,T_Y_S,3.0,color,tail,shape,B,T,S,6.0,-3.0,3.0,T,Y,S,1,0,1
accommodate,79,T_B_S,6.0,color,tail,shape,B,T,S,8.0,-2.0,2.0,T,B,S,1,1,1
accommodate,79,N_Y_S,5.0,color,tail,shape,B,T,S,2.6666666666666665,2.3333333333333335,2.3333333333333335,N,Y,S,0,0,1
accommodate,24,N_B_S,6.0,shape,tail,color,B,N,C,5.0,1.0,1.0,N,B,S,1,1,0
accommodate,24,N_Y_C,5.0,shape,tail,color,B,N,C,6.333333333333333,-1.333333333333333,1.333333333333333,N,Y,C,1,0,1
accommodate,24,T_Y_S,3.0,shape,tail,color,B,N,C,2.6666666666666665,0.3333333333333335,0.3333333333333335,T,Y,S,0,0,0
accommodate,24,T_Y_C,3.0,shape,tail,color,B,N,C,4.666666666666667,-1.666666666666667,1.666666666666667,T,Y,C,0,0,1
accommodate,24,N_Y_S,4.0,shape,tail,color,B,N,C,5.0,-1.0,1.0,N,Y,S,1,0,0
accommodate,24,T_B_C,2.0,shape,tail,color,B,N,C,3.3333333333333335,-1.3333333333333335,1.3333333333333335,T,B,C,0,1,1
accommodate,24,N_B_C,7.0,shape,tail,color,B,N,C,8.666666666666666,-1.666666666666666,1.666666666666666,N,B,C,1,1,1
accommodate,24,T_B_S,4.0,shape,tail,color,B,N,C,4.333333333333333,-0.33333333333333304,0.33333333333333304,T,B,S,0,1,0
accommodate,58,N_Y_C,4.0,tail,shape,color,B,N,S,5.0,-1.0,1.0,N,Y,C,1,0,0
accommodate,58,T_B_C,4.0,tail,shape,color,B,N,S,4.0,0.0,0.0,T,B,C,0,1,0
accommodate,58,T_Y_C,4.0,tail,shape,color,B,N,S,3.3333333333333335,0.6666666666666665,0.6666666666666665,T,Y,C,0,0,0
accommodate,58,N_B_S,6.0,tail,shape,color,B,N,S,6.333333333333333,-0.33333333333333304,0.33333333333333304,N,B,S,1,1,1
accommodate,58,T_Y_S,3.0,tail,shape,color,B,N,S,3.6666666666666665,-0.6666666666666665,0.6666666666666665,T,Y,S,0,0,1
accommodate,58,T_B_S,3.0,tail,shape,color,B,N,S,4.333333333333333,-1.333333333333333,1.333333333333333,T,B,S,0,1,1
accommodate,58,N_Y_S,6.0,tail,shape,color,B,N,S,7.333333333333333,-1.333333333333333,1.333333333333333,N,Y,S,1,0,1
accommodate,58,N_B_C,7.0,tail,shape,color,B,N,S,5.666666666666667,1.333333333333333,1.333333333333333,N,B,C,1,1,0
accommodate,120,N_Y_C,7.0,tail,color,shape,Y,N,S,6.0,1.0,1.0,N,Y,C,1,1,0
accommodate,120,N_B_S,6.0,tail,color,shape,Y,N,S,5.0,1.0,1.0,N,B,S,1,0,1
accommodate,120,T_Y_C,7.0,tail,color,shape,Y,N,S,4.666666666666667,2.333333333333333,2.333333333333333,T,Y,C,0,1,0
accommodate,120,T_Y_S,9.0,tail,color,shape,Y,N,S,6.333333333333333,2.666666666666667,2.666666666666667,T,Y,S,0,1,1
accommodate,120,N_B_C,3.0,tail,color,shape,Y,N,S,5.0,-2.0,2.0,N,B,C,1,0,0
accommodate,120,N_Y_S,9.0,tail,color,shape,Y,N,S,8.666666666666666,0.3333333333333339,0.3333333333333339,N,Y,S,1,1,1
accommodate,120,T_B_C,3.0,tail,color,shape,Y,N,S,2.3333333333333335,0.6666666666666665,0.6666666666666665,T,B,C,0,0,0
accommodate,120,T_B_S,6.0,tail,color,shape,Y,N,S,3.6666666666666665,2.3333333333333335,2.3333333333333335,T,B,S,0,0,1
accommodate,27,T_Y_S,3.0,shape,tail,color,Y,N,C,2.6666666666666665,0.3333333333333335,0.3333333333333335,T,Y,S,0,1,0
accommodate,27,T_B_S,6.0,shape,tail,color,Y,N,C,4.0,2.0,2.0,T,B,S,0,0,0
accommodate,27,N_B_S,5.0,shape,tail,color,Y,N,C,5.0,0.0,0.0,N,B,S,1,0,0
accommodate,27,T_Y_C,4.0,shape,tail,color,Y,N,C,5.333333333333333,-1.333333333333333,1.333333333333333,T,Y,C,0,1,1
accommodate,27,T_B_C,4.0,shape,tail,color,Y,N,C,4.333333333333333,-0.33333333333333304,0.33333333333333304,T,B,C,0,0,1
accommodate,27,N_Y_C,6.0,shape,tail,color,Y,N,C,7.0,-1.0,1.0,N,Y,C,1,1,1
accommodate,27,N_Y_S,5.0,shape,tail,color,Y,N,C,5.666666666666667,-0.666666666666667,0.666666666666667,N,Y,S,1,1,0
accommodate,27,N_B_C,6.0,shape,tail,color,Y,N,C,6.333333333333333,-0.33333333333333304,0.33333333333333304,N,B,C,1,0,1
accommodate,138,T_B_C,8.0,color,shape,tail,B,T,C,7.333333333333333,0.666666666666667,0.666666666666667,T,B,C,1,1,1
accommodate,138,T_Y_S,3.0,color,shape,tail,B,T,C,3.6666666666666665,-0.6666666666666665,0.6666666666666665,T,Y,S,1,0,0
accommodate,138,T_B_S,4.0,color,shape,tail,B,T,C,5.333333333333333,-1.333333333333333,1.333333333333333,T,B,S,1,1,0
accommodate,138,T_Y_C,6.0,color,shape,tail,B,T,C,7.0,-1.0,1.0,T,Y,C,1,0,1
accommodate,138,N_Y_C,5.0,color,shape,tail,B,T,C,6.666666666666667,-1.666666666666667,1.666666666666667,N,Y,C,0,0,1
accommodate,138,N_B_S,3.0,color,shape,tail,B,T,C,6.333333333333333,-3.333333333333333,3.333333333333333,N,B,S,0,1,0
accommodate,138,N_B_C,7.0,color,shape,tail,B,T,C,6.666666666666667,0.33333333333333304,0.33333333333333304,N,B,C,0,1,1
accommodate,138,N_Y_S,2.0,color,shape,tail,B,T,C,3.0,-1.0,1.0,N,Y,S,0,0,0
accommodate,150,T_Y_C,10.0,tail,color,shape,Y,T,S,7.0,3.0,3.0,T,Y,C,1,1,0
accommodate,150,N_Y_S,4.0,tail,color,shape,Y,T,S,5.333333333333333,-1.333333333333333,1.333333333333333,N,Y,S,0,1,1
accommodate,150,T_B_S,5.0,tail,color,shape,Y,T,S,5.0,0.0,0.0,T,B,S,1,0,1
accommodate,150,N_Y_C,4.0,tail,color,shape,Y,T,S,4.0,0.0,0.0,N,Y,C,0,1,0
accommodate,150,N_B_S,1.0,tail,color,shape,Y,T,S,2.0,-1.0,1.0,N,B,S,0,0,1
accommodate,150,T_Y_S,10.0,tail,color,shape,Y,T,S,7.666666666666667,2.333333333333333,2.333333333333333,T,Y,S,1,1,1
accommodate,150,T_B_C,5.0,tail,color,shape,Y,T,S,4.333333333333333,0.666666666666667,0.666666666666667,T,B,C,1,0,0
accommodate,150,N_B_C,1.0,tail,color,shape,Y,T,S,2.6666666666666665,-1.6666666666666665,1.6666666666666665,N,B,C,0,0,0
accommodate,129,T_Y_C,5.0,shape,color,tail,Y,N,S,4.0,1.0,1.0,T,Y,C,0,1,0
accommodate,129,N_B_C,3.0,shape,color,tail,Y,N,S,4.0,-1.0,1.0,N,B,C,1,0,0
accommodate,129,N_B_S,4.0,shape,color,tail,Y,N,S,5.666666666666667,-1.666666666666667,1.666666666666667,N,B,S,1,0,1
accommodate,129,N_Y_C,5.0,shape,color,tail,Y,N,S,5.0,0.0,0.0,N,Y,C,1,1,0
accommodate,129,T_B_S,5.0,shape,color,tail,Y,N,S,5.333333333333333,-0.33333333333333304,0.33333333333333304,T,B,S,0,0,1
accommodate,129,N_Y_S,7.0,shape,color,tail,Y,N,S,7.0,0.0,0.0,N,Y,S,1,1,1
accommodate,129,T_B_C,2.0,shape,color,tail,Y,N,S,3.3333333333333335,-1.3333333333333335,1.3333333333333335,T,B,C,0,0,0
accommodate,129,T_Y_S,8.0,shape,color,tail,Y,N,S,6.333333333333333,1.666666666666667,1.666666666666667,T,Y,S,0,1,1
accommodate,124,T_Y_S,5.0,color,tail,shape,Y,N,C,3.3333333333333335,1.6666666666666665,1.6666666666666665,T,Y,S,0,1,0
accommodate,124,T_B_S,2.0,color,tail,shape,Y,N,C,2.0,0.0,0.0,T,B,S,0,0,0
accommodate,124,N_B_C,4.0,color,tail,shape,Y,N,C,6.0,-2.0,2.0,N,B,C,1,0,1
accommodate,124,T_B_C,2.0,color,tail,shape,Y,N,C,2.3333333333333335,-0.3333333333333335,0.3333333333333335,T,B,C,0,0,1
accommodate,124,N_B_S,2.0,color,tail,shape,Y,N,C,3.3333333333333335,-1.3333333333333335,1.3333333333333335,N,B,S,1,0,0
accommodate,124,T_Y_C,3.0,color,tail,shape,Y,N,C,6.0,-3.0,3.0,T,Y,C,0,1,1
accommodate,124,N_Y_C,4.0,color,tail,shape,Y,N,C,7.666666666666667,-3.666666666666667,3.666666666666667,N,Y,C,1,1,1
accommodate,124,N_Y_S,7.0,color,tail,shape,Y,N,C,7.333333333333333,-0.33333333333333304,0.33333333333333304,N,Y,S,1,1,0
accommodate,93,N_Y_C,7.0,shape,color,tail,Y,T,C,7.666666666666667,-0.666666666666667,0.666666666666667,N,Y,C,0,1,1
accommodate,93,T_B_C,8.0,shape,color,tail,Y,T,C,5.666666666666667,2.333333333333333,2.333333333333333,T,B,C,1,0,1
accommodate,93,T_Y_C,8.0,shape,color,tail,Y,T,C,7.0,1.0,1.0,T,Y,C,1,1,1
accommodate,93,T_Y_S,4.0,shape,color,tail,Y,T,C,4.666666666666667,-0.666666666666667,0.666666666666667,T,Y,S,1,1,0
accommodate,93,T_B_S,4.0,shape,color,tail,Y,T,C,2.3333333333333335,1.6666666666666665,1.6666666666666665,T,B,S,1,0,0
accommodate,93,N_B_C,6.0,shape,color,tail,Y,T,C,5.666666666666667,0.33333333333333304,0.33333333333333304,N,B,C,0,0,1
accommodate,93,N_B_S,3.0,shape,color,tail,Y,T,C,2.3333333333333335,0.6666666666666665,0.6666666666666665,N,B,S,0,0,0
accommodate,93,N_Y_S,4.0,shape,color,tail,Y,T,C,4.0,0.0,0.0,N,Y,S,0,1,0
accommodate,70,T_B_S,5.0,color,tail,shape,B,N,C,4.0,1.0,1.0,T,B,S,0,1,0
accommodate,70,T_B_C,5.0,color,tail,shape,B,N,C,3.3333333333333335,1.6666666666666665,1.6666666666666665,T,B,C,0,1,1
accommodate,70,T_Y_C,5.0,color,tail,shape,B,N,C,4.0,1.0,1.0,T,Y,C,0,0,1
accommodate,70,N_B_S,5.0,color,tail,shape,B,N,C,6.666666666666667,-1.666666666666667,1.666666666666667,N,B,S,1,1,0
accommodate,70,N_Y_S,5.0,color,tail,shape,B,N,C,5.333333333333333,-0.33333333333333304,0.33333333333333304,N,Y,S,1,0,0
accommodate,70,N_Y_C,5.0,color,tail,shape,B,N,C,5.333333333333333,-0.33333333333333304,0.33333333333333304,N,Y,C,1,0,1
accommodate,70,N_B_C,5.0,color,tail,shape,B,N,C,6.666666666666667,-1.666666666666667,1.666666666666667,N,B,C,1,1,1
accommodate,70,T_Y_S,5.0,color,tail,shape,B,N,C,3.0,2.0,2.0,T,Y,S,0,0,0
accommodate,28,T_Y_S,4.0,shape,color,tail,B,N,S,4.333333333333333,-0.33333333333333304,0.33333333333333304,T,Y,S,0,0,1
accommodate,28,T_B_C,1.0,shape,color,tail,B,N,S,4.666666666666667,-3.666666666666667,3.666666666666667,T,B,C,0,1,0
accommodate,28,N_Y_C,6.0,shape,color,tail,B,N,S,2.3333333333333335,3.6666666666666665,3.6666666666666665,N,Y,C,1,0,0
accommodate,28,N_B_C,6.0,shape,color,tail,B,N,S,6.0,0.0,0.0,N,B,C,1,1,0
accommodate,28,N_B_S,8.0,shape,color,tail,B,N,S,8.0,0.0,0.0,N,B,S,1,1,1
accommodate,28,T_Y_C,1.0,shape,color,tail,B,N,S,1.3333333333333333,-0.33333333333333326,0.33333333333333326,T,Y,C,0,0,0
accommodate,28,N_Y_S,8.0,shape,color,tail,B,N,S,5.0,3.0,3.0,N,Y,S,1,0,1
accommodate,28,T_B_S,4.0,shape,color,tail,B,N,S,7.333333333333333,-3.333333333333333,3.333333333333333,T,B,S,0,1,1
accommodate,29,T_B_C,3.0,color,tail,shape,Y,N,C,2.3333333333333335,0.6666666666666665,0.6666666666666665,T,B,C,0,0,1
accommodate,29,N_B_C,3.0,color,tail,shape,Y,N,C,4.333333333333333,-1.333333333333333,1.333333333333333,N,B,C,1,0,1
accommodate,29,T_Y_S,7.0,color,tail,shape,Y,N,C,5.333333333333333,1.666666666666667,1.666666666666667,T,Y,S,0,1,0
accommodate,29,T_B_S,3.0,color,tail,shape,Y,N,C,2.3333333333333335,0.6666666666666665,0.6666666666666665,T,B,S,0,0,0
accommodate,29,N_Y_S,6.0,color,tail,shape,Y,N,C,6.333333333333333,-0.33333333333333304,0.33333333333333304,N,Y,S,1,1,0
accommodate,29,N_B_S,3.0,color,tail,shape,Y,N,C,5.666666666666667,-2.666666666666667,2.666666666666667,N,B,S,1,0,0
accommodate,29,T_Y_C,8.0,color,tail,shape,Y,N,C,6.666666666666667,1.333333333333333,1.333333333333333,T,Y,C,0,1,1
accommodate,29,N_Y_C,8.0,color,tail,shape,Y,N,C,7.666666666666667,0.33333333333333304,0.33333333333333304,N,Y,C,1,1,1
accommodate,56,T_B_C,3.0,shape,tail,color,Y,N,S,3.6666666666666665,-0.6666666666666665,0.6666666666666665,T,B,C,0,0,0
accommodate,56,N_Y_S,4.0,shape,tail,color,Y,N,S,7.333333333333333,-3.333333333333333,3.333333333333333,N,Y,S,1,1,1
accommodate,56,N_B_C,4.0,shape,tail,color,Y,N,S,4.666666666666667,-0.666666666666667,0.666666666666667,N,B,C,1,0,0
accommodate,56,N_B_S,4.0,shape,tail,color,Y,N,S,7.0,-3.0,3.0,N,B,S,1,0,1
accommodate,56,T_Y_S,3.0,shape,tail,color,Y,N,S,4.666666666666667,-1.666666666666667,1.666666666666667,T,Y,S,0,1,1
accommodate,56,N_Y_C,4.0,shape,tail,color,Y,N,S,6.0,-2.0,2.0,N,Y,C,1,1,0
accommodate,56,T_B_S,3.0,shape,tail,color,Y,N,S,5.333333333333333,-2.333333333333333,2.333333333333333,T,B,S,0,0,1
accommodate,56,T_Y_C,3.0,shape,tail,color,Y,N,S,3.6666666666666665,-0.6666666666666665,0.6666666666666665,T,Y,C,0,1,0
accommodate,104,T_Y_S,5.0,color,shape,tail,Y,T,C,6.0,-1.0,1.0,T,Y,S,1,1,0
accommodate,104,T_B_S,7.0,color,shape,tail,Y,T,C,2.0,5.0,5.0,T,B,S,1,0,0
accommodate,104,T_B_C,3.0,color,shape,tail,Y,T,C,6.333333333333333,-3.333333333333333,3.333333333333333,T,B,C,1,0,1
accommodate,104,N_B_S,1.0,color,shape,tail,Y,T,C,2.0,-1.0,1.0,N,B,S,0,0,0
accommodate,104,N_B_C,9.0,color,shape,tail,Y,T,C,3.3333333333333335,5.666666666666666,5.666666666666666,N,B,C,0,0,1
accommodate,104,N_Y_S,6.0,color,shape,tail,Y,T,C,5.0,1.0,1.0,N,Y,S,0,1,0
accommodate,104,N_Y_C,7.0,color,shape,tail,Y,T,C,7.0,0.0,0.0,N,Y,C,0,1,1
accommodate,104,T_Y_C,5.0,color,shape,tail,Y,T,C,8.0,-3.0,3.0,T,Y,C,1,1,1
accommodate,106,T_B_C,7.0,tail,color,shape,B,T,S,6.0,1.0,1.0,T,B,C,1,1,0
accommodate,106,N_Y_C,3.0,tail,color,shape,B,T,S,2.3333333333333335,0.6666666666666665,0.6666666666666665,N,Y,C,0,0,0
accommodate,106,N_B_S,4.0,tail,color,shape,B,T,S,5.333333333333333,-1.333333333333333,1.333333333333333,N,B,S,0,1,1
accommodate,106,N_Y_S,2.0,tail,color,shape,B,T,S,2.3333333333333335,-0.3333333333333335,0.3333333333333335,N,Y,S,0,0,1
accommodate,106,T_Y_C,6.0,tail,color,shape,B,T,S,5.0,1.0,1.0,T,Y,C,1,0,0
accommodate,106,T_B_S,7.0,tail,color,shape,B,T,S,6.666666666666667,0.33333333333333304,0.33333333333333304,T,B,S,1,1,1
accommodate,106,T_Y_S,5.0,tail,color,shape,B,T,S,5.0,0.0,0.0,T,Y,S,1,0,1
accommodate,106,N_B_C,4.0,tail,color,shape,B,T,S,4.333333333333333,-0.33333333333333304,0.33333333333333304,N,B,C,0,1,0
accommodate,38,N_Y_S,6.0,shape,tail,color,B,N,C,4.333333333333333,1.666666666666667,1.666666666666667,N,Y,S,1,0,0
accommodate,38,T_Y_S,2.0,shape,tail,color,B,N,C,2.0,0.0,0.0,T,Y,S,0,0,0
accommodate,38,N_Y_C,4.0,shape,tail,color,B,N,C,7.333333333333333,-3.333333333333333,3.333333333333333,N,Y,C,1,0,1
accommodate,38,N_B_C,7.0,shape,tail,color,B,N,C,7.666666666666667,-0.666666666666667,0.666666666666667,N,B,C,1,1,1
accommodate,38,T_B_S,2.0,shape,tail,color,B,N,C,3.6666666666666665,-1.6666666666666665,1.6666666666666665,T,B,S,0,1,0
accommodate,38,T_Y_C,2.0,shape,tail,color,B,N,C,4.666666666666667,-2.666666666666667,2.666666666666667,T,Y,C,0,0,1
accommodate,38,N_B_S,5.0,shape,tail,color,B,N,C,4.666666666666667,0.33333333333333304,0.33333333333333304,N,B,S,1,1,0
accommodate,38,T_B_C,2.0,shape,tail,color,B,N,C,6.0,-4.0,4.0,T,B,C,0,1,1
accommodate,136,T_Y_S,6.0,tail,shape,color,B,N,C,3.0,3.0,3.0,T,Y,S,0,0,0
accommodate,136,T_B_S,5.0,tail,shape,color,B,N,C,4.666666666666667,0.33333333333333304,0.33333333333333304,T,B,S,0,1,0
accommodate,136,T_B_C,8.0,tail,shape,color,B,N,C,4.666666666666667,3.333333333333333,3.333333333333333,T,B,C,0,1,1
accommodate,136,N_B_C,6.0,tail,shape,color,B,N,C,7.0,-1.0,1.0,N,B,C,1,1,1
accommodate,136,N_Y_S,2.0,tail,shape,color,B,N,C,4.0,-2.0,2.0,N,Y,S,1,0,0
accommodate,136,N_Y_C,2.0,tail,shape,color,B,N,C,5.666666666666667,-3.666666666666667,3.666666666666667,N,Y,C,1,0,1
accommodate,136,T_Y_C,6.0,tail,shape,color,B,N,C,6.0,0.0,0.0,T,Y,C,0,0,1
accommodate,136,N_B_S,6.0,tail,shape,color,B,N,C,4.333333333333333,1.666666666666667,1.666666666666667,N,B,S,1,1,0
accommodate,20,T_Y_S,4.0,color,tail,shape,B,T,S,4.333333333333333,-0.33333333333333304,0.33333333333333304,T,Y,S,1,0,1
accommodate,20,T_B_S,5.0,color,tail,shape,B,T,S,6.666666666666667,-1.666666666666667,1.666666666666667,T,B,S,1,1,1
accommodate,20,N_Y_S,5.0,color,tail,shape,B,T,S,2.6666666666666665,2.3333333333333335,2.3333333333333335,N,Y,S,0,0,1
accommodate,20,T_Y_C,6.0,color,tail,shape,B,T,S,5.333333333333333,0.666666666666667,0.666666666666667,T,Y,C,1,0,0
accommodate,20,N_Y_C,6.0,color,tail,shape,B,T,S,2.6666666666666665,3.3333333333333335,3.3333333333333335,N,Y,C,0,0,0
accommodate,20,N_B_S,5.0,color,tail,shape,B,T,S,4.0,1.0,1.0,N,B,S,0,1,1
accommodate,20,N_B_C,6.0,color,tail,shape,B,T,S,4.333333333333333,1.666666666666667,1.666666666666667,N,B,C,0,1,0
accommodate,20,T_B_C,7.0,color,tail,shape,B,T,S,5.333333333333333,1.666666666666667,1.666666666666667,T,B,C,1,1,0
accommodate,63,T_B_C,6.0,tail,shape,color,B,T,S,5.666666666666667,0.33333333333333304,0.33333333333333304,T,B,C,1,1,0
accommodate,63,T_Y_S,6.0,tail,shape,color,B,T,S,6.333333333333333,-0.33333333333333304,0.33333333333333304,T,Y,S,1,0,1
accommodate,63,N_Y_S,5.0,tail,shape,color,B,T,S,5.333333333333333,-0.33333333333333304,0.33333333333333304,N,Y,S,0,0,1
accommodate,63,N_B_S,5.0,tail,shape,color,B,T,S,4.666666666666667,0.33333333333333304,0.33333333333333304,N,B,S,0,1,1
accommodate,63,N_Y_C,5.0,tail,shape,color,B,T,S,3.0,2.0,2.0,N,Y,C,0,0,0
accommodate,63,N_B_C,6.0,tail,shape,color,B,T,S,4.0,2.0,2.0,N,B,C,0,1,0
accommodate,63,T_Y_C,7.0,tail,shape,color,B,T,S,5.333333333333333,1.666666666666667,1.666666666666667,T,Y,C,1,0,0
accommodate,63,T_B_S,5.0,tail,shape,color,B,T,S,6.333333333333333,-1.333333333333333,1.333333333333333,T,B,S,1,1,1
accommodate,60,T_Y_S,8.0,shape,color,tail,B,T,S,5.333333333333333,2.666666666666667,2.666666666666667,T,Y,S,1,0,1
accommodate,60,T_Y_C,5.0,shape,color,tail,B,T,S,3.3333333333333335,1.6666666666666665,1.6666666666666665,T,Y,C,1,0,0
accommodate,60,N_Y_S,7.0,shape,color,tail,B,T,S,5.333333333333333,1.666666666666667,1.666666666666667,N,Y,S,0,0,1
accommodate,60,T_B_C,6.0,shape,color,tail,B,T,S,4.333333333333333,1.666666666666667,1.666666666666667,T,B,C,1,1,0
accommodate,60,N_Y_C,7.0,shape,color,tail,B,T,S,3.3333333333333335,3.6666666666666665,3.6666666666666665,N,Y,C,0,0,0
accommodate,60,N_B_C,6.0,shape,color,tail,B,T,S,5.333333333333333,0.666666666666667,0.666666666666667,N,B,C,0,1,0
accommodate,60,T_B_S,7.0,shape,color,tail,B,T,S,8.0,-1.0,1.0,T,B,S,1,1,1
accommodate,60,N_B_S,7.0,shape,color,tail,B,T,S,6.333333333333333,0.666666666666667,0.666666666666667,N,B,S,0,1,1
accommodate,143,N_Y_C,1.0,shape,tail,color,B,T,S,4.0,-3.0,3.0,N,Y,C,0,0,0
accommodate,143,T_B_C,4.0,shape,tail,color,B,T,S,7.0,-3.0,3.0,T,B,C,1,1,0
accommodate,143,N_B_C,3.0,shape,tail,color,B,T,S,2.3333333333333335,0.6666666666666665,0.6666666666666665,N,B,C,0,1,0
accommodate,143,N_B_S,5.0,shape,tail,color,B,T,S,4.0,1.0,1.0,N,B,S,0,1,1
accommodate,143,T_Y_S,2.0,shape,tail,color,B,T,S,5.333333333333333,-3.333333333333333,3.333333333333333,T,Y,S,1,0,1
accommodate,143,T_Y_C,5.0,shape,tail,color,B,T,S,4.333333333333333,0.666666666666667,0.666666666666667,T,Y,C,1,0,0
accommodate,143,N_Y_S,6.0,shape,tail,color,B,T,S,6.333333333333333,-0.33333333333333304,0.33333333333333304,N,Y,S,0,0,1
accommodate,143,T_B_S,7.0,shape,tail,color,B,T,S,7.666666666666667,-0.666666666666667,0.666666666666667,T,B,S,1,1,1
accommodate,11,N_Y_C,4.0,tail,shape,color,B,T,S,3.6666666666666665,0.3333333333333335,0.3333333333333335,N,Y,C,0,0,0
accommodate,11,T_Y_C,6.0,tail,shape,color,B,T,S,4.0,2.0,2.0,T,Y,C,1,0,0
accommodate,11,N_B_S,3.0,tail,shape,color,B,T,S,5.0,-2.0,2.0,N,B,S,0,1,1
accommodate,11,N_Y_S,4.0,tail,shape,color,B,T,S,3.6666666666666665,0.3333333333333335,0.3333333333333335,N,Y,S,0,0,1
accommodate,11,T_B_C,6.0,tail,shape,color,B,T,S,4.666666666666667,1.333333333333333,1.333333333333333,T,B,C,1,1,0
accommodate,11,T_B_S,4.0,tail,shape,color,B,T,S,7.0,-3.0,3.0,T,B,S,1,1,1
accommodate,11,N_B_C,3.0,tail,shape,color,B,T,S,3.3333333333333335,-0.3333333333333335,0.3333333333333335,N,B,C,0,1,0
accommodate,11,T_Y_S,5.0,tail,shape,color,B,T,S,5.333333333333333,-0.33333333333333304,0.33333333333333304,T,Y,S,1,0,1
accommodate,41,N_B_S,4.0,tail,shape,color,B,T,C,3.0,1.0,1.0,N,B,S,0,1,0
accommodate,41,T_B_C,6.0,tail,shape,color,B,T,C,6.0,0.0,0.0,T,B,C,1,1,1
accommodate,41,N_Y_C,3.0,tail,shape,color,B,T,C,6.0,-3.0,3.0,N,Y,C,0,0,1
accommodate,41,T_Y_C,4.0,tail,shape,color,B,T,C,6.0,-2.0,2.0,T,Y,C,1,0,1
accommodate,41,T_B_S,4.0,tail,shape,color,B,T,C,6.0,-2.0,2.0,T,B,S,1,1,0
accommodate,41,N_Y_S,3.0,tail,shape,color,B,T,C,2.3333333333333335,0.6666666666666665,0.6666666666666665,N,Y,S,0,0,0
accommodate,41,N_B_C,3.0,tail,shape,color,B,T,C,4.333333333333333,-1.333333333333333,1.333333333333333,N,B,C,0,1,1
accommodate,41,T_Y_S,4.0,tail,shape,color,B,T,C,4.0,0.0,0.0,T,Y,S,1,0,0
accommodate,137,T_Y_S,3.0,shape,tail,color,Y,N,C,3.3333333333333335,-0.3333333333333335,0.3333333333333335,T,Y,S,0,1,0
accommodate,137,N_Y_S,6.0,shape,tail,color,Y,N,C,5.666666666666667,0.33333333333333304,0.33333333333333304,N,Y,S,1,1,0
accommodate,137,T_Y_C,4.0,shape,tail,color,Y,N,C,4.666666666666667,-0.666666666666667,0.666666666666667,T,Y,C,0,1,1
accommodate,137,T_B_S,5.0,shape,tail,color,Y,N,C,2.6666666666666665,2.3333333333333335,2.3333333333333335,T,B,S,0,0,0
accommodate,137,N_Y_C,7.0,shape,tail,color,Y,N,C,7.0,0.0,0.0,N,Y,C,1,1,1
accommodate,137,T_B_C,5.0,shape,tail,color,Y,N,C,4.0,1.0,1.0,T,B,C,0,0,1
accommodate,137,N_B_S,5.0,shape,tail,color,Y,N,C,4.666666666666667,0.33333333333333304,0.33333333333333304,N,B,S,1,0,0
accommodate,137,N_B_C,7.0,shape,tail,color,Y,N,C,7.333333333333333,-0.33333333333333304,0.33333333333333304,N,B,C,1,0,1
accommodate,109,N_B_C,3.0,color,tail,shape,Y,T,S,1.6666666666666667,1.3333333333333333,1.3333333333333333,N,B,C,0,0,0
accommodate,109,T_B_S,5.0,color,tail,shape,Y,T,S,4.666666666666667,0.33333333333333304,0.33333333333333304,T,B,S,1,0,1
accommodate,109,N_Y_C,3.0,color,tail,shape,Y,T,S,5.333333333333333,-2.333333333333333,2.333333333333333,N,Y,C,0,1,0
accommodate,109,T_B_C,6.0,color,tail,shape,Y,T,S,4.666666666666667,1.333333333333333,1.333333333333333,T,B,C,1,0,0
accommodate,109,T_Y_S,4.0,color,tail,shape,Y,T,S,7.666666666666667,-3.666666666666667,3.666666666666667,T,Y,S,1,1,1
accommodate,109,T_Y_C,5.0,color,tail,shape,Y,T,S,7.333333333333333,-2.333333333333333,2.333333333333333,T,Y,C,1,1,0
accommodate,109,N_B_S,4.0,color,tail,shape,Y,T,S,4.333333333333333,-0.33333333333333304,0.33333333333333304,N,B,S,0,0,1
accommodate,109,N_Y_S,3.0,color,tail,shape,Y,T,S,5.0,-2.0,2.0,N,Y,S,0,1,1
accommodate,147,N_B_S,5.0,shape,tail,color,Y,N,C,4.0,1.0,1.0,N,B,S,1,0,0
accommodate,147,T_B_C,8.0,shape,tail,color,Y,N,C,4.666666666666667,3.333333333333333,3.333333333333333,T,B,C,0,0,1
accommodate,147,T_Y_C,4.0,shape,tail,color,Y,N,C,4.666666666666667,-0.666666666666667,0.666666666666667,T,Y,C,0,1,1
accommodate,147,T_Y_S,6.0,shape,tail,color,Y,N,C,3.3333333333333335,2.6666666666666665,2.6666666666666665,T,Y,S,0,1,0
accommodate,147,N_Y_C,9.0,shape,tail,color,Y,N,C,7.0,2.0,2.0,N,Y,C,1,1,1
accommodate,147,T_B_S,5.0,shape,tail,color,Y,N,C,3.0,2.0,2.0,T,B,S,0,0,0
accommodate,147,N_Y_S,8.0,shape,tail,color,Y,N,C,5.333333333333333,2.666666666666667,2.666666666666667,N,Y,S,1,1,0
accommodate,147,N_B_C,8.0,shape,tail,color,Y,N,C,6.666666666666667,1.333333333333333,1.333333333333333,N,B,C,1,0,1
accommodate,43,N_Y_S,6.0,shape,tail,color,B,T,S,5.333333333333333,0.666666666666667,0.666666666666667,N,Y,S,0,0,1
accommodate,43,N_B_S,7.0,shape,tail,color,B,T,S,5.666666666666667,1.333333333333333,1.333333333333333,N,B,S,0,1,1
accommodate,43,T_B_C,2.0,shape,tail,color,B,T,S,4.333333333333333,-2.333333333333333,2.333333333333333,T,B,C,1,1,0
accommodate,43,T_Y_S,1.0,shape,tail,color,B,T,S,6.666666666666667,-5.666666666666667,5.666666666666667,T,Y,S,1,0,1
accommodate,43,T_B_S,6.0,shape,tail,color,B,T,S,6.666666666666667,-0.666666666666667,0.666666666666667,T,B,S,1,1,1
accommodate,43,N_B_C,2.0,shape,tail,color,B,T,S,2.3333333333333335,-0.3333333333333335,0.3333333333333335,N,B,C,0,1,0
accommodate,43,T_Y_C,3.0,shape,tail,color,B,T,S,4.0,-1.0,1.0,T,Y,C,1,0,0
accommodate,43,N_Y_C,2.0,shape,tail,color,B,T,S,2.0,0.0,0.0,N,Y,C,0,0,0
accommodate,2,T_Y_S,6.0,color,shape,tail,Y,T,C,5.666666666666667,0.33333333333333304,0.33333333333333304,T,Y,S,1,1,0
accommodate,2,T_B_S,3.0,color,shape,tail,Y,T,C,3.3333333333333335,-0.3333333333333335,0.3333333333333335,T,B,S,1,0,0
accommodate,2,T_B_C,6.0,color,shape,tail,Y,T,C,6.666666666666667,-0.666666666666667,0.666666666666667,T,B,C,1,0,1
accommodate,2,T_Y_C,9.0,color,shape,tail,Y,T,C,7.666666666666667,1.333333333333333,1.333333333333333,T,Y,C,1,1,1
accommodate,2,N_B_S,1.0,color,shape,tail,Y,T,C,3.0,-2.0,2.0,N,B,S,0,0,0
accommodate,2,N_Y_C,7.0,color,shape,tail,Y,T,C,6.666666666666667,0.33333333333333304,0.33333333333333304,N,Y,C,0,1,1
accommodate,2,N_Y_S,5.0,color,shape,tail,Y,T,C,6.0,-1.0,1.0,N,Y,S,0,1,0
accommodate,2,N_B_C,4.0,color,shape,tail,Y,T,C,4.666666666666667,-0.666666666666667,0.666666666666667,N,B,C,0,0,1
accommodate,101,T_B_S,4.0,color,tail,shape,B,N,C,4.333333333333333,-0.33333333333333304,0.33333333333333304,T,B,S,0,1,0
accommodate,101,N_Y_C,4.0,color,tail,shape,B,N,C,6.0,-2.0,2.0,N,Y,C,1,0,1
accommodate,101,N_B_S,5.0,color,tail,shape,B,N,C,7.333333333333333,-2.333333333333333,2.333333333333333,N,B,S,1,1,0
accommodate,101,T_Y_S,4.0,color,tail,shape,B,N,C,3.3333333333333335,0.6666666666666665,0.6666666666666665,T,Y,S,0,0,0
accommodate,101,N_B_C,5.0,color,tail,shape,B,N,C,7.0,-2.0,2.0,N,B,C,1,1,1
accommodate,101,T_Y_C,4.0,color,tail,shape,B,N,C,3.3333333333333335,0.6666666666666665,0.6666666666666665,T,Y,C,0,0,1
accommodate,101,T_B_C,4.0,color,tail,shape,B,N,C,4.0,0.0,0.0,T,B,C,0,1,1
accommodate,101,N_Y_S,5.0,color,tail,shape,B,N,C,5.0,0.0,0.0,N,Y,S,1,0,0
accommodate,148,N_Y_C,5.0,color,shape,tail,B,N,S,4.0,1.0,1.0,N,Y,C,1,0,0
accommodate,148,T_B_C,6.0,color,shape,tail,B,N,S,4.666666666666667,1.333333333333333,1.333333333333333,T,B,C,0,1,0
accommodate,148,N_Y_S,3.0,color,shape,tail,B,N,S,5.0,-2.0,2.0,N,Y,S,1,0,1
accommodate,148,T_Y_S,2.0,color,shape,tail,B,N,S,4.0,-2.0,2.0,T,Y,S,0,0,1
accommodate,148,T_Y_C,4.0,color,shape,tail,B,N,S,3.0,1.0,1.0,T,Y,C,0,0,0
accommodate,148,N_B_C,3.0,color,shape,tail,B,N,S,3.6666666666666665,-0.6666666666666665,0.6666666666666665,N,B,C,1,1,0
accommodate,148,T_B_S,7.0,color,shape,tail,B,N,S,8.333333333333334,-1.333333333333334,1.333333333333334,T,B,S,0,1,1
accommodate,148,N_B_S,5.0,color,shape,tail,B,N,S,7.666666666666667,-2.666666666666667,2.666666666666667,N,B,S,1,1,1
accommodate,50,T_Y_C,7.0,shape,tail,color,Y,N,C,6.333333333333333,0.666666666666667,0.666666666666667,T,Y,C,0,1,1
accommodate,50,T_B_C,6.0,shape,tail,color,Y,N,C,2.3333333333333335,3.6666666666666665,3.6666666666666665,T,B,C,0,0,1
accommodate,50,N_Y_S,5.0,shape,tail,color,Y,N,C,5.666666666666667,-0.666666666666667,0.666666666666667,N,Y,S,1,1,0
accommodate,50,N_B_S,5.0,shape,tail,color,Y,N,C,4.666666666666667,0.33333333333333304,0.33333333333333304,N,B,S,1,0,0
accommodate,50,N_Y_C,3.0,shape,tail,color,Y,N,C,6.0,-3.0,3.0,N,Y,C,1,1,1
accommodate,50,T_Y_S,5.0,shape,tail,color,Y,N,C,2.6666666666666665,2.3333333333333335,2.3333333333333335,T,Y,S,0,1,0
accommodate,50,N_B_C,2.0,shape,tail,color,Y,N,C,6.333333333333333,-4.333333333333333,4.333333333333333,N,B,C,1,0,1
accommodate,50,T_B_S,2.0,shape,tail,color,Y,N,C,3.6666666666666665,-1.6666666666666665,1.6666666666666665,T,B,S,0,0,0
accommodate,108,T_B_C,5.0,shape,color,tail,B,T,S,4.0,1.0,1.0,T,B,C,1,1,0
accommodate,108,T_Y_S,5.0,shape,color,tail,B,T,S,5.0,0.0,0.0,T,Y,S,1,0,1
accommodate,108,N_Y_C,2.0,shape,color,tail,B,T,S,2.3333333333333335,-0.3333333333333335,0.3333333333333335,N,Y,C,0,0,0
accommodate,108,T_B_S,7.0,shape,color,tail,B,T,S,6.333333333333333,0.666666666666667,0.666666666666667,T,B,S,1,1,1
accommodate,108,N_B_S,6.0,shape,color,tail,B,T,S,7.0,-1.0,1.0,N,B,S,0,1,1
accommodate,108,N_B_C,4.0,shape,color,tail,B,T,S,3.6666666666666665,0.3333333333333335,0.3333333333333335,N,B,C,0,1,0
accommodate,108,N_Y_S,4.0,shape,color,tail,B,T,S,5.0,-1.0,1.0,N,Y,S,0,0,1
accommodate,108,T_Y_C,4.0,shape,color,tail,B,T,S,3.0,1.0,1.0,T,Y,C,1,0,0
accommodate,9,N_B_S,2.0,color,tail,shape,Y,T,C,2.0,0.0,0.0,N,B,S,0,0,0
accommodate,9,T_B_S,8.0,color,tail,shape,Y,T,C,5.333333333333333,2.666666666666667,2.666666666666667,T,B,S,1,0,0
accommodate,9,T_Y_S,6.0,color,tail,shape,Y,T,C,5.666666666666667,0.33333333333333304,0.33333333333333304,T,Y,S,1,1,0
accommodate,9,N_B_C,3.0,color,tail,shape,Y,T,C,3.0,0.0,0.0,N,B,C,0,0,1
accommodate,9,N_Y_S,4.0,color,tail,shape,Y,T,C,4.333333333333333,-0.33333333333333304,0.33333333333333304,N,Y,S,0,1,0
accommodate,9,N_Y_C,7.0,color,tail,shape,Y,T,C,4.666666666666667,2.333333333333333,2.333333333333333,N,Y,C,0,1,1
accommodate,9,T_Y_C,8.0,color,tail,shape,Y,T,C,7.666666666666667,0.33333333333333304,0.33333333333333304,T,Y,C,1,1,1
accommodate,9,T_B_C,4.0,color,tail,shape,Y,T,C,4.666666666666667,-0.666666666666667,0.666666666666667,T,B,C,1,0,1
accommodate,91,T_Y_S,4.0,shape,color,tail,B,T,C,2.6666666666666665,1.3333333333333335,1.3333333333333335,T,Y,S,1,0,0
accommodate,91,T_B_C,4.0,shape,color,tail,B,T,C,6.333333333333333,-2.333333333333333,2.333333333333333,T,B,C,1,1,1
accommodate,91,N_Y_C,5.0,shape,color,tail,B,T,C,4.333333333333333,0.666666666666667,0.666666666666667,N,Y,C,0,0,1
accommodate,91,T_B_S,6.0,shape,color,tail,B,T,C,5.666666666666667,0.33333333333333304,0.33333333333333304,T,B,S,1,1,0
accommodate,91,N_Y_S,6.0,shape,color,tail,B,T,C,2.0,4.0,4.0,N,Y,S,0,0,0
accommodate,91,T_Y_C,4.0,shape,color,tail,B,T,C,4.666666666666667,-0.666666666666667,0.666666666666667,T,Y,C,1,0,1
accommodate,91,N_B_C,5.0,shape,color,tail,B,T,C,6.0,-1.0,1.0,N,B,C,0,1,1
accommodate,91,N_B_S,7.0,shape,color,tail,B,T,C,6.333333333333333,0.666666666666667,0.666666666666667,N,B,S,0,1,0
accommodate,141,T_Y_C,6.0,tail,shape,color,B,T,S,5.0,1.0,1.0,T,Y,C,1,0,0
accommodate,141,T_B_C,7.0,tail,shape,color,B,T,S,5.666666666666667,1.333333333333333,1.333333333333333,T,B,C,1,1,0
accommodate,141,T_Y_S,8.0,tail,shape,color,B,T,S,7.0,1.0,1.0,T,Y,S,1,0,1
accommodate,141,N_Y_C,3.0,tail,shape,color,B,T,S,2.6666666666666665,0.3333333333333335,0.3333333333333335,N,Y,C,0,0,0
accommodate,141,N_Y_S,2.0,tail,shape,color,B,T,S,4.333333333333333,-2.333333333333333,2.333333333333333,N,Y,S,0,0,1
accommodate,141,N_B_S,6.0,tail,shape,color,B,T,S,5.666666666666667,0.33333333333333304,0.33333333333333304,N,B,S,0,1,1
accommodate,141,N_B_C,4.0,tail,shape,color,B,T,S,1.3333333333333333,2.666666666666667,2.666666666666667,N,B,C,0,1,0
accommodate,141,T_B_S,9.0,tail,shape,color,B,T,S,7.666666666666667,1.333333333333333,1.333333333333333,T,B,S,1,1,1
accommodate,42,T_Y_C,9.0,shape,color,tail,Y,N,C,8.333333333333334,0.6666666666666661,0.6666666666666661,T,Y,C,0,1,1
accommodate,42,N_Y_C,5.0,shape,color,tail,Y,N,C,8.0,-3.0,3.0,N,Y,C,1,1,1
accommodate,42,N_B_C,7.0,shape,color,tail,Y,N,C,3.6666666666666665,3.3333333333333335,3.3333333333333335,N,B,C,1,0,1
accommodate,42,T_B_S,7.0,shape,color,tail,Y,N,C,3.3333333333333335,3.6666666666666665,3.6666666666666665,T,B,S,0,0,0
accommodate,42,T_Y_S,8.0,shape,color,tail,Y,N,C,4.0,4.0,4.0,T,Y,S,0,1,0
accommodate,42,N_B_S,6.0,shape,color,tail,Y,N,C,3.3333333333333335,2.6666666666666665,2.6666666666666665,N,B,S,1,0,0
accommodate,42,T_B_C,8.0,shape,color,tail,Y,N,C,4.666666666666667,3.333333333333333,3.333333333333333,T,B,C,0,0,1
accommodate,42,N_Y_S,9.0,shape,color,tail,Y,N,C,6.0,3.0,3.0,N,Y,S,1,1,0
accommodate,45,N_B_C,2.0,color,tail,shape,Y,T,S,2.3333333333333335,-0.3333333333333335,0.3333333333333335,N,B,C,0,0,0
accommodate,45,N_Y_S,8.0,color,tail,shape,Y,T,S,6.333333333333333,1.666666666666667,1.666666666666667,N,Y,S,0,1,1
accommodate,45,N_Y_C,6.0,color,tail,shape,Y,T,S,5.333333333333333,0.666666666666667,0.666666666666667,N,Y,C,0,1,0
accommodate,45,T_Y_C,6.0,color,tail,shape,Y,T,S,7.0,-1.0,1.0,T,Y,C,1,1,0
accommodate,45,N_B_S,5.0,color,tail,shape,Y,T,S,3.3333333333333335,1.6666666666666665,1.6666666666666665,N,B,S,0,0,1
accommodate,45,T_B_S,4.0,color,tail,shape,Y,T,S,5.666666666666667,-1.666666666666667,1.666666666666667,T,B,S,1,0,1
accommodate,45,T_B_C,3.0,color,tail,shape,Y,T,S,5.666666666666667,-2.666666666666667,2.666666666666667,T,B,C,1,0,0
accommodate,45,T_Y_S,8.0,color,tail,shape,Y,T,S,6.333333333333333,1.666666666666667,1.666666666666667,T,Y,S,1,1,1
accommodate,14,N_Y_C,6.0,tail,color,shape,Y,T,S,4.666666666666667,1.333333333333333,1.333333333333333,N,Y,C,0,1,0
accommodate,14,T_B_S,5.0,tail,color,shape,Y,T,S,4.666666666666667,0.33333333333333304,0.33333333333333304,T,B,S,1,0,1
accommodate,14,N_Y_S,4.0,tail,color,shape,Y,T,S,6.333333333333333,-2.333333333333333,2.333333333333333,N,Y,S,0,1,1
accommodate,14,T_Y_S,5.0,tail,color,shape,Y,T,S,6.333333333333333,-1.333333333333333,1.333333333333333,T,Y,S,1,1,1
accommodate,14,N_B_S,4.0,tail,color,shape,Y,T,S,2.0,2.0,2.0,N,B,S,0,0,1
accommodate,14,N_B_C,4.0,tail,color,shape,Y,T,S,2.3333333333333335,1.6666666666666665,1.6666666666666665,N,B,C,0,0,0
accommodate,14,T_B_C,6.0,tail,color,shape,Y,T,S,3.6666666666666665,2.3333333333333335,2.3333333333333335,T,B,C,1,0,0
accommodate,14,T_Y_C,6.0,tail,color,shape,Y,T,S,6.666666666666667,-0.666666666666667,0.666666666666667,T,Y,C,1,1,0
accommodate,96,N_Y_C,3.0,color,shape,tail,Y,T,S,6.0,-3.0,3.0,N,Y,C,0,1,0
accommodate,96,T_B_C,5.0,color,shape,tail,Y,T,S,4.666666666666667,0.33333333333333304,0.33333333333333304,T,B,C,1,0,0
accommodate,96,N_B_C,5.0,color,shape,tail,Y,T,S,3.0,2.0,2.0,N,B,C,0,0,0
accommodate,96,T_Y_C,5.0,color,shape,tail,Y,T,S,5.0,0.0,0.0,T,Y,C,1,1,0
accommodate,96,T_B_S,7.0,color,shape,tail,Y,T,S,6.0,1.0,1.0,T,B,S,1,0,1
accommodate,96,N_Y_S,6.0,color,shape,tail,Y,T,S,7.333333333333333,-1.333333333333333,1.333333333333333,N,Y,S,0,1,1
accommodate,96,T_Y_S,6.0,color,shape,tail,Y,T,S,7.333333333333333,-1.333333333333333,1.333333333333333,T,Y,S,1,1,1
accommodate,96,N_B_S,8.0,color,shape,tail,Y,T,S,4.333333333333333,3.666666666666667,3.666666666666667,N,B,S,0,0,1
accommodate,71,T_B_C,6.0,shape,tail,color,Y,N,C,6.333333333333333,-0.33333333333333304,0.33333333333333304,T,B,C,0,0,1
accommodate,71,N_Y_C,4.0,shape,tail,color,Y,N,C,8.333333333333334,-4.333333333333334,4.333333333333334,N,Y,C,1,1,1
accommodate,71,T_Y_S,4.0,shape,tail,color,Y,N,C,2.6666666666666665,1.3333333333333335,1.3333333333333335,T,Y,S,0,1,0
accommodate,71,T_B_S,2.0,shape,tail,color,Y,N,C,3.3333333333333335,-1.3333333333333335,1.3333333333333335,T,B,S,0,0,0
accommodate,71,T_Y_C,8.0,shape,tail,color,Y,N,C,6.0,2.0,2.0,T,Y,C,0,1,1
accommodate,71,N_Y_S,6.0,shape,tail,color,Y,N,C,4.666666666666667,1.333333333333333,1.333333333333333,N,Y,S,1,1,0
accommodate,71,N_B_S,6.0,shape,tail,color,Y,N,C,3.0,3.0,3.0,N,B,S,1,0,0
accommodate,71,N_B_C,8.0,shape,tail,color,Y,N,C,7.0,1.0,1.0,N,B,C,1,0,1
accommodate,53,N_B_S,9.0,shape,color,tail,B,N,S,7.666666666666667,1.333333333333333,1.333333333333333,N,B,S,1,1,1
accommodate,53,T_Y_S,4.0,shape,color,tail,B,N,S,5.0,-1.0,1.0,T,Y,S,0,0,1
accommodate,53,N_Y_S,5.0,shape,color,tail,B,N,S,6.333333333333333,-1.333333333333333,1.333333333333333,N,Y,S,1,0,1
accommodate,53,T_B_S,7.0,shape,color,tail,B,N,S,6.666666666666667,0.33333333333333304,0.33333333333333304,T,B,S,0,1,1
accommodate,53,N_Y_C,3.0,shape,color,tail,B,N,S,4.0,-1.0,1.0,N,Y,C,1,0,0
accommodate,53,T_B_C,6.0,shape,color,tail,B,N,S,5.666666666666667,0.33333333333333304,0.33333333333333304,T,B,C,0,1,0
accommodate,53,N_B_C,8.0,shape,color,tail,B,N,S,7.0,1.0,1.0,N,B,C,1,1,0
accommodate,53,T_Y_C,1.0,shape,color,tail,B,N,S,3.0,-2.0,2.0,T,Y,C,0,0,0
accommodate,122,T_Y_S,7.0,tail,color,shape,Y,T,C,7.333333333333333,-0.33333333333333304,0.33333333333333304,T,Y,S,1,1,0
accommodate,122,N_Y_S,6.0,tail,color,shape,Y,T,C,5.333333333333333,0.666666666666667,0.666666666666667,N,Y,S,0,1,0
accommodate,122,N_B_C,2.0,tail,color,shape,Y,T,C,3.0,-1.0,1.0,N,B,C,0,0,1
accommodate,122,T_B_S,4.0,tail,color,shape,Y,T,C,4.333333333333333,-0.33333333333333304,0.33333333333333304,T,B,S,1,0,0
accommodate,122,T_Y_C,7.0,tail,color,shape,Y,T,C,7.0,0.0,0.0,T,Y,C,1,1,1
accommodate,122,T_B_C,4.0,tail,color,shape,Y,T,C,5.666666666666667,-1.666666666666667,1.666666666666667,T,B,C,1,0,1
accommodate,122,N_B_S,2.0,tail,color,shape,Y,T,C,3.3333333333333335,-1.3333333333333335,1.3333333333333335,N,B,S,0,0,0
accommodate,122,N_Y_C,5.0,tail,color,shape,Y,T,C,5.0,0.0,0.0,N,Y,C,0,1,1
accommodate,149,N_B_S,7.0,shape,color,tail,B,N,S,7.333333333333333,-0.33333333333333304,0.33333333333333304,N,B,S,1,1,1
accommodate,149,N_Y_C,4.0,shape,color,tail,B,N,S,4.333333333333333,-0.33333333333333304,0.33333333333333304,N,Y,C,1,0,0
accommodate,149,N_B_C,5.0,shape,color,tail,B,N,S,5.333333333333333,-0.33333333333333304,0.33333333333333304,N,B,C,1,1,0
accommodate,149,N_Y_S,7.0,shape,color,tail,B,N,S,5.666666666666667,1.333333333333333,1.333333333333333,N,Y,S,1,0,1
accommodate,149,T_Y_S,7.0,shape,color,tail,B,N,S,5.333333333333333,1.666666666666667,1.666666666666667,T,Y,S,0,0,1
accommodate,149,T_Y_C,3.0,shape,color,tail,B,N,S,3.3333333333333335,-0.3333333333333335,0.3333333333333335,T,Y,C,0,0,0
accommodate,149,T_B_S,6.0,shape,color,tail,B,N,S,7.333333333333333,-1.333333333333333,1.333333333333333,T,B,S,0,1,1
accommodate,149,T_B_C,8.0,shape,color,tail,B,N,S,5.0,3.0,3.0,T,B,C,0,1,0
accommodate,17,T_Y_C,5.0,color,tail,shape,B,T,C,4.666666666666667,0.33333333333333304,0.33333333333333304,T,Y,C,1,0,1
accommodate,17,N_Y_S,3.0,color,tail,shape,B,T,C,3.3333333333333335,-0.3333333333333335,0.3333333333333335,N,Y,S,0,0,0
accommodate,17,N_B_C,4.0,color,tail,shape,B,T,C,4.0,0.0,0.0,N,B,C,0,1,1
accommodate,17,T_B_S,8.0,color,tail,shape,B,T,C,7.0,1.0,1.0,T,B,S,1,1,0
accommodate,17,T_B_C,7.0,color,tail,shape,B,T,C,7.333333333333333,-0.33333333333333304,0.33333333333333304,T,B,C,1,1,1
accommodate,17,T_Y_S,5.0,color,tail,shape,B,T,C,4.0,1.0,1.0,T,Y,S,1,0,0
accommodate,17,N_B_S,5.0,color,tail,shape,B,T,C,4.0,1.0,1.0,N,B,S,0,1,0
accommodate,17,N_Y_C,5.0,color,tail,shape,B,T,C,2.6666666666666665,2.3333333333333335,2.3333333333333335,N,Y,C,0,0,1
accommodate,26,N_Y_S,7.0,shape,color,tail,Y,N,S,7.0,0.0,0.0,N,Y,S,1,1,1
accommodate,26,N_Y_C,5.0,shape,color,tail,Y,N,S,6.0,-1.0,1.0,N,Y,C,1,1,0
accommodate,26,N_B_S,7.0,shape,color,tail,Y,N,S,5.666666666666667,1.333333333333333,1.333333333333333,N,B,S,1,0,1
accommodate,26,T_Y_C,4.0,shape,color,tail,Y,N,S,5.333333333333333,-1.333333333333333,1.333333333333333,T,Y,C,0,1,0
accommodate,26,T_Y_S,7.0,shape,color,tail,Y,N,S,6.0,1.0,1.0,T,Y,S,0,1,1
accommodate,26,N_B_C,4.0,shape,color,tail,Y,N,S,3.6666666666666665,0.3333333333333335,0.3333333333333335,N,B,C,1,0,0
accommodate,26,T_B_C,4.0,shape,color,tail,Y,N,S,3.3333333333333335,0.6666666666666665,0.6666666666666665,T,B,C,0,0,0
accommodate,26,T_B_S,7.0,shape,color,tail,Y,N,S,4.666666666666667,2.333333333333333,2.333333333333333,T,B,S,0,0,1
accommodate,65,T_Y_C,8.0,shape,tail,color,B,T,C,6.0,2.0,2.0,T,Y,C,1,0,1
accommodate,65,N_B_S,4.0,shape,tail,color,B,T,C,3.3333333333333335,0.6666666666666665,0.6666666666666665,N,B,S,0,1,0
accommodate,65,N_B_C,3.0,shape,tail,color,B,T,C,4.666666666666667,-1.666666666666667,1.666666666666667,N,B,C,0,1,1
accommodate,65,T_B_S,6.0,shape,tail,color,B,T,C,6.0,0.0,0.0,T,B,S,1,1,0
accommodate,65,T_B_C,7.0,shape,tail,color,B,T,C,6.666666666666667,0.33333333333333304,0.33333333333333304,T,B,C,1,1,1
accommodate,65,N_Y_S,5.0,shape,tail,color,B,T,C,4.0,1.0,1.0,N,Y,S,0,0,0
accommodate,65,N_Y_C,4.0,shape,tail,color,B,T,C,4.333333333333333,-0.33333333333333304,0.33333333333333304,N,Y,C,0,0,1
accommodate,65,T_Y_S,7.0,shape,tail,color,B,T,C,4.0,3.0,3.0,T,Y,S,1,0,0
accommodate,133,N_Y_C,3.0,color,tail,shape,B,T,S,3.3333333333333335,-0.3333333333333335,0.3333333333333335,N,Y,C,0,0,0
accommodate,133,N_B_S,4.0,color,tail,shape,B,T,S,5.0,-1.0,1.0,N,B,S,0,1,1
accommodate,133,T_Y_S,4.0,color,tail,shape,B,T,S,5.333333333333333,-1.333333333333333,1.333333333333333,T,Y,S,1,0,1
accommodate,133,N_Y_S,3.0,color,tail,shape,B,T,S,2.0,1.0,1.0,N,Y,S,0,0,1
accommodate,133,T_B_C,8.0,color,tail,shape,B,T,S,6.333333333333333,1.666666666666667,1.666666666666667,T,B,C,1,1,0
accommodate,133,N_B_C,4.0,color,tail,shape,B,T,S,4.0,0.0,0.0,N,B,C,0,1,0
accommodate,133,T_Y_C,8.0,color,tail,shape,B,T,S,5.333333333333333,2.666666666666667,2.666666666666667,T,Y,C,1,0,0
accommodate,133,T_B_S,8.0,color,tail,shape,B,T,S,7.666666666666667,0.33333333333333304,0.33333333333333304,T,B,S,1,1,1
accommodate,4,T_B_C,8.0,shape,color,tail,B,T,C,7.333333333333333,0.666666666666667,0.666666666666667,T,B,C,1,1,1
accommodate,4,T_Y_S,3.0,shape,color,tail,B,T,C,2.6666666666666665,0.3333333333333335,0.3333333333333335,T,Y,S,1,0,0
accommodate,4,N_Y_S,3.0,shape,color,tail,B,T,C,2.6666666666666665,0.3333333333333335,0.3333333333333335,N,Y,S,0,0,0
accommodate,4,N_B_C,7.0,shape,color,tail,B,T,C,5.666666666666667,1.333333333333333,1.333333333333333,N,B,C,0,1,1
accommodate,4,N_B_S,2.0,shape,color,tail,B,T,C,3.3333333333333335,-1.3333333333333335,1.3333333333333335,N,B,S,0,1,0
accommodate,4,T_B_S,6.0,shape,color,tail,B,T,C,5.666666666666667,0.33333333333333304,0.33333333333333304,T,B,S,1,1,0
accommodate,4,N_Y_C,7.0,shape,color,tail,B,T,C,5.0,2.0,2.0,N,Y,C,0,0,1
accommodate,4,T_Y_C,6.0,shape,color,tail,B,T,C,5.333333333333333,0.666666666666667,0.666666666666667,T,Y,C,1,0,1
accommodate,19,N_B_C,5.0,color,tail,shape,B,T,S,5.0,0.0,0.0,N,B,C,0,1,0
accommodate,19,T_B_C,7.0,color,tail,shape,B,T,S,7.0,0.0,0.0,T,B,C,1,1,0
accommodate,19,N_Y_S,1.0,color,tail,shape,B,T,S,2.3333333333333335,-1.3333333333333335,1.3333333333333335,N,Y,S,0,0,1
accommodate,19,N_Y_C,2.0,color,tail,shape,B,T,S,2.0,0.0,0.0,N,Y,C,0,0,0
accommodate,19,T_Y_C,5.0,color,tail,shape,B,T,S,4.333333333333333,0.666666666666667,0.666666666666667,T,Y,C,1,0,0
accommodate,19,T_B_S,7.0,color,tail,shape,B,T,S,7.0,0.0,0.0,T,B,S,1,1,1
accommodate,19,T_Y_S,4.0,color,tail,shape,B,T,S,4.666666666666667,-0.666666666666667,0.666666666666667,T,Y,S,1,0,1
accommodate,19,N_B_S,3.0,color,tail,shape,B,T,S,4.333333333333333,-1.333333333333333,1.333333333333333,N,B,S,0,1,1
accommodate,75,N_Y_S,7.0,shape,tail,color,B,T,S,4.0,3.0,3.0,N,Y,S,0,0,1
accommodate,75,N_B_C,4.0,shape,tail,color,B,T,S,3.6666666666666665,0.3333333333333335,0.3333333333333335,N,B,C,0,1,0
accommodate,75,T_Y_C,6.0,shape,tail,color,B,T,S,5.0,1.0,1.0,T,Y,C,1,0,0
accommodate,75,N_B_S,3.0,shape,tail,color,B,T,S,5.666666666666667,-2.666666666666667,2.666666666666667,N,B,S,0,1,1
accommodate,75,T_B_C,4.0,shape,tail,color,B,T,S,3.6666666666666665,0.3333333333333335,0.3333333333333335,T,B,C,1,1,0
accommodate,75,T_B_S,4.0,shape,tail,color,B,T,S,7.0,-3.0,3.0,T,B,S,1,1,1
accommodate,75,N_Y_C,7.0,shape,tail,color,B,T,S,3.0,4.0,4.0,N,Y,C,0,0,0
accommodate,75,T_Y_S,7.0,shape,tail,color,B,T,S,7.0,0.0,0.0,T,Y,S,1,0,1
accommodate,54,N_B_C,6.0,tail,shape,color,Y,T,C,4.333333333333333,1.666666666666667,1.666666666666667,N,B,C,0,0,1
accommodate,54,N_B_S,2.0,tail,shape,color,Y,T,C,2.6666666666666665,-0.6666666666666665,0.6666666666666665,N,B,S,0,0,0
accommodate,54,T_B_S,5.0,tail,shape,color,Y,T,C,5.333333333333333,-0.33333333333333304,0.33333333333333304,T,B,S,1,0,0
accommodate,54,T_Y_C,8.0,tail,shape,color,Y,T,C,7.333333333333333,0.666666666666667,0.666666666666667,T,Y,C,1,1,1
accommodate,54,T_B_C,7.0,tail,shape,color,Y,T,C,8.0,-1.0,1.0,T,B,C,1,0,1
accommodate,54,N_Y_C,6.0,tail,shape,color,Y,T,C,5.666666666666667,0.33333333333333304,0.33333333333333304,N,Y,C,0,1,1
accommodate,54,N_Y_S,4.0,tail,shape,color,Y,T,C,1.6666666666666667,2.333333333333333,2.333333333333333,N,Y,S,0,1,0
accommodate,54,T_Y_S,6.0,tail,shape,color,Y,T,C,5.666666666666667,0.33333333333333304,0.33333333333333304,T,Y,S,1,1,0
accommodate,139,T_Y_S,6.0,tail,shape,color,B,T,S,7.0,-1.0,1.0,T,Y,S,1,0,1
accommodate,139,N_B_S,3.0,tail,shape,color,B,T,S,5.0,-2.0,2.0,N,B,S,0,1,1
accommodate,139,N_B_C,7.0,tail,shape,color,B,T,S,3.0,4.0,4.0,N,B,C,0,1,0
accommodate,139,N_Y_S,3.0,tail,shape,color,B,T,S,4.0,-1.0,1.0,N,Y,S,0,0,1
accommodate,139,T_B_S,6.0,tail,shape,color,B,T,S,7.0,-1.0,1.0,T,B,S,1,1,1
accommodate,139,T_B_C,4.0,tail,shape,color,B,T,S,6.0,-2.0,2.0,T,B,C,1,1,0
accommodate,139,T_Y_C,7.0,tail,shape,color,B,T,S,5.333333333333333,1.666666666666667,1.666666666666667,T,Y,C,1,0,0
accommodate,139,N_Y_C,4.0,tail,shape,color,B,T,S,3.0,1.0,1.0,N,Y,C,0,0,0
accommodate,16,T_B_C,7.0,tail,color,shape,Y,T,S,7.333333333333333,-0.33333333333333304,0.33333333333333304,T,B,C,1,0,0
accommodate,16,N_Y_C,4.0,tail,color,shape,Y,T,S,5.666666666666667,-1.666666666666667,1.666666666666667,N,Y,C,0,1,0
accommodate,16,T_Y_S,8.0,tail,color,shape,Y,T,S,7.666666666666667,0.33333333333333304,0.33333333333333304,T,Y,S,1,1,1
accommodate,16,N_B_S,4.0,tail,color,shape,Y,T,S,3.3333333333333335,0.6666666666666665,0.6666666666666665,N,B,S,0,0,1
accommodate,16,T_Y_C,8.0,tail,color,shape,Y,T,S,6.0,2.0,2.0,T,Y,C,1,1,0
accommodate,16,N_Y_S,10.0,tail,color,shape,Y,T,S,4.333333333333333,5.666666666666667,5.666666666666667,N,Y,S,0,1,1
accommodate,16,T_B_S,6.0,tail,color,shape,Y,T,S,6.333333333333333,-0.33333333333333304,0.33333333333333304,T,B,S,1,0,1
accommodate,16,N_B_C,5.0,tail,color,shape,Y,T,S,2.6666666666666665,2.3333333333333335,2.3333333333333335,N,B,C,0,0,0
accommodate,69,N_B_C,3.0,shape,color,tail,Y,N,C,5.666666666666667,-2.666666666666667,2.666666666666667,N,B,C,1,0,1
accommodate,69,N_B_S,9.0,shape,color,tail,Y,N,C,3.3333333333333335,5.666666666666666,5.666666666666666,N,B,S,1,0,0
accommodate,69,T_B_S,5.0,shape,color,tail,Y,N,C,3.0,2.0,2.0,T,B,S,0,0,0
accommodate,69,T_Y_C,6.0,shape,color,tail,Y,N,C,7.0,-1.0,1.0,T,Y,C,0,1,1
accommodate,69,T_B_C,6.0,shape,color,tail,Y,N,C,6.0,0.0,0.0,T,B,C,0,0,1
accommodate,69,N_Y_C,3.0,shape,color,tail,Y,N,C,8.333333333333334,-5.333333333333334,5.333333333333334,N,Y,C,1,1,1
accommodate,69,T_Y_S,7.0,shape,color,tail,Y,N,C,5.0,2.0,2.0,T,Y,S,0,1,0
accommodate,69,N_Y_S,9.0,shape,color,tail,Y,N,C,5.333333333333333,3.666666666666667,3.666666666666667,N,Y,S,1,1,0
predict,100,N_Y_S,5.0,color,tail,shape,Y,N,C,6.666666666666667,-1.666666666666667,1.666666666666667,N,Y,S,1,1,0
predict,100,T_B_S,3.0,color,tail,shape,Y,N,C,3.0,0.0,0.0,T,B,S,0,0,0
predict,100,T_B_C,3.0,color,tail,shape,Y,N,C,2.6666666666666665,0.3333333333333335,0.3333333333333335,T,B,C,0,0,1
predict,100,N_B_C,5.0,color,tail,shape,Y,N,C,5.0,0.0,0.0,N,B,C,1,0,1
predict,100,T_Y_C,3.0,color,tail,shape,Y,N,C,5.333333333333333,-2.333333333333333,2.333333333333333,T,Y,C,0,1,1
predict,100,T_Y_S,5.0,color,tail,shape,Y,N,C,5.333333333333333,-0.33333333333333304,0.33333333333333304,T,Y,S,0,1,0
predict,100,N_Y_C,5.0,color,tail,shape,Y,N,C,7.0,-2.0,2.0,N,Y,C,1,1,1
predict,100,N_B_S,4.0,color,tail,shape,Y,N,C,4.333333333333333,-0.33333333333333304,0.33333333333333304,N,B,S,1,0,0
predict,60,T_Y_S,5.0,shape,color,tail,B,T,S,5.333333333333333,-0.33333333333333304,0.33333333333333304,T,Y,S,1,0,1
predict,60,T_Y_C,4.0,shape,color,tail,B,T,S,3.3333333333333335,0.6666666666666665,0.6666666666666665,T,Y,C,1,0,0
predict,60,N_Y_S,6.0,shape,color,tail,B,T,S,5.333333333333333,0.666666666666667,0.666666666666667,N,Y,S,0,0,1
predict,60,T_B_C,4.0,shape,color,tail,B,T,S,4.333333333333333,-0.33333333333333304,0.33333333333333304,T,B,C,1,1,0
predict,60,N_Y_C,4.0,shape,color,tail,B,T,S,3.3333333333333335,0.6666666666666665,0.6666666666666665,N,Y,C,0,0,0
predict,60,N_B_C,3.0,shape,color,tail,B,T,S,5.333333333333333,-2.333333333333333,2.333333333333333,N,B,C,0,1,0
predict,60,T_B_S,7.0,shape,color,tail,B,T,S,8.0,-1.0,1.0,T,B,S,1,1,1
predict,60,N_B_S,7.0,shape,color,tail,B,T,S,6.333333333333333,0.666666666666667,0.666666666666667,N,B,S,0,1,1
predict,33,N_Y_C,2.0,shape,tail,color,B,T,S,3.0,-1.0,1.0,N,Y,C,0,0,0
predict,33,T_Y_S,6.0,shape,tail,color,B,T,S,6.333333333333333,-0.33333333333333304,0.33333333333333304,T,Y,S,1,0,1
predict,33,T_B_S,7.0,shape,tail,color,B,T,S,7.666666666666667,-0.666666666666667,0.666666666666667,T,B,S,1,1,1
predict,33,T_Y_C,5.0,shape,tail,color,B,T,S,4.333333333333333,0.666666666666667,0.666666666666667,T,Y,C,1,0,0
predict,33,T_B_C,6.0,shape,tail,color,B,T,S,4.666666666666667,1.333333333333333,1.333333333333333,T,B,C,1,1,0
predict,33,N_B_C,4.0,shape,tail,color,B,T,S,4.0,0.0,0.0,N,B,C,0,1,0
predict,33,N_Y_S,3.0,shape,tail,color,B,T,S,5.666666666666667,-2.666666666666667,2.666666666666667,N,Y,S,0,0,1
predict,33,N_B_S,6.0,shape,tail,color,B,T,S,5.0,1.0,1.0,N,B,S,0,1,1
predict,20,T_Y_S,6.0,color,tail,shape,B,T,S,4.333333333333333,1.666666666666667,1.666666666666667,T,Y,S,1,0,1
predict,20,T_B_S,7.0,color,tail,shape,B,T,S,6.666666666666667,0.33333333333333304,0.33333333333333304,T,B,S,1,1,1
predict,20,N_Y_S,4.0,color,tail,shape,B,T,S,2.6666666666666665,1.3333333333333335,1.3333333333333335,N,Y,S,0,0,1
predict,20,T_Y_C,6.0,color,tail,shape,B,T,S,5.333333333333333,0.666666666666667,0.666666666666667,T,Y,C,1,0,0
predict,20,N_Y_C,3.0,color,tail,shape,B,T,S,2.6666666666666665,0.3333333333333335,0.3333333333333335,N,Y,C,0,0,0
predict,20,N_B_S,4.0,color,tail,shape,B,T,S,4.0,0.0,0.0,N,B,S,0,1,1
predict,20,N_B_C,5.0,color,tail,shape,B,T,S,4.333333333333333,0.666666666666667,0.666666666666667,N,B,C,0,1,0
predict,20,T_B_C,6.0,color,tail,shape,B,T,S,5.333333333333333,0.666666666666667,0.666666666666667,T,B,C,1,1,0
predict,43,N_Y_S,5.0,shape,tail,color,B,T,S,5.333333333333333,-0.33333333333333304,0.33333333333333304,N,Y,S,0,0,1
predict,43,N_B_S,7.0,shape,tail,color,B,T,S,5.666666666666667,1.333333333333333,1.333333333333333,N,B,S,0,1,1
predict,43,T_B_C,6.0,shape,tail,color,B,T,S,4.333333333333333,1.666666666666667,1.666666666666667,T,B,C,1,1,0
predict,43,T_Y_S,5.0,shape,tail,color,B,T,S,6.666666666666667,-1.666666666666667,1.666666666666667,T,Y,S,1,0,1
predict,43,T_B_S,7.0,shape,tail,color,B,T,S,6.666666666666667,0.33333333333333304,0.33333333333333304,T,B,S,1,1,1
predict,43,N_B_C,6.0,shape,tail,color,B,T,S,2.3333333333333335,3.6666666666666665,3.6666666666666665,N,B,C,0,1,0
predict,43,T_Y_C,2.0,shape,tail,color,B,T,S,4.0,-2.0,2.0,T,Y,C,1,0,0
predict,43,N_Y_C,2.0,shape,tail,color,B,T,S,2.0,0.0,0.0,N,Y,C,0,0,0
predict,67,N_B_S,8.0,shape,color,tail,B,T,S,7.333333333333333,0.666666666666667,0.666666666666667,N,B,S,0,1,1
predict,67,T_B_S,8.0,shape,color,tail,B,T,S,7.0,1.0,1.0,T,B,S,1,1,1
predict,67,N_Y_S,4.0,shape,color,tail,B,T,S,4.0,0.0,0.0,N,Y,S,0,0,1
predict,67,N_B_C,7.0,shape,color,tail,B,T,S,5.333333333333333,1.666666666666667,1.666666666666667,N,B,C,0,1,0
predict,67,T_B_C,7.0,shape,color,tail,B,T,S,5.0,2.0,2.0,T,B,C,1,1,0
predict,67,T_Y_C,6.0,shape,color,tail,B,T,S,4.0,2.0,2.0,T,Y,C,1,0,0
predict,67,N_Y_C,4.0,shape,color,tail,B,T,S,1.6666666666666667,2.333333333333333,2.333333333333333,N,Y,C,0,0,0
predict,67,T_Y_S,4.0,shape,color,tail,B,T,S,5.0,-1.0,1.0,T,Y,S,1,0,1
predict,69,N_B_C,4.0,shape,color,tail,Y,N,C,5.666666666666667,-1.666666666666667,1.666666666666667,N,B,C,1,0,1
predict,69,N_B_S,5.0,shape,color,tail,Y,N,C,3.3333333333333335,1.6666666666666665,1.6666666666666665,N,B,S,1,0,0
predict,69,T_B_S,7.0,shape,color,tail,Y,N,C,3.0,4.0,4.0,T,B,S,0,0,0
predict,69,T_Y_C,5.0,shape,color,tail,Y,N,C,7.0,-2.0,2.0,T,Y,C,0,1,1
predict,69,T_B_C,6.0,shape,color,tail,Y,N,C,6.0,0.0,0.0,T,B,C,0,0,1
predict,69,N_Y_C,7.0,shape,color,tail,Y,N,C,8.333333333333334,-1.333333333333334,1.333333333333334,N,Y,C,1,1,1
predict,69,T_Y_S,8.0,shape,color,tail,Y,N,C,5.0,3.0,3.0,T,Y,S,0,1,0
predict,69,N_Y_S,4.0,shape,color,tail,Y,N,C,5.333333333333333,-1.333333333333333,1.333333333333333,N,Y,S,1,1,0
predict,90,T_B_C,6.0,tail,color,shape,B,T,C,7.0,-1.0,1.0,T,B,C,1,1,1
predict,90,T_B_S,7.0,tail,color,shape,B,T,C,7.0,0.0,0.0,T,B,S,1,1,0
predict,90,N_B_S,5.0,tail,color,shape,B,T,C,6.0,-1.0,1.0,N,B,S,0,1,0
predict,90,N_Y_S,5.0,tail,color,shape,B,T,C,3.3333333333333335,1.6666666666666665,1.6666666666666665,N,Y,S,0,0,0
predict,90,T_Y_C,5.0,tail,color,shape,B,T,C,6.0,-1.0,1.0,T,Y,C,1,0,1
predict,90,N_B_C,4.0,tail,color,shape,B,T,C,5.333333333333333,-1.333333333333333,1.333333333333333,N,B,C,0,1,1
predict,90,T_Y_S,6.0,tail,color,shape,B,T,C,5.0,1.0,1.0,T,Y,S,1,0,0
predict,90,N_Y_C,3.0,tail,color,shape,B,T,C,3.3333333333333335,-0.3333333333333335,0.3333333333333335,N,Y,C,0,0,1
predict,109,N_B_C,1.0,color,tail,shape,Y,T,S,1.6666666666666667,-0.6666666666666667,0.6666666666666667,N,B,C,0,0,0
predict,109,T_B_S,3.0,color,tail,shape,Y,T,S,4.666666666666667,-1.666666666666667,1.666666666666667,T,B,S,1,0,1
predict,109,N_Y_C,5.0,color,tail,shape,Y,T,S,5.333333333333333,-0.33333333333333304,0.33333333333333304,N,Y,C,0,1,0
predict,109,T_B_C,5.0,color,tail,shape,Y,T,S,4.666666666666667,0.33333333333333304,0.33333333333333304,T,B,C,1,0,0
predict,109,T_Y_S,8.0,color,tail,shape,Y,T,S,7.666666666666667,0.33333333333333304,0.33333333333333304,T,Y,S,1,1,1
predict,109,T_Y_C,4.0,color,tail,shape,Y,T,S,7.333333333333333,-3.333333333333333,3.333333333333333,T,Y,C,1,1,0
predict,109,N_B_S,4.0,color,tail,shape,Y,T,S,4.333333333333333,-0.33333333333333304,0.33333333333333304,N,B,S,0,0,1
predict,109,N_Y_S,4.0,color,tail,shape,Y,T,S,5.0,-1.0,1.0,N,Y,S,0,1,1
predict,37,N_B_S,8.0,shape,tail,color,B,N,C,4.666666666666667,3.333333333333333,3.333333333333333,N,B,S,1,1,0
predict,37,N_B_C,5.0,shape,tail,color,B,N,C,6.333333333333333,-1.333333333333333,1.333333333333333,N,B,C,1,1,1
predict,37,T_B_C,3.0,shape,tail,color,B,N,C,5.333333333333333,-2.333333333333333,2.333333333333333,T,B,C,0,1,1
predict,37,T_B_S,4.0,shape,tail,color,B,N,C,3.0,1.0,1.0,T,B,S,0,1,0
predict,37,T_Y_S,2.0,shape,tail,color,B,N,C,2.3333333333333335,-0.3333333333333335,0.3333333333333335,T,Y,S,0,0,0
predict,37,N_Y_C,7.0,shape,tail,color,B,N,C,7.333333333333333,-0.33333333333333304,0.33333333333333304,N,Y,C,1,0,1
predict,37,N_Y_S,5.0,shape,tail,color,B,N,C,3.6666666666666665,1.3333333333333335,1.3333333333333335,N,Y,S,1,0,0
predict,37,T_Y_C,3.0,shape,tail,color,B,N,C,5.333333333333333,-2.333333333333333,2.333333333333333,T,Y,C,0,0,1
predict,137,T_Y_S,3.0,shape,tail,color,Y,N,C,3.3333333333333335,-0.3333333333333335,0.3333333333333335,T,Y,S,0,1,0
predict,137,N_Y_S,6.0,shape,tail,color,Y,N,C,5.666666666666667,0.33333333333333304,0.33333333333333304,N,Y,S,1,1,0
predict,137,T_Y_C,5.0,shape,tail,color,Y,N,C,4.666666666666667,0.33333333333333304,0.33333333333333304,T,Y,C,0,1,1
predict,137,T_B_S,3.0,shape,tail,color,Y,N,C,2.6666666666666665,0.3333333333333335,0.3333333333333335,T,B,S,0,0,0
predict,137,N_Y_C,7.0,shape,tail,color,Y,N,C,7.0,0.0,0.0,N,Y,C,1,1,1
predict,137,T_B_C,4.0,shape,tail,color,Y,N,C,4.0,0.0,0.0,T,B,C,0,0,1
predict,137,N_B_S,5.0,shape,tail,color,Y,N,C,4.666666666666667,0.33333333333333304,0.33333333333333304,N,B,S,1,0,0
predict,137,N_B_C,7.0,shape,tail,color,Y,N,C,7.333333333333333,-0.33333333333333304,0.33333333333333304,N,B,C,1,0,1
predict,85,N_Y_S,5.0,color,tail,shape,B,N,C,4.333333333333333,0.666666666666667,0.666666666666667,N,Y,S,1,0,0
predict,85,N_Y_C,3.0,color,tail,shape,B,N,C,4.0,-1.0,1.0,N,Y,C,1,0,1
predict,85,N_B_S,6.0,color,tail,shape,B,N,C,7.0,-1.0,1.0,N,B,S,1,1,0
predict,85,N_B_C,8.0,color,tail,shape,B,N,C,7.666666666666667,0.33333333333333304,0.33333333333333304,N,B,C,1,1,1
predict,85,T_B_C,8.0,color,tail,shape,B,N,C,6.666666666666667,1.333333333333333,1.333333333333333,T,B,C,0,1,1
predict,85,T_B_S,6.0,color,tail,shape,B,N,C,4.333333333333333,1.666666666666667,1.666666666666667,T,B,S,0,1,0
predict,85,T_Y_C,4.0,color,tail,shape,B,N,C,3.3333333333333335,0.6666666666666665,0.6666666666666665,T,Y,C,0,0,1
predict,85,T_Y_S,4.0,color,tail,shape,B,N,C,2.6666666666666665,1.3333333333333335,1.3333333333333335,T,Y,S,0,0,0
predict,73,T_B_S,7.0,shape,tail,color,Y,N,S,5.666666666666667,1.333333333333333,1.333333333333333,T,B,S,0,0,1
predict,73,N_B_C,7.0,shape,tail,color,Y,N,S,4.0,3.0,3.0,N,B,C,1,0,0
predict,73,N_B_S,7.0,shape,tail,color,Y,N,S,6.0,1.0,1.0,N,B,S,1,0,1
predict,73,T_Y_S,3.0,shape,tail,color,Y,N,S,3.3333333333333335,-0.3333333333333335,0.3333333333333335,T,Y,S,0,1,1
predict,73,T_B_C,4.0,shape,tail,color,Y,N,S,3.6666666666666665,0.3333333333333335,0.3333333333333335,T,B,C,0,0,0
predict,73,T_Y_C,7.0,shape,tail,color,Y,N,S,3.6666666666666665,3.3333333333333335,3.3333333333333335,T,Y,C,0,1,0
predict,73,N_Y_S,10.0,shape,tail,color,Y,N,S,8.333333333333334,1.666666666666666,1.666666666666666,N,Y,S,1,1,1
predict,73,N_Y_C,4.0,shape,tail,color,Y,N,S,4.666666666666667,-0.666666666666667,0.666666666666667,N,Y,C,1,1,0
predict,122,T_Y_S,4.0,tail,color,shape,Y,T,C,7.333333333333333,-3.333333333333333,3.333333333333333,T,Y,S,1,1,0
predict,122,N_Y_S,7.0,tail,color,shape,Y,T,C,5.333333333333333,1.666666666666667,1.666666666666667,N,Y,S,0,1,0
predict,122,N_B_C,7.0,tail,color,shape,Y,T,C,3.0,4.0,4.0,N,B,C,0,0,1
predict,122,T_B_S,5.0,tail,color,shape,Y,T,C,4.333333333333333,0.666666666666667,0.666666666666667,T,B,S,1,0,0
predict,122,T_Y_C,8.0,tail,color,shape,Y,T,C,7.0,1.0,1.0,T,Y,C,1,1,1
predict,122,T_B_C,6.0,tail,color,shape,Y,T,C,5.666666666666667,0.33333333333333304,0.33333333333333304,T,B,C,1,0,1
predict,122,N_B_S,2.0,tail,color,shape,Y,T,C,3.3333333333333335,-1.3333333333333335,1.3333333333333335,N,B,S,0,0,0
predict,122,N_Y_C,5.0,tail,color,shape,Y,T,C,5.0,0.0,0.0,N,Y,C,0,1,1
predict,139,T_Y_S,3.0,tail,shape,color,B,T,S,7.0,-4.0,4.0,T,Y,S,1,0,1
predict,139,N_B_S,7.0,tail,shape,color,B,T,S,5.0,2.0,2.0,N,B,S,0,1,1
predict,139,N_B_C,5.0,tail,shape,color,B,T,S,3.0,2.0,2.0,N,B,C,0,1,0
predict,139,N_Y_S,2.0,tail,shape,color,B,T,S,4.0,-2.0,2.0,N,Y,S,0,0,1
predict,139,T_B_S,8.0,tail,shape,color,B,T,S,7.0,1.0,1.0,T,B,S,1,1,1
predict,139,T_B_C,6.0,tail,shape,color,B,T,S,6.0,0.0,0.0,T,B,C,1,1,0
predict,139,T_Y_C,4.0,tail,shape,color,B,T,S,5.333333333333333,-1.333333333333333,1.333333333333333,T,Y,C,1,0,0
predict,139,N_Y_C,6.0,tail,shape,color,B,T,S,3.0,3.0,3.0,N,Y,C,0,0,0
predict,39,T_B_S,5.0,color,tail,shape,B,T,C,6.666666666666667,-1.666666666666667,1.666666666666667,T,B,S,1,1,0
predict,39,N_B_C,2.0,color,tail,shape,B,T,C,5.0,-3.0,3.0,N,B,C,0,1,1
predict,39,N_B_S,7.0,color,tail,shape,B,T,C,5.0,2.0,2.0,N,B,S,0,1,0
predict,39,N_Y_C,5.0,color,tail,shape,B,T,C,4.0,1.0,1.0,N,Y,C,0,0,1
predict,39,T_B_C,6.0,color,tail,shape,B,T,C,6.0,0.0,0.0,T,B,C,1,1,1
predict,39,N_Y_S,7.0,color,tail,shape,B,T,C,2.3333333333333335,4.666666666666666,4.666666666666666,N,Y,S,0,0,0
predict,39,T_Y_C,2.0,color,tail,shape,B,T,C,4.666666666666667,-2.666666666666667,2.666666666666667,T,Y,C,1,0,1
predict,39,T_Y_S,4.0,color,tail,shape,B,T,C,5.333333333333333,-1.333333333333333,1.333333333333333,T,Y,S,1,0,0
predict,97,N_Y_S,6.0,tail,color,shape,B,T,C,3.6666666666666665,2.3333333333333335,2.3333333333333335,N,Y,S,0,0,0
predict,97,T_Y_C,7.0,tail,color,shape,B,T,C,5.666666666666667,1.333333333333333,1.333333333333333,T,Y,C,1,0,1
predict,97,T_Y_S,3.0,tail,color,shape,B,T,C,3.6666666666666665,-0.6666666666666665,0.6666666666666665,T,Y,S,1,0,0
predict,97,N_Y_C,5.0,tail,color,shape,B,T,C,3.6666666666666665,1.3333333333333335,1.3333333333333335,N,Y,C,0,0,1
predict,97,N_B_C,5.0,tail,color,shape,B,T,C,5.666666666666667,-0.666666666666667,0.666666666666667,N,B,C,0,1,1
predict,97,T_B_C,7.0,tail,color,shape,B,T,C,6.333333333333333,0.666666666666667,0.666666666666667,T,B,C,1,1,1
predict,97,N_B_S,6.0,tail,color,shape,B,T,C,2.6666666666666665,3.3333333333333335,3.3333333333333335,N,B,S,0,1,0
predict,97,T_B_S,3.0,tail,color,shape,B,T,C,6.0,-3.0,3.0,T,B,S,1,1,0
predict,70,T_B_S,7.0,color,tail,shape,B,N,C,4.0,3.0,3.0,T,B,S,0,1,0
predict,70,T_B_C,3.0,color,tail,shape,B,N,C,3.3333333333333335,-0.3333333333333335,0.3333333333333335,T,B,C,0,1,1
predict,70,T_Y_C,2.0,color,tail,shape,B,N,C,4.0,-2.0,2.0,T,Y,C,0,0,1
predict,70,N_B_S,7.0,color,tail,shape,B,N,C,6.666666666666667,0.33333333333333304,0.33333333333333304,N,B,S,1,1,0
predict,70,N_Y_S,4.0,color,tail,shape,B,N,C,5.333333333333333,-1.333333333333333,1.333333333333333,N,Y,S,1,0,0
predict,70,N_Y_C,4.0,color,tail,shape,B,N,C,5.333333333333333,-1.333333333333333,1.333333333333333,N,Y,C,1,0,1
predict,70,N_B_C,9.0,color,tail,shape,B,N,C,6.666666666666667,2.333333333333333,2.333333333333333,N,B,C,1,1,1
predict,70,T_Y_S,4.0,color,tail,shape,B,N,C,3.0,1.0,1.0,T,Y,S,0,0,0
predict,148,N_Y_C,5.0,color,shape,tail,B,N,S,4.0,1.0,1.0,N,Y,C,1,0,0
predict,148,T_B_C,6.0,color,shape,tail,B,N,S,4.666666666666667,1.333333333333333,1.333333333333333,T,B,C,0,1,0
predict,148,N_Y_S,7.0,color,shape,tail,B,N,S,5.0,2.0,2.0,N,Y,S,1,0,1
predict,148,T_Y_S,6.0,color,shape,tail,B,N,S,4.0,2.0,2.0,T,Y,S,0,0,1
predict,148,T_Y_C,6.0,color,shape,tail,B,N,S,3.0,3.0,3.0,T,Y,C,0,0,0
predict,148,N_B_C,5.0,color,shape,tail,B,N,S,3.6666666666666665,1.3333333333333335,1.3333333333333335,N,B,C,1,1,0
predict,148,T_B_S,5.0,color,shape,tail,B,N,S,8.333333333333334,-3.333333333333334,3.333333333333334,T,B,S,0,1,1
predict,148,N_B_S,5.0,color,shape,tail,B,N,S,7.666666666666667,-2.666666666666667,2.666666666666667,N,B,S,1,1,1
predict,142,N_B_S,4.0,shape,tail,color,B,N,S,7.333333333333333,-3.333333333333333,3.333333333333333,N,B,S,1,1,1
predict,142,N_Y_S,4.0,shape,tail,color,B,N,S,6.333333333333333,-2.333333333333333,2.333333333333333,N,Y,S,1,0,1
predict,142,N_Y_C,5.0,shape,tail,color,B,N,S,4.0,1.0,1.0,N,Y,C,1,0,0
predict,142,T_B_S,8.0,shape,tail,color,B,N,S,5.0,3.0,3.0,T,B,S,0,1,1
predict,142,T_B_C,7.0,shape,tail,color,B,N,S,3.3333333333333335,3.6666666666666665,3.6666666666666665,T,B,C,0,1,0
predict,142,N_B_C,6.0,shape,tail,color,B,N,S,4.333333333333333,1.666666666666667,1.666666666666667,N,B,C,1,1,0
predict,142,T_Y_C,6.0,shape,tail,color,B,N,S,3.6666666666666665,2.3333333333333335,2.3333333333333335,T,Y,C,0,0,0
predict,142,T_Y_S,5.0,shape,tail,color,B,N,S,5.666666666666667,-0.666666666666667,0.666666666666667,T,Y,S,0,0,1
predict,145,T_Y_S,6.0,tail,shape,color,Y,T,C,5.0,1.0,1.0,T,Y,S,1,1,0
predict,145,T_Y_C,4.0,tail,shape,color,Y,T,C,6.0,-2.0,2.0,T,Y,C,1,1,1
predict,145,T_B_S,6.0,tail,shape,color,Y,T,C,4.0,2.0,2.0,T,B,S,1,0,0
predict,145,T_B_C,4.0,tail,shape,color,Y,T,C,7.666666666666667,-3.666666666666667,3.666666666666667,T,B,C,1,0,1
predict,145,N_Y_C,1.0,tail,shape,color,Y,T,C,4.666666666666667,-3.666666666666667,3.666666666666667,N,Y,C,0,1,1
predict,145,N_B_C,3.0,tail,shape,color,Y,T,C,4.333333333333333,-1.333333333333333,1.333333333333333,N,B,C,0,0,1
predict,145,N_Y_S,5.0,tail,shape,color,Y,T,C,3.3333333333333335,1.6666666666666665,1.6666666666666665,N,Y,S,0,1,0
predict,145,N_B_S,4.0,tail,shape,color,Y,T,C,1.6666666666666667,2.333333333333333,2.333333333333333,N,B,S,0,0,0
predict,143,N_Y_C,5.0,shape,tail,color,B,T,S,4.0,1.0,1.0,N,Y,C,0,0,0
predict,143,T_B_C,5.0,shape,tail,color,B,T,S,7.0,-2.0,2.0,T,B,C,1,1,0
predict,143,N_B_C,4.0,shape,tail,color,B,T,S,2.3333333333333335,1.6666666666666665,1.6666666666666665,N,B,C,0,1,0
predict,143,N_B_S,4.0,shape,tail,color,B,T,S,4.0,0.0,0.0,N,B,S,0,1,1
predict,143,T_Y_S,3.0,shape,tail,color,B,T,S,5.333333333333333,-2.333333333333333,2.333333333333333,T,Y,S,1,0,1
predict,143,T_Y_C,5.0,shape,tail,color,B,T,S,4.333333333333333,0.666666666666667,0.666666666666667,T,Y,C,1,0,0
predict,143,N_Y_S,5.0,shape,tail,color,B,T,S,6.333333333333333,-1.333333333333333,1.333333333333333,N,Y,S,0,0,1
predict,143,T_B_S,7.0,shape,tail,color,B,T,S,7.666666666666667,-0.666666666666667,0.666666666666667,T,B,S,1,1,1
predict,52,T_B_C,2.0,shape,tail,color,Y,N,S,2.6666666666666665,-0.6666666666666665,0.6666666666666665,T,B,C,0,0,0
predict,52,N_B_S,8.0,shape,tail,color,Y,N,S,7.666666666666667,0.33333333333333304,0.33333333333333304,N,B,S,1,0,1
predict,52,T_Y_C,3.0,shape,tail,color,Y,N,S,3.3333333333333335,-0.3333333333333335,0.3333333333333335,T,Y,C,0,1,0
predict,52,T_Y_S,4.0,shape,tail,color,Y,N,S,4.666666666666667,-0.666666666666667,0.666666666666667,T,Y,S,0,1,1
predict,52,T_B_S,5.0,shape,tail,color,Y,N,S,5.333333333333333,-0.33333333333333304,0.33333333333333304,T,B,S,0,0,1
predict,52,N_Y_C,7.0,shape,tail,color,Y,N,S,6.333333333333333,0.666666666666667,0.666666666666667,N,Y,C,1,1,0
predict,52,N_B_C,5.0,shape,tail,color,Y,N,S,4.333333333333333,0.666666666666667,0.666666666666667,N,B,C,1,0,0
predict,52,N_Y_S,6.0,shape,tail,color,Y,N,S,8.0,-2.0,2.0,N,Y,S,1,1,1
predict,83,N_Y_S,6.0,shape,tail,color,B,N,S,5.666666666666667,0.33333333333333304,0.33333333333333304,N,Y,S,1,0,1
predict,83,N_B_S,5.0,shape,tail,color,B,N,S,6.666666666666667,-1.666666666666667,1.666666666666667,N,B,S,1,1,1
predict,83,N_Y_C,5.0,shape,tail,color,B,N,S,5.0,0.0,0.0,N,Y,C,1,0,0
predict,83,T_Y_S,3.0,shape,tail,color,B,N,S,4.666666666666667,-1.666666666666667,1.666666666666667,T,Y,S,0,0,1
predict,83,T_B_C,3.0,shape,tail,color,B,N,S,3.0,0.0,0.0,T,B,C,0,1,0
predict,83,T_Y_C,3.0,shape,tail,color,B,N,S,2.3333333333333335,0.6666666666666665,0.6666666666666665,T,Y,C,0,0,0
predict,83,T_B_S,2.0,shape,tail,color,B,N,S,4.0,-2.0,2.0,T,B,S,0,1,1
predict,83,N_B_C,5.0,shape,tail,color,B,N,S,4.333333333333333,0.666666666666667,0.666666666666667,N,B,C,1,1,0
predict,129,T_Y_C,4.0,shape,color,tail,Y,N,S,4.0,0.0,0.0,T,Y,C,0,1,0
predict,129,N_B_C,5.0,shape,color,tail,Y,N,S,4.0,1.0,1.0,N,B,C,1,0,0
predict,129,N_B_S,3.0,shape,color,tail,Y,N,S,5.666666666666667,-2.666666666666667,2.666666666666667,N,B,S,1,0,1
predict,129,N_Y_C,5.0,shape,color,tail,Y,N,S,5.0,0.0,0.0,N,Y,C,1,1,0
predict,129,T_B_S,7.0,shape,color,tail,Y,N,S,5.333333333333333,1.666666666666667,1.666666666666667,T,B,S,0,0,1
predict,129,N_Y_S,6.0,shape,color,tail,Y,N,S,7.0,-1.0,1.0,N,Y,S,1,1,1
predict,129,T_B_C,8.0,shape,color,tail,Y,N,S,3.3333333333333335,4.666666666666666,4.666666666666666,T,B,C,0,0,0
predict,129,T_Y_S,6.0,shape,color,tail,Y,N,S,6.333333333333333,-0.33333333333333304,0.33333333333333304,T,Y,S,0,1,1
predict,23,T_B_S,6.0,tail,shape,color,B,N,S,5.666666666666667,0.33333333333333304,0.33333333333333304,T,B,S,0,1,1
predict,23,T_B_C,3.0,tail,shape,color,B,N,S,3.3333333333333335,-0.3333333333333335,0.3333333333333335,T,B,C,0,1,0
predict,23,N_B_C,5.0,tail,shape,color,B,N,S,5.666666666666667,-0.666666666666667,0.666666666666667,N,B,C,1,1,0
predict,23,N_B_S,8.0,tail,shape,color,B,N,S,6.333333333333333,1.666666666666667,1.666666666666667,N,B,S,1,1,1
predict,23,N_Y_S,5.0,tail,shape,color,B,N,S,7.333333333333333,-2.333333333333333,2.333333333333333,N,Y,S,1,0,1
predict,23,T_Y_C,3.0,tail,shape,color,B,N,S,2.0,1.0,1.0,T,Y,C,0,0,0
predict,23,T_Y_S,6.0,tail,shape,color,B,N,S,5.0,1.0,1.0,T,Y,S,0,0,1
predict,23,N_Y_C,2.0,tail,shape,color,B,N,S,5.666666666666667,-3.666666666666667,3.666666666666667,N,Y,C,1,0,0
predict,128,T_Y_C,5.0,color,tail,shape,B,T,C,5.333333333333333,-0.33333333333333304,0.33333333333333304,T,Y,C,1,0,1
predict,128,T_B_S,5.0,color,tail,shape,B,T,C,5.0,0.0,0.0,T,B,S,1,1,0
predict,128,N_B_C,4.0,color,tail,shape,B,T,C,3.6666666666666665,0.3333333333333335,0.3333333333333335,N,B,C,0,1,1
predict,128,N_Y_S,3.0,color,tail,shape,B,T,C,2.6666666666666665,0.3333333333333335,0.3333333333333335,N,Y,S,0,0,0
predict,128,N_B_S,4.0,color,tail,shape,B,T,C,4.0,0.0,0.0,N,B,S,0,1,0
predict,128,T_Y_S,5.0,color,tail,shape,B,T,C,5.666666666666667,-0.666666666666667,0.666666666666667,T,Y,S,1,0,0
predict,128,T_B_C,8.0,color,tail,shape,B,T,C,8.333333333333334,-0.3333333333333339,0.3333333333333339,T,B,C,1,1,1
predict,128,N_Y_C,4.0,color,tail,shape,B,T,C,4.333333333333333,-0.33333333333333304,0.33333333333333304,N,Y,C,0,0,1
predict,105,T_B_S,3.0,tail,shape,color,B,N,C,4.333333333333333,-1.333333333333333,1.333333333333333,T,B,S,0,1,0
predict,105,N_Y_S,3.0,tail,shape,color,B,N,C,3.3333333333333335,-0.3333333333333335,0.3333333333333335,N,Y,S,1,0,0
predict,105,N_Y_C,6.0,tail,shape,color,B,N,C,6.333333333333333,-0.33333333333333304,0.33333333333333304,N,Y,C,1,0,1
predict,105,N_B_C,7.0,tail,shape,color,B,N,C,7.333333333333333,-0.33333333333333304,0.33333333333333304,N,B,C,1,1,1
predict,105,T_B_C,8.0,tail,shape,color,B,N,C,4.666666666666667,3.333333333333333,3.333333333333333,T,B,C,0,1,1
predict,105,T_Y_C,5.0,tail,shape,color,B,N,C,4.666666666666667,0.33333333333333304,0.33333333333333304,T,Y,C,0,0,1
predict,105,T_Y_S,2.0,tail,shape,color,B,N,C,3.0,-1.0,1.0,T,Y,S,0,0,0
predict,105,N_B_S,4.0,tail,shape,color,B,N,C,4.666666666666667,-0.666666666666667,0.666666666666667,N,B,S,1,1,0
predict,108,T_B_C,3.0,shape,color,tail,B,T,S,4.0,-1.0,1.0,T,B,C,1,1,0
predict,108,T_Y_S,5.0,shape,color,tail,B,T,S,5.0,0.0,0.0,T,Y,S,1,0,1
predict,108,N_Y_C,4.0,shape,color,tail,B,T,S,2.3333333333333335,1.6666666666666665,1.6666666666666665,N,Y,C,0,0,0
predict,108,T_B_S,7.0,shape,color,tail,B,T,S,6.333333333333333,0.666666666666667,0.666666666666667,T,B,S,1,1,1
predict,108,N_B_S,8.0,shape,color,tail,B,T,S,7.0,1.0,1.0,N,B,S,0,1,1
predict,108,N_B_C,4.0,shape,color,tail,B,T,S,3.6666666666666665,0.3333333333333335,0.3333333333333335,N,B,C,0,1,0
predict,108,N_Y_S,4.0,shape,color,tail,B,T,S,5.0,-1.0,1.0,N,Y,S,0,0,1
predict,108,T_Y_C,3.0,shape,color,tail,B,T,S,3.0,0.0,0.0,T,Y,C,1,0,0
predict,1,T_Y_C,6.0,color,tail,shape,B,T,C,5.666666666666667,0.33333333333333304,0.33333333333333304,T,Y,C,1,0,1
predict,1,T_B_S,5.0,color,tail,shape,B,T,C,5.0,0.0,0.0,T,B,S,1,1,0
predict,1,N_Y_C,3.0,color,tail,shape,B,T,C,2.3333333333333335,0.6666666666666665,0.6666666666666665,N,Y,C,0,0,1
predict,1,N_Y_S,3.0,color,tail,shape,B,T,C,3.3333333333333335,-0.3333333333333335,0.3333333333333335,N,Y,S,0,0,0
predict,1,T_B_C,7.0,color,tail,shape,B,T,C,9.0,-2.0,2.0,T,B,C,1,1,1
predict,1,N_B_C,5.0,color,tail,shape,B,T,C,3.3333333333333335,1.6666666666666665,1.6666666666666665,N,B,C,0,1,1
predict,1,N_B_S,6.0,color,tail,shape,B,T,C,4.333333333333333,1.666666666666667,1.666666666666667,N,B,S,0,1,0
predict,1,T_Y_S,6.0,color,tail,shape,B,T,C,5.666666666666667,0.33333333333333304,0.33333333333333304,T,Y,S,1,0,0
predict,82,N_Y_C,4.0,tail,color,shape,Y,N,S,6.0,-2.0,2.0,N,Y,C,1,1,0
predict,82,T_Y_S,6.0,tail,color,shape,Y,N,S,6.0,0.0,0.0,T,Y,S,0,1,1
predict,82,N_B_S,5.0,tail,color,shape,Y,N,S,5.0,0.0,0.0,N,B,S,1,0,1
predict,82,N_Y_S,4.0,tail,color,shape,Y,N,S,6.666666666666667,-2.666666666666667,2.666666666666667,N,Y,S,1,1,1
predict,82,T_Y_C,5.0,tail,color,shape,Y,N,S,5.666666666666667,-0.666666666666667,0.666666666666667,T,Y,C,0,1,0
predict,82,T_B_S,6.0,tail,color,shape,Y,N,S,3.0,3.0,3.0,T,B,S,0,0,1
predict,82,N_B_C,6.0,tail,color,shape,Y,N,S,4.666666666666667,1.333333333333333,1.333333333333333,N,B,C,1,0,0
predict,82,T_B_C,7.0,tail,color,shape,Y,N,S,2.6666666666666665,4.333333333333334,4.333333333333334,T,B,C,0,0,0
predict,91,T_Y_S,4.0,shape,color,tail,B,T,C,2.6666666666666665,1.3333333333333335,1.3333333333333335,T,Y,S,1,0,0
predict,91,T_B_C,7.0,shape,color,tail,B,T,C,6.333333333333333,0.666666666666667,0.666666666666667,T,B,C,1,1,1
predict,91,N_Y_C,4.0,shape,color,tail,B,T,C,4.333333333333333,-0.33333333333333304,0.33333333333333304,N,Y,C,0,0,1
predict,91,T_B_S,7.0,shape,color,tail,B,T,C,5.666666666666667,1.333333333333333,1.333333333333333,T,B,S,1,1,0
predict,91,N_Y_S,3.0,shape,color,tail,B,T,C,2.0,1.0,1.0,N,Y,S,0,0,0
predict,91,T_Y_C,4.0,shape,color,tail,B,T,C,4.666666666666667,-0.666666666666667,0.666666666666667,T,Y,C,1,0,1
predict,91,N_B_C,7.0,shape,color,tail,B,T,C,6.0,1.0,1.0,N,B,C,0,1,1
predict,91,N_B_S,6.0,shape,color,tail,B,T,C,6.333333333333333,-0.33333333333333304,0.33333333333333304,N,B,S,0,1,0
predict,24,N_B_S,5.0,shape,tail,color,B,N,C,5.0,0.0,0.0,N,B,S,1,1,0
predict,24,N_Y_C,6.0,shape,tail,color,B,N,C,6.333333333333333,-0.33333333333333304,0.33333333333333304,N,Y,C,1,0,1
predict,24,T_Y_S,3.0,shape,tail,color,B,N,C,2.6666666666666665,0.3333333333333335,0.3333333333333335,T,Y,S,0,0,0
predict,24,T_Y_C,5.0,shape,tail,color,B,N,C,4.666666666666667,0.33333333333333304,0.33333333333333304,T,Y,C,0,0,1
predict,24,N_Y_S,5.0,shape,tail,color,B,N,C,5.0,0.0,0.0,N,Y,S,1,0,0
predict,24,T_B_C,3.0,shape,tail,color,B,N,C,3.3333333333333335,-0.3333333333333335,0.3333333333333335,T,B,C,0,1,1
predict,24,N_B_C,8.0,shape,tail,color,B,N,C,8.666666666666666,-0.6666666666666661,0.6666666666666661,N,B,C,1,1,1
predict,24,T_B_S,4.0,shape,tail,color,B,N,C,4.333333333333333,-0.33333333333333304,0.33333333333333304,T,B,S,0,1,0
predict,15,T_Y_C,7.0,color,tail,shape,B,T,C,6.0,1.0,1.0,T,Y,C,1,0,1
predict,15,N_Y_S,4.0,color,tail,shape,B,T,C,2.6666666666666665,1.3333333333333335,1.3333333333333335,N,Y,S,0,0,0
predict,15,T_Y_S,8.0,color,tail,shape,B,T,C,4.666666666666667,3.333333333333333,3.333333333333333,T,Y,S,1,0,0
predict,15,N_B_S,4.0,color,tail,shape,B,T,C,4.333333333333333,-0.33333333333333304,0.33333333333333304,N,B,S,0,1,0
predict,15,N_B_C,6.0,color,tail,shape,B,T,C,5.333333333333333,0.666666666666667,0.666666666666667,N,B,C,0,1,1
predict,15,T_B_S,8.0,color,tail,shape,B,T,C,6.333333333333333,1.666666666666667,1.666666666666667,T,B,S,1,1,0
predict,15,T_B_C,6.0,color,tail,shape,B,T,C,7.666666666666667,-1.666666666666667,1.666666666666667,T,B,C,1,1,1
predict,15,N_Y_C,4.0,color,tail,shape,B,T,C,3.6666666666666665,0.3333333333333335,0.3333333333333335,N,Y,C,0,0,1
predict,140,T_Y_S,5.0,tail,color,shape,Y,T,C,7.0,-2.0,2.0,T,Y,S,1,1,0
predict,140,T_Y_C,7.0,tail,color,shape,Y,T,C,7.0,0.0,0.0,T,Y,C,1,1,1
predict,140,T_B_S,4.0,tail,color,shape,Y,T,C,4.0,0.0,0.0,T,B,S,1,0,0
predict,140,N_Y_S,3.0,tail,color,shape,Y,T,C,4.333333333333333,-1.333333333333333,1.333333333333333,N,Y,S,0,1,0
predict,140,T_B_C,5.0,tail,color,shape,Y,T,C,4.666666666666667,0.33333333333333304,0.33333333333333304,T,B,C,1,0,1
predict,140,N_Y_C,4.0,tail,color,shape,Y,T,C,4.666666666666667,-0.666666666666667,0.666666666666667,N,Y,C,0,1,1
predict,140,N_B_S,3.0,tail,color,shape,Y,T,C,3.3333333333333335,-0.3333333333333335,0.3333333333333335,N,B,S,0,0,0
predict,140,N_B_C,4.0,tail,color,shape,Y,T,C,3.3333333333333335,0.6666666666666665,0.6666666666666665,N,B,C,0,0,1
predict,22,N_Y_S,6.0,color,shape,tail,Y,N,C,5.0,1.0,1.0,N,Y,S,1,1,0
predict,22,N_Y_C,8.0,color,shape,tail,Y,N,C,7.333333333333333,0.666666666666667,0.666666666666667,N,Y,C,1,1,1
predict,22,N_B_S,4.0,color,shape,tail,Y,N,C,1.6666666666666667,2.333333333333333,2.333333333333333,N,B,S,1,0,0
predict,22,T_B_S,2.0,color,shape,tail,Y,N,C,2.3333333333333335,-0.3333333333333335,0.3333333333333335,T,B,S,0,0,0
predict,22,T_B_C,5.0,color,shape,tail,Y,N,C,5.0,0.0,0.0,T,B,C,0,0,1
predict,22,N_B_C,4.0,color,shape,tail,Y,N,C,5.666666666666667,-1.666666666666667,1.666666666666667,N,B,C,1,0,1
predict,22,T_Y_C,7.0,color,shape,tail,Y,N,C,6.666666666666667,0.33333333333333304,0.33333333333333304,T,Y,C,0,1,1
predict,22,T_Y_S,6.0,color,shape,tail,Y,N,C,5.0,1.0,1.0,T,Y,S,0,1,0
predict,16,T_B_C,6.0,tail,color,shape,Y,T,S,7.333333333333333,-1.333333333333333,1.333333333333333,T,B,C,1,0,0
predict,16,N_Y_C,8.0,tail,color,shape,Y,T,S,5.666666666666667,2.333333333333333,2.333333333333333,N,Y,C,0,1,0
predict,16,T_Y_S,7.0,tail,color,shape,Y,T,S,7.666666666666667,-0.666666666666667,0.666666666666667,T,Y,S,1,1,1
predict,16,N_B_S,1.0,tail,color,shape,Y,T,S,3.3333333333333335,-2.3333333333333335,2.3333333333333335,N,B,S,0,0,1
predict,16,T_Y_C,7.0,tail,color,shape,Y,T,S,6.0,1.0,1.0,T,Y,C,1,1,0
predict,16,N_Y_S,6.0,tail,color,shape,Y,T,S,4.333333333333333,1.666666666666667,1.666666666666667,N,Y,S,0,1,1
predict,16,T_B_S,4.0,tail,color,shape,Y,T,S,6.333333333333333,-2.333333333333333,2.333333333333333,T,B,S,1,0,1
predict,16,N_B_C,4.0,tail,color,shape,Y,T,S,2.6666666666666665,1.3333333333333335,1.3333333333333335,N,B,C,0,0,0
predict,78,T_Y_S,5.0,tail,color,shape,B,N,S,3.3333333333333335,1.6666666666666665,1.6666666666666665,T,Y,S,0,0,1
predict,78,N_Y_C,8.0,tail,color,shape,B,N,S,4.666666666666667,3.333333333333333,3.333333333333333,N,Y,C,1,0,0
predict,78,T_B_C,3.0,tail,color,shape,B,N,S,5.0,-2.0,2.0,T,B,C,0,1,0
predict,78,T_B_S,5.0,tail,color,shape,B,N,S,3.3333333333333335,1.6666666666666665,1.6666666666666665,T,B,S,0,1,1
predict,78,T_Y_C,3.0,tail,color,shape,B,N,S,3.3333333333333335,-0.3333333333333335,0.3333333333333335,T,Y,C,0,0,0
predict,78,N_B_S,10.0,tail,color,shape,B,N,S,8.333333333333334,1.666666666666666,1.666666666666666,N,B,S,1,1,1
predict,78,N_B_C,7.0,tail,color,shape,B,N,S,7.333333333333333,-0.33333333333333304,0.33333333333333304,N,B,C,1,1,0
predict,78,N_Y_S,7.0,tail,color,shape,B,N,S,5.666666666666667,1.333333333333333,1.333333333333333,N,Y,S,1,0,1
predict,29,T_B_C,2.0,color,tail,shape,Y,N,C,2.3333333333333335,-0.3333333333333335,0.3333333333333335,T,B,C,0,0,1
predict,29,N_B_C,5.0,color,tail,shape,Y,N,C,4.333333333333333,0.666666666666667,0.666666666666667,N,B,C,1,0,1
predict,29,T_Y_S,6.0,color,tail,shape,Y,N,C,5.333333333333333,0.666666666666667,0.666666666666667,T,Y,S,0,1,0
predict,29,T_B_S,2.0,color,tail,shape,Y,N,C,2.3333333333333335,-0.3333333333333335,0.3333333333333335,T,B,S,0,0,0
predict,29,N_Y_S,8.0,color,tail,shape,Y,N,C,6.333333333333333,1.666666666666667,1.666666666666667,N,Y,S,1,1,0
predict,29,N_B_S,6.0,color,tail,shape,Y,N,C,5.666666666666667,0.33333333333333304,0.33333333333333304,N,B,S,1,0,0
predict,29,T_Y_C,6.0,color,tail,shape,Y,N,C,6.666666666666667,-0.666666666666667,0.666666666666667,T,Y,C,0,1,1
predict,29,N_Y_C,8.0,color,tail,shape,Y,N,C,7.666666666666667,0.33333333333333304,0.33333333333333304,N,Y,C,1,1,1
predict,136,T_Y_S,5.0,tail,shape,color,B,N,C,3.0,2.0,2.0,T,Y,S,0,0,0
predict,136,T_B_S,3.0,tail,shape,color,B,N,C,4.666666666666667,-1.666666666666667,1.666666666666667,T,B,S,0,1,0
predict,136,T_B_C,5.0,tail,shape,color,B,N,C,4.666666666666667,0.33333333333333304,0.33333333333333304,T,B,C,0,1,1
predict,136,N_B_C,6.0,tail,shape,color,B,N,C,7.0,-1.0,1.0,N,B,C,1,1,1
predict,136,N_Y_S,6.0,tail,shape,color,B,N,C,4.0,2.0,2.0,N,Y,S,1,0,0
predict,136,N_Y_C,8.0,tail,shape,color,B,N,C,5.666666666666667,2.333333333333333,2.333333333333333,N,Y,C,1,0,1
predict,136,T_Y_C,6.0,tail,shape,color,B,N,C,6.0,0.0,0.0,T,Y,C,0,0,1
predict,136,N_B_S,4.0,tail,shape,color,B,N,C,4.333333333333333,-0.33333333333333304,0.33333333333333304,N,B,S,1,1,0
predict,77,N_B_C,3.0,color,shape,tail,Y,N,S,3.3333333333333335,-0.3333333333333335,0.3333333333333335,N,B,C,1,0,0
predict,77,T_Y_S,4.0,color,shape,tail,Y,N,S,6.0,-2.0,2.0,T,Y,S,0,1,1
predict,77,T_B_C,5.0,color,shape,tail,Y,N,S,2.0,3.0,3.0,T,B,C,0,0,0
predict,77,N_Y_C,4.0,color,shape,tail,Y,N,S,5.333333333333333,-1.333333333333333,1.333333333333333,N,Y,C,1,1,0
predict,77,T_Y_C,5.0,color,shape,tail,Y,N,S,3.6666666666666665,1.3333333333333335,1.3333333333333335,T,Y,C,0,1,0
predict,77,N_Y_S,8.0,color,shape,tail,Y,N,S,6.666666666666667,1.333333333333333,1.333333333333333,N,Y,S,1,1,1
predict,77,T_B_S,5.0,color,shape,tail,Y,N,S,5.333333333333333,-0.33333333333333304,0.33333333333333304,T,B,S,0,0,1
predict,77,N_B_S,7.0,color,shape,tail,Y,N,S,6.333333333333333,0.666666666666667,0.666666666666667,N,B,S,1,0,1
predict,54,N_B_C,4.0,tail,shape,color,Y,T,C,4.333333333333333,-0.33333333333333304,0.33333333333333304,N,B,C,0,0,1
predict,54,N_B_S,2.0,tail,shape,color,Y,T,C,2.6666666666666665,-0.6666666666666665,0.6666666666666665,N,B,S,0,0,0
predict,54,T_B_S,3.0,tail,shape,color,Y,T,C,5.333333333333333,-2.333333333333333,2.333333333333333,T,B,S,1,0,0
predict,54,T_Y_C,9.0,tail,shape,color,Y,T,C,7.333333333333333,1.666666666666667,1.666666666666667,T,Y,C,1,1,1
predict,54,T_B_C,7.0,tail,shape,color,Y,T,C,8.0,-1.0,1.0,T,B,C,1,0,1
predict,54,N_Y_C,6.0,tail,shape,color,Y,T,C,5.666666666666667,0.33333333333333304,0.33333333333333304,N,Y,C,0,1,1
predict,54,N_Y_S,2.0,tail,shape,color,Y,T,C,1.6666666666666667,0.33333333333333326,0.33333333333333326,N,Y,S,0,1,0
predict,54,T_Y_S,4.0,tail,shape,color,Y,T,C,5.666666666666667,-1.666666666666667,1.666666666666667,T,Y,S,1,1,0
predict,62,T_Y_S,7.0,color,shape,tail,Y,T,S,7.666666666666667,-0.666666666666667,0.666666666666667,T,Y,S,1,1,1
predict,62,N_B_S,5.0,color,shape,tail,Y,T,S,4.0,1.0,1.0,N,B,S,0,0,1
predict,62,N_Y_S,6.0,color,shape,tail,Y,T,S,7.666666666666667,-1.666666666666667,1.666666666666667,N,Y,S,0,1,1
predict,62,N_Y_C,9.0,color,shape,tail,Y,T,S,5.666666666666667,3.333333333333333,3.333333333333333,N,Y,C,0,1,0
predict,62,T_B_C,2.0,color,shape,tail,Y,T,S,5.0,-3.0,3.0,T,B,C,1,0,0
predict,62,N_B_C,4.0,color,shape,tail,Y,T,S,4.0,0.0,0.0,N,B,C,0,0,0
predict,62,T_B_S,5.0,color,shape,tail,Y,T,S,5.0,0.0,0.0,T,B,S,1,0,1
predict,62,T_Y_C,8.0,color,shape,tail,Y,T,S,5.333333333333333,2.666666666666667,2.666666666666667,T,Y,C,1,1,0
predict,8,T_Y_C,7.0,color,tail,shape,Y,N,S,4.333333333333333,2.666666666666667,2.666666666666667,T,Y,C,0,1,0
predict,8,T_B_S,4.0,color,tail,shape,Y,N,S,3.3333333333333335,0.6666666666666665,0.6666666666666665,T,B,S,0,0,1
predict,8,T_Y_S,6.0,color,tail,shape,Y,N,S,5.666666666666667,0.33333333333333304,0.33333333333333304,T,Y,S,0,1,1
predict,8,N_B_C,3.0,color,tail,shape,Y,N,S,5.666666666666667,-2.666666666666667,2.666666666666667,N,B,C,1,0,0
predict,8,T_B_C,4.0,color,tail,shape,Y,N,S,3.3333333333333335,0.6666666666666665,0.6666666666666665,T,B,C,0,0,0
predict,8,N_B_S,4.0,color,tail,shape,Y,N,S,4.333333333333333,-0.33333333333333304,0.33333333333333304,N,B,S,1,0,1
predict,8,N_Y_C,7.0,color,tail,shape,Y,N,S,6.0,1.0,1.0,N,Y,C,1,1,0
predict,8,N_Y_S,5.0,color,tail,shape,Y,N,S,7.0,-2.0,2.0,N,Y,S,1,1,1
predict,48,T_B_C,7.0,shape,color,tail,B,N,C,7.333333333333333,-0.33333333333333304,0.33333333333333304,T,B,C,0,1,1
predict,48,T_Y_S,2.0,shape,color,tail,B,N,C,2.0,0.0,0.0,T,Y,S,0,0,0
predict,48,N_B_C,5.0,shape,color,tail,B,N,C,7.333333333333333,-2.333333333333333,2.333333333333333,N,B,C,1,1,1
predict,48,T_Y_C,3.0,shape,color,tail,B,N,C,5.666666666666667,-2.666666666666667,2.666666666666667,T,Y,C,0,0,1
predict,48,N_Y_C,5.0,shape,color,tail,B,N,C,6.333333333333333,-1.333333333333333,1.333333333333333,N,Y,C,1,0,1
predict,48,N_B_S,9.0,shape,color,tail,B,N,C,5.0,4.0,4.0,N,B,S,1,1,0
predict,48,T_B_S,6.0,shape,color,tail,B,N,C,5.666666666666667,0.33333333333333304,0.33333333333333304,T,B,S,0,1,0
predict,48,N_Y_S,5.0,shape,color,tail,B,N,C,3.0,2.0,2.0,N,Y,S,1,0,0
predict,125,N_Y_C,4.0,shape,tail,color,B,T,C,4.333333333333333,-0.33333333333333304,0.33333333333333304,N,Y,C,0,0,1
predict,125,N_Y_S,5.0,shape,tail,color,B,T,C,3.3333333333333335,1.6666666666666665,1.6666666666666665,N,Y,S,0,0,0
predict,125,T_Y_C,6.0,shape,tail,color,B,T,C,6.666666666666667,-0.666666666666667,0.666666666666667,T,Y,C,1,0,1
predict,125,N_B_C,4.0,shape,tail,color,B,T,C,4.666666666666667,-0.666666666666667,0.666666666666667,N,B,C,0,1,1
predict,125,T_Y_S,6.0,shape,tail,color,B,T,C,4.666666666666667,1.333333333333333,1.333333333333333,T,Y,S,1,0,0
predict,125,T_B_S,6.0,shape,tail,color,B,T,C,4.0,2.0,2.0,T,B,S,1,1,0
predict,125,N_B_S,4.0,shape,tail,color,B,T,C,4.333333333333333,-0.33333333333333304,0.33333333333333304,N,B,S,0,1,0
predict,125,T_B_C,7.0,shape,tail,color,B,T,C,6.333333333333333,0.666666666666667,0.666666666666667,T,B,C,1,1,1
predict,121,T_B_C,6.0,color,shape,tail,B,N,S,6.0,0.0,0.0,T,B,C,0,1,0
predict,121,T_Y_S,5.0,color,shape,tail,B,N,S,4.333333333333333,0.666666666666667,0.666666666666667,T,Y,S,0,0,1
predict,121,N_B_C,4.0,color,shape,tail,B,N,S,4.666666666666667,-0.666666666666667,0.666666666666667,N,B,C,1,1,0
predict,121,N_B_S,6.0,color,shape,tail,B,N,S,8.0,-2.0,2.0,N,B,S,1,1,1
predict,121,N_Y_S,5.0,color,shape,tail,B,N,S,5.333333333333333,-0.33333333333333304,0.33333333333333304,N,Y,S,1,0,1
predict,121,T_B_S,5.0,color,shape,tail,B,N,S,7.0,-2.0,2.0,T,B,S,0,1,1
predict,121,T_Y_C,3.0,color,shape,tail,B,N,S,3.0,0.0,0.0,T,Y,C,0,0,0
predict,121,N_Y_C,9.0,color,shape,tail,B,N,S,3.0,6.0,6.0,N,Y,C,1,0,0
predict,115,N_Y_S,6.0,tail,shape,color,Y,N,S,7.333333333333333,-1.333333333333333,1.333333333333333,N,Y,S,1,1,1
predict,115,N_B_S,7.0,tail,shape,color,Y,N,S,7.333333333333333,-0.33333333333333304,0.33333333333333304,N,B,S,1,0,1
predict,115,N_Y_C,7.0,tail,shape,color,Y,N,S,6.0,1.0,1.0,N,Y,C,1,1,0
predict,115,N_B_C,6.0,tail,shape,color,Y,N,S,5.666666666666667,0.33333333333333304,0.33333333333333304,N,B,C,1,0,0
predict,115,T_B_C,3.0,tail,shape,color,Y,N,S,3.6666666666666665,-0.6666666666666665,0.6666666666666665,T,B,C,0,0,0
predict,115,T_Y_S,6.0,tail,shape,color,Y,N,S,6.0,0.0,0.0,T,Y,S,0,1,1
predict,115,T_Y_C,4.0,tail,shape,color,Y,N,S,3.6666666666666665,0.3333333333333335,0.3333333333333335,T,Y,C,0,1,0
predict,115,T_B_S,3.0,tail,shape,color,Y,N,S,4.0,-1.0,1.0,T,B,S,0,0,1
predict,42,T_Y_C,9.0,shape,color,tail,Y,N,C,8.333333333333334,0.6666666666666661,0.6666666666666661,T,Y,C,0,1,1
predict,42,N_Y_C,8.0,shape,color,tail,Y,N,C,8.0,0.0,0.0,N,Y,C,1,1,1
predict,42,N_B_C,6.0,shape,color,tail,Y,N,C,3.6666666666666665,2.3333333333333335,2.3333333333333335,N,B,C,1,0,1
predict,42,T_B_S,4.0,shape,color,tail,Y,N,C,3.3333333333333335,0.6666666666666665,0.6666666666666665,T,B,S,0,0,0
predict,42,T_Y_S,5.0,shape,color,tail,Y,N,C,4.0,1.0,1.0,T,Y,S,0,1,0
predict,42,N_B_S,2.0,shape,color,tail,Y,N,C,3.3333333333333335,-1.3333333333333335,1.3333333333333335,N,B,S,1,0,0
predict,42,T_B_C,7.0,shape,color,tail,Y,N,C,4.666666666666667,2.333333333333333,2.333333333333333,T,B,C,0,0,1
predict,42,N_Y_S,5.0,shape,color,tail,Y,N,C,6.0,-1.0,1.0,N,Y,S,1,1,0
predict,126,N_Y_C,5.0,color,shape,tail,B,T,C,4.666666666666667,0.33333333333333304,0.33333333333333304,N,Y,C,0,0,1
predict,126,N_B_C,7.0,color,shape,tail,B,T,C,7.0,0.0,0.0,N,B,C,0,1,1
predict,126,T_Y_C,7.0,color,shape,tail,B,T,C,5.666666666666667,1.333333333333333,1.333333333333333,T,Y,C,1,0,1
predict,126,T_B_C,7.0,color,shape,tail,B,T,C,6.666666666666667,0.33333333333333304,0.33333333333333304,T,B,C,1,1,1
predict,126,N_Y_S,6.0,color,shape,tail,B,T,C,2.6666666666666665,3.3333333333333335,3.3333333333333335,N,Y,S,0,0,0
predict,126,N_B_S,6.0,color,shape,tail,B,T,C,6.0,0.0,0.0,N,B,S,0,1,0
predict,126,T_Y_S,7.0,color,shape,tail,B,T,C,4.333333333333333,2.666666666666667,2.666666666666667,T,Y,S,1,0,0
predict,126,T_B_S,6.0,color,shape,tail,B,T,C,5.666666666666667,0.33333333333333304,0.33333333333333304,T,B,S,1,1,0
predict,10,T_Y_S,5.0,color,tail,shape,Y,T,C,6.0,-1.0,1.0,T,Y,S,1,1,0
predict,10,T_Y_C,6.0,color,tail,shape,Y,T,C,6.333333333333333,-0.33333333333333304,0.33333333333333304,T,Y,C,1,1,1
predict,10,N_Y_S,4.0,color,tail,shape,Y,T,C,6.0,-2.0,2.0,N,Y,S,0,1,0
predict,10,T_B_S,4.0,color,tail,shape,Y,T,C,5.0,-1.0,1.0,T,B,S,1,0,0
predict,10,T_B_C,5.0,color,tail,shape,Y,T,C,6.0,-1.0,1.0,T,B,C,1,0,1
predict,10,N_B_S,2.0,color,tail,shape,Y,T,C,2.3333333333333335,-0.3333333333333335,0.3333333333333335,N,B,S,0,0,0
predict,10,N_B_C,3.0,color,tail,shape,Y,T,C,4.333333333333333,-1.333333333333333,1.333333333333333,N,B,C,0,0,1
predict,10,N_Y_C,5.0,color,tail,shape,Y,T,C,4.333333333333333,0.666666666666667,0.666666666666667,N,Y,C,0,1,1
predict,71,T_B_C,8.0,shape,tail,color,Y,N,C,6.333333333333333,1.666666666666667,1.666666666666667,T,B,C,0,0,1
predict,71,N_Y_C,6.0,shape,tail,color,Y,N,C,8.333333333333334,-2.333333333333334,2.333333333333334,N,Y,C,1,1,1
predict,71,T_Y_S,5.0,shape,tail,color,Y,N,C,2.6666666666666665,2.3333333333333335,2.3333333333333335,T,Y,S,0,1,0
predict,71,T_B_S,5.0,shape,tail,color,Y,N,C,3.3333333333333335,1.6666666666666665,1.6666666666666665,T,B,S,0,0,0
predict,71,T_Y_C,7.0,shape,tail,color,Y,N,C,6.0,1.0,1.0,T,Y,C,0,1,1
predict,71,N_Y_S,4.0,shape,tail,color,Y,N,C,4.666666666666667,-0.666666666666667,0.666666666666667,N,Y,S,1,1,0
predict,71,N_B_S,3.0,shape,tail,color,Y,N,C,3.0,0.0,0.0,N,B,S,1,0,0
predict,71,N_B_C,6.0,shape,tail,color,Y,N,C,7.0,-1.0,1.0,N,B,C,1,0,1
predict,19,N_B_C,6.0,color,tail,shape,B,T,S,5.0,1.0,1.0,N,B,C,0,1,0
predict,19,T_B_C,8.0,color,tail,shape,B,T,S,7.0,1.0,1.0,T,B,C,1,1,0
predict,19,N_Y_S,2.0,color,tail,shape,B,T,S,2.3333333333333335,-0.3333333333333335,0.3333333333333335,N,Y,S,0,0,1
predict,19,N_Y_C,2.0,color,tail,shape,B,T,S,2.0,0.0,0.0,N,Y,C,0,0,0
predict,19,T_Y_C,4.0,color,tail,shape,B,T,S,4.333333333333333,-0.33333333333333304,0.33333333333333304,T,Y,C,1,0,0
predict,19,T_B_S,7.0,color,tail,shape,B,T,S,7.0,0.0,0.0,T,B,S,1,1,1
predict,19,T_Y_S,4.0,color,tail,shape,B,T,S,4.666666666666667,-0.666666666666667,0.666666666666667,T,Y,S,1,0,1
predict,19,N_B_S,6.0,color,tail,shape,B,T,S,4.333333333333333,1.666666666666667,1.666666666666667,N,B,S,0,1,1
predict,44,T_Y_C,5.0,tail,shape,color,Y,T,S,5.666666666666667,-0.666666666666667,0.666666666666667,T,Y,C,1,1,0
predict,44,T_B_S,4.0,tail,shape,color,Y,T,S,5.333333333333333,-1.333333333333333,1.333333333333333,T,B,S,1,0,1
predict,44,N_Y_S,7.0,tail,shape,color,Y,T,S,6.0,1.0,1.0,N,Y,S,0,1,1
predict,44,T_Y_S,8.0,tail,shape,color,Y,T,S,7.666666666666667,0.33333333333333304,0.33333333333333304,T,Y,S,1,1,1
predict,44,N_Y_C,7.0,tail,shape,color,Y,T,S,3.6666666666666665,3.3333333333333335,3.3333333333333335,N,Y,C,0,1,0
predict,44,N_B_S,5.0,tail,shape,color,Y,T,S,4.666666666666667,0.33333333333333304,0.33333333333333304,N,B,S,0,0,1
predict,44,T_B_C,6.0,tail,shape,color,Y,T,S,5.0,1.0,1.0,T,B,C,1,0,0
predict,44,N_B_C,3.0,tail,shape,color,Y,T,S,2.6666666666666665,0.3333333333333335,0.3333333333333335,N,B,C,0,0,0
predict,81,N_Y_C,4.0,tail,color,shape,B,N,C,5.0,-1.0,1.0,N,Y,C,1,0,1
predict,81,T_Y_C,3.0,tail,color,shape,B,N,C,4.666666666666667,-1.666666666666667,1.666666666666667,T,Y,C,0,0,1
predict,81,T_Y_S,4.0,tail,color,shape,B,N,C,3.3333333333333335,0.6666666666666665,0.6666666666666665,T,Y,S,0,0,0
predict,81,N_B_C,7.0,tail,color,shape,B,N,C,7.0,0.0,0.0,N,B,C,1,1,1
predict,81,T_B_S,7.0,tail,color,shape,B,N,C,5.666666666666667,1.333333333333333,1.333333333333333,T,B,S,0,1,0
predict,81,N_Y_S,5.0,tail,color,shape,B,N,C,4.333333333333333,0.666666666666667,0.666666666666667,N,Y,S,1,0,0
predict,81,N_B_S,8.0,tail,color,shape,B,N,C,7.333333333333333,0.666666666666667,0.666666666666667,N,B,S,1,1,0
predict,81,T_B_C,5.0,tail,color,shape,B,N,C,4.666666666666667,0.33333333333333304,0.33333333333333304,T,B,C,0,1,1
predict,57,T_B_S,7.0,color,tail,shape,B,N,S,6.0,1.0,1.0,T,B,S,0,1,1
predict,57,T_Y_C,4.0,color,tail,shape,B,N,S,3.3333333333333335,0.6666666666666665,0.6666666666666665,T,Y,C,0,0,0
predict,57,N_B_C,3.0,color,tail,shape,B,N,S,7.0,-4.0,4.0,N,B,C,1,1,0
predict,57,N_Y_S,1.0,color,tail,shape,B,N,S,6.666666666666667,-5.666666666666667,5.666666666666667,N,Y,S,1,0,1
predict,57,T_B_C,7.0,color,tail,shape,B,N,S,6.333333333333333,0.666666666666667,0.666666666666667,T,B,C,0,1,0
predict,57,N_Y_C,8.0,color,tail,shape,B,N,S,4.666666666666667,3.333333333333333,3.333333333333333,N,Y,C,1,0,0
predict,57,T_Y_S,3.0,color,tail,shape,B,N,S,1.6666666666666667,1.3333333333333333,1.3333333333333333,T,Y,S,0,0,1
predict,57,N_B_S,8.0,color,tail,shape,B,N,S,7.0,1.0,1.0,N,B,S,1,1,1
predict,55,T_B_S,4.0,color,tail,shape,Y,N,C,3.0,1.0,1.0,T,B,S,0,0,0
predict,55,T_B_C,4.0,color,tail,shape,Y,N,C,3.0,1.0,1.0,T,B,C,0,0,1
predict,55,N_B_C,5.0,color,tail,shape,Y,N,C,3.3333333333333335,1.6666666666666665,1.6666666666666665,N,B,C,1,0,1
predict,55,T_Y_S,8.0,color,tail,shape,Y,N,C,4.666666666666667,3.333333333333333,3.333333333333333,T,Y,S,0,1,0
predict,55,T_Y_C,7.0,color,tail,shape,Y,N,C,6.0,1.0,1.0,T,Y,C,0,1,1
predict,55,N_B_S,5.0,color,tail,shape,Y,N,C,4.666666666666667,0.33333333333333304,0.33333333333333304,N,B,S,1,0,0
predict,55,N_Y_S,6.0,color,tail,shape,Y,N,C,7.666666666666667,-1.666666666666667,1.666666666666667,N,Y,S,1,1,0
predict,55,N_Y_C,7.0,color,tail,shape,Y,N,C,8.0,-1.0,1.0,N,Y,C,1,1,1
predict,53,N_B_S,5.0,shape,color,tail,B,N,S,7.666666666666667,-2.666666666666667,2.666666666666667,N,B,S,1,1,1
predict,53,T_Y_S,6.0,shape,color,tail,B,N,S,5.0,1.0,1.0,T,Y,S,0,0,1
predict,53,N_Y_S,3.0,shape,color,tail,B,N,S,6.333333333333333,-3.333333333333333,3.333333333333333,N,Y,S,1,0,1
predict,53,T_B_S,8.0,shape,color,tail,B,N,S,6.666666666666667,1.333333333333333,1.333333333333333,T,B,S,0,1,1
predict,53,N_Y_C,3.0,shape,color,tail,B,N,S,4.0,-1.0,1.0,N,Y,C,1,0,0
predict,53,T_B_C,9.0,shape,color,tail,B,N,S,5.666666666666667,3.333333333333333,3.333333333333333,T,B,C,0,1,0
predict,53,N_B_C,7.0,shape,color,tail,B,N,S,7.0,0.0,0.0,N,B,C,1,1,0
predict,53,T_Y_C,6.0,shape,color,tail,B,N,S,3.0,3.0,3.0,T,Y,C,0,0,0
predict,89,T_B_C,8.0,color,shape,tail,B,N,C,7.666666666666667,0.33333333333333304,0.33333333333333304,T,B,C,0,1,1
predict,89,T_Y_S,6.0,color,shape,tail,B,N,C,2.6666666666666665,3.3333333333333335,3.3333333333333335,T,Y,S,0,0,0
predict,89,T_Y_C,5.0,color,shape,tail,B,N,C,3.6666666666666665,1.3333333333333335,1.3333333333333335,T,Y,C,0,0,1
predict,89,N_B_C,7.0,color,shape,tail,B,N,C,7.0,0.0,0.0,N,B,C,1,1,1
predict,89,T_B_S,2.0,color,shape,tail,B,N,C,5.0,-3.0,3.0,T,B,S,0,1,0
predict,89,N_Y_C,4.0,color,shape,tail,B,N,C,5.0,-1.0,1.0,N,Y,C,1,0,1
predict,89,N_Y_S,3.0,color,shape,tail,B,N,C,3.3333333333333335,-0.3333333333333335,0.3333333333333335,N,Y,S,1,0,0
predict,89,N_B_S,3.0,color,shape,tail,B,N,C,5.666666666666667,-2.666666666666667,2.666666666666667,N,B,S,1,1,0
predict,138,T_B_C,4.0,color,shape,tail,B,T,C,7.333333333333333,-3.333333333333333,3.333333333333333,T,B,C,1,1,1
predict,138,T_Y_S,3.0,color,shape,tail,B,T,C,3.6666666666666665,-0.6666666666666665,0.6666666666666665,T,Y,S,1,0,0
predict,138,T_B_S,5.0,color,shape,tail,B,T,C,5.333333333333333,-0.33333333333333304,0.33333333333333304,T,B,S,1,1,0
predict,138,T_Y_C,2.0,color,shape,tail,B,T,C,7.0,-5.0,5.0,T,Y,C,1,0,1
predict,138,N_Y_C,8.0,color,shape,tail,B,T,C,6.666666666666667,1.333333333333333,1.333333333333333,N,Y,C,0,0,1
predict,138,N_B_S,6.0,color,shape,tail,B,T,C,6.333333333333333,-0.33333333333333304,0.33333333333333304,N,B,S,0,1,0
predict,138,N_B_C,9.0,color,shape,tail,B,T,C,6.666666666666667,2.333333333333333,2.333333333333333,N,B,C,0,1,1
predict,138,N_Y_S,7.0,color,shape,tail,B,T,C,3.0,4.0,4.0,N,Y,S,0,0,0
predict,28,T_Y_S,6.0,shape,color,tail,B,N,S,4.333333333333333,1.666666666666667,1.666666666666667,T,Y,S,0,0,1
predict,28,T_B_C,3.0,shape,color,tail,B,N,S,4.666666666666667,-1.666666666666667,1.666666666666667,T,B,C,0,1,0
predict,28,N_Y_C,3.0,shape,color,tail,B,N,S,2.3333333333333335,0.6666666666666665,0.6666666666666665,N,Y,C,1,0,0
predict,28,N_B_C,4.0,shape,color,tail,B,N,S,6.0,-2.0,2.0,N,B,C,1,1,0
predict,28,N_B_S,6.0,shape,color,tail,B,N,S,8.0,-2.0,2.0,N,B,S,1,1,1
predict,28,T_Y_C,2.0,shape,color,tail,B,N,S,1.3333333333333333,0.6666666666666667,0.6666666666666667,T,Y,C,0,0,0
predict,28,N_Y_S,5.0,shape,color,tail,B,N,S,5.0,0.0,0.0,N,Y,S,1,0,1
predict,28,T_B_S,8.0,shape,color,tail,B,N,S,7.333333333333333,0.666666666666667,0.666666666666667,T,B,S,0,1,1
predict,5,T_Y_S,4.0,shape,tail,color,Y,N,S,5.666666666666667,-1.666666666666667,1.666666666666667,T,Y,S,0,1,1
predict,5,N_B_S,7.0,shape,tail,color,Y,N,S,5.666666666666667,1.333333333333333,1.333333333333333,N,B,S,1,0,1
predict,5,T_B_S,5.0,shape,tail,color,Y,N,S,6.0,-1.0,1.0,T,B,S,0,0,1
predict,5,N_B_C,8.0,shape,tail,color,Y,N,S,3.6666666666666665,4.333333333333334,4.333333333333334,N,B,C,1,0,0
predict,5,N_Y_C,2.0,shape,tail,color,Y,N,S,5.0,-3.0,3.0,N,Y,C,1,1,0
predict,5,T_B_C,4.0,shape,tail,color,Y,N,S,2.0,2.0,2.0,T,B,C,0,0,0
predict,5,T_Y_C,3.0,shape,tail,color,Y,N,S,2.3333333333333335,0.6666666666666665,0.6666666666666665,T,Y,C,0,1,0
predict,5,N_Y_S,5.0,shape,tail,color,Y,N,S,7.0,-2.0,2.0,N,Y,S,1,1,1
predict,47,N_B_C,7.0,tail,shape,color,B,N,S,7.0,0.0,0.0,N,B,C,1,1,0
predict,47,N_B_S,7.0,tail,shape,color,B,N,S,7.0,0.0,0.0,N,B,S,1,1,1
predict,47,N_Y_C,4.0,tail,shape,color,B,N,S,4.333333333333333,-0.33333333333333304,0.33333333333333304,N,Y,C,1,0,0
predict,47,T_Y_C,4.0,tail,shape,color,B,N,S,4.0,0.0,0.0,T,Y,C,0,0,0
predict,47,T_B_S,6.0,tail,shape,color,B,N,S,5.666666666666667,0.33333333333333304,0.33333333333333304,T,B,S,0,1,1
predict,47,T_Y_S,4.0,tail,shape,color,B,N,S,4.333333333333333,-0.33333333333333304,0.33333333333333304,T,Y,S,0,0,1
predict,47,N_Y_S,7.0,tail,shape,color,B,N,S,7.333333333333333,-0.33333333333333304,0.33333333333333304,N,Y,S,1,0,1
predict,47,T_B_C,3.0,tail,shape,color,B,N,S,3.0,0.0,0.0,T,B,C,0,1,0
predict,135,T_B_C,5.0,color,shape,tail,Y,T,S,3.6666666666666665,1.3333333333333335,1.3333333333333335,T,B,C,1,0,0
predict,135,T_B_S,4.0,color,shape,tail,Y,T,S,5.333333333333333,-1.333333333333333,1.333333333333333,T,B,S,1,0,1
predict,135,T_Y_S,4.0,color,shape,tail,Y,T,S,6.0,-2.0,2.0,T,Y,S,1,1,1
predict,135,T_Y_C,5.0,color,shape,tail,Y,T,S,4.666666666666667,0.33333333333333304,0.33333333333333304,T,Y,C,1,1,0
predict,135,N_B_C,5.0,color,shape,tail,Y,T,S,4.0,1.0,1.0,N,B,C,0,0,0
predict,135,N_B_S,4.0,color,shape,tail,Y,T,S,5.0,-1.0,1.0,N,B,S,0,0,1
predict,135,N_Y_S,8.0,color,shape,tail,Y,T,S,6.333333333333333,1.666666666666667,1.666666666666667,N,Y,S,0,1,1
predict,135,N_Y_C,7.0,color,shape,tail,Y,T,S,3.6666666666666665,3.3333333333333335,3.3333333333333335,N,Y,C,0,1,0
predict,111,N_Y_S,6.0,shape,color,tail,B,N,C,2.6666666666666665,3.3333333333333335,3.3333333333333335,N,Y,S,1,0,0
predict,111,T_Y_C,7.0,shape,color,tail,B,N,C,5.666666666666667,1.333333333333333,1.333333333333333,T,Y,C,0,0,1
predict,111,N_Y_C,3.0,shape,color,tail,B,N,C,4.666666666666667,-1.666666666666667,1.666666666666667,N,Y,C,1,0,1
predict,111,N_B_C,7.0,shape,color,tail,B,N,C,8.333333333333334,-1.333333333333334,1.333333333333334,N,B,C,1,1,1
predict,111,T_B_C,9.0,shape,color,tail,B,N,C,6.666666666666667,2.333333333333333,2.333333333333333,T,B,C,0,1,1
predict,111,N_B_S,2.0,shape,color,tail,B,N,C,5.666666666666667,-3.666666666666667,3.666666666666667,N,B,S,1,1,0
predict,111,T_Y_S,3.0,shape,color,tail,B,N,C,3.0,0.0,0.0,T,Y,S,0,0,0
predict,111,T_B_S,6.0,shape,color,tail,B,N,C,4.333333333333333,1.666666666666667,1.666666666666667,T,B,S,0,1,0
predict,117,T_Y_S,8.0,color,shape,tail,Y,T,S,7.0,1.0,1.0,T,Y,S,1,1,1
predict,117,N_B_C,6.0,color,shape,tail,Y,T,S,3.3333333333333335,2.6666666666666665,2.6666666666666665,N,B,C,0,0,0
predict,117,N_Y_C,6.0,color,shape,tail,Y,T,S,6.333333333333333,-0.33333333333333304,0.33333333333333304,N,Y,C,0,1,0
predict,117,N_B_S,5.0,color,shape,tail,Y,T,S,4.0,1.0,1.0,N,B,S,0,0,1
predict,117,T_B_S,8.0,color,shape,tail,Y,T,S,5.333333333333333,2.666666666666667,2.666666666666667,T,B,S,1,0,1
predict,117,T_Y_C,7.0,color,shape,tail,Y,T,S,6.0,1.0,1.0,T,Y,C,1,1,0
predict,117,N_Y_S,6.0,color,shape,tail,Y,T,S,7.333333333333333,-1.333333333333333,1.333333333333333,N,Y,S,0,1,1
predict,117,T_B_C,6.0,color,shape,tail,Y,T,S,3.0,3.0,3.0,T,B,C,1,0,0
predict,59,T_Y_S,6.0,tail,shape,color,B,N,C,4.0,2.0,2.0,T,Y,S,0,0,0
predict,59,T_Y_C,5.0,tail,shape,color,B,N,C,5.666666666666667,-0.666666666666667,0.666666666666667,T,Y,C,0,0,1
predict,59,N_B_C,6.0,tail,shape,color,B,N,C,7.0,-1.0,1.0,N,B,C,1,1,1
predict,59,T_B_S,5.0,tail,shape,color,B,N,C,2.0,3.0,3.0,T,B,S,0,1,0
predict,59,N_B_S,7.0,tail,shape,color,B,N,C,6.333333333333333,0.666666666666667,0.666666666666667,N,B,S,1,1,0
predict,59,T_B_C,3.0,tail,shape,color,B,N,C,6.0,-3.0,3.0,T,B,C,0,1,1
predict,59,N_Y_S,5.0,tail,shape,color,B,N,C,4.333333333333333,0.666666666666667,0.666666666666667,N,Y,S,1,0,0
predict,59,N_Y_C,6.0,tail,shape,color,B,N,C,7.0,-1.0,1.0,N,Y,C,1,0,1
predict,134,T_B_C,7.0,shape,color,tail,B,T,C,8.0,-1.0,1.0,T,B,C,1,1,1
predict,134,T_Y_C,3.0,shape,color,tail,B,T,C,4.0,-1.0,1.0,T,Y,C,1,0,1
predict,134,T_B_S,5.0,shape,color,tail,B,T,C,6.0,-1.0,1.0,T,B,S,1,1,0
predict,134,N_B_C,9.0,shape,color,tail,B,T,C,8.333333333333334,0.6666666666666661,0.6666666666666661,N,B,C,0,1,1
predict,134,N_B_S,6.0,shape,color,tail,B,T,C,4.0,2.0,2.0,N,B,S,0,1,0
predict,134,N_Y_S,6.0,shape,color,tail,B,T,C,2.0,4.0,4.0,N,Y,S,0,0,0
predict,134,T_Y_S,1.0,shape,color,tail,B,T,C,1.6666666666666667,-0.6666666666666667,0.6666666666666667,T,Y,S,1,0,0
predict,134,N_Y_C,7.0,shape,color,tail,B,T,C,5.333333333333333,1.666666666666667,1.666666666666667,N,Y,C,0,0,1
predict,30,T_Y_S,7.0,shape,color,tail,Y,N,S,6.666666666666667,0.33333333333333304,0.33333333333333304,T,Y,S,0,1,1
predict,30,N_B_S,7.0,shape,color,tail,Y,N,S,6.333333333333333,0.666666666666667,0.666666666666667,N,B,S,1,0,1
predict,30,N_B_C,4.0,shape,color,tail,Y,N,S,2.6666666666666665,1.3333333333333335,1.3333333333333335,N,B,C,1,0,0
predict,30,N_Y_S,7.0,shape,color,tail,Y,N,S,8.0,-1.0,1.0,N,Y,S,1,1,1
predict,30,T_B_S,5.0,shape,color,tail,Y,N,S,4.666666666666667,0.33333333333333304,0.33333333333333304,T,B,S,0,0,1
predict,30,N_Y_C,4.0,shape,color,tail,Y,N,S,4.666666666666667,-0.666666666666667,0.666666666666667,N,Y,C,1,1,0
predict,30,T_B_C,2.0,shape,color,tail,Y,N,S,3.0,-1.0,1.0,T,B,C,0,0,0
predict,30,T_Y_C,4.0,shape,color,tail,Y,N,S,5.666666666666667,-1.666666666666667,1.666666666666667,T,Y,C,0,1,0
predict,86,T_Y_C,5.0,color,tail,shape,Y,N,C,4.333333333333333,0.666666666666667,0.666666666666667,T,Y,C,0,1,1
predict,86,N_B_S,4.0,color,tail,shape,Y,N,C,4.0,0.0,0.0,N,B,S,1,0,0
predict,86,T_B_C,4.0,color,tail,shape,Y,N,C,3.6666666666666665,0.3333333333333335,0.3333333333333335,T,B,C,0,0,1
predict,86,N_B_C,4.0,color,tail,shape,Y,N,C,4.333333333333333,-0.33333333333333304,0.33333333333333304,N,B,C,1,0,1
predict,86,N_Y_C,6.0,color,tail,shape,Y,N,C,7.0,-1.0,1.0,N,Y,C,1,1,1
predict,86,T_B_S,4.0,color,tail,shape,Y,N,C,2.3333333333333335,1.6666666666666665,1.6666666666666665,T,B,S,0,0,0
predict,86,N_Y_S,6.0,color,tail,shape,Y,N,C,7.0,-1.0,1.0,N,Y,S,1,1,0
predict,86,T_Y_S,5.0,color,tail,shape,Y,N,C,4.666666666666667,0.33333333333333304,0.33333333333333304,T,Y,S,0,1,0
predict,107,N_B_C,4.0,color,tail,shape,Y,T,C,3.3333333333333335,0.6666666666666665,0.6666666666666665,N,B,C,0,0,1
predict,107,T_Y_S,7.0,color,tail,shape,Y,T,C,6.333333333333333,0.666666666666667,0.666666666666667,T,Y,S,1,1,0
predict,107,T_B_C,6.0,color,tail,shape,Y,T,C,6.0,0.0,0.0,T,B,C,1,0,1
predict,107,T_Y_C,8.0,color,tail,shape,Y,T,C,7.0,1.0,1.0,T,Y,C,1,1,1
predict,107,N_Y_S,5.0,color,tail,shape,Y,T,C,4.0,1.0,1.0,N,Y,S,0,1,0
predict,107,T_B_S,5.0,color,tail,shape,Y,T,C,5.0,0.0,0.0,T,B,S,1,0,0
predict,107,N_B_S,2.0,color,tail,shape,Y,T,C,2.3333333333333335,-0.3333333333333335,0.3333333333333335,N,B,S,0,0,0
predict,107,N_Y_C,4.0,color,tail,shape,Y,T,C,4.333333333333333,-0.33333333333333304,0.33333333333333304,N,Y,C,0,1,1
predict,66,N_Y_S,6.0,shape,tail,color,B,T,C,2.6666666666666665,3.3333333333333335,3.3333333333333335,N,Y,S,0,0,0
predict,66,T_Y_S,4.0,shape,tail,color,B,T,C,4.0,0.0,0.0,T,Y,S,1,0,0
predict,66,T_B_S,5.0,shape,tail,color,B,T,C,4.0,1.0,1.0,T,B,S,1,1,0
predict,66,N_B_C,5.0,shape,tail,color,B,T,C,4.333333333333333,0.666666666666667,0.666666666666667,N,B,C,0,1,1
predict,66,N_Y_C,3.0,shape,tail,color,B,T,C,3.6666666666666665,-0.6666666666666665,0.6666666666666665,N,Y,C,0,0,1
predict,66,N_B_S,4.0,shape,tail,color,B,T,C,2.6666666666666665,1.3333333333333335,1.3333333333333335,N,B,S,0,1,0
predict,66,T_Y_C,6.0,shape,tail,color,B,T,C,6.333333333333333,-0.33333333333333304,0.33333333333333304,T,Y,C,1,0,1
predict,66,T_B_C,7.0,shape,tail,color,B,T,C,8.0,-1.0,1.0,T,B,C,1,1,1
predict,79,N_B_C,6.0,color,tail,shape,B,T,S,4.666666666666667,1.333333333333333,1.333333333333333,N,B,C,0,1,0
predict,79,N_Y_C,2.0,color,tail,shape,B,T,S,3.0,-1.0,1.0,N,Y,C,0,0,0
predict,79,T_B_C,8.0,color,tail,shape,B,T,S,7.666666666666667,0.33333333333333304,0.33333333333333304,T,B,C,1,1,0
predict,79,N_B_S,4.0,color,tail,shape,B,T,S,4.333333333333333,-0.33333333333333304,0.33333333333333304,N,B,S,0,1,1
predict,79,T_Y_C,3.0,color,tail,shape,B,T,S,4.666666666666667,-1.666666666666667,1.666666666666667,T,Y,C,1,0,0
predict,79,T_Y_S,6.0,color,tail,shape,B,T,S,6.0,0.0,0.0,T,Y,S,1,0,1
predict,79,T_B_S,7.0,color,tail,shape,B,T,S,8.0,-1.0,1.0,T,B,S,1,1,1
predict,79,N_Y_S,2.0,color,tail,shape,B,T,S,2.6666666666666665,-0.6666666666666665,0.6666666666666665,N,Y,S,0,0,1
predict,98,N_B_C,4.0,shape,tail,color,B,N,C,5.333333333333333,-1.333333333333333,1.333333333333333,N,B,C,1,1,1
predict,98,N_Y_S,4.0,shape,tail,color,B,N,C,4.333333333333333,-0.33333333333333304,0.33333333333333304,N,Y,S,1,0,0
predict,98,T_Y_C,6.0,shape,tail,color,B,N,C,4.333333333333333,1.666666666666667,1.666666666666667,T,Y,C,0,0,1
predict,98,T_B_C,6.0,shape,tail,color,B,N,C,5.666666666666667,0.33333333333333304,0.33333333333333304,T,B,C,0,1,1
predict,98,T_Y_S,5.0,shape,tail,color,B,N,C,3.3333333333333335,1.6666666666666665,1.6666666666666665,T,Y,S,0,0,0
predict,98,N_B_S,4.0,shape,tail,color,B,N,C,5.333333333333333,-1.333333333333333,1.333333333333333,N,B,S,1,1,0
predict,98,T_B_S,4.0,shape,tail,color,B,N,C,3.3333333333333335,0.6666666666666665,0.6666666666666665,T,B,S,0,1,0
predict,98,N_Y_C,6.0,shape,tail,color,B,N,C,5.333333333333333,0.666666666666667,0.666666666666667,N,Y,C,1,0,1
predict,106,T_B_C,7.0,tail,color,shape,B,T,S,6.0,1.0,1.0,T,B,C,1,1,0
predict,106,N_Y_C,3.0,tail,color,shape,B,T,S,2.3333333333333335,0.6666666666666665,0.6666666666666665,N,Y,C,0,0,0
predict,106,N_B_S,4.0,tail,color,shape,B,T,S,5.333333333333333,-1.333333333333333,1.333333333333333,N,B,S,0,1,1
predict,106,N_Y_S,4.0,tail,color,shape,B,T,S,2.3333333333333335,1.6666666666666665,1.6666666666666665,N,Y,S,0,0,1
predict,106,T_Y_C,8.0,tail,color,shape,B,T,S,5.0,3.0,3.0,T,Y,C,1,0,0
predict,106,T_B_S,7.0,tail,color,shape,B,T,S,6.666666666666667,0.33333333333333304,0.33333333333333304,T,B,S,1,1,1
predict,106,T_Y_S,6.0,tail,color,shape,B,T,S,5.0,1.0,1.0,T,Y,S,1,0,1
predict,106,N_B_C,3.0,tail,color,shape,B,T,S,4.333333333333333,-1.333333333333333,1.333333333333333,N,B,C,0,1,0
predict,17,T_Y_C,5.0,color,tail,shape,B,T,C,4.666666666666667,0.33333333333333304,0.33333333333333304,T,Y,C,1,0,1
predict,17,N_Y_S,7.0,color,tail,shape,B,T,C,3.3333333333333335,3.6666666666666665,3.6666666666666665,N,Y,S,0,0,0
predict,17,N_B_C,4.0,color,tail,shape,B,T,C,4.0,0.0,0.0,N,B,C,0,1,1
predict,17,T_B_S,6.0,color,tail,shape,B,T,C,7.0,-1.0,1.0,T,B,S,1,1,0
predict,17,T_B_C,5.0,color,tail,shape,B,T,C,7.333333333333333,-2.333333333333333,2.333333333333333,T,B,C,1,1,1
predict,17,T_Y_S,7.0,color,tail,shape,B,T,C,4.0,3.0,3.0,T,Y,S,1,0,0
predict,17,N_B_S,7.0,color,tail,shape,B,T,C,4.0,3.0,3.0,N,B,S,0,1,0
predict,17,N_Y_C,5.0,color,tail,shape,B,T,C,2.6666666666666665,2.3333333333333335,2.3333333333333335,N,Y,C,0,0,1
predict,64,N_B_S,6.0,color,shape,tail,B,N,S,8.333333333333334,-2.333333333333334,2.333333333333334,N,B,S,1,1,1
predict,64,N_B_C,5.0,color,shape,tail,B,N,S,4.333333333333333,0.666666666666667,0.666666666666667,N,B,C,1,1,0
predict,64,T_B_C,8.0,color,shape,tail,B,N,S,4.0,4.0,4.0,T,B,C,0,1,0
predict,64,T_B_S,9.0,color,shape,tail,B,N,S,5.333333333333333,3.666666666666667,3.666666666666667,T,B,S,0,1,1
predict,64,T_Y_C,3.0,color,shape,tail,B,N,S,4.666666666666667,-1.666666666666667,1.666666666666667,T,Y,C,0,0,0
predict,64,N_Y_S,4.0,color,shape,tail,B,N,S,5.0,-1.0,1.0,N,Y,S,1,0,1
predict,64,N_Y_C,6.0,color,shape,tail,B,N,S,4.333333333333333,1.666666666666667,1.666666666666667,N,Y,C,1,0,0
predict,64,T_Y_S,6.0,color,shape,tail,B,N,S,4.666666666666667,1.333333333333333,1.333333333333333,T,Y,S,0,0,1
predict,32,T_B_C,7.0,tail,color,shape,Y,N,S,2.6666666666666665,4.333333333333334,4.333333333333334,T,B,C,0,0,0
predict,32,T_Y_C,8.0,tail,color,shape,Y,N,S,5.0,3.0,3.0,T,Y,C,0,1,0
predict,32,T_B_S,4.0,tail,color,shape,Y,N,S,2.3333333333333335,1.6666666666666665,1.6666666666666665,T,B,S,0,0,1
predict,32,N_Y_C,7.0,tail,color,shape,Y,N,S,7.333333333333333,-0.33333333333333304,0.33333333333333304,N,Y,C,1,1,0
predict,32,N_B_S,1.0,tail,color,shape,Y,N,S,6.0,-5.0,5.0,N,B,S,1,0,1
predict,32,T_Y_S,5.0,tail,color,shape,Y,N,S,5.666666666666667,-0.666666666666667,0.666666666666667,T,Y,S,0,1,1
predict,32,N_B_C,3.0,tail,color,shape,Y,N,S,5.666666666666667,-2.666666666666667,2.666666666666667,N,B,C,1,0,0
predict,32,N_Y_S,3.0,tail,color,shape,Y,N,S,6.666666666666667,-3.666666666666667,3.666666666666667,N,Y,S,1,1,1
predict,36,N_Y_C,5.0,shape,color,tail,B,N,S,2.6666666666666665,2.3333333333333335,2.3333333333333335,N,Y,C,1,0,0
predict,36,T_Y_S,6.0,shape,color,tail,B,N,S,5.666666666666667,0.33333333333333304,0.33333333333333304,T,Y,S,0,0,1
predict,36,T_B_S,7.0,shape,color,tail,B,N,S,5.666666666666667,1.333333333333333,1.333333333333333,T,B,S,0,1,1
predict,36,N_B_C,3.0,shape,color,tail,B,N,S,5.0,-2.0,2.0,N,B,C,1,1,0
predict,36,T_Y_C,7.0,shape,color,tail,B,N,S,2.0,5.0,5.0,T,Y,C,0,0,0
predict,36,N_Y_S,5.0,shape,color,tail,B,N,S,6.0,-1.0,1.0,N,Y,S,1,0,1
predict,36,T_B_C,6.0,shape,color,tail,B,N,S,4.666666666666667,1.333333333333333,1.333333333333333,T,B,C,0,1,0
predict,36,N_B_S,3.0,shape,color,tail,B,N,S,7.666666666666667,-4.666666666666667,4.666666666666667,N,B,S,1,1,1
predict,146,T_B_C,3.0,color,shape,tail,Y,N,S,3.0,0.0,0.0,T,B,C,0,0,0
predict,146,T_Y_C,5.0,color,shape,tail,Y,N,S,4.333333333333333,0.666666666666667,0.666666666666667,T,Y,C,0,1,0
predict,146,T_Y_S,6.0,color,shape,tail,Y,N,S,7.666666666666667,-1.666666666666667,1.666666666666667,T,Y,S,0,1,1
predict,146,N_B_S,5.0,color,shape,tail,Y,N,S,5.0,0.0,0.0,N,B,S,1,0,1
predict,146,T_B_S,4.0,color,shape,tail,Y,N,S,4.333333333333333,-0.33333333333333304,0.33333333333333304,T,B,S,0,0,1
predict,146,N_Y_C,4.0,color,shape,tail,Y,N,S,4.333333333333333,-0.33333333333333304,0.33333333333333304,N,Y,C,1,1,0
predict,146,N_B_C,3.0,color,shape,tail,Y,N,S,3.3333333333333335,-0.3333333333333335,0.3333333333333335,N,B,C,1,0,0
predict,146,N_Y_S,8.0,color,shape,tail,Y,N,S,8.0,0.0,0.0,N,Y,S,1,1,1
predict,11,N_Y_C,4.0,tail,shape,color,B,T,S,3.6666666666666665,0.3333333333333335,0.3333333333333335,N,Y,C,0,0,0
predict,11,T_Y_C,6.0,tail,shape,color,B,T,S,4.0,2.0,2.0,T,Y,C,1,0,0
predict,11,N_B_S,6.0,tail,shape,color,B,T,S,5.0,1.0,1.0,N,B,S,0,1,1
predict,11,N_Y_S,6.0,tail,shape,color,B,T,S,3.6666666666666665,2.3333333333333335,2.3333333333333335,N,Y,S,0,0,1
predict,11,T_B_C,6.0,tail,shape,color,B,T,S,4.666666666666667,1.333333333333333,1.333333333333333,T,B,C,1,1,0
predict,11,T_B_S,6.0,tail,shape,color,B,T,S,7.0,-1.0,1.0,T,B,S,1,1,1
predict,11,N_B_C,4.0,tail,shape,color,B,T,S,3.3333333333333335,0.6666666666666665,0.6666666666666665,N,B,C,0,1,0
predict,11,T_Y_S,7.0,tail,shape,color,B,T,S,5.333333333333333,1.666666666666667,1.666666666666667,T,Y,S,1,0,1
predict,41,N_B_S,4.0,tail,shape,color,B,T,C,3.0,1.0,1.0,N,B,S,0,1,0
predict,41,T_B_C,5.0,tail,shape,color,B,T,C,6.0,-1.0,1.0,T,B,C,1,1,1
predict,41,N_Y_C,6.0,tail,shape,color,B,T,C,6.0,0.0,0.0,N,Y,C,0,0,1
predict,41,T_Y_C,5.0,tail,shape,color,B,T,C,6.0,-1.0,1.0,T,Y,C,1,0,1
predict,41,T_B_S,6.0,tail,shape,color,B,T,C,6.0,0.0,0.0,T,B,S,1,1,0
predict,41,N_Y_S,2.0,tail,shape,color,B,T,C,2.3333333333333335,-0.3333333333333335,0.3333333333333335,N,Y,S,0,0,0
predict,41,N_B_C,4.0,tail,shape,color,B,T,C,4.333333333333333,-0.33333333333333304,0.33333333333333304,N,B,C,0,1,1
predict,41,T_Y_S,4.0,tail,shape,color,B,T,C,4.0,0.0,0.0,T,Y,S,1,0,0
predict,4,T_B_C,9.0,shape,color,tail,B,T,C,7.333333333333333,1.666666666666667,1.666666666666667,T,B,C,1,1,1
predict,4,T_Y_S,4.0,shape,color,tail,B,T,C,2.6666666666666665,1.3333333333333335,1.3333333333333335,T,Y,S,1,0,0
predict,4,N_Y_S,5.0,shape,color,tail,B,T,C,2.6666666666666665,2.3333333333333335,2.3333333333333335,N,Y,S,0,0,0
predict,4,N_B_C,6.0,shape,color,tail,B,T,C,5.666666666666667,0.33333333333333304,0.33333333333333304,N,B,C,0,1,1
predict,4,N_B_S,5.0,shape,color,tail,B,T,C,3.3333333333333335,1.6666666666666665,1.6666666666666665,N,B,S,0,1,0
predict,4,T_B_S,6.0,shape,color,tail,B,T,C,5.666666666666667,0.33333333333333304,0.33333333333333304,T,B,S,1,1,0
predict,4,N_Y_C,5.0,shape,color,tail,B,T,C,5.0,0.0,0.0,N,Y,C,0,0,1
predict,4,T_Y_C,7.0,shape,color,tail,B,T,C,5.333333333333333,1.666666666666667,1.666666666666667,T,Y,C,1,0,1
predict,27,T_Y_S,6.0,shape,tail,color,Y,N,C,2.6666666666666665,3.3333333333333335,3.3333333333333335,T,Y,S,0,1,0
predict,27,T_B_S,7.0,shape,tail,color,Y,N,C,4.0,3.0,3.0,T,B,S,0,0,0
predict,27,N_B_S,3.0,shape,tail,color,Y,N,C,5.0,-2.0,2.0,N,B,S,1,0,0
predict,27,T_Y_C,4.0,shape,tail,color,Y,N,C,5.333333333333333,-1.333333333333333,1.333333333333333,T,Y,C,0,1,1
predict,27,T_B_C,3.0,shape,tail,color,Y,N,C,4.333333333333333,-1.333333333333333,1.333333333333333,T,B,C,0,0,1
predict,27,N_Y_C,8.0,shape,tail,color,Y,N,C,7.0,1.0,1.0,N,Y,C,1,1,1
predict,27,N_Y_S,4.0,shape,tail,color,Y,N,C,5.666666666666667,-1.666666666666667,1.666666666666667,N,Y,S,1,1,0
predict,27,N_B_C,6.0,shape,tail,color,Y,N,C,6.333333333333333,-0.33333333333333304,0.33333333333333304,N,B,C,1,0,1
predict,102,N_B_S,5.0,tail,color,shape,B,T,S,6.333333333333333,-1.333333333333333,1.333333333333333,N,B,S,0,1,1
predict,102,T_B_C,6.0,tail,color,shape,B,T,S,6.333333333333333,-0.33333333333333304,0.33333333333333304,T,B,C,1,1,0
predict,102,N_B_C,7.0,tail,color,shape,B,T,S,6.333333333333333,0.666666666666667,0.666666666666667,N,B,C,0,1,0
predict,102,T_Y_C,5.0,tail,color,shape,B,T,S,5.333333333333333,-0.33333333333333304,0.33333333333333304,T,Y,C,1,0,0
predict,102,N_Y_S,4.0,tail,color,shape,B,T,S,3.0,1.0,1.0,N,Y,S,0,0,1
predict,102,N_Y_C,5.0,tail,color,shape,B,T,S,3.6666666666666665,1.3333333333333335,1.3333333333333335,N,Y,C,0,0,0
predict,102,T_B_S,7.0,tail,color,shape,B,T,S,7.0,0.0,0.0,T,B,S,1,1,1
predict,102,T_Y_S,4.0,tail,color,shape,B,T,S,5.666666666666667,-1.666666666666667,1.666666666666667,T,Y,S,1,0,1
predict,9,N_B_S,2.0,color,tail,shape,Y,T,C,2.0,0.0,0.0,N,B,S,0,0,0
predict,9,T_B_S,4.0,color,tail,shape,Y,T,C,5.333333333333333,-1.333333333333333,1.333333333333333,T,B,S,1,0,0
predict,9,T_Y_S,6.0,color,tail,shape,Y,T,C,5.666666666666667,0.33333333333333304,0.33333333333333304,T,Y,S,1,1,0
predict,9,N_B_C,3.0,color,tail,shape,Y,T,C,3.0,0.0,0.0,N,B,C,0,0,1
predict,9,N_Y_S,4.0,color,tail,shape,Y,T,C,4.333333333333333,-0.33333333333333304,0.33333333333333304,N,Y,S,0,1,0
predict,9,N_Y_C,4.0,color,tail,shape,Y,T,C,4.666666666666667,-0.666666666666667,0.666666666666667,N,Y,C,0,1,1
predict,9,T_Y_C,8.0,color,tail,shape,Y,T,C,7.666666666666667,0.33333333333333304,0.33333333333333304,T,Y,C,1,1,1
predict,9,T_B_C,6.0,color,tail,shape,Y,T,C,4.666666666666667,1.333333333333333,1.333333333333333,T,B,C,1,0,1
predict,45,N_B_C,4.0,color,tail,shape,Y,T,S,2.3333333333333335,1.6666666666666665,1.6666666666666665,N,B,C,0,0,0
predict,45,N_Y_S,4.0,color,tail,shape,Y,T,S,6.333333333333333,-2.333333333333333,2.333333333333333,N,Y,S,0,1,1
predict,45,N_Y_C,5.0,color,tail,shape,Y,T,S,5.333333333333333,-0.33333333333333304,0.33333333333333304,N,Y,C,0,1,0
predict,45,T_Y_C,8.0,color,tail,shape,Y,T,S,7.0,1.0,1.0,T,Y,C,1,1,0
predict,45,N_B_S,2.0,color,tail,shape,Y,T,S,3.3333333333333335,-1.3333333333333335,1.3333333333333335,N,B,S,0,0,1
predict,45,T_B_S,4.0,color,tail,shape,Y,T,S,5.666666666666667,-1.666666666666667,1.666666666666667,T,B,S,1,0,1
predict,45,T_B_C,6.0,color,tail,shape,Y,T,S,5.666666666666667,0.33333333333333304,0.33333333333333304,T,B,C,1,0,0
predict,45,T_Y_S,5.0,color,tail,shape,Y,T,S,6.333333333333333,-1.333333333333333,1.333333333333333,T,Y,S,1,1,1
predict,21,T_B_S,7.0,tail,shape,color,Y,T,S,6.666666666666667,0.33333333333333304,0.33333333333333304,T,B,S,1,0,1
predict,21,T_Y_C,8.0,tail,shape,color,Y,T,S,6.0,2.0,2.0,T,Y,C,1,1,0
predict,21,N_B_S,4.0,tail,shape,color,Y,T,S,4.0,0.0,0.0,N,B,S,0,0,1
predict,21,N_Y_C,4.0,tail,shape,color,Y,T,S,4.0,0.0,0.0,N,Y,C,0,1,0
predict,21,T_B_C,5.0,tail,shape,color,Y,T,S,4.333333333333333,0.666666666666667,0.666666666666667,T,B,C,1,0,0
predict,21,N_B_C,7.0,tail,shape,color,Y,T,S,3.6666666666666665,3.3333333333333335,3.3333333333333335,N,B,C,0,0,0
predict,21,N_Y_S,5.0,tail,shape,color,Y,T,S,4.0,1.0,1.0,N,Y,S,0,1,1
predict,21,T_Y_S,6.0,tail,shape,color,Y,T,S,7.333333333333333,-1.333333333333333,1.333333333333333,T,Y,S,1,1,1
predict,68,T_B_C,5.0,tail,color,shape,B,T,C,6.0,-1.0,1.0,T,B,C,1,1,1
predict,68,T_Y_S,6.0,tail,color,shape,B,T,C,4.666666666666667,1.333333333333333,1.333333333333333,T,Y,S,1,0,0
predict,68,T_B_S,10.0,tail,color,shape,B,T,C,8.0,2.0,2.0,T,B,S,1,1,0
predict,68,N_Y_C,4.0,tail,color,shape,B,T,C,4.333333333333333,-0.33333333333333304,0.33333333333333304,N,Y,C,0,0,1
predict,68,T_Y_C,5.0,tail,color,shape,B,T,C,5.333333333333333,-0.33333333333333304,0.33333333333333304,T,Y,C,1,0,1
predict,68,N_Y_S,4.0,tail,color,shape,B,T,C,3.0,1.0,1.0,N,Y,S,0,0,0
predict,68,N_B_S,4.0,tail,color,shape,B,T,C,4.0,0.0,0.0,N,B,S,0,1,0
predict,68,N_B_C,4.0,tail,color,shape,B,T,C,5.333333333333333,-1.333333333333333,1.333333333333333,N,B,C,0,1,1
predict,150,T_Y_C,9.0,tail,color,shape,Y,T,S,7.0,2.0,2.0,T,Y,C,1,1,0
predict,150,N_Y_S,5.0,tail,color,shape,Y,T,S,5.333333333333333,-0.33333333333333304,0.33333333333333304,N,Y,S,0,1,1
predict,150,T_B_S,3.0,tail,color,shape,Y,T,S,5.0,-2.0,2.0,T,B,S,1,0,1
predict,150,N_Y_C,6.0,tail,color,shape,Y,T,S,4.0,2.0,2.0,N,Y,C,0,1,0
predict,150,N_B_S,3.0,tail,color,shape,Y,T,S,2.0,1.0,1.0,N,B,S,0,0,1
predict,150,T_Y_S,6.0,tail,color,shape,Y,T,S,7.666666666666667,-1.666666666666667,1.666666666666667,T,Y,S,1,1,1
predict,150,T_B_C,7.0,tail,color,shape,Y,T,S,4.333333333333333,2.666666666666667,2.666666666666667,T,B,C,1,0,0
predict,150,N_B_C,3.0,tail,color,shape,Y,T,S,2.6666666666666665,0.3333333333333335,0.3333333333333335,N,B,C,0,0,0
predict,124,T_Y_S,4.0,color,tail,shape,Y,N,C,3.3333333333333335,0.6666666666666665,0.6666666666666665,T,Y,S,0,1,0
predict,124,T_B_S,2.0,color,tail,shape,Y,N,C,2.0,0.0,0.0,T,B,S,0,0,0
predict,124,N_B_C,4.0,color,tail,shape,Y,N,C,6.0,-2.0,2.0,N,B,C,1,0,1
predict,124,T_B_C,3.0,color,tail,shape,Y,N,C,2.3333333333333335,0.6666666666666665,0.6666666666666665,T,B,C,0,0,1
predict,124,N_B_S,4.0,color,tail,shape,Y,N,C,3.3333333333333335,0.6666666666666665,0.6666666666666665,N,B,S,1,0,0
predict,124,T_Y_C,6.0,color,tail,shape,Y,N,C,6.0,0.0,0.0,T,Y,C,0,1,1
predict,124,N_Y_C,8.0,color,tail,shape,Y,N,C,7.666666666666667,0.33333333333333304,0.33333333333333304,N,Y,C,1,1,1
predict,124,N_Y_S,6.0,color,tail,shape,Y,N,C,7.333333333333333,-1.333333333333333,1.333333333333333,N,Y,S,1,1,0
predict,7,N_B_C,5.0,tail,color,shape,Y,N,C,5.0,0.0,0.0,N,B,C,1,0,1
predict,7,T_Y_C,7.0,tail,color,shape,Y,N,C,6.666666666666667,0.33333333333333304,0.33333333333333304,T,Y,C,0,1,1
predict,7,T_B_C,5.0,tail,color,shape,Y,N,C,4.333333333333333,0.666666666666667,0.666666666666667,T,B,C,0,0,1
predict,7,N_B_S,4.0,tail,color,shape,Y,N,C,5.333333333333333,-1.333333333333333,1.333333333333333,N,B,S,1,0,0
predict,7,N_Y_S,6.0,tail,color,shape,Y,N,C,7.666666666666667,-1.666666666666667,1.666666666666667,N,Y,S,1,1,0
predict,7,N_Y_C,7.0,tail,color,shape,Y,N,C,6.666666666666667,0.33333333333333304,0.33333333333333304,N,Y,C,1,1,1
predict,7,T_Y_S,7.0,tail,color,shape,Y,N,C,5.333333333333333,1.666666666666667,1.666666666666667,T,Y,S,0,1,0
predict,7,T_B_S,4.0,tail,color,shape,Y,N,C,3.0,1.0,1.0,T,B,S,0,0,0
predict,6,N_Y_C,5.0,tail,color,shape,B,T,S,2.6666666666666665,2.3333333333333335,2.3333333333333335,N,Y,C,0,0,0
predict,6,N_Y_S,4.0,tail,color,shape,B,T,S,2.3333333333333335,1.6666666666666665,1.6666666666666665,N,Y,S,0,0,1
predict,6,T_B_C,9.0,tail,color,shape,B,T,S,7.0,2.0,2.0,T,B,C,1,1,0
predict,6,N_B_S,6.0,tail,color,shape,B,T,S,5.666666666666667,0.33333333333333304,0.33333333333333304,N,B,S,0,1,1
predict,6,T_Y_S,6.0,tail,color,shape,B,T,S,5.333333333333333,0.666666666666667,0.666666666666667,T,Y,S,1,0,1
predict,6,T_B_S,7.0,tail,color,shape,B,T,S,7.666666666666667,-0.666666666666667,0.666666666666667,T,B,S,1,1,1
predict,6,N_B_C,5.0,tail,color,shape,B,T,S,5.333333333333333,-0.33333333333333304,0.33333333333333304,N,B,C,0,1,0
predict,6,T_Y_C,4.0,tail,color,shape,B,T,S,5.333333333333333,-1.333333333333333,1.333333333333333,T,Y,C,1,0,0
predict,18,T_B_C,8.0,tail,shape,color,B,T,S,6.0,2.0,2.0,T,B,C,1,1,0
predict,18,N_Y_C,5.0,tail,shape,color,B,T,S,3.3333333333333335,1.6666666666666665,1.6666666666666665,N,Y,C,0,0,0
predict,18,T_B_S,8.0,tail,shape,color,B,T,S,7.333333333333333,0.666666666666667,0.666666666666667,T,B,S,1,1,1
predict,18,T_Y_C,5.0,tail,shape,color,B,T,S,4.0,1.0,1.0,T,Y,C,1,0,0
predict,18,T_Y_S,4.0,tail,shape,color,B,T,S,7.333333333333333,-3.333333333333333,3.333333333333333,T,Y,S,1,0,1
predict,18,N_B_S,5.0,tail,shape,color,B,T,S,4.666666666666667,0.33333333333333304,0.33333333333333304,N,B,S,0,1,1
predict,18,N_Y_S,6.0,tail,shape,color,B,T,S,5.333333333333333,0.666666666666667,0.666666666666667,N,Y,S,0,0,1
predict,18,N_B_C,5.0,tail,shape,color,B,T,S,3.3333333333333335,1.6666666666666665,1.6666666666666665,N,B,C,0,1,0
predict,2,T_Y_S,8.0,color,shape,tail,Y,T,C,5.666666666666667,2.333333333333333,2.333333333333333,T,Y,S,1,1,0
predict,2,T_B_S,6.0,color,shape,tail,Y,T,C,3.3333333333333335,2.6666666666666665,2.6666666666666665,T,B,S,1,0,0
predict,2,T_B_C,7.0,color,shape,tail,Y,T,C,6.666666666666667,0.33333333333333304,0.33333333333333304,T,B,C,1,0,1
predict,2,T_Y_C,7.0,color,shape,tail,Y,T,C,7.666666666666667,-0.666666666666667,0.666666666666667,T,Y,C,1,1,1
predict,2,N_B_S,3.0,color,shape,tail,Y,T,C,3.0,0.0,0.0,N,B,S,0,0,0
predict,2,N_Y_C,7.0,color,shape,tail,Y,T,C,6.666666666666667,0.33333333333333304,0.33333333333333304,N,Y,C,0,1,1
predict,2,N_Y_S,6.0,color,shape,tail,Y,T,C,6.0,0.0,0.0,N,Y,S,0,1,0
predict,2,N_B_C,4.0,color,shape,tail,Y,T,C,4.666666666666667,-0.666666666666667,0.666666666666667,N,B,C,0,0,1
predict,14,N_Y_C,3.0,tail,color,shape,Y,T,S,4.666666666666667,-1.666666666666667,1.666666666666667,N,Y,C,0,1,0
predict,14,T_B_S,3.0,tail,color,shape,Y,T,S,4.666666666666667,-1.666666666666667,1.666666666666667,T,B,S,1,0,1
predict,14,N_Y_S,4.0,tail,color,shape,Y,T,S,6.333333333333333,-2.333333333333333,2.333333333333333,N,Y,S,0,1,1
predict,14,T_Y_S,6.0,tail,color,shape,Y,T,S,6.333333333333333,-0.33333333333333304,0.33333333333333304,T,Y,S,1,1,1
predict,14,N_B_S,5.0,tail,color,shape,Y,T,S,2.0,3.0,3.0,N,B,S,0,0,1
predict,14,N_B_C,7.0,tail,color,shape,Y,T,S,2.3333333333333335,4.666666666666666,4.666666666666666,N,B,C,0,0,0
predict,14,T_B_C,4.0,tail,color,shape,Y,T,S,3.6666666666666665,0.3333333333333335,0.3333333333333335,T,B,C,1,0,0
predict,14,T_Y_C,8.0,tail,color,shape,Y,T,S,6.666666666666667,1.333333333333333,1.333333333333333,T,Y,C,1,1,0
predict,88,N_B_C,5.0,color,shape,tail,Y,N,S,2.6666666666666665,2.3333333333333335,2.3333333333333335,N,B,C,1,0,0
predict,88,T_B_S,6.0,color,shape,tail,Y,N,S,6.333333333333333,-0.33333333333333304,0.33333333333333304,T,B,S,0,0,1
predict,88,T_B_C,7.0,color,shape,tail,Y,N,S,3.3333333333333335,3.6666666666666665,3.6666666666666665,T,B,C,0,0,0
predict,88,N_Y_S,3.0,color,shape,tail,Y,N,S,6.666666666666667,-3.666666666666667,3.666666666666667,N,Y,S,1,1,1
predict,88,T_Y_C,4.0,color,shape,tail,Y,N,S,3.3333333333333335,0.6666666666666665,0.6666666666666665,T,Y,C,0,1,0
predict,88,T_Y_S,7.0,color,shape,tail,Y,N,S,6.333333333333333,0.666666666666667,0.666666666666667,T,Y,S,0,1,1
predict,88,N_B_S,6.0,color,shape,tail,Y,N,S,5.333333333333333,0.666666666666667,0.666666666666667,N,B,S,1,0,1
predict,88,N_Y_C,6.0,color,shape,tail,Y,N,S,6.0,0.0,0.0,N,Y,C,1,1,0
predict,26,N_Y_S,7.0,shape,color,tail,Y,N,S,7.0,0.0,0.0,N,Y,S,1,1,1
predict,26,N_Y_C,5.0,shape,color,tail,Y,N,S,6.0,-1.0,1.0,N,Y,C,1,1,0
predict,26,N_B_S,7.0,shape,color,tail,Y,N,S,5.666666666666667,1.333333333333333,1.333333333333333,N,B,S,1,0,1
predict,26,T_Y_C,3.0,shape,color,tail,Y,N,S,5.333333333333333,-2.333333333333333,2.333333333333333,T,Y,C,0,1,0
predict,26,T_Y_S,7.0,shape,color,tail,Y,N,S,6.0,1.0,1.0,T,Y,S,0,1,1
predict,26,N_B_C,3.0,shape,color,tail,Y,N,S,3.6666666666666665,-0.6666666666666665,0.6666666666666665,N,B,C,1,0,0
predict,26,T_B_C,2.0,shape,color,tail,Y,N,S,3.3333333333333335,-1.3333333333333335,1.3333333333333335,T,B,C,0,0,0
predict,26,T_B_S,7.0,shape,color,tail,Y,N,S,4.666666666666667,2.333333333333333,2.333333333333333,T,B,S,0,0,1
predict,49,N_B_C,5.0,color,tail,shape,Y,T,S,3.6666666666666665,1.3333333333333335,1.3333333333333335,N,B,C,0,0,0
predict,49,N_Y_S,5.0,color,tail,shape,Y,T,S,4.666666666666667,0.33333333333333304,0.33333333333333304,N,Y,S,0,1,1
predict,49,T_B_C,5.0,color,tail,shape,Y,T,S,4.0,1.0,1.0,T,B,C,1,0,0
predict,49,T_B_S,8.0,color,tail,shape,Y,T,S,4.333333333333333,3.666666666666667,3.666666666666667,T,B,S,1,0,1
predict,49,N_B_S,5.0,color,tail,shape,Y,T,S,2.6666666666666665,2.3333333333333335,2.3333333333333335,N,B,S,0,0,1
predict,49,N_Y_C,5.0,color,tail,shape,Y,T,S,5.0,0.0,0.0,N,Y,C,0,1,0
predict,49,T_Y_S,5.0,color,tail,shape,Y,T,S,7.666666666666667,-2.666666666666667,2.666666666666667,T,Y,S,1,1,1
predict,49,T_Y_C,8.0,color,tail,shape,Y,T,S,6.0,2.0,2.0,T,Y,C,1,1,0
predict,133,N_Y_C,3.0,color,tail,shape,B,T,S,3.3333333333333335,-0.3333333333333335,0.3333333333333335,N,Y,C,0,0,0
predict,133,N_B_S,4.0,color,tail,shape,B,T,S,5.0,-1.0,1.0,N,B,S,0,1,1
predict,133,T_Y_S,4.0,color,tail,shape,B,T,S,5.333333333333333,-1.333333333333333,1.333333333333333,T,Y,S,1,0,1
predict,133,N_Y_S,2.0,color,tail,shape,B,T,S,2.0,0.0,0.0,N,Y,S,0,0,1
predict,133,T_B_C,8.0,color,tail,shape,B,T,S,6.333333333333333,1.666666666666667,1.666666666666667,T,B,C,1,1,0
predict,133,N_B_C,6.0,color,tail,shape,B,T,S,4.0,2.0,2.0,N,B,C,0,1,0
predict,133,T_Y_C,6.0,color,tail,shape,B,T,S,5.333333333333333,0.666666666666667,0.666666666666667,T,Y,C,1,0,0
predict,133,T_B_S,7.0,color,tail,shape,B,T,S,7.666666666666667,-0.666666666666667,0.666666666666667,T,B,S,1,1,1
predict,63,T_B_C,6.0,tail,shape,color,B,T,S,5.666666666666667,0.33333333333333304,0.33333333333333304,T,B,C,1,1,0
predict,63,T_Y_S,6.0,tail,shape,color,B,T,S,6.333333333333333,-0.33333333333333304,0.33333333333333304,T,Y,S,1,0,1
predict,63,N_Y_S,6.0,tail,shape,color,B,T,S,5.333333333333333,0.666666666666667,0.666666666666667,N,Y,S,0,0,1
predict,63,N_B_S,4.0,tail,shape,color,B,T,S,4.666666666666667,-0.666666666666667,0.666666666666667,N,B,S,0,1,1
predict,63,N_Y_C,5.0,tail,shape,color,B,T,S,3.0,2.0,2.0,N,Y,C,0,0,0
predict,63,N_B_C,6.0,tail,shape,color,B,T,S,4.0,2.0,2.0,N,B,C,0,1,0
predict,63,T_Y_C,5.0,tail,shape,color,B,T,S,5.333333333333333,-0.33333333333333304,0.33333333333333304,T,Y,C,1,0,0
predict,63,T_B_S,5.0,tail,shape,color,B,T,S,6.333333333333333,-1.333333333333333,1.333333333333333,T,B,S,1,1,1
predict,40,N_B_C,4.0,tail,color,shape,B,N,S,7.333333333333333,-3.333333333333333,3.333333333333333,N,B,C,1,1,0
predict,40,N_Y_C,6.0,tail,color,shape,B,N,S,4.0,2.0,2.0,N,Y,C,1,0,0
predict,40,T_B_C,6.0,tail,color,shape,B,N,S,5.0,1.0,1.0,T,B,C,0,1,0
predict,40,N_B_S,4.0,tail,color,shape,B,N,S,6.333333333333333,-2.333333333333333,2.333333333333333,N,B,S,1,1,1
predict,40,T_Y_C,8.0,tail,color,shape,B,N,S,3.0,5.0,5.0,T,Y,C,0,0,0
predict,40,T_B_S,8.0,tail,color,shape,B,N,S,6.0,2.0,2.0,T,B,S,0,1,1
predict,40,N_Y_S,3.0,tail,color,shape,B,N,S,5.0,-2.0,2.0,N,Y,S,1,0,1
predict,40,T_Y_S,2.0,tail,color,shape,B,N,S,4.0,-2.0,2.0,T,Y,S,0,0,1
predict,50,T_Y_C,4.0,shape,tail,color,Y,N,C,6.333333333333333,-2.333333333333333,2.333333333333333,T,Y,C,0,1,1
predict,50,T_B_C,4.0,shape,tail,color,Y,N,C,2.3333333333333335,1.6666666666666665,1.6666666666666665,T,B,C,0,0,1
predict,50,N_Y_S,5.0,shape,tail,color,Y,N,C,5.666666666666667,-0.666666666666667,0.666666666666667,N,Y,S,1,1,0
predict,50,N_B_S,5.0,shape,tail,color,Y,N,C,4.666666666666667,0.33333333333333304,0.33333333333333304,N,B,S,1,0,0
predict,50,N_Y_C,6.0,shape,tail,color,Y,N,C,6.0,0.0,0.0,N,Y,C,1,1,1
predict,50,T_Y_S,3.0,shape,tail,color,Y,N,C,2.6666666666666665,0.3333333333333335,0.3333333333333335,T,Y,S,0,1,0
predict,50,N_B_C,6.0,shape,tail,color,Y,N,C,6.333333333333333,-0.33333333333333304,0.33333333333333304,N,B,C,1,0,1
predict,50,T_B_S,3.0,shape,tail,color,Y,N,C,3.6666666666666665,-0.6666666666666665,0.6666666666666665,T,B,S,0,0,0
predict,103,N_B_S,3.0,tail,shape,color,Y,N,C,2.6666666666666665,0.3333333333333335,0.3333333333333335,N,B,S,1,0,0
predict,103,N_Y_C,5.0,tail,shape,color,Y,N,C,6.0,-1.0,1.0,N,Y,C,1,1,1
predict,103,T_Y_S,5.0,tail,shape,color,Y,N,C,2.3333333333333335,2.6666666666666665,2.6666666666666665,T,Y,S,0,1,0
predict,103,N_Y_S,5.0,tail,shape,color,Y,N,C,4.333333333333333,0.666666666666667,0.666666666666667,N,Y,S,1,1,0
predict,103,T_B_C,3.0,tail,shape,color,Y,N,C,4.666666666666667,-1.666666666666667,1.666666666666667,T,B,C,0,0,1
predict,103,N_B_C,3.0,tail,shape,color,Y,N,C,6.333333333333333,-3.333333333333333,3.333333333333333,N,B,C,1,0,1
predict,103,T_Y_C,5.0,tail,shape,color,Y,N,C,5.0,0.0,0.0,T,Y,C,0,1,1
predict,103,T_B_S,3.0,tail,shape,color,Y,N,C,2.6666666666666665,0.3333333333333335,0.3333333333333335,T,B,S,0,0,0
predict,38,N_Y_S,5.0,shape,tail,color,B,N,C,4.333333333333333,0.666666666666667,0.666666666666667,N,Y,S,1,0,0
predict,38,T_Y_S,3.0,shape,tail,color,B,N,C,2.0,1.0,1.0,T,Y,S,0,0,0
predict,38,N_Y_C,8.0,shape,tail,color,B,N,C,7.333333333333333,0.666666666666667,0.666666666666667,N,Y,C,1,0,1
predict,38,N_B_C,8.0,shape,tail,color,B,N,C,7.666666666666667,0.33333333333333304,0.33333333333333304,N,B,C,1,1,1
predict,38,T_B_S,4.0,shape,tail,color,B,N,C,3.6666666666666665,0.3333333333333335,0.3333333333333335,T,B,S,0,1,0
predict,38,T_Y_C,7.0,shape,tail,color,B,N,C,4.666666666666667,2.333333333333333,2.333333333333333,T,Y,C,0,0,1
predict,38,N_B_S,5.0,shape,tail,color,B,N,C,4.666666666666667,0.33333333333333304,0.33333333333333304,N,B,S,1,1,0
predict,38,T_B_C,7.0,shape,tail,color,B,N,C,6.0,1.0,1.0,T,B,C,0,1,1
predict,94,N_Y_C,5.0,shape,tail,color,Y,T,S,4.0,1.0,1.0,N,Y,C,0,1,0
predict,94,T_Y_C,5.0,shape,tail,color,Y,T,S,6.0,-1.0,1.0,T,Y,C,1,1,0
predict,94,N_B_S,4.0,shape,tail,color,Y,T,S,6.333333333333333,-2.333333333333333,2.333333333333333,N,B,S,0,0,1
predict,94,T_B_C,9.0,shape,tail,color,Y,T,S,4.0,5.0,5.0,T,B,C,1,0,0
predict,94,N_B_C,9.0,shape,tail,color,Y,T,S,2.6666666666666665,6.333333333333334,6.333333333333334,N,B,C,0,0,0
predict,94,T_Y_S,6.0,shape,tail,color,Y,T,S,5.333333333333333,0.666666666666667,0.666666666666667,T,Y,S,1,1,1
predict,94,N_Y_S,6.0,shape,tail,color,Y,T,S,4.666666666666667,1.333333333333333,1.333333333333333,N,Y,S,0,1,1
predict,94,T_B_S,4.0,shape,tail,color,Y,T,S,6.666666666666667,-2.666666666666667,2.666666666666667,T,B,S,1,0,1
predict,123,N_B_C,8.0,shape,color,tail,B,T,C,7.333333333333333,0.666666666666667,0.666666666666667,N,B,C,0,1,1
predict,123,T_Y_S,2.0,shape,color,tail,B,T,C,3.0,-1.0,1.0,T,Y,S,1,0,0
predict,123,N_Y_C,4.0,shape,color,tail,B,T,C,4.333333333333333,-0.33333333333333304,0.33333333333333304,N,Y,C,0,0,1
predict,123,T_B_S,5.0,shape,color,tail,B,T,C,4.666666666666667,0.33333333333333304,0.33333333333333304,T,B,S,1,1,0
predict,123,N_B_S,5.0,shape,color,tail,B,T,C,6.0,-1.0,1.0,N,B,S,0,1,0
predict,123,N_Y_S,2.0,shape,color,tail,B,T,C,2.3333333333333335,-0.3333333333333335,0.3333333333333335,N,Y,S,0,0,0
predict,123,T_Y_C,4.0,shape,color,tail,B,T,C,5.0,-1.0,1.0,T,Y,C,1,0,1
predict,123,T_B_C,8.0,shape,color,tail,B,T,C,8.0,0.0,0.0,T,B,C,1,1,1
predict,72,T_B_S,4.0,shape,color,tail,B,N,C,4.666666666666667,-0.666666666666667,0.666666666666667,T,B,S,0,1,0
predict,72,N_Y_S,6.0,shape,color,tail,B,N,C,3.3333333333333335,2.6666666666666665,2.6666666666666665,N,Y,S,1,0,0
predict,72,T_B_C,3.0,shape,color,tail,B,N,C,6.0,-3.0,3.0,T,B,C,0,1,1
predict,72,T_Y_S,3.0,shape,color,tail,B,N,C,2.6666666666666665,0.3333333333333335,0.3333333333333335,T,Y,S,0,0,0
predict,72,N_Y_C,6.0,shape,color,tail,B,N,C,5.666666666666667,0.33333333333333304,0.33333333333333304,N,Y,C,1,0,1
predict,72,T_Y_C,3.0,shape,color,tail,B,N,C,4.0,-1.0,1.0,T,Y,C,0,0,1
predict,72,N_B_C,7.0,shape,color,tail,B,N,C,7.333333333333333,-0.33333333333333304,0.33333333333333304,N,B,C,1,1,1
predict,72,N_B_S,8.0,shape,color,tail,B,N,C,4.666666666666667,3.333333333333333,3.333333333333333,N,B,S,1,1,0
predict,93,N_Y_C,9.0,shape,color,tail,Y,T,C,7.666666666666667,1.333333333333333,1.333333333333333,N,Y,C,0,1,1
predict,93,T_B_C,5.0,shape,color,tail,Y,T,C,5.666666666666667,-0.666666666666667,0.666666666666667,T,B,C,1,0,1
predict,93,T_Y_C,7.0,shape,color,tail,Y,T,C,7.0,0.0,0.0,T,Y,C,1,1,1
predict,93,T_Y_S,5.0,shape,color,tail,Y,T,C,4.666666666666667,0.33333333333333304,0.33333333333333304,T,Y,S,1,1,0
predict,93,T_B_S,3.0,shape,color,tail,Y,T,C,2.3333333333333335,0.6666666666666665,0.6666666666666665,T,B,S,1,0,0
predict,93,N_B_C,6.0,shape,color,tail,Y,T,C,5.666666666666667,0.33333333333333304,0.33333333333333304,N,B,C,0,0,1
predict,93,N_B_S,4.0,shape,color,tail,Y,T,C,2.3333333333333335,1.6666666666666665,1.6666666666666665,N,B,S,0,0,0
predict,93,N_Y_S,6.0,shape,color,tail,Y,T,C,4.0,2.0,2.0,N,Y,S,0,1,0
predict,46,N_Y_S,7.0,color,shape,tail,Y,N,S,6.333333333333333,0.666666666666667,0.666666666666667,N,Y,S,1,1,1
predict,46,T_Y_S,7.0,color,shape,tail,Y,N,S,7.0,0.0,0.0,T,Y,S,0,1,1
predict,46,N_B_S,3.0,color,shape,tail,Y,N,S,6.0,-3.0,3.0,N,B,S,1,0,1
predict,46,T_B_C,5.0,color,shape,tail,Y,N,S,3.0,2.0,2.0,T,B,C,0,0,0
predict,46,T_B_S,6.0,color,shape,tail,Y,N,S,5.666666666666667,0.33333333333333304,0.33333333333333304,T,B,S,0,0,1
predict,46,N_Y_C,5.0,color,shape,tail,Y,N,S,5.333333333333333,-0.33333333333333304,0.33333333333333304,N,Y,C,1,1,0
predict,46,N_B_C,4.0,color,shape,tail,Y,N,S,3.0,1.0,1.0,N,B,C,1,0,0
predict,46,T_Y_C,4.0,color,shape,tail,Y,N,S,4.666666666666667,-0.666666666666667,0.666666666666667,T,Y,C,0,1,0
predict,144,T_B_S,8.0,tail,color,shape,B,T,S,8.666666666666666,-0.6666666666666661,0.6666666666666661,T,B,S,1,1,1
predict,144,N_B_C,4.0,tail,color,shape,B,T,S,4.0,0.0,0.0,N,B,C,0,1,0
predict,144,T_Y_C,5.0,tail,color,shape,B,T,S,3.3333333333333335,1.6666666666666665,1.6666666666666665,T,Y,C,1,0,0
predict,144,T_Y_S,7.0,tail,color,shape,B,T,S,3.6666666666666665,3.3333333333333335,3.3333333333333335,T,Y,S,1,0,1
predict,144,N_Y_S,4.0,tail,color,shape,B,T,S,3.3333333333333335,0.6666666666666665,0.6666666666666665,N,Y,S,0,0,1
predict,144,T_B_C,7.0,tail,color,shape,B,T,S,6.0,1.0,1.0,T,B,C,1,1,0
predict,144,N_Y_C,3.0,tail,color,shape,B,T,S,4.0,-1.0,1.0,N,Y,C,0,0,0
predict,144,N_B_S,4.0,tail,color,shape,B,T,S,5.0,-1.0,1.0,N,B,S,0,1,1
predict,149,N_B_S,6.0,shape,color,tail,B,N,S,7.333333333333333,-1.333333333333333,1.333333333333333,N,B,S,1,1,1
predict,149,N_Y_C,4.0,shape,color,tail,B,N,S,4.333333333333333,-0.33333333333333304,0.33333333333333304,N,Y,C,1,0,0
predict,149,N_B_C,7.0,shape,color,tail,B,N,S,5.333333333333333,1.666666666666667,1.666666666666667,N,B,C,1,1,0
predict,149,N_Y_S,4.0,shape,color,tail,B,N,S,5.666666666666667,-1.666666666666667,1.666666666666667,N,Y,S,1,0,1
predict,149,T_Y_S,3.0,shape,color,tail,B,N,S,5.333333333333333,-2.333333333333333,2.333333333333333,T,Y,S,0,0,1
predict,149,T_Y_C,3.0,shape,color,tail,B,N,S,3.3333333333333335,-0.3333333333333335,0.3333333333333335,T,Y,C,0,0,0
predict,149,T_B_S,6.0,shape,color,tail,B,N,S,7.333333333333333,-1.333333333333333,1.333333333333333,T,B,S,0,1,1
predict,149,T_B_C,5.0,shape,color,tail,B,N,S,5.0,0.0,0.0,T,B,C,0,1,0
predict,101,T_B_S,4.0,color,tail,shape,B,N,C,4.333333333333333,-0.33333333333333304,0.33333333333333304,T,B,S,0,1,0
predict,101,N_Y_C,5.0,color,tail,shape,B,N,C,6.0,-1.0,1.0,N,Y,C,1,0,1
predict,101,N_B_S,8.0,color,tail,shape,B,N,C,7.333333333333333,0.666666666666667,0.666666666666667,N,B,S,1,1,0
predict,101,T_Y_S,4.0,color,tail,shape,B,N,C,3.3333333333333335,0.6666666666666665,0.6666666666666665,T,Y,S,0,0,0
predict,101,N_B_C,5.0,color,tail,shape,B,N,C,7.0,-2.0,2.0,N,B,C,1,1,1
predict,101,T_Y_C,4.0,color,tail,shape,B,N,C,3.3333333333333335,0.6666666666666665,0.6666666666666665,T,Y,C,0,0,1
predict,101,T_B_C,4.0,color,tail,shape,B,N,C,4.0,0.0,0.0,T,B,C,0,1,1
predict,101,N_Y_S,4.0,color,tail,shape,B,N,C,5.0,-1.0,1.0,N,Y,S,1,0,0
predict,31,T_Y_S,7.0,tail,color,shape,B,T,S,4.666666666666667,2.333333333333333,2.333333333333333,T,Y,S,1,0,1
predict,31,T_B_S,10.0,tail,color,shape,B,T,S,8.333333333333334,1.666666666666666,1.666666666666666,T,B,S,1,1,1
predict,31,N_Y_C,1.0,tail,color,shape,B,T,S,3.3333333333333335,-2.3333333333333335,2.3333333333333335,N,Y,C,0,0,0
predict,31,N_Y_S,5.0,tail,color,shape,B,T,S,2.0,3.0,3.0,N,Y,S,0,0,1
predict,31,N_B_S,6.0,tail,color,shape,B,T,S,6.0,0.0,0.0,N,B,S,0,1,1
predict,31,T_B_C,8.0,tail,color,shape,B,T,S,7.0,1.0,1.0,T,B,C,1,1,0
predict,31,T_Y_C,3.0,tail,color,shape,B,T,S,5.333333333333333,-2.333333333333333,2.333333333333333,T,Y,C,1,0,0
predict,31,N_B_C,4.0,tail,color,shape,B,T,S,4.333333333333333,-0.33333333333333304,0.33333333333333304,N,B,C,0,1,0
predict,147,N_B_S,3.0,shape,tail,color,Y,N,C,4.0,-1.0,1.0,N,B,S,1,0,0
predict,147,T_B_C,6.0,shape,tail,color,Y,N,C,4.666666666666667,1.333333333333333,1.333333333333333,T,B,C,0,0,1
predict,147,T_Y_C,8.0,shape,tail,color,Y,N,C,4.666666666666667,3.333333333333333,3.333333333333333,T,Y,C,0,1,1
predict,147,T_Y_S,6.0,shape,tail,color,Y,N,C,3.3333333333333335,2.6666666666666665,2.6666666666666665,T,Y,S,0,1,0
predict,147,N_Y_C,4.0,shape,tail,color,Y,N,C,7.0,-3.0,3.0,N,Y,C,1,1,1
predict,147,T_B_S,7.0,shape,tail,color,Y,N,C,3.0,4.0,4.0,T,B,S,0,0,0
predict,147,N_Y_S,3.0,shape,tail,color,Y,N,C,5.333333333333333,-2.333333333333333,2.333333333333333,N,Y,S,1,1,0
predict,147,N_B_C,2.0,shape,tail,color,Y,N,C,6.666666666666667,-4.666666666666667,4.666666666666667,N,B,C,1,0,1
predict,116,T_Y_S,6.0,color,shape,tail,Y,N,S,7.333333333333333,-1.333333333333333,1.333333333333333,T,Y,S,0,1,1
predict,116,N_Y_S,6.0,color,shape,tail,Y,N,S,7.0,-1.0,1.0,N,Y,S,1,1,1
predict,116,T_Y_C,8.0,color,shape,tail,Y,N,S,6.0,2.0,2.0,T,Y,C,0,1,0
predict,116,N_B_S,3.0,color,shape,tail,Y,N,S,5.333333333333333,-2.333333333333333,2.333333333333333,N,B,S,1,0,1
predict,116,N_B_C,4.0,color,shape,tail,Y,N,S,2.6666666666666665,1.3333333333333335,1.3333333333333335,N,B,C,1,0,0
predict,116,T_B_C,6.0,color,shape,tail,Y,N,S,2.6666666666666665,3.3333333333333335,3.3333333333333335,T,B,C,0,0,0
predict,116,N_Y_C,7.0,color,shape,tail,Y,N,S,6.0,1.0,1.0,N,Y,C,1,1,0
predict,116,T_B_S,5.0,color,shape,tail,Y,N,S,4.666666666666667,0.33333333333333304,0.33333333333333304,T,B,S,0,0,1
predict,58,N_Y_C,5.0,tail,shape,color,B,N,S,5.0,0.0,0.0,N,Y,C,1,0,0
predict,58,T_B_C,4.0,tail,shape,color,B,N,S,4.0,0.0,0.0,T,B,C,0,1,0
predict,58,T_Y_C,7.0,tail,shape,color,B,N,S,3.3333333333333335,3.6666666666666665,3.6666666666666665,T,Y,C,0,0,0
predict,58,N_B_S,3.0,tail,shape,color,B,N,S,6.333333333333333,-3.333333333333333,3.333333333333333,N,B,S,1,1,1
predict,58,T_Y_S,5.0,tail,shape,color,B,N,S,3.6666666666666665,1.3333333333333335,1.3333333333333335,T,Y,S,0,0,1
predict,58,T_B_S,4.0,tail,shape,color,B,N,S,4.333333333333333,-0.33333333333333304,0.33333333333333304,T,B,S,0,1,1
predict,58,N_Y_S,4.0,tail,shape,color,B,N,S,7.333333333333333,-3.333333333333333,3.333333333333333,N,Y,S,1,0,1
predict,58,N_B_C,7.0,tail,shape,color,B,N,S,5.666666666666667,1.333333333333333,1.333333333333333,N,B,C,1,1,0
predict,56,T_B_C,6.0,shape,tail,color,Y,N,S,3.6666666666666665,2.3333333333333335,2.3333333333333335,T,B,C,0,0,0
predict,56,N_Y_S,7.0,shape,tail,color,Y,N,S,7.333333333333333,-0.33333333333333304,0.33333333333333304,N,Y,S,1,1,1
predict,56,N_B_C,4.0,shape,tail,color,Y,N,S,4.666666666666667,-0.666666666666667,0.666666666666667,N,B,C,1,0,0
predict,56,N_B_S,6.0,shape,tail,color,Y,N,S,7.0,-1.0,1.0,N,B,S,1,0,1
predict,56,T_Y_S,5.0,shape,tail,color,Y,N,S,4.666666666666667,0.33333333333333304,0.33333333333333304,T,Y,S,0,1,1
predict,56,N_Y_C,6.0,shape,tail,color,Y,N,S,6.0,0.0,0.0,N,Y,C,1,1,0
predict,56,T_B_S,8.0,shape,tail,color,Y,N,S,5.333333333333333,2.666666666666667,2.666666666666667,T,B,S,0,0,1
predict,56,T_Y_C,4.0,shape,tail,color,Y,N,S,3.6666666666666665,0.3333333333333335,0.3333333333333335,T,Y,C,0,1,0
predict,114,N_B_S,4.0,shape,color,tail,Y,T,S,5.333333333333333,-1.333333333333333,1.333333333333333,N,B,S,0,0,1
predict,114,N_Y_S,5.0,shape,color,tail,Y,T,S,7.0,-2.0,2.0,N,Y,S,0,1,1
predict,114,N_Y_C,5.0,shape,color,tail,Y,T,S,5.666666666666667,-0.666666666666667,0.666666666666667,N,Y,C,0,1,0
predict,114,T_B_S,2.0,shape,color,tail,Y,T,S,5.0,-3.0,3.0,T,B,S,1,0,1
predict,114,N_B_C,5.0,shape,color,tail,Y,T,S,2.6666666666666665,2.3333333333333335,2.3333333333333335,N,B,C,0,0,0
predict,114,T_Y_C,8.0,shape,color,tail,Y,T,S,6.666666666666667,1.333333333333333,1.333333333333333,T,Y,C,1,1,0
predict,114,T_B_C,2.0,shape,color,tail,Y,T,S,2.0,0.0,0.0,T,B,C,1,0,0
predict,114,T_Y_S,8.0,shape,color,tail,Y,T,S,7.0,1.0,1.0,T,Y,S,1,1,1
predict,119,N_B_C,7.0,color,tail,shape,B,N,C,7.0,0.0,0.0,N,B,C,1,1,1
predict,119,T_B_C,7.0,color,tail,shape,B,N,C,6.666666666666667,0.33333333333333304,0.33333333333333304,T,B,C,0,1,1
predict,119,T_Y_S,4.0,color,tail,shape,B,N,C,3.6666666666666665,0.3333333333333335,0.3333333333333335,T,Y,S,0,0,0
predict,119,N_B_S,10.0,color,tail,shape,B,N,C,7.333333333333333,2.666666666666667,2.666666666666667,N,B,S,1,1,0
predict,119,N_Y_C,8.0,color,tail,shape,B,N,C,5.0,3.0,3.0,N,Y,C,1,0,1
predict,119,T_B_S,7.0,color,tail,shape,B,N,C,5.0,2.0,2.0,T,B,S,0,1,0
predict,119,T_Y_C,4.0,color,tail,shape,B,N,C,4.333333333333333,-0.33333333333333304,0.33333333333333304,T,Y,C,0,0,1
predict,119,N_Y_S,5.0,color,tail,shape,B,N,C,5.333333333333333,-0.33333333333333304,0.33333333333333304,N,Y,S,1,0,0
predict,75,N_Y_S,3.0,shape,tail,color,B,T,S,4.0,-1.0,1.0,N,Y,S,0,0,1
predict,75,N_B_C,3.0,shape,tail,color,B,T,S,3.6666666666666665,-0.6666666666666665,0.6666666666666665,N,B,C,0,1,0
predict,75,T_Y_C,6.0,shape,tail,color,B,T,S,5.0,1.0,1.0,T,Y,C,1,0,0
predict,75,N_B_S,4.0,shape,tail,color,B,T,S,5.666666666666667,-1.666666666666667,1.666666666666667,N,B,S,0,1,1
predict,75,T_B_C,6.0,shape,tail,color,B,T,S,3.6666666666666665,2.3333333333333335,2.3333333333333335,T,B,C,1,1,0
predict,75,T_B_S,7.0,shape,tail,color,B,T,S,7.0,0.0,0.0,T,B,S,1,1,1
predict,75,N_Y_C,4.0,shape,tail,color,B,T,S,3.0,1.0,1.0,N,Y,C,0,0,0
predict,75,T_Y_S,6.0,shape,tail,color,B,T,S,7.0,-1.0,1.0,T,Y,S,1,0,1
predict,12,T_Y_S,6.0,color,tail,shape,Y,N,S,5.666666666666667,0.33333333333333304,0.33333333333333304,T,Y,S,0,1,1
predict,12,T_B_S,3.0,color,tail,shape,Y,N,S,4.666666666666667,-1.666666666666667,1.666666666666667,T,B,S,0,0,1
predict,12,N_Y_S,7.0,color,tail,shape,Y,N,S,7.666666666666667,-0.666666666666667,0.666666666666667,N,Y,S,1,1,1
predict,12,N_Y_C,6.0,color,tail,shape,Y,N,S,6.0,0.0,0.0,N,Y,C,1,1,0
predict,12,N_B_S,3.0,color,tail,shape,Y,N,S,4.333333333333333,-1.333333333333333,1.333333333333333,N,B,S,1,0,1
predict,12,T_Y_C,6.0,color,tail,shape,Y,N,S,4.666666666666667,1.333333333333333,1.333333333333333,T,Y,C,0,1,0
predict,12,T_B_C,4.0,color,tail,shape,Y,N,S,3.0,1.0,1.0,T,B,C,0,0,0
predict,12,N_B_C,3.0,color,tail,shape,Y,N,S,5.0,-2.0,2.0,N,B,C,1,0,0
predict,130,N_Y_S,6.0,shape,color,tail,Y,N,S,9.333333333333334,-3.333333333333334,3.333333333333334,N,Y,S,1,1,1
predict,130,N_B_S,8.0,shape,color,tail,Y,N,S,4.333333333333333,3.666666666666667,3.666666666666667,N,B,S,1,0,1
predict,130,N_B_C,7.0,shape,color,tail,Y,N,S,5.0,2.0,2.0,N,B,C,1,0,0
predict,130,T_B_C,3.0,shape,color,tail,Y,N,S,2.3333333333333335,0.6666666666666665,0.6666666666666665,T,B,C,0,0,0
predict,130,T_Y_S,8.0,shape,color,tail,Y,N,S,7.666666666666667,0.33333333333333304,0.33333333333333304,T,Y,S,0,1,1
predict,130,T_Y_C,3.0,shape,color,tail,Y,N,S,6.0,-3.0,3.0,T,Y,C,0,1,0
predict,130,N_Y_C,6.0,shape,color,tail,Y,N,S,6.0,0.0,0.0,N,Y,C,1,1,0
predict,130,T_B_S,9.0,shape,color,tail,Y,N,S,3.0,6.0,6.0,T,B,S,0,0,1
predict,132,N_Y_S,7.0,tail,color,shape,B,N,S,7.0,0.0,0.0,N,Y,S,1,0,1
predict,132,N_B_S,8.0,tail,color,shape,B,N,S,8.333333333333334,-0.3333333333333339,0.3333333333333339,N,B,S,1,1,1
predict,132,T_Y_S,5.0,tail,color,shape,B,N,S,3.3333333333333335,1.6666666666666665,1.6666666666666665,T,Y,S,0,0,1
predict,132,T_B_S,5.0,tail,color,shape,B,N,S,4.333333333333333,0.666666666666667,0.666666666666667,T,B,S,0,1,1
predict,132,N_B_C,6.0,tail,color,shape,B,N,S,6.0,0.0,0.0,N,B,C,1,1,0
predict,132,T_B_C,4.0,tail,color,shape,B,N,S,5.666666666666667,-1.666666666666667,1.666666666666667,T,B,C,0,1,0
predict,132,T_Y_C,3.0,tail,color,shape,B,N,S,4.0,-1.0,1.0,T,Y,C,0,0,0
predict,132,N_Y_C,5.0,tail,color,shape,B,N,S,5.333333333333333,-0.33333333333333304,0.33333333333333304,N,Y,C,1,0,0
predict,113,T_B_S,3.0,shape,tail,color,B,N,C,3.6666666666666665,-0.6666666666666665,0.6666666666666665,T,B,S,0,1,0
predict,113,T_Y_S,4.0,shape,tail,color,B,N,C,3.0,1.0,1.0,T,Y,S,0,0,0
predict,113,N_Y_S,6.0,shape,tail,color,B,N,C,5.0,1.0,1.0,N,Y,S,1,0,0
predict,113,T_B_C,5.0,shape,tail,color,B,N,C,5.333333333333333,-0.33333333333333304,0.33333333333333304,T,B,C,0,1,1
predict,113,N_B_S,5.0,shape,tail,color,B,N,C,4.666666666666667,0.33333333333333304,0.33333333333333304,N,B,S,1,1,0
predict,113,T_Y_C,6.0,shape,tail,color,B,N,C,4.0,2.0,2.0,T,Y,C,0,0,1
predict,113,N_Y_C,8.0,shape,tail,color,B,N,C,6.666666666666667,1.333333333333333,1.333333333333333,N,Y,C,1,0,1
predict,113,N_B_C,8.0,shape,tail,color,B,N,C,7.333333333333333,0.666666666666667,0.666666666666667,N,B,C,1,1,1
predict,84,T_B_S,4.0,tail,shape,color,Y,N,C,2.3333333333333335,1.6666666666666665,1.6666666666666665,T,B,S,0,0,0
predict,84,N_B_C,1.0,tail,shape,color,Y,N,C,7.0,-6.0,6.0,N,B,C,1,0,1
predict,84,N_Y_C,4.0,tail,shape,color,Y,N,C,7.0,-3.0,3.0,N,Y,C,1,1,1
predict,84,T_Y_C,7.0,tail,shape,color,Y,N,C,7.333333333333333,-0.33333333333333304,0.33333333333333304,T,Y,C,0,1,1
predict,84,N_Y_S,2.0,tail,shape,color,Y,N,C,4.333333333333333,-2.333333333333333,2.333333333333333,N,Y,S,1,1,0
predict,84,T_B_C,8.0,tail,shape,color,Y,N,C,5.666666666666667,2.333333333333333,2.333333333333333,T,B,C,0,0,1
predict,84,T_Y_S,6.0,tail,shape,color,Y,N,C,3.3333333333333335,2.6666666666666665,2.6666666666666665,T,Y,S,0,1,0
predict,84,N_B_S,6.0,tail,shape,color,Y,N,C,4.666666666666667,1.333333333333333,1.333333333333333,N,B,S,1,0,0
predict,99,N_Y_S,7.0,tail,shape,color,Y,N,S,7.666666666666667,-0.666666666666667,0.666666666666667,N,Y,S,1,1,1
predict,99,T_Y_S,5.0,tail,shape,color,Y,N,S,5.0,0.0,0.0,T,Y,S,0,1,1
predict,99,N_Y_C,6.0,tail,shape,color,Y,N,S,5.666666666666667,0.33333333333333304,0.33333333333333304,N,Y,C,1,1,0
predict,99,N_B_S,8.0,tail,shape,color,Y,N,S,5.333333333333333,2.666666666666667,2.666666666666667,N,B,S,1,0,1
predict,99,T_B_C,4.0,tail,shape,color,Y,N,S,2.6666666666666665,1.3333333333333335,1.3333333333333335,T,B,C,0,0,0
predict,99,T_Y_C,4.0,tail,shape,color,Y,N,S,4.0,0.0,0.0,T,Y,C,0,1,0
predict,99,N_B_C,5.0,tail,shape,color,Y,N,S,4.666666666666667,0.33333333333333304,0.33333333333333304,N,B,C,1,0,0
predict,99,T_B_S,6.0,tail,shape,color,Y,N,S,5.666666666666667,0.33333333333333304,0.33333333333333304,T,B,S,0,0,1
predict,3,T_B_S,7.0,shape,tail,color,Y,N,S,5.0,2.0,2.0,T,B,S,0,0,1
predict,3,N_B_S,7.0,shape,tail,color,Y,N,S,7.333333333333333,-0.33333333333333304,0.33333333333333304,N,B,S,1,0,1
predict,3,N_B_C,6.0,shape,tail,color,Y,N,S,5.0,1.0,1.0,N,B,C,1,0,0
predict,3,T_Y_C,4.0,shape,tail,color,Y,N,S,3.6666666666666665,0.3333333333333335,0.3333333333333335,T,Y,C,0,1,0
predict,3,N_Y_S,8.0,shape,tail,color,Y,N,S,7.666666666666667,0.33333333333333304,0.33333333333333304,N,Y,S,1,1,1
predict,3,T_Y_S,8.0,shape,tail,color,Y,N,S,5.666666666666667,2.333333333333333,2.333333333333333,T,Y,S,0,1,1
predict,3,T_B_C,6.0,shape,tail,color,Y,N,S,3.0,3.0,3.0,T,B,C,0,0,0
predict,3,N_Y_C,4.0,shape,tail,color,Y,N,S,4.666666666666667,-0.666666666666667,0.666666666666667,N,Y,C,1,1,0
predict,65,T_Y_C,8.0,shape,tail,color,B,T,C,6.0,2.0,2.0,T,Y,C,1,0,1
predict,65,N_B_S,5.0,shape,tail,color,B,T,C,3.3333333333333335,1.6666666666666665,1.6666666666666665,N,B,S,0,1,0
predict,65,N_B_C,2.0,shape,tail,color,B,T,C,4.666666666666667,-2.666666666666667,2.666666666666667,N,B,C,0,1,1
predict,65,T_B_S,7.0,shape,tail,color,B,T,C,6.0,1.0,1.0,T,B,S,1,1,0
predict,65,T_B_C,6.0,shape,tail,color,B,T,C,6.666666666666667,-0.666666666666667,0.666666666666667,T,B,C,1,1,1
predict,65,N_Y_S,5.0,shape,tail,color,B,T,C,4.0,1.0,1.0,N,Y,S,0,0,0
predict,65,N_Y_C,5.0,shape,tail,color,B,T,C,4.333333333333333,0.666666666666667,0.666666666666667,N,Y,C,0,0,1
predict,65,T_Y_S,6.0,shape,tail,color,B,T,C,4.0,2.0,2.0,T,Y,S,1,0,0
predict,112,N_B_S,3.0,tail,shape,color,Y,N,S,6.666666666666667,-3.666666666666667,3.666666666666667,N,B,S,1,0,1
predict,112,N_B_C,6.0,tail,shape,color,Y,N,S,4.666666666666667,1.333333333333333,1.333333333333333,N,B,C,1,0,0
predict,112,T_B_C,6.0,tail,shape,color,Y,N,S,2.3333333333333335,3.6666666666666665,3.6666666666666665,T,B,C,0,0,0
predict,112,N_Y_C,3.0,tail,shape,color,Y,N,S,5.666666666666667,-2.666666666666667,2.666666666666667,N,Y,C,1,1,0
predict,112,T_Y_S,4.0,tail,shape,color,Y,N,S,5.333333333333333,-1.333333333333333,1.333333333333333,T,Y,S,0,1,1
predict,112,N_Y_S,6.0,tail,shape,color,Y,N,S,8.0,-2.0,2.0,N,Y,S,1,1,1
predict,112,T_B_S,8.0,tail,shape,color,Y,N,S,5.333333333333333,2.666666666666667,2.666666666666667,T,B,S,0,0,1
predict,112,T_Y_C,6.0,tail,shape,color,Y,N,S,2.6666666666666665,3.3333333333333335,3.3333333333333335,T,Y,C,0,1,0
predict,92,T_Y_S,4.0,tail,color,shape,B,T,C,6.333333333333333,-2.333333333333333,2.333333333333333,T,Y,S,1,0,0
predict,92,N_B_S,6.0,tail,color,shape,B,T,C,5.666666666666667,0.33333333333333304,0.33333333333333304,N,B,S,0,1,0
predict,92,T_B_C,7.0,tail,color,shape,B,T,C,7.0,0.0,0.0,T,B,C,1,1,1
predict,92,N_Y_C,5.0,tail,color,shape,B,T,C,5.0,0.0,0.0,N,Y,C,0,0,1
predict,92,N_Y_S,3.0,tail,color,shape,B,T,C,2.6666666666666665,0.3333333333333335,0.3333333333333335,N,Y,S,0,0,0
predict,92,N_B_C,6.0,tail,color,shape,B,T,C,5.666666666666667,0.33333333333333304,0.33333333333333304,N,B,C,0,1,1
predict,92,T_B_S,6.0,tail,color,shape,B,T,C,6.666666666666667,-0.666666666666667,0.666666666666667,T,B,S,1,1,0
predict,92,T_Y_C,6.0,tail,color,shape,B,T,C,4.666666666666667,1.333333333333333,1.333333333333333,T,Y,C,1,0,1
predict,76,T_B_C,7.0,color,shape,tail,B,T,S,5.0,2.0,2.0,T,B,C,1,1,0
predict,76,T_Y_S,6.0,color,shape,tail,B,T,S,4.666666666666667,1.333333333333333,1.333333333333333,T,Y,S,1,0,1
predict,76,N_Y_S,4.0,color,shape,tail,B,T,S,5.0,-1.0,1.0,N,Y,S,0,0,1
predict,76,N_B_S,4.0,color,shape,tail,B,T,S,4.666666666666667,-0.666666666666667,0.666666666666667,N,B,S,0,1,1
predict,76,N_Y_C,2.0,color,shape,tail,B,T,S,3.6666666666666665,-1.6666666666666665,1.6666666666666665,N,Y,C,0,0,0
predict,76,T_Y_C,3.0,color,shape,tail,B,T,S,2.0,1.0,1.0,T,Y,C,1,0,0
predict,76,T_B_S,7.0,color,shape,tail,B,T,S,6.666666666666667,0.33333333333333304,0.33333333333333304,T,B,S,1,1,1
predict,76,N_B_C,5.0,color,shape,tail,B,T,S,3.3333333333333335,1.6666666666666665,1.6666666666666665,N,B,C,0,1,0
predict,141,T_Y_C,7.0,tail,shape,color,B,T,S,5.0,2.0,2.0,T,Y,C,1,0,0
predict,141,T_B_C,7.0,tail,shape,color,B,T,S,5.666666666666667,1.333333333333333,1.333333333333333,T,B,C,1,1,0
predict,141,T_Y_S,5.0,tail,shape,color,B,T,S,7.0,-2.0,2.0,T,Y,S,1,0,1
predict,141,N_Y_C,3.0,tail,shape,color,B,T,S,2.6666666666666665,0.3333333333333335,0.3333333333333335,N,Y,C,0,0,0
predict,141,N_Y_S,2.0,tail,shape,color,B,T,S,4.333333333333333,-2.333333333333333,2.333333333333333,N,Y,S,0,0,1
predict,141,N_B_S,3.0,tail,shape,color,B,T,S,5.666666666666667,-2.666666666666667,2.666666666666667,N,B,S,0,1,1
predict,141,N_B_C,3.0,tail,shape,color,B,T,S,1.3333333333333333,1.6666666666666667,1.6666666666666667,N,B,C,0,1,0
predict,141,T_B_S,7.0,tail,shape,color,B,T,S,7.666666666666667,-0.666666666666667,0.666666666666667,T,B,S,1,1,1
predict,104,T_Y_S,4.0,color,shape,tail,Y,T,C,6.0,-2.0,2.0,T,Y,S,1,1,0
predict,104,T_B_S,2.0,color,shape,tail,Y,T,C,2.0,0.0,0.0,T,B,S,1,0,0
predict,104,T_B_C,5.0,color,shape,tail,Y,T,C,6.333333333333333,-1.333333333333333,1.333333333333333,T,B,C,1,0,1
predict,104,N_B_S,2.0,color,shape,tail,Y,T,C,2.0,0.0,0.0,N,B,S,0,0,0
predict,104,N_B_C,5.0,color,shape,tail,Y,T,C,3.3333333333333335,1.6666666666666665,1.6666666666666665,N,B,C,0,0,1
predict,104,N_Y_S,4.0,color,shape,tail,Y,T,C,5.0,-1.0,1.0,N,Y,S,0,1,0
predict,104,N_Y_C,8.0,color,shape,tail,Y,T,C,7.0,1.0,1.0,N,Y,C,0,1,1
predict,104,T_Y_C,8.0,color,shape,tail,Y,T,C,8.0,0.0,0.0,T,Y,C,1,1,1
predict,118,T_B_S,4.0,color,tail,shape,Y,N,S,3.0,1.0,1.0,T,B,S,0,0,1
predict,118,N_B_S,3.0,color,tail,shape,Y,N,S,4.0,-1.0,1.0,N,B,S,1,0,1
predict,118,T_Y_S,6.0,color,tail,shape,Y,N,S,5.0,1.0,1.0,T,Y,S,0,1,1
predict,118,N_Y_C,7.0,color,tail,shape,Y,N,S,7.333333333333333,-0.33333333333333304,0.33333333333333304,N,Y,C,1,1,0
predict,118,N_Y_S,5.0,color,tail,shape,Y,N,S,7.0,-2.0,2.0,N,Y,S,1,1,1
predict,118,T_B_C,6.0,color,tail,shape,Y,N,S,3.0,3.0,3.0,T,B,C,0,0,0
predict,118,T_Y_C,6.0,color,tail,shape,Y,N,S,4.333333333333333,1.666666666666667,1.666666666666667,T,Y,C,0,1,0
predict,118,N_B_C,4.0,color,tail,shape,Y,N,S,4.333333333333333,-0.33333333333333304,0.33333333333333304,N,B,C,1,0,0
predict,35,T_Y_C,4.0,color,tail,shape,B,N,S,4.0,0.0,0.0,T,Y,C,0,0,0
predict,35,N_B_S,4.0,color,tail,shape,B,N,S,7.333333333333333,-3.333333333333333,3.333333333333333,N,B,S,1,1,1
predict,35,N_Y_S,8.0,color,tail,shape,B,N,S,6.0,2.0,2.0,N,Y,S,1,0,1
predict,35,N_B_C,5.0,color,tail,shape,B,N,S,7.333333333333333,-2.333333333333333,2.333333333333333,N,B,C,1,1,0
predict,35,T_B_C,8.0,color,tail,shape,B,N,S,4.333333333333333,3.666666666666667,3.666666666666667,T,B,C,0,1,0
predict,35,T_Y_S,7.0,color,tail,shape,B,N,S,4.0,3.0,3.0,T,Y,S,0,0,1
predict,35,N_Y_C,7.0,color,tail,shape,B,N,S,4.0,3.0,3.0,N,Y,C,1,0,0
predict,35,T_B_S,6.0,color,tail,shape,B,N,S,5.333333333333333,0.666666666666667,0.666666666666667,T,B,S,0,1,1
predict,80,N_B_C,3.0,tail,color,shape,Y,T,C,3.0,0.0,0.0,N,B,C,0,0,1
predict,80,T_B_S,5.0,tail,color,shape,Y,T,C,5.0,0.0,0.0,T,B,S,1,0,0
predict,80,T_Y_C,6.0,tail,color,shape,Y,T,C,6.0,0.0,0.0,T,Y,C,1,1,1
predict,80,N_Y_S,4.0,tail,color,shape,Y,T,C,4.0,0.0,0.0,N,Y,S,0,1,0
predict,80,N_Y_C,6.0,tail,color,shape,Y,T,C,5.666666666666667,0.33333333333333304,0.33333333333333304,N,Y,C,0,1,1
predict,80,T_Y_S,7.0,tail,color,shape,Y,T,C,6.666666666666667,0.33333333333333304,0.33333333333333304,T,Y,S,1,1,0
predict,80,N_B_S,2.0,tail,color,shape,Y,T,C,1.6666666666666667,0.33333333333333326,0.33333333333333326,N,B,S,0,0,0
predict,80,T_B_C,5.0,tail,color,shape,Y,T,C,4.666666666666667,0.33333333333333304,0.33333333333333304,T,B,C,1,0,1
predict,61,N_B_S,5.0,shape,color,tail,Y,N,C,3.3333333333333335,1.6666666666666665,1.6666666666666665,N,B,S,1,0,0
predict,61,N_Y_S,5.0,shape,color,tail,Y,N,C,3.6666666666666665,1.3333333333333335,1.3333333333333335,N,Y,S,1,1,0
predict,61,N_B_C,4.0,shape,color,tail,Y,N,C,6.333333333333333,-2.333333333333333,2.333333333333333,N,B,C,1,0,1
predict,61,T_Y_C,6.0,shape,color,tail,Y,N,C,6.333333333333333,-0.33333333333333304,0.33333333333333304,T,Y,C,0,1,1
predict,61,N_Y_C,7.0,shape,color,tail,Y,N,C,7.333333333333333,-0.33333333333333304,0.33333333333333304,N,Y,C,1,1,1
predict,61,T_B_S,2.0,shape,color,tail,Y,N,C,3.0,-1.0,1.0,T,B,S,0,0,0
predict,61,T_B_C,4.0,shape,color,tail,Y,N,C,4.666666666666667,-0.666666666666667,0.666666666666667,T,B,C,0,0,1
predict,61,T_Y_S,4.0,shape,color,tail,Y,N,C,5.0,-1.0,1.0,T,Y,S,0,1,0
predict,51,T_Y_C,3.0,shape,color,tail,B,N,C,6.0,-3.0,3.0,T,Y,C,0,0,1
predict,51,N_B_S,5.0,shape,color,tail,B,N,C,5.666666666666667,-0.666666666666667,0.666666666666667,N,B,S,1,1,0
predict,51,T_B_C,9.0,shape,color,tail,B,N,C,7.0,2.0,2.0,T,B,C,0,1,1
predict,51,T_Y_S,3.0,shape,color,tail,B,N,C,2.0,1.0,1.0,T,Y,S,0,0,0
predict,51,N_Y_S,2.0,shape,color,tail,B,N,C,3.3333333333333335,-1.3333333333333335,1.3333333333333335,N,Y,S,1,0,0
predict,51,N_Y_C,4.0,shape,color,tail,B,N,C,5.0,-1.0,1.0,N,Y,C,1,0,1
predict,51,N_B_C,8.0,shape,color,tail,B,N,C,7.666666666666667,0.33333333333333304,0.33333333333333304,N,B,C,1,1,1
predict,51,T_B_S,4.0,shape,color,tail,B,N,C,4.0,0.0,0.0,T,B,S,0,1,0
predict,74,N_B_C,6.0,shape,tail,color,Y,N,C,7.0,-1.0,1.0,N,B,C,1,0,1
predict,74,T_B_S,3.0,shape,tail,color,Y,N,C,1.0,2.0,2.0,T,B,S,0,0,0
predict,74,N_B_S,5.0,shape,tail,color,Y,N,C,4.666666666666667,0.33333333333333304,0.33333333333333304,N,B,S,1,0,0
predict,74,N_Y_C,6.0,shape,tail,color,Y,N,C,6.333333333333333,-0.33333333333333304,0.33333333333333304,N,Y,C,1,1,1
predict,74,T_Y_S,4.0,shape,tail,color,Y,N,C,3.0,1.0,1.0,T,Y,S,0,1,0
predict,74,N_Y_S,6.0,shape,tail,color,Y,N,C,5.666666666666667,0.33333333333333304,0.33333333333333304,N,Y,S,1,1,0
predict,74,T_B_C,5.0,shape,tail,color,Y,N,C,4.333333333333333,0.666666666666667,0.666666666666667,T,B,C,0,0,1
predict,74,T_Y_C,5.0,shape,tail,color,Y,N,C,5.666666666666667,-0.666666666666667,0.666666666666667,T,Y,C,0,1,1
predict,110,N_Y_C,5.0,tail,shape,color,B,N,C,7.333333333333333,-2.333333333333333,2.333333333333333,N,Y,C,1,0,1
predict,110,N_Y_S,8.0,tail,shape,color,B,N,C,5.333333333333333,2.666666666666667,2.666666666666667,N,Y,S,1,0,0
predict,110,T_Y_S,6.0,tail,shape,color,B,N,C,3.3333333333333335,2.6666666666666665,2.6666666666666665,T,Y,S,0,0,0
predict,110,T_B_C,8.0,tail,shape,color,B,N,C,5.0,3.0,3.0,T,B,C,0,1,1
predict,110,N_B_S,5.0,tail,shape,color,B,N,C,5.333333333333333,-0.33333333333333304,0.33333333333333304,N,B,S,1,1,0
predict,110,T_B_S,3.0,tail,shape,color,B,N,C,3.3333333333333335,-0.3333333333333335,0.3333333333333335,T,B,S,0,1,0
predict,110,N_B_C,4.0,tail,shape,color,B,N,C,7.666666666666667,-3.666666666666667,3.666666666666667,N,B,C,1,1,1
predict,110,T_Y_C,8.0,tail,shape,color,B,N,C,5.0,3.0,3.0,T,Y,C,0,0,1
predict,131,T_B_C,3.0,tail,shape,color,Y,T,S,5.0,-2.0,2.0,T,B,C,1,0,0
predict,131,N_Y_S,7.0,tail,shape,color,Y,T,S,4.666666666666667,2.333333333333333,2.333333333333333,N,Y,S,0,1,1
predict,131,T_B_S,8.0,tail,shape,color,Y,T,S,7.333333333333333,0.666666666666667,0.666666666666667,T,B,S,1,0,1
predict,131,N_B_S,4.0,tail,shape,color,Y,T,S,4.333333333333333,-0.33333333333333304,0.33333333333333304,N,B,S,0,0,1
predict,131,T_Y_C,6.0,tail,shape,color,Y,T,S,7.333333333333333,-1.333333333333333,1.333333333333333,T,Y,C,1,1,0
predict,131,T_Y_S,8.0,tail,shape,color,Y,T,S,7.333333333333333,0.666666666666667,0.666666666666667,T,Y,S,1,1,1
predict,131,N_Y_C,4.0,tail,shape,color,Y,T,S,2.0,2.0,2.0,N,Y,C,0,1,0
predict,131,N_B_C,2.0,tail,shape,color,Y,T,S,3.0,-1.0,1.0,N,B,C,0,0,0
predict,34,N_B_C,5.0,tail,shape,color,B,N,S,4.333333333333333,0.666666666666667,0.666666666666667,N,B,C,1,1,0
predict,34,N_Y_S,8.0,tail,shape,color,B,N,S,6.666666666666667,1.333333333333333,1.333333333333333,N,Y,S,1,0,1
predict,34,T_Y_S,5.0,tail,shape,color,B,N,S,6.0,-1.0,1.0,T,Y,S,0,0,1
predict,34,T_Y_C,3.0,tail,shape,color,B,N,S,2.3333333333333335,0.6666666666666665,0.6666666666666665,T,Y,C,0,0,0
predict,34,T_B_S,5.0,tail,shape,color,B,N,S,5.666666666666667,-0.666666666666667,0.666666666666667,T,B,S,0,1,1
predict,34,N_Y_C,5.0,tail,shape,color,B,N,S,6.0,-1.0,1.0,N,Y,C,1,0,0
predict,34,T_B_C,3.0,tail,shape,color,B,N,S,3.0,0.0,0.0,T,B,C,0,1,0
predict,34,N_B_S,8.0,tail,shape,color,B,N,S,8.333333333333334,-0.3333333333333339,0.3333333333333339,N,B,S,1,1,1
predict,95,N_B_S,6.0,color,shape,tail,B,N,C,5.666666666666667,0.33333333333333304,0.33333333333333304,N,B,S,1,1,0
predict,95,N_Y_C,5.0,color,shape,tail,B,N,C,5.666666666666667,-0.666666666666667,0.666666666666667,N,Y,C,1,0,1
predict,95,T_Y_C,4.0,color,shape,tail,B,N,C,3.6666666666666665,0.3333333333333335,0.3333333333333335,T,Y,C,0,0,1
predict,95,N_Y_S,3.0,color,shape,tail,B,N,C,3.6666666666666665,-0.6666666666666665,0.6666666666666665,N,Y,S,1,0,0
predict,95,T_Y_S,3.0,color,shape,tail,B,N,C,3.0,0.0,0.0,T,Y,S,0,0,0
predict,95,T_B_S,5.0,color,shape,tail,B,N,C,4.666666666666667,0.33333333333333304,0.33333333333333304,T,B,S,0,1,0
predict,95,N_B_C,7.0,color,shape,tail,B,N,C,7.333333333333333,-0.33333333333333304,0.33333333333333304,N,B,C,1,1,1
predict,95,T_B_C,7.0,color,shape,tail,B,N,C,6.0,1.0,1.0,T,B,C,0,1,1
predict,127,N_B_C,6.0,shape,color,tail,Y,T,C,4.0,2.0,2.0,N,B,C,0,0,1
predict,127,T_B_C,5.0,shape,color,tail,Y,T,C,5.666666666666667,-0.666666666666667,0.666666666666667,T,B,C,1,0,1
predict,127,N_Y_S,5.0,shape,color,tail,Y,T,C,4.0,1.0,1.0,N,Y,S,0,1,0
predict,127,N_B_S,3.0,shape,color,tail,Y,T,C,2.0,1.0,1.0,N,B,S,0,0,0
predict,127,T_B_S,2.0,shape,color,tail,Y,T,C,3.0,-1.0,1.0,T,B,S,1,0,0
predict,127,T_Y_C,7.0,shape,color,tail,Y,T,C,7.666666666666667,-0.666666666666667,0.666666666666667,T,Y,C,1,1,1
predict,127,N_Y_C,8.0,shape,color,tail,Y,T,C,8.333333333333334,-0.3333333333333339,0.3333333333333339,N,Y,C,0,1,1
predict,127,T_Y_S,4.0,shape,color,tail,Y,T,C,5.0,-1.0,1.0,T,Y,S,1,1,0
predict,120,N_Y_C,6.0,tail,color,shape,Y,N,S,6.0,0.0,0.0,N,Y,C,1,1,0
predict,120,N_B_S,3.0,tail,color,shape,Y,N,S,5.0,-2.0,2.0,N,B,S,1,0,1
predict,120,T_Y_C,10.0,tail,color,shape,Y,N,S,4.666666666666667,5.333333333333333,5.333333333333333,T,Y,C,0,1,0
predict,120,T_Y_S,7.0,tail,color,shape,Y,N,S,6.333333333333333,0.666666666666667,0.666666666666667,T,Y,S,0,1,1
predict,120,N_B_C,2.0,tail,color,shape,Y,N,S,5.0,-3.0,3.0,N,B,C,1,0,0
predict,120,N_Y_S,6.0,tail,color,shape,Y,N,S,8.666666666666666,-2.666666666666666,2.666666666666666,N,Y,S,1,1,1
predict,120,T_B_C,5.0,tail,color,shape,Y,N,S,2.3333333333333335,2.6666666666666665,2.6666666666666665,T,B,C,0,0,0
predict,120,T_B_S,4.0,tail,color,shape,Y,N,S,3.6666666666666665,0.3333333333333335,0.3333333333333335,T,B,S,0,0,1
predict,96,N_Y_C,6.0,color,shape,tail,Y,T,S,6.0,0.0,0.0,N,Y,C,0,1,0
predict,96,T_B_C,6.0,color,shape,tail,Y,T,S,4.666666666666667,1.333333333333333,1.333333333333333,T,B,C,1,0,0
predict,96,N_B_C,6.0,color,shape,tail,Y,T,S,3.0,3.0,3.0,N,B,C,0,0,0
predict,96,T_Y_C,6.0,color,shape,tail,Y,T,S,5.0,1.0,1.0,T,Y,C,1,1,0
predict,96,T_B_S,6.0,color,shape,tail,Y,T,S,6.0,0.0,0.0,T,B,S,1,0,1
predict,96,N_Y_S,6.0,color,shape,tail,Y,T,S,7.333333333333333,-1.333333333333333,1.333333333333333,N,Y,S,0,1,1
predict,96,T_Y_S,6.0,color,shape,tail,Y,T,S,7.333333333333333,-1.333333333333333,1.333333333333333,T,Y,S,1,1,1
predict,96,N_B_S,6.0,color,shape,tail,Y,T,S,4.333333333333333,1.666666666666667,1.666666666666667,N,B,S,0,0,1
predict,25,T_B_S,7.0,color,shape,tail,B,N,S,7.333333333333333,-0.33333333333333304,0.33333333333333304,T,B,S,0,1,1
predict,25,T_Y_C,5.0,color,shape,tail,B,N,S,4.0,1.0,1.0,T,Y,C,0,0,0
predict,25,N_Y_C,4.0,color,shape,tail,B,N,S,3.0,1.0,1.0,N,Y,C,1,0,0
predict,25,N_B_C,7.0,color,shape,tail,B,N,S,5.666666666666667,1.333333333333333,1.333333333333333,N,B,C,1,1,0
predict,25,N_Y_S,5.0,color,shape,tail,B,N,S,4.333333333333333,0.666666666666667,0.666666666666667,N,Y,S,1,0,1
predict,25,T_Y_S,5.0,color,shape,tail,B,N,S,4.333333333333333,0.666666666666667,0.666666666666667,T,Y,S,0,0,1
predict,25,T_B_C,6.0,color,shape,tail,B,N,S,3.0,3.0,3.0,T,B,C,0,1,0
predict,25,N_B_S,1.0,color,shape,tail,B,N,S,7.0,-6.0,6.0,N,B,S,1,1,1
predict,87,T_B_S,7.0,shape,color,tail,B,N,C,5.0,2.0,2.0,T,B,S,0,1,0
predict,87,T_Y_C,6.0,shape,color,tail,B,N,C,5.333333333333333,0.666666666666667,0.666666666666667,T,Y,C,0,0,1
predict,87,N_B_S,7.0,shape,color,tail,B,N,C,4.333333333333333,2.666666666666667,2.666666666666667,N,B,S,1,1,0
predict,87,N_B_C,5.0,shape,color,tail,B,N,C,7.666666666666667,-2.666666666666667,2.666666666666667,N,B,C,1,1,1
predict,87,N_Y_S,7.0,shape,color,tail,B,N,C,5.333333333333333,1.666666666666667,1.666666666666667,N,Y,S,1,0,0
predict,87,T_Y_S,7.0,shape,color,tail,B,N,C,2.6666666666666665,4.333333333333334,4.333333333333334,T,Y,S,0,0,0
predict,87,N_Y_C,6.0,shape,color,tail,B,N,C,4.666666666666667,1.333333333333333,1.333333333333333,N,Y,C,1,0,1
predict,87,T_B_C,6.0,shape,color,tail,B,N,C,7.0,-1.0,1.0,T,B,C,0,1,1
predict,13,N_B_S,6.0,shape,color,tail,Y,N,S,4.333333333333333,1.666666666666667,1.666666666666667,N,B,S,1,0,1
predict,13,N_Y_C,3.0,shape,color,tail,Y,N,S,4.333333333333333,-1.333333333333333,1.333333333333333,N,Y,C,1,1,0
predict,13,N_B_C,4.0,shape,color,tail,Y,N,S,3.6666666666666665,0.3333333333333335,0.3333333333333335,N,B,C,1,0,0
predict,13,N_Y_S,5.0,shape,color,tail,Y,N,S,7.666666666666667,-2.666666666666667,2.666666666666667,N,Y,S,1,1,1
predict,13,T_Y_S,7.0,shape,color,tail,Y,N,S,7.0,0.0,0.0,T,Y,S,0,1,1
predict,13,T_Y_C,6.0,shape,color,tail,Y,N,S,4.333333333333333,1.666666666666667,1.666666666666667,T,Y,C,0,1,0
predict,13,T_B_C,5.0,shape,color,tail,Y,N,S,2.3333333333333335,2.6666666666666665,2.6666666666666665,T,B,C,0,0,0
predict,13,T_B_S,7.0,shape,color,tail,Y,N,S,5.666666666666667,1.333333333333333,1.333333333333333,T,B,S,0,0,1
