task,mean,sum,count,overfit_percent,study
accommodate,0.4449760765550239,93,209,44.49760765550239,Study 2
predict,0.42105263157894735,88,209,42.10526315789473,Study 2
