task,mean,sum,count,overfit_percent,study
accommodate,0.4377880184331797,95,217,43.77880184331797,Study 3
predict,0.3087557603686636,67,217,30.87557603686636,Study 3
