participant,phase,corr_tail,corr_shape,corr_color
28,training,0.5473987486932373,0.5052911526399114,0.12632278815997786
