participant,phase,corr_tail,corr_shape,corr_color
26,training,0.4672567184860486,0.36342189215581555,0.207669652660466
