participant,phase,corr_tail,corr_shape,corr_color
21,training,0.32769276820761606,0.6963471324411842,0.04096159602595201
