participant,phase,corr_tail,corr_shape,corr_color
29,training,0.5697237069642733,0.3339759661514705,0.2946846760160034
