participant,phase,corr_tail,corr_shape,corr_color
1,training,0.3278150188248918,0.4917225282373376,0.27317918235407646
