participant,phase,corr_tail,corr_shape,corr_color
14,training,0.47446270087079656,0.5196496247632534,0.15815423362359887
