participant,phase,corr_tail,corr_shape,corr_color
5,training,0.4623487424773457,0.5063819560466167,0.022016606784635507
