participant,phase,corr_tail,corr_shape,corr_color
9,training,0.457201274288851,0.5053277242139932,-0.40907482436370884
