participant,phase,corr_tail,corr_shape,corr_color
11,training,0.591039353399119,0.40038149746391927,0.13346049915463976
