participant,phase,corr_tail,corr_shape,corr_color
16,training,0.48284640943676177,0.6145317938286059,-0.1316853843918441
