participant,phase,corr_tail,corr_shape,corr_color
19,training,0.3860457182410915,0.7334868646580739,0.19302285912054576
