participant,phase,corr_tail,corr_shape,corr_color
27,training,0.6236372822908351,0.3242913867912343,0.07483647387490022
