participant,phase,corr_tail,corr_shape,corr_color
17,training,0.688333361752435,0.356034497458156,-0.023735633163877064
