participant,phase,corr_tail,corr_shape,corr_color
15,training,0.5718862635895968,0.48038446141526137,0.29738085706659034
