participant,phase,corr_tail,corr_shape,corr_color
23,training,0.7221581446741188,0.46940279403817714,0.07221581446741186
