participant,phase,corr_tail,corr_shape,corr_color
8,training,0.6000468804938793,0.5250410204321445,-0.07500586006173492
