participant,phase,corr_tail,corr_shape,corr_color
3,training,0.5626516684946774,0.5626516684946774,0.26909427623658483
