participant,phase,corr_tail,corr_shape,corr_color
13,training,0.3044738634368837,0.3513159962733274,0.25763173060044003
