participant,phase,corr_tail,corr_shape,corr_color
4,training,0.5367609963932345,0.6478149956470071,0.018508999875628773
