participant,phase,corr_tail,corr_shape,corr_color
22,training,0.4858328102887583,0.48583281028875835,0.03737175463759679
