participant,phase,corr_tail,corr_shape,corr_color
2,training,0.37966319830099954,0.7118684968143743,-0.09491579957524988
