participant,phase,corr_tail,corr_shape,corr_color
7,training,0.6940565613988262,0.3371131869651442,0.21813206215391684
