participant,phase,corr_tail,corr_shape,corr_color
18,training,0.6277052972051466,0.14173990582051696,0.34422548556411253
