participant,phase,corr_tail,corr_shape,corr_color
25,training,0.5151221963699316,0.4682929057908469,-0.14048787173725408
