participant,phase,corr_tail,corr_shape,corr_color
12,training,0.5803674244006026,0.3095292930136547,0.038691161626706806
