participant,phase,corr_tail,corr_shape,corr_color
24,training,0.5366563145999494,0.4919349550499537,0.22360679774997896
