participant,phase,corr_tail,corr_shape,corr_color
30,training,0.5129891760425771,0.5540283101259831,-0.061558701125109236
