participant,phase,corr_tail,corr_shape,corr_color
10,training,0.4330683984262322,0.6576223827953896,-0.14435613280874401
