participant,phase,corr_tail,corr_shape,corr_color
20,training,0.7065263766061184,0.2717409140792763,-0.018116060938618436
