participant,phase,corr_tail,corr_shape,corr_color
6,training,0.4356068418690321,0.3484854734952256,0.30492478930832245
