,task,mean_abs_feature_importance,t_stat,p_value
0,accommodate,2.66,0.6505815261127718,0.5158184904797978
1,predict,2.8333333333333335,0.6505815261127718,0.5158184904797978
