,task,mean_abs_error,t_stat,p_value
0,accommodate,1.3383333333333334,1.3638054477733854,0.17275706009160766
1,predict,1.276111111111111,1.3638054477733854,0.17275706009160766
