participant,training_responses,fertility_score,error,feedback,trial_stop_time,testing_image_order,testing_responses,training_categories,training_feet,training_stripes,testing_categories,conditionOrder,training_image_order,attention_check,cogpro_predict,cogpro_explain,relevant_dim,irrelevant_dim,feet_high,stripes_low,stripes_high,feet_low,feet_discrete_slider.response,feet_direction_slider.response,feet_continuous_slider.response,stripes_discrete_slider.response,stripes_direction_slider.response,stripes_continuous_slider.response
013,"[6.0, 10.0, 10.0, 2.0, 10.0, 4.0, 8.0, 6.0, 4.0, 4.0, 10.0, 6.0, 3.0, 8.0, 6.0, 8.0]","[10.0, 10.0, 1.0, 3.0, 5.0, 9.0, 4.0, 8.0, 3.0, 8.0, 4.0, 7.0, 8.0, 3.0, 10.0, 3.0]","[4.0, 0.0, 9.0, 1.0, 5.0, 5.0, 4.0, 2.0, 1.0, 4.0, 6.0, 1.0, 5.0, 5.0, 4.0, 5.0]",['That was harder than I thought it would be!'],428.3796,"['E_C', 'W_F', 'E_F', 'W_C']","[3.0, 8.0, 10.0, 4.0]","['high', 'high', 'low', 'low', 'low', 'high', 'low', 'high', 'low', 'high', 'low', 'high', 'high', 'low', 'high', 'low']","['C', 'C', 'F', 'F', 'F', 'C', 'F', 'C', 'F', 'C', 'F', 'C', 'C', 'F', 'C', 'F']","['W', 'E', 'E', 'W', 'W', 'W', 'E', 'E', 'E', 'E', 'W', 'W', 'E', 'W', 'W', 'E']","['high', 'low', 'low', 'high']",13,"['W_C', 'E_C', 'E_F', 'W_F', 'W_F', 'W_C', 'E_F', 'E_C', 'E_F', 'E_C', 'W_F', 'W_C', 'E_C', 'W_F', 'W_C', 'E_F']",1,2.0,6.0,feet,stripes,C,E,W,F,No,,,No,,
086,"[10.0, 8.0, 8.0, 8.0, 6.0, 5.0, 4.0, 6.0, 3.0, 6.0, 5.0, 5.0, 7.0, 6.0, 6.0, 3.0]","[8.0, 9.0, 1.0, 3.0, 6.0, 2.0, 4.0, 5.0, 7.0, 1.0, 4.0, 9.0, 3.0, 5.0, 9.0, 8.0]","[2.0, 1.0, 7.0, 5.0, 0.0, 3.0, 0.0, 1.0, 4.0, 5.0, 1.0, 4.0, 4.0, 1.0, 3.0, 5.0]",[],344.5777,"['W_C', 'E_C', 'E_F', 'W_F']","[7.0, 5.0, 4.0, 7.0]","['high', 'high', 'low', 'low', 'high', 'low', 'high', 'low', 'high', 'low', 'low', 'high', 'low', 'low', 'high', 'high']","['F', 'C', 'F', 'C', 'C', 'C', 'F', 'F', 'F', 'C', 'F', 'C', 'F', 'C', 'C', 'F']","['W', 'W', 'E', 'E', 'W', 'E', 'W', 'E', 'W', 'E', 'E', 'W', 'E', 'E', 'W', 'W']","['high', 'low', 'low', 'high']",86,"['W_F', 'W_C', 'E_F', 'E_C', 'W_C', 'E_C', 'W_F', 'E_F', 'W_F', 'E_C', 'E_F', 'W_C', 'E_F', 'E_C', 'W_C', 'W_F']",1,4.0,2.0,stripes,feet,C,E,W,F,No,,,Yes, Up/Right,6.0
027,"[6.0, 7.0, 5.0, 8.0, 8.0, 4.0, 5.0, 5.0, 6.0, 6.0, 5.0, 3.0, 4.0, 3.0, 5.0, 9.0]","[5.0, 3.0, 10.0, 9.0, 1.0, 7.0, 4.0, 7.0, 6.0, 4.0, 1.0, 1.0, 1.0, 6.0, 9.0, 6.0]","[1.0, 4.0, 5.0, 1.0, 7.0, 3.0, 1.0, 2.0, 0.0, 2.0, 4.0, 2.0, 3.0, 3.0, 4.0, 3.0]",[],486.7721,"['E_F', 'W_F', 'E_C', 'W_C']","[7.0, 8.0, 2.0, 4.0]","['low', 'low', 'high', 'high', 'low', 'high', 'low', 'high', 'high', 'low', 'low', 'high', 'low', 'high', 'high', 'low']","['C', 'C', 'F', 'F', 'C', 'F', 'C', 'F', 'F', 'C', 'C', 'F', 'C', 'F', 'F', 'C']","['W', 'E', 'E', 'W', 'W', 'W', 'E', 'E', 'E', 'W', 'E', 'W', 'W', 'E', 'W', 'E']","['high', 'high', 'low', 'low']",27,"['W_C', 'E_C', 'E_F', 'W_F', 'W_C', 'W_F', 'E_C', 'E_F', 'E_F', 'W_C', 'E_C', 'W_F', 'W_C', 'E_F', 'W_F', 'E_C']",1,4.0,4.0,feet,stripes,F,W,E,C,No,,,Yes, Up/Right,4.0
021,"[2.0, 7.0, 6.0, 8.0, 5.0, 8.0, 6.0, 9.0, 3.0, 2.0, 6.0, 7.0, 6.0, 8.0, 4.0, 6.0]","[5.0, 7.0, 3.0, 1.0, 5.0, 8.0, 2.0, 6.0, 3.0, 4.0, 7.0, 9.0, 6.0, 7.0, 7.0, 1.0]","[3.0, 0.0, 3.0, 7.0, 0.0, 0.0, 4.0, 3.0, 0.0, 2.0, 1.0, 2.0, 0.0, 1.0, 3.0, 5.0]",[],314.9243,"['E_F', 'W_F', 'E_C', 'W_C']","[7.0, 9.0, 4.0, 7.0]","['high', 'high', 'low', 'low', 'low', 'high', 'low', 'high', 'low', 'low', 'high', 'high', 'high', 'high', 'low', 'low']","['C', 'C', 'F', 'F', 'F', 'C', 'F', 'C', 'F', 'F', 'C', 'C', 'C', 'C', 'F', 'F']","['W', 'E', 'W', 'E', 'W', 'E', 'E', 'W', 'E', 'W', 'E', 'W', 'E', 'W', 'W', 'E']","['low', 'low', 'high', 'high']",21,"['W_C', 'E_C', 'W_F', 'E_F', 'W_F', 'E_C', 'E_F', 'W_C', 'E_F', 'W_F', 'E_C', 'W_C', 'E_C', 'W_C', 'W_F', 'E_F']",1,7.0,7.0,feet,stripes,C,E,W,F,Yes,Webbed,6.0,Yes,Up/Left,3.0
110,"[6.0, 2.0, 7.0, 5.0, 6.0, 7.0, 5.0, 3.0, 6.0, 5.0, 6.0, 3.0, 7.0, 7.0, 6.0, 6.0]","[1.0, 5.0, 5.0, 7.0, 6.0, 8.0, 3.0, 9.0, 4.0, 10.0, 8.0, 3.0, 8.0, 3.0, 1.0, 10.0]","[5.0, 3.0, 2.0, 2.0, 0.0, 1.0, 2.0, 6.0, 2.0, 5.0, 2.0, 0.0, 1.0, 4.0, 5.0, 4.0]",[],521.9786,"['E_C', 'W_C', 'E_F', 'W_F']","[6.0, 8.0, 6.0, 6.0]","['low', 'high', 'low', 'high', 'low', 'high', 'low', 'high', 'low', 'high', 'high', 'low', 'high', 'low', 'low', 'high']","['C', 'F', 'F', 'C', 'F', 'F', 'C', 'C', 'F', 'F', 'C', 'C', 'C', 'C', 'F', 'F']","['E', 'W', 'E', 'W', 'E', 'W', 'E', 'W', 'E', 'W', 'W', 'E', 'W', 'E', 'E', 'W']","['low', 'high', 'low', 'high']",110,"['E_C', 'W_F', 'E_F', 'W_C', 'E_F', 'W_F', 'E_C', 'W_C', 'E_F', 'W_F', 'W_C', 'E_C', 'W_C', 'E_C', 'E_F', 'W_F']",1,6.0,6.0,stripes,feet,F,E,W,C,Yes, Curved/Pointy,5.0,Yes,Up/Left,5.0
140,"[7.0, 4.0, 4.0, 6.0, 7.0, 4.0, 5.0, 7.0, 7.0, 7.0, 4.0, 4.0, 9.0, 6.0, 4.0, 7.0]","[4.0, 4.0, 10.0, 7.0, 8.0, 5.0, 8.0, 4.0, 10.0, 7.0, 3.0, 6.0, 8.0, 4.0, 4.0, 5.0]","[3.0, 0.0, 6.0, 1.0, 1.0, 1.0, 3.0, 3.0, 3.0, 0.0, 1.0, 2.0, 1.0, 2.0, 0.0, 2.0]",['No feedback.'],367.0033,"['E_C', 'W_C', 'E_F', 'W_F']","[8.0, 6.0, 7.0, 4.0]","['low', 'low', 'high', 'high', 'high', 'low', 'high', 'low', 'high', 'high', 'low', 'low', 'high', 'low', 'low', 'high']","['F', 'C', 'C', 'F', 'F', 'C', 'C', 'F', 'C', 'F', 'F', 'C', 'C', 'C', 'F', 'F']","['W', 'W', 'E', 'E', 'E', 'W', 'E', 'W', 'E', 'E', 'W', 'W', 'E', 'W', 'W', 'E']","['high', 'low', 'high', 'low']",140,"['W_F', 'W_C', 'E_C', 'E_F', 'E_F', 'W_C', 'E_C', 'W_F', 'E_C', 'E_F', 'W_F', 'W_C', 'E_C', 'W_C', 'W_F', 'E_F']",1,6.0,6.0,stripes,feet,C,W,E,F,Yes, Curved/Pointy,4.0,Yes, Up/Right,6.0
024,"[5.0, 8.0, 9.0, 5.0, 4.0, 5.0, 4.0, 9.0, 4.0, 5.0, 10.0, 4.0, 3.0, 4.0, 7.0, 6.0]","[8.0, 9.0, 2.0, 3.0, 5.0, 4.0, 10.0, 6.0, 8.0, 9.0, 2.0, 2.0, 9.0, 4.0, 9.0, 6.0]","[3.0, 1.0, 7.0, 2.0, 1.0, 1.0, 6.0, 3.0, 4.0, 4.0, 8.0, 2.0, 6.0, 0.0, 2.0, 0.0]",[],365.6358,"['W_C', 'E_C', 'E_F', 'W_F']","[7.0, 9.0, 3.0, 6.0]","['high', 'high', 'low', 'low', 'low', 'low', 'high', 'high', 'high', 'high', 'low', 'low', 'high', 'low', 'high', 'low']","['C', 'F', 'F', 'C', 'C', 'F', 'C', 'F', 'F', 'C', 'C', 'F', 'F', 'F', 'C', 'C']","['E', 'E', 'W', 'W', 'W', 'W', 'E', 'E', 'E', 'E', 'W', 'W', 'E', 'W', 'E', 'W']","['low', 'high', 'high', 'low']",24,"['E_C', 'E_F', 'W_F', 'W_C', 'W_C', 'W_F', 'E_C', 'E_F', 'E_F', 'E_C', 'W_C', 'W_F', 'E_F', 'W_F', 'E_C', 'W_C']",1,7.0,7.0,stripes,feet,C,W,E,F,No,,,No,,
161,"[6.0, 3.0, 5.0, 7.0, 3.0, 7.0, 3.0, 4.0, 7.0, 9.0, 6.0, 4.0, 5.0, 5.0, 4.0, 4.0]","[3.0, 7.0, 3.0, 7.0, 4.0, 7.0, 8.0, 9.0, 8.0, 3.0, 1.0, 6.0, 4.0, 3.0, 2.0, 9.0]","[3.0, 4.0, 2.0, 0.0, 1.0, 0.0, 5.0, 5.0, 1.0, 6.0, 5.0, 2.0, 1.0, 2.0, 2.0, 5.0]","[""I wish the look of the different lizards stood out more, they difference were so subtle I didn't actually notice them at all and thought that would have actually been more helpful. Even a different color, or lines versus spots would have been useful.\xa0""]",386.1133,"['W_C', 'E_F', 'E_C', 'W_F']","[4.0, 7.0, 4.0, 7.0]","['low', 'high', 'low', 'high', 'low', 'low', 'high', 'high', 'high', 'low', 'low', 'high', 'high', 'low', 'low', 'high']","['F', 'C', 'F', 'C', 'F', 'F', 'C', 'C', 'C', 'F', 'F', 'C', 'C', 'F', 'F', 'C']","['E', 'W', 'W', 'E', 'W', 'E', 'W', 'E', 'W', 'W', 'E', 'E', 'W', 'W', 'E', 'E']","['high', 'low', 'high', 'low']",161,"['E_F', 'W_C', 'W_F', 'E_C', 'W_F', 'E_F', 'W_C', 'E_C', 'W_C', 'W_F', 'E_F', 'E_C', 'W_C', 'W_F', 'E_F', 'E_C']",1,7.0,3.0,feet,stripes,C,W,E,F,No,,,No,,
154,"[9.0, 5.0, 5.0, 5.0, 6.0, 5.0, 6.0, 3.0, 6.0, 6.0, 4.0, 4.0, 6.0, 4.0, 5.0, 4.0]","[5.0, 5.0, 6.0, 7.0, 4.0, 5.0, 1.0, 10.0, 9.0, 1.0, 2.0, 10.0, 9.0, 6.0, 3.0, 8.0]","[4.0, 0.0, 1.0, 2.0, 2.0, 0.0, 5.0, 7.0, 3.0, 5.0, 2.0, 6.0, 3.0, 2.0, 2.0, 4.0]","['this was difficult for me, I studied the pictures and could not spot difference. I found myself looking for number patterns instead.']",266.5131,"['W_F', 'W_C', 'E_F', 'E_C']","[5.0, 6.0, 8.0, 3.0]","['low', 'high', 'low', 'high', 'low', 'high', 'low', 'high', 'high', 'low', 'low', 'high', 'high', 'low', 'low', 'high']","['F', 'C', 'C', 'F', 'F', 'C', 'C', 'F', 'F', 'C', 'F', 'C', 'C', 'F', 'C', 'F']","['E', 'W', 'E', 'W', 'E', 'W', 'E', 'W', 'W', 'E', 'E', 'W', 'W', 'E', 'E', 'W']","['high', 'high', 'low', 'low']",154,"['E_F', 'W_C', 'E_C', 'W_F', 'E_F', 'W_C', 'E_C', 'W_F', 'W_F', 'E_C', 'E_F', 'W_C', 'W_C', 'E_F', 'E_C', 'W_F']",1,7.0,3.0,stripes,feet,F,E,W,C,No,,,No,,
119,"[6.0, 5.0, 5.0, 6.0, 7.0, 5.0, 4.0, 9.0, 9.0, 6.0, 4.0, 8.0, 5.0, 5.0, 6.0, 4.0]","[5.0, 6.0, 4.0, 8.0, 7.0, 5.0, 10.0, 3.0, 5.0, 3.0, 9.0, 3.0, 1.0, 7.0, 1.0, 7.0]","[1.0, 1.0, 1.0, 2.0, 0.0, 0.0, 6.0, 6.0, 4.0, 3.0, 5.0, 5.0, 4.0, 2.0, 5.0, 3.0]",['none'],659.1021,"['W_F', 'E_F', 'E_C', 'W_C']","[5.0, 6.0, 3.0, 4.0]","['low', 'high', 'low', 'high', 'high', 'low', 'high', 'low', 'high', 'low', 'high', 'low', 'low', 'high', 'low', 'high']","['C', 'F', 'C', 'F', 'F', 'C', 'F', 'C', 'F', 'C', 'F', 'C', 'C', 'F', 'C', 'F']","['W', 'E', 'E', 'W', 'E', 'W', 'W', 'E', 'E', 'W', 'W', 'E', 'W', 'E', 'E', 'W']","['high', 'high', 'low', 'low']",119,"['W_C', 'E_F', 'E_C', 'W_F', 'E_F', 'W_C', 'W_F', 'E_C', 'E_F', 'W_C', 'W_F', 'E_C', 'W_C', 'E_F', 'E_C', 'W_F']",1,5.0,5.0,feet,stripes,F,E,W,C,Yes,Webbed,5.0,No,,
083,"[6.0, 5.0, 8.0, 10.0, 3.0, 7.0, 3.0, 3.0, 3.0, 5.0, 6.0, 1.0, 4.0, 6.0, 8.0, 1.0]","[5.0, 3.0, 7.0, 3.0, 5.0, 5.0, 6.0, 9.0, 6.0, 1.0, 4.0, 8.0, 1.0, 7.0, 8.0, 7.0]","[1.0, 2.0, 1.0, 7.0, 2.0, 2.0, 3.0, 6.0, 3.0, 4.0, 2.0, 7.0, 3.0, 1.0, 0.0, 6.0]","[""I didn't experience anything particularly confusing, and there were no errors; I enjoyed this study, thank you.""]",1035.0715,"['W_F', 'E_F', 'E_C', 'W_C']","[6.0, 8.0, 4.0, 6.0]","['low', 'high', 'high', 'low', 'low', 'high', 'low', 'high', 'high', 'low', 'low', 'high', 'low', 'high', 'low', 'high']","['C', 'F', 'F', 'C', 'C', 'F', 'C', 'F', 'F', 'C', 'C', 'F', 'C', 'F', 'C', 'F']","['W', 'W', 'E', 'E', 'E', 'E', 'W', 'W', 'W', 'W', 'E', 'E', 'E', 'W', 'W', 'E']","['high', 'high', 'low', 'low']",83,"['W_C', 'W_F', 'E_F', 'E_C', 'E_C', 'E_F', 'W_C', 'W_F', 'W_F', 'W_C', 'E_C', 'E_F', 'E_C', 'W_F', 'W_C', 'E_F']",1,6.0,6.0,feet,stripes,F,E,W,C,Yes,Webbed,3.0,Yes,Up/Left,1.0
032,"[3.0, 5.0, 10.0, 5.0, 6.0, 4.0, 6.0, 4.0, 9.0, 9.0, 4.0, 4.0, 9.0, 9.0, 9.0, 3.0]","[5.0, 10.0, 4.0, 6.0, 4.0, 8.0, 9.0, 4.0, 8.0, 7.0, 2.0, 2.0, 3.0, 7.0, 8.0, 3.0]","[2.0, 5.0, 6.0, 1.0, 2.0, 4.0, 3.0, 0.0, 1.0, 2.0, 2.0, 2.0, 6.0, 2.0, 1.0, 0.0]",[],460.889,"['W_F', 'W_C', 'E_F', 'E_C']","[3.0, 4.0, 8.0, 9.0]","['low', 'high', 'low', 'high', 'low', 'high', 'high', 'low', 'high', 'high', 'low', 'low', 'low', 'high', 'high', 'low']","['F', 'C', 'C', 'F', 'C', 'C', 'F', 'F', 'C', 'F', 'C', 'F', 'C', 'F', 'C', 'F']","['W', 'E', 'W', 'E', 'W', 'E', 'E', 'W', 'E', 'E', 'W', 'W', 'W', 'E', 'E', 'W']","['low', 'low', 'high', 'high']",32,"['W_F', 'E_C', 'W_C', 'E_F', 'W_C', 'E_C', 'E_F', 'W_F', 'E_C', 'E_F', 'W_C', 'W_F', 'W_C', 'E_F', 'E_C', 'W_F']",1,3.0,6.0,stripes,feet,C,W,E,F,Yes, Curved/Pointy,3.0,Yes, Up/Right,7.0
073,"[3.0, 6.0, 9.0, 7.0, 7.0, 6.0, 8.0, 5.0, 9.0, 9.0, 3.0, 3.0, 4.0, 7.0, 1.0, 5.0]","[9.0, 8.0, 3.0, 1.0, 3.0, 10.0, 1.0, 7.0, 7.0, 10.0, 1.0, 5.0, 10.0, 1.0, 9.0, 3.0]","[6.0, 2.0, 6.0, 6.0, 4.0, 4.0, 7.0, 2.0, 2.0, 1.0, 2.0, 2.0, 6.0, 6.0, 8.0, 2.0]",[],295.7964,"['E_F', 'W_F', 'E_C', 'W_C']","[6.0, 9.0, 3.0, 3.0]","['high', 'high', 'low', 'low', 'low', 'high', 'low', 'high', 'high', 'high', 'low', 'low', 'high', 'low', 'high', 'low']","['C', 'C', 'F', 'F', 'F', 'C', 'F', 'C', 'C', 'C', 'F', 'F', 'C', 'F', 'C', 'F']","['E', 'W', 'E', 'W', 'W', 'W', 'E', 'E', 'W', 'E', 'E', 'W', 'E', 'E', 'W', 'W']","['low', 'low', 'high', 'high']",73,"['E_C', 'W_C', 'E_F', 'W_F', 'W_F', 'W_C', 'E_F', 'E_C', 'W_C', 'E_C', 'E_F', 'W_F', 'E_C', 'E_F', 'W_C', 'W_F']",1,7.0,5.0,feet,stripes,C,E,W,F,No,,,No,,
100,"[4.0, 7.0, 4.0, 4.0, 5.0, 9.0, 6.0, 4.0, 3.0, 6.0, 7.0, 2.0, 2.0, 6.0, 3.0, 5.0]","[6.0, 4.0, 3.0, 7.0, 8.0, 6.0, 2.0, 2.0, 6.0, 8.0, 4.0, 5.0, 5.0, 5.0, 7.0, 5.0]","[2.0, 3.0, 1.0, 3.0, 3.0, 3.0, 4.0, 2.0, 3.0, 2.0, 3.0, 3.0, 3.0, 1.0, 4.0, 0.0]",['I have enjoyed the study'],517.437,"['E_F', 'W_C', 'W_F', 'E_C']","[6.0, 4.0, 7.0, 4.0]","['low', 'low', 'high', 'high', 'high', 'high', 'low', 'low', 'high', 'low', 'low', 'high', 'high', 'high', 'low', 'low']","['C', 'F', 'F', 'C', 'F', 'C', 'F', 'C', 'F', 'C', 'F', 'C', 'F', 'C', 'F', 'C']","['W', 'W', 'E', 'E', 'E', 'E', 'W', 'W', 'E', 'W', 'W', 'E', 'E', 'E', 'W', 'W']","['high', 'low', 'low', 'high']",100,"['W_C', 'W_F', 'E_F', 'E_C', 'E_F', 'E_C', 'W_F', 'W_C', 'E_F', 'W_C', 'W_F', 'E_C', 'E_F', 'E_C', 'W_F', 'W_C']",1,5.0,4.0,stripes,feet,C,W,E,F,Yes,Webbed,4.0,Yes, Up/Right,5.0
092,"[3.0, 4.0, 5.0, 6.0, 9.0, 6.0, 8.0, 4.0, 5.0, 7.0, 3.0, 6.0, 4.0, 7.0, 5.0, 10.0]","[4.0, 4.0, 6.0, 9.0, 5.0, 7.0, 2.0, 6.0, 6.0, 7.0, 5.0, 3.0, 5.0, 3.0, 9.0, 5.0]","[1.0, 0.0, 1.0, 3.0, 4.0, 1.0, 6.0, 2.0, 1.0, 0.0, 2.0, 3.0, 1.0, 4.0, 4.0, 5.0]",[],348.0861,"['E_C', 'W_F', 'W_C', 'E_F']","[6.0, 5.0, 4.0, 8.0]","['low', 'low', 'high', 'high', 'low', 'high', 'low', 'high', 'high', 'high', 'low', 'low', 'low', 'low', 'high', 'high']","['C', 'F', 'C', 'F', 'C', 'F', 'F', 'C', 'C', 'F', 'C', 'F', 'C', 'F', 'C', 'F']","['W', 'W', 'E', 'E', 'W', 'E', 'W', 'E', 'E', 'E', 'W', 'W', 'W', 'W', 'E', 'E']","['high', 'low', 'low', 'high']",92,"['W_C', 'W_F', 'E_C', 'E_F', 'W_C', 'E_F', 'W_F', 'E_C', 'E_C', 'E_F', 'W_C', 'W_F', 'W_C', 'W_F', 'E_C', 'E_F']",1,7.0,4.0,stripes,feet,C,W,E,F,No,,,No,,
009,"[5.0, 7.0, 3.0, 6.0, 3.0, 3.0, 2.0, 8.0, 4.0, 2.0, 8.0, 9.0, 8.0, 4.0, 4.0, 8.0]","[7.0, 3.0, 6.0, 3.0, 1.0, 9.0, 4.0, 9.0, 2.0, 8.0, 10.0, 6.0, 10.0, 5.0, 3.0, 8.0]","[2.0, 4.0, 3.0, 3.0, 2.0, 6.0, 2.0, 1.0, 2.0, 6.0, 2.0, 3.0, 2.0, 1.0, 1.0, 0.0]",[],323.5267,"['E_C', 'E_F', 'W_C', 'W_F']","[8.0, 3.0, 8.0, 3.0]","['high', 'low', 'high', 'low', 'low', 'high', 'low', 'high', 'low', 'low', 'high', 'high', 'high', 'low', 'low', 'high']","['C', 'F', 'C', 'F', 'F', 'C', 'F', 'C', 'F', 'F', 'C', 'C', 'C', 'F', 'F', 'C']","['W', 'W', 'E', 'E', 'W', 'E', 'E', 'W', 'W', 'E', 'E', 'W', 'E', 'W', 'E', 'W']","['high', 'low', 'high', 'low']",9,"['W_C', 'W_F', 'E_C', 'E_F', 'W_F', 'E_C', 'E_F', 'W_C', 'W_F', 'E_F', 'E_C', 'W_C', 'E_C', 'W_F', 'E_F', 'W_C']",1,6.0,2.0,feet,stripes,C,W,E,F,Yes, Curved/Pointy,6.0,No,,
088,"[4.0, 3.0, 5.0, 5.0, 3.0, 3.0, 5.0, 5.0, 4.0, 2.0, 5.0, 3.0, 1.0, 4.0, 5.0, 5.0]","[3.0, 4.0, 5.0, 6.0, 4.0, 3.0, 6.0, 7.0, 1.0, 8.0, 3.0, 2.0, 6.0, 2.0, 10.0, 10.0]","[1.0, 1.0, 0.0, 1.0, 1.0, 0.0, 1.0, 2.0, 3.0, 6.0, 2.0, 1.0, 5.0, 2.0, 5.0, 5.0]",['I guess I was looking for fertility signs such as body weight or stature'],388.776,"['W_F', 'W_C', 'E_F', 'E_C']","[4.0, 8.0, 10.0, 4.0]","['low', 'low', 'high', 'high', 'low', 'low', 'high', 'high', 'low', 'high', 'high', 'low', 'low', 'low', 'high', 'high']","['F', 'C', 'C', 'F', 'F', 'C', 'C', 'F', 'F', 'C', 'F', 'C', 'C', 'F', 'F', 'C']","['W', 'W', 'E', 'E', 'W', 'W', 'E', 'E', 'W', 'E', 'E', 'W', 'W', 'W', 'E', 'E']","['low', 'low', 'high', 'high']",88,"['W_F', 'W_C', 'E_C', 'E_F', 'W_F', 'W_C', 'E_C', 'E_F', 'W_F', 'E_C', 'E_F', 'W_C', 'W_C', 'W_F', 'E_F', 'E_C']",1,7.0,7.0,stripes,feet,C,W,E,F,No,,,No,,
115,"[8.0, 8.0, 4.0, 8.0, 9.0, 1.0, 4.0, 7.0, 7.0, 5.0, 5.0, 6.0, 7.0, 7.0, 6.0, 9.0]","[8.0, 4.0, 8.0, 9.0, 1.0, 4.0, 7.0, 7.0, 5.0, 5.0, 6.0, 7.0, 7.0, 6.0, 9.0, 1.0]","[0.0, 4.0, 4.0, 1.0, 8.0, 3.0, 3.0, 0.0, 2.0, 0.0, 1.0, 1.0, 0.0, 1.0, 3.0, 8.0]",['None.'],321.5067,"['E_F', 'W_C', 'E_C', 'W_F']","[6.0, 6.0, 6.0, 6.0]","['low', 'low', 'high', 'high', 'low', 'low', 'high', 'high', 'low', 'low', 'high', 'high', 'low', 'high', 'high', 'low']","['C', 'C', 'F', 'F', 'C', 'C', 'F', 'F', 'C', 'C', 'F', 'F', 'C', 'F', 'F', 'C']","['W', 'E', 'E', 'W', 'E', 'W', 'E', 'W', 'W', 'E', 'E', 'W', 'W', 'W', 'E', 'E']","['high', 'low', 'low', 'high']",115,"['W_C', 'E_C', 'E_F', 'W_F', 'E_C', 'W_C', 'E_F', 'W_F', 'W_C', 'E_C', 'E_F', 'W_F', 'W_C', 'W_F', 'E_F', 'E_C']",1,2.0,2.0,feet,stripes,F,E,W,C,No,,,No,,
007,"[1.0, 5.0, 6.0, 2.0, 9.0, 5.0, 7.0, 3.0, 8.0, 7.0, 7.0, 6.0, 4.0, 2.0, 8.0, 7.0]","[4.0, 8.0, 1.0, 10.0, 6.0, 4.0, 3.0, 6.0, 8.0, 4.0, 8.0, 3.0, 7.0, 4.0, 8.0, 1.0]","[3.0, 3.0, 5.0, 8.0, 3.0, 1.0, 4.0, 3.0, 0.0, 3.0, 1.0, 3.0, 3.0, 2.0, 0.0, 6.0]",[],407.55,"['E_C', 'E_F', 'W_F', 'W_C']","[3.0, 2.0, 4.0, 5.0]","['low', 'high', 'low', 'high', 'high', 'low', 'low', 'high', 'high', 'low', 'high', 'low', 'high', 'low', 'high', 'low']","['C', 'F', 'C', 'F', 'F', 'C', 'C', 'F', 'F', 'C', 'F', 'C', 'F', 'C', 'F', 'C']","['E', 'E', 'W', 'W', 'W', 'W', 'E', 'E', 'W', 'W', 'E', 'E', 'E', 'W', 'W', 'E']","['low', 'high', 'high', 'low']",7,"['E_C', 'E_F', 'W_C', 'W_F', 'W_F', 'W_C', 'E_C', 'E_F', 'W_F', 'W_C', 'E_F', 'E_C', 'E_F', 'W_C', 'W_F', 'E_C']",1,4.0,2.0,feet,stripes,F,E,W,C,No,,,Yes,Up/Left,5.0
062,"[6.0, 2.0, 2.0, 10.0, 8.0, 4.0, 5.0, 3.0, 7.0, 4.0, 3.0, 4.0, 7.0, 3.0, 6.0, 7.0]","[2.0, 2.0, 10.0, 3.0, 2.0, 6.0, 5.0, 8.0, 8.0, 8.0, 7.0, 1.0, 7.0, 6.0, 3.0, 7.0]","[4.0, 0.0, 8.0, 7.0, 6.0, 2.0, 0.0, 5.0, 1.0, 4.0, 4.0, 3.0, 0.0, 3.0, 3.0, 0.0]",[],319.723,"['W_C', 'E_F', 'W_F', 'E_C']","[6.0, 3.0, 3.0, 7.0]","['low', 'low', 'high', 'high', 'low', 'low', 'high', 'high', 'high', 'high', 'low', 'low', 'high', 'low', 'low', 'high']","['F', 'C', 'C', 'F', 'F', 'C', 'C', 'F', 'C', 'F', 'C', 'F', 'F', 'F', 'C', 'C']","['E', 'E', 'W', 'W', 'E', 'E', 'W', 'W', 'W', 'W', 'E', 'E', 'W', 'E', 'E', 'W']","['high', 'low', 'high', 'low']",62,"['E_F', 'E_C', 'W_C', 'W_F', 'E_F', 'E_C', 'W_C', 'W_F', 'W_C', 'W_F', 'E_C', 'E_F', 'W_F', 'E_F', 'E_C', 'W_C']",1,7.0,6.0,stripes,feet,C,E,W,F,Yes,Webbed,3.0,Yes, Up/Right,6.0
026,"[6.0, 2.0, 5.0, 5.0, 5.0, 6.0, 5.0, 5.0, 6.0, 6.0, 4.0, 6.0, 4.0, 8.0, 6.0, 5.0]","[2.0, 6.0, 7.0, 3.0, 8.0, 5.0, 3.0, 4.0, 7.0, 6.0, 7.0, 9.0, 4.0, 2.0, 6.0, 1.0]","[4.0, 4.0, 2.0, 2.0, 3.0, 1.0, 2.0, 1.0, 1.0, 0.0, 3.0, 3.0, 0.0, 6.0, 0.0, 4.0]",[],385.794,"['W_C', 'W_F', 'E_C', 'E_F']","[6.0, 4.0, 3.0, 8.0]","['low', 'high', 'high', 'low', 'high', 'high', 'low', 'low', 'low', 'low', 'high', 'high', 'high', 'low', 'high', 'low']","['C', 'F', 'C', 'F', 'C', 'F', 'C', 'F', 'F', 'C', 'F', 'C', 'F', 'C', 'C', 'F']","['E', 'W', 'W', 'E', 'W', 'W', 'E', 'E', 'E', 'E', 'W', 'W', 'W', 'E', 'W', 'E']","['high', 'high', 'low', 'low']",26,"['E_C', 'W_F', 'W_C', 'E_F', 'W_C', 'W_F', 'E_C', 'E_F', 'E_F', 'E_C', 'W_F', 'W_C', 'W_F', 'E_C', 'W_C', 'E_F']",1,5.0,5.0,stripes,feet,C,E,W,F,No,,,Yes, Up/Right,5.0
011,"[6.0, 6.0, 5.0, 5.0, 5.0, 8.0, 7.0, 6.0, 6.0, 8.0, 7.0, 4.0, 6.0, 7.0, 6.0, 7.0]","[5.0, 4.0, 9.0, 8.0, 9.0, 4.0, 7.0, 5.0, 5.0, 2.0, 5.0, 10.0, 5.0, 1.0, 9.0, 3.0]","[1.0, 2.0, 4.0, 3.0, 4.0, 4.0, 0.0, 1.0, 1.0, 6.0, 2.0, 6.0, 1.0, 6.0, 3.0, 4.0]",[],322.405,"['E_F', 'W_F', 'E_C', 'W_C']","[4.0, 8.0, 4.0, 7.0]","['low', 'low', 'high', 'high', 'high', 'low', 'high', 'low', 'low', 'low', 'high', 'high', 'high', 'low', 'high', 'low']","['C', 'C', 'F', 'F', 'F', 'C', 'F', 'C', 'C', 'C', 'F', 'F', 'F', 'C', 'F', 'C']","['E', 'W', 'E', 'W', 'E', 'E', 'W', 'W', 'W', 'E', 'W', 'E', 'W', 'W', 'E', 'E']","['high', 'high', 'low', 'low']",11,"['E_C', 'W_C', 'E_F', 'W_F', 'E_F', 'E_C', 'W_F', 'W_C', 'W_C', 'E_C', 'W_F', 'E_F', 'W_F', 'W_C', 'E_F', 'E_C']",1,5.0,4.0,feet,stripes,F,W,E,C,No,,,Yes,Up/Left,3.0
139,"[3.0, 5.0, 5.0, 9.0, 9.0, 9.0, 9.0, 3.0, 4.0, 2.0, 4.0, 9.0, 4.0, 4.0, 7.0, 2.0]","[5.0, 4.0, 9.0, 9.0, 10.0, 3.0, 5.0, 4.0, 2.0, 3.0, 10.0, 4.0, 5.0, 7.0, 2.0, 5.0]","[2.0, 1.0, 4.0, 0.0, 1.0, 6.0, 4.0, 1.0, 2.0, 1.0, 6.0, 5.0, 1.0, 3.0, 5.0, 3.0]",['I have nothing polite to say'],333.743,"['E_C', 'W_F', 'W_C', 'E_F']","[8.0, 3.0, 3.0, 8.0]","['low', 'low', 'high', 'high', 'high', 'low', 'high', 'low', 'low', 'low', 'high', 'high', 'low', 'high', 'low', 'high']","['C', 'C', 'F', 'F', 'F', 'C', 'F', 'C', 'C', 'C', 'F', 'F', 'C', 'F', 'C', 'F']","['W', 'E', 'E', 'W', 'W', 'W', 'E', 'E', 'W', 'E', 'W', 'E', 'W', 'W', 'E', 'E']","['low', 'high', 'low', 'high']",139,"['W_C', 'E_C', 'E_F', 'W_F', 'W_F', 'W_C', 'E_F', 'E_C', 'W_C', 'E_C', 'W_F', 'E_F', 'W_C', 'W_F', 'E_C', 'E_F']",1,3.0,3.0,feet,stripes,F,E,W,C,No,,,Yes, Up/Right,6.0
104,"[8.0, 8.0, 7.0, 7.0, 5.0, 5.0, 4.0, 9.0, 4.0, 5.0, 7.0, 1.0, 5.0, 6.0, 4.0, 1.0]","[8.0, 7.0, 1.0, 4.0, 9.0, 6.0, 5.0, 4.0, 1.0, 9.0, 4.0, 4.0, 5.0, 4.0, 3.0, 6.0]","[0.0, 1.0, 6.0, 3.0, 4.0, 1.0, 1.0, 5.0, 3.0, 4.0, 3.0, 3.0, 0.0, 2.0, 1.0, 5.0]",[],414.746,"['W_F', 'W_C', 'E_C', 'E_F']","[1.0, 9.0, 4.0, 5.0]","['high', 'high', 'low', 'low', 'high', 'low', 'high', 'low', 'low', 'high', 'high', 'low', 'low', 'high', 'low', 'high']","['C', 'F', 'C', 'F', 'F', 'F', 'C', 'C', 'C', 'C', 'F', 'F', 'C', 'C', 'F', 'F']","['E', 'E', 'W', 'W', 'E', 'W', 'E', 'W', 'W', 'E', 'E', 'W', 'W', 'E', 'W', 'E']","['low', 'low', 'high', 'high']",104,"['E_C', 'E_F', 'W_C', 'W_F', 'E_F', 'W_F', 'E_C', 'W_C', 'W_C', 'E_C', 'E_F', 'W_F', 'W_C', 'E_C', 'W_F', 'E_F']",1,1.0,1.0,stripes,feet,F,W,E,C,No,,,No,,
061,"[4.0, 1.0, 6.0, 2.0, 3.0, 2.0, 9.0, 2.0, 3.0, 5.0, 7.0, 2.0, 3.0, 8.0, 1.0, 7.0]","[1.0, 3.0, 9.0, 8.0, 9.0, 3.0, 4.0, 7.0, 3.0, 5.0, 10.0, 1.0, 1.0, 5.0, 3.0, 8.0]","[3.0, 2.0, 3.0, 6.0, 6.0, 1.0, 5.0, 5.0, 0.0, 0.0, 3.0, 1.0, 2.0, 3.0, 2.0, 1.0]",['Interesting way to study associations and pattern recognition.'],534.4186,"['W_F', 'W_C', 'E_C', 'E_F']","[4.0, 7.0, 9.0, 2.0]","['low', 'low', 'high', 'high', 'high', 'low', 'high', 'low', 'low', 'high', 'high', 'low', 'low', 'high', 'low', 'high']","['F', 'F', 'C', 'C', 'C', 'F', 'C', 'F', 'F', 'C', 'C', 'F', 'F', 'C', 'F', 'C']","['E', 'W', 'E', 'W', 'W', 'W', 'E', 'E', 'W', 'W', 'E', 'E', 'E', 'E', 'W', 'W']","['low', 'high', 'high', 'low']",61,"['E_F', 'W_F', 'E_C', 'W_C', 'W_C', 'W_F', 'E_C', 'E_F', 'W_F', 'W_C', 'E_C', 'E_F', 'E_F', 'E_C', 'W_F', 'W_C']",1,3.0,5.0,feet,stripes,C,E,W,F,Yes, Curved/Pointy,4.0,No,,
068,"[7.0, 3.0, 6.0, 5.0, 6.0, 7.0, 7.0, 4.0, 5.0, 6.0, 6.0, 5.0, 6.0, 4.0, 5.0, 9.0]","[2.0, 8.0, 1.0, 10.0, 6.0, 8.0, 2.0, 8.0, 7.0, 3.0, 10.0, 4.0, 7.0, 8.0, 2.0, 6.0]","[5.0, 5.0, 5.0, 5.0, 0.0, 1.0, 5.0, 4.0, 2.0, 3.0, 4.0, 1.0, 1.0, 4.0, 3.0, 3.0]",['The task was interesting. The visual changes were subtle.'],468.5609,"['W_C', 'E_C', 'W_F', 'E_F']","[6.0, 6.0, 5.0, 5.0]","['low', 'high', 'low', 'high', 'low', 'high', 'low', 'high', 'high', 'low', 'high', 'low', 'low', 'high', 'low', 'high']","['F', 'F', 'C', 'C', 'C', 'C', 'F', 'F', 'F', 'F', 'C', 'C', 'C', 'F', 'F', 'C']","['W', 'E', 'W', 'E', 'W', 'E', 'W', 'E', 'E', 'W', 'E', 'W', 'W', 'E', 'W', 'E']","['low', 'high', 'low', 'high']",68,"['W_F', 'E_F', 'W_C', 'E_C', 'W_C', 'E_C', 'W_F', 'E_F', 'E_F', 'W_F', 'E_C', 'W_C', 'W_C', 'E_F', 'W_F', 'E_C']",1,2.0,2.0,stripes,feet,C,W,E,F,No,,,No,,
160,"[3.0, 5.0, 7.0, 5.0, 7.0, 6.0, 5.0, 7.0, 2.0, 7.0, 9.0, 6.0, 8.0, 8.0, 7.0, 5.0]","[5.0, 8.0, 1.0, 5.0, 4.0, 1.0, 10.0, 6.0, 9.0, 2.0, 6.0, 3.0, 4.0, 8.0, 1.0, 2.0]","[2.0, 3.0, 6.0, 0.0, 3.0, 5.0, 5.0, 1.0, 7.0, 5.0, 3.0, 3.0, 4.0, 0.0, 6.0, 3.0]",[],351.764,"['E_C', 'W_C', 'W_F', 'E_F']","[9.0, 5.0, 4.0, 8.0]","['low', 'high', 'low', 'high', 'high', 'low', 'high', 'low', 'high', 'low', 'high', 'low', 'high', 'high', 'low', 'low']","['C', 'F', 'F', 'C', 'F', 'F', 'C', 'C', 'F', 'F', 'C', 'C', 'C', 'F', 'F', 'C']","['W', 'E', 'W', 'E', 'E', 'W', 'E', 'W', 'E', 'W', 'E', 'W', 'E', 'E', 'W', 'W']","['high', 'low', 'low', 'high']",160,"['W_C', 'E_F', 'W_F', 'E_C', 'E_F', 'W_F', 'E_C', 'W_C', 'E_F', 'W_F', 'E_C', 'W_C', 'E_C', 'E_F', 'W_F', 'W_C']",1,5.0,4.0,stripes,feet,C,W,E,F,No,,,Yes, Up/Right,6.0
091,"[6.0, 8.0, 5.0, 4.0, 7.0, 6.0, 4.0, 8.0, 6.0, 2.0, 8.0, 3.0, 6.0, 3.0, 6.0, 2.0]","[8.0, 6.0, 4.0, 8.0, 4.0, 8.0, 4.0, 2.0, 1.0, 7.0, 4.0, 2.0, 3.0, 3.0, 6.0, 7.0]","[2.0, 2.0, 1.0, 4.0, 3.0, 2.0, 0.0, 6.0, 5.0, 5.0, 4.0, 1.0, 3.0, 0.0, 0.0, 5.0]",[],391.511,"['W_F', 'E_C', 'W_C', 'E_F']","[8.0, 2.0, 2.0, 8.0]","['low', 'high', 'low', 'high', 'high', 'high', 'low', 'low', 'low', 'high', 'high', 'low', 'low', 'low', 'high', 'high']","['C', 'F', 'C', 'F', 'F', 'F', 'C', 'C', 'C', 'F', 'F', 'C', 'C', 'C', 'F', 'F']","['W', 'E', 'E', 'W', 'W', 'E', 'W', 'E', 'E', 'W', 'E', 'W', 'W', 'E', 'E', 'W']","['high', 'low', 'low', 'high']",91,"['W_C', 'E_F', 'E_C', 'W_F', 'W_F', 'E_F', 'W_C', 'E_C', 'E_C', 'W_F', 'E_F', 'W_C', 'W_C', 'E_C', 'E_F', 'W_F']",1,3.0,3.0,feet,stripes,F,E,W,C,No,,,Yes, Up/Right,5.0
067,"[4.0, 4.0, 7.0, 3.0, 5.0, 6.0, 3.0, 6.0, 8.0, 3.0, 4.0, 3.0, 3.0, 4.0, 5.0, 3.0]","[4.0, 9.0, 1.0, 5.0, 5.0, 4.0, 5.0, 10.0, 4.0, 5.0, 3.0, 10.0, 9.0, 5.0, 1.0, 4.0]","[0.0, 5.0, 6.0, 2.0, 0.0, 2.0, 2.0, 4.0, 4.0, 2.0, 1.0, 7.0, 6.0, 1.0, 4.0, 1.0]",[],344.577,"['W_F', 'W_C', 'E_F', 'E_C']","[4.0, 5.0, 2.0, 8.0]","['low', 'high', 'low', 'high', 'high', 'low', 'low', 'high', 'low', 'high', 'low', 'high', 'high', 'high', 'low', 'low']","['C', 'F', 'C', 'F', 'F', 'C', 'C', 'F', 'C', 'F', 'C', 'F', 'F', 'F', 'C', 'C']","['E', 'W', 'W', 'E', 'E', 'E', 'W', 'W', 'E', 'E', 'W', 'W', 'E', 'W', 'E', 'W']","['high', 'low', 'high', 'low']",67,"['E_C', 'W_F', 'W_C', 'E_F', 'E_F', 'E_C', 'W_C', 'W_F', 'E_C', 'E_F', 'W_C', 'W_F', 'E_F', 'W_F', 'E_C', 'W_C']",1,3.0,5.0,feet,stripes,F,E,W,C,Yes, Curved/Pointy,3.0,Yes, Up/Right,5.0
168,"[4.0, 2.0, 4.0, 5.0, 7.0, 6.0, 3.0, 5.0, 6.0, 4.0, 5.0, 8.0, 6.0, 3.0, 3.0, 2.0]","[1.0, 9.0, 5.0, 8.0, 5.0, 4.0, 7.0, 7.0, 4.0, 5.0, 8.0, 4.0, 2.0, 9.0, 10.0, 3.0]","[3.0, 7.0, 1.0, 3.0, 2.0, 2.0, 4.0, 2.0, 2.0, 1.0, 3.0, 4.0, 4.0, 6.0, 7.0, 1.0]",[],477.791,"['E_F', 'W_C', 'E_C', 'W_F']","[3.0, 5.0, 8.0, 7.0]","['low', 'low', 'high', 'high', 'low', 'low', 'high', 'high', 'low', 'high', 'high', 'low', 'low', 'high', 'high', 'low']","['C', 'F', 'C', 'F', 'C', 'F', 'C', 'F', 'C', 'C', 'F', 'F', 'F', 'F', 'C', 'C']","['W', 'W', 'E', 'E', 'W', 'W', 'E', 'E', 'W', 'E', 'E', 'W', 'W', 'E', 'E', 'W']","['high', 'low', 'high', 'low']",168,"['W_C', 'W_F', 'E_C', 'E_F', 'W_C', 'W_F', 'E_C', 'E_F', 'W_C', 'E_C', 'E_F', 'W_F', 'W_F', 'E_F', 'E_C', 'W_C']",1,1.0,4.0,stripes,feet,F,W,E,C,No,,,No,,
069,"[8.0, 7.0, 7.0, 7.0, 8.0, 8.0, 7.0, 8.0, 5.0, 7.0, 5.0, 5.0, 8.0, 8.0, 7.0, 7.0]","[7.0, 7.0, 8.0, 7.0, 3.0, 5.0, 8.0, 5.0, 6.0, 4.0, 4.0, 8.0, 8.0, 8.0, 1.0, 6.0]","[1.0, 0.0, 1.0, 0.0, 5.0, 3.0, 1.0, 3.0, 1.0, 3.0, 1.0, 3.0, 0.0, 0.0, 6.0, 1.0]","[""It was interesting and at first hard to determine, at some point I wasn't too sure I was catching the right cause. Fun test.""]",557.1914,"['W_F', 'W_C', 'E_F', 'E_C']","[5.0, 4.0, 7.0, 8.0]","['high', 'low', 'high', 'low', 'high', 'high', 'low', 'low', 'low', 'high', 'low', 'high', 'high', 'high', 'low', 'low']","['C', 'F', 'C', 'F', 'C', 'C', 'F', 'F', 'F', 'C', 'F', 'C', 'C', 'C', 'F', 'F']","['W', 'E', 'E', 'W', 'E', 'W', 'E', 'W', 'E', 'W', 'W', 'E', 'E', 'W', 'W', 'E']","['low', 'high', 'low', 'high']",69,"['W_C', 'E_F', 'E_C', 'W_F', 'E_C', 'W_C', 'E_F', 'W_F', 'E_F', 'W_C', 'W_F', 'E_C', 'E_C', 'W_C', 'W_F', 'E_F']",1,7.0,7.0,feet,stripes,C,W,E,F,Yes, Curved/Pointy,6.0,Yes,Up/Left,7.0
076,"[9.0, 3.0, 6.0, 6.0, 7.0, 4.0, 3.0, 8.0, 5.0, 6.0, 6.0, 8.0, 4.0, 8.0, 9.0, 4.0]","[1.0, 6.0, 3.0, 9.0, 8.0, 9.0, 1.0, 7.0, 3.0, 8.0, 9.0, 4.0, 2.0, 4.0, 6.0, 8.0]","[8.0, 3.0, 3.0, 3.0, 1.0, 5.0, 2.0, 1.0, 2.0, 2.0, 3.0, 4.0, 2.0, 4.0, 3.0, 4.0]","['I did not notice any difference with the animals at first, then around the last few I noticed the stripe difference.']",732.2131,"['W_F', 'E_C', 'W_C', 'E_F']","[4.0, 8.0, 4.0, 8.0]","['low', 'high', 'low', 'high', 'low', 'high', 'low', 'high', 'low', 'high', 'high', 'low', 'low', 'low', 'high', 'high']","['C', 'C', 'F', 'F', 'F', 'C', 'C', 'F', 'F', 'F', 'C', 'C', 'C', 'F', 'F', 'C']","['W', 'E', 'W', 'E', 'W', 'E', 'W', 'E', 'W', 'E', 'E', 'W', 'W', 'W', 'E', 'E']","['low', 'high', 'low', 'high']",76,"['W_C', 'E_C', 'W_F', 'E_F', 'W_F', 'E_C', 'W_C', 'E_F', 'W_F', 'E_F', 'E_C', 'W_C', 'W_C', 'W_F', 'E_F', 'E_C']",1,3.0,7.0,stripes,feet,F,W,E,C,No,,,Yes, Up/Right,7.0
184,"[8.0, 6.0, 6.0, 10.0, 7.0, 7.0, 10.0, 2.0, 3.0, 8.0, 9.0, 3.0, 9.0, 9.0, 5.0, 5.0]","[6.0, 7.0, 10.0, 1.0, 1.0, 10.0, 3.0, 7.0, 5.0, 5.0, 7.0, 10.0, 3.0, 6.0, 10.0, 4.0]","[2.0, 1.0, 4.0, 9.0, 6.0, 3.0, 7.0, 5.0, 2.0, 3.0, 2.0, 7.0, 6.0, 3.0, 5.0, 1.0]",[],381.731,"['W_F', 'E_F', 'W_C', 'E_C']","[4.0, 9.0, 5.0, 8.0]","['high', 'low', 'high', 'low', 'low', 'high', 'low', 'high', 'low', 'low', 'high', 'high', 'low', 'high', 'high', 'low']","['C', 'C', 'F', 'F', 'C', 'F', 'F', 'C', 'F', 'C', 'C', 'F', 'F', 'C', 'F', 'C']","['E', 'W', 'E', 'W', 'W', 'E', 'W', 'E', 'W', 'W', 'E', 'E', 'W', 'E', 'E', 'W']","['low', 'high', 'low', 'high']",184,"['E_C', 'W_C', 'E_F', 'W_F', 'W_C', 'E_F', 'W_F', 'E_C', 'W_F', 'W_C', 'E_C', 'E_F', 'W_F', 'E_C', 'E_F', 'W_C']",1,6.0,7.0,stripes,feet,F,W,E,C,Yes, Curved/Pointy,4.0,No,,
155,"[4.0, 3.0, 4.0, 4.0, 7.0, 7.0, 6.0, 6.0, 8.0, 6.0, 3.0, 2.0, 8.0, 4.0, 5.0, 6.0]","[2.0, 3.0, 3.0, 8.0, 3.0, 7.0, 4.0, 5.0, 7.0, 2.0, 8.0, 4.0, 6.0, 6.0, 5.0, 6.0]","[2.0, 0.0, 1.0, 4.0, 4.0, 0.0, 2.0, 1.0, 1.0, 4.0, 5.0, 2.0, 2.0, 2.0, 0.0, 0.0]",[],385.2169,"['W_C', 'W_F', 'E_F', 'E_C']","[6.0, 8.0, 3.0, 5.0]","['high', 'low', 'low', 'high', 'low', 'high', 'low', 'high', 'high', 'low', 'high', 'low', 'high', 'low', 'high', 'low']","['F', 'C', 'C', 'F', 'C', 'F', 'C', 'F', 'F', 'C', 'F', 'C', 'F', 'C', 'F', 'C']","['E', 'E', 'W', 'W', 'E', 'W', 'W', 'E', 'W', 'W', 'E', 'E', 'W', 'W', 'E', 'E']","['low', 'high', 'high', 'low']",155,"['E_F', 'E_C', 'W_C', 'W_F', 'E_C', 'W_F', 'W_C', 'E_F', 'W_F', 'W_C', 'E_F', 'E_C', 'W_F', 'W_C', 'E_F', 'E_C']",1,2.0,3.0,feet,stripes,F,E,W,C,Yes,Webbed,6.0,Yes,Up/Left,4.0
056,"[1.0, 4.0, 4.0, 3.0, 9.0, 2.0, 6.0, 4.0, 8.0, 7.0, 6.0, 7.0, 9.0, 8.0, 5.0, 8.0]","[3.0, 2.0, 10.0, 9.0, 5.0, 9.0, 1.0, 5.0, 3.0, 3.0, 3.0, 6.0, 4.0, 3.0, 10.0, 6.0]","[2.0, 2.0, 6.0, 6.0, 4.0, 7.0, 5.0, 1.0, 5.0, 4.0, 3.0, 1.0, 5.0, 5.0, 5.0, 2.0]",[],463.937,"['W_F', 'E_F', 'E_C', 'W_C']","[6.0, 3.0, 3.0, 7.0]","['low', 'low', 'high', 'high', 'high', 'high', 'low', 'low', 'high', 'low', 'low', 'high', 'high', 'low', 'high', 'low']","['F', 'C', 'C', 'F', 'F', 'C', 'F', 'C', 'F', 'F', 'C', 'C', 'F', 'C', 'C', 'F']","['W', 'W', 'E', 'E', 'E', 'E', 'W', 'W', 'E', 'W', 'W', 'E', 'E', 'W', 'E', 'W']","['low', 'high', 'high', 'low']",56,"['W_F', 'W_C', 'E_C', 'E_F', 'E_F', 'E_C', 'W_F', 'W_C', 'E_F', 'W_F', 'W_C', 'E_C', 'E_F', 'W_C', 'E_C', 'W_F']",1,6.0,5.0,stripes,feet,C,W,E,F,Yes, Curved/Pointy,5.0,Yes,Up/Left,6.0
036,"[5.0, 6.0, 5.0, 5.0, 5.0, 5.0, 6.0, 6.0, 5.0, 4.0, 6.0, 7.0, 5.0, 6.0, 7.0, 3.0]","[6.0, 5.0, 5.0, 5.0, 5.0, 8.0, 4.0, 8.0, 2.0, 6.0, 8.0, 3.0, 6.0, 5.0, 7.0, 1.0]","[1.0, 1.0, 0.0, 0.0, 0.0, 3.0, 2.0, 2.0, 3.0, 2.0, 2.0, 4.0, 1.0, 1.0, 0.0, 2.0]",[],352.5805,"['W_F', 'W_C', 'E_F', 'E_C']","[5.0, 3.0, 8.0, 4.0]","['high', 'high', 'low', 'low', 'low', 'high', 'low', 'high', 'low', 'high', 'high', 'low', 'high', 'low', 'high', 'low']","['F', 'C', 'F', 'C', 'C', 'C', 'F', 'F', 'C', 'C', 'F', 'F', 'C', 'F', 'F', 'C']","['E', 'E', 'W', 'W', 'W', 'E', 'W', 'E', 'W', 'E', 'E', 'W', 'E', 'W', 'E', 'W']","['low', 'low', 'high', 'high']",36,"['E_F', 'E_C', 'W_F', 'W_C', 'W_C', 'E_C', 'W_F', 'E_F', 'W_C', 'E_C', 'E_F', 'W_F', 'E_C', 'W_F', 'E_F', 'W_C']",1,5.0,2.0,stripes,feet,F,W,E,C,Yes,Webbed,6.0,Yes, Up/Right,2.0
185,"[8.0, 5.0, 3.0, 6.0, 5.0, 6.0, 6.0, 2.0, 5.0, 9.0, 6.0, 4.0, 10.0, 7.0, 1.0, 7.0]","[2.0, 5.0, 7.0, 6.0, 7.0, 9.0, 6.0, 3.0, 4.0, 10.0, 8.0, 1.0, 10.0, 3.0, 6.0, 10.0]","[6.0, 0.0, 4.0, 0.0, 2.0, 3.0, 0.0, 1.0, 1.0, 1.0, 2.0, 3.0, 0.0, 4.0, 5.0, 3.0]","['I loved the art, the reptiles looked very cute. Nothing was confusing, no errors happened.']",394.7548,"['E_C', 'W_C', 'E_F', 'W_F']","[10.0, 8.0, 5.0, 1.0]","['low', 'low', 'high', 'high', 'low', 'high', 'high', 'low', 'low', 'high', 'high', 'low', 'high', 'low', 'low', 'high']","['F', 'F', 'C', 'C', 'F', 'C', 'C', 'F', 'F', 'C', 'C', 'F', 'C', 'F', 'F', 'C']","['W', 'E', 'W', 'E', 'E', 'E', 'W', 'W', 'E', 'E', 'W', 'W', 'E', 'E', 'W', 'W']","['high', 'high', 'low', 'low']",185,"['W_F', 'E_F', 'W_C', 'E_C', 'E_F', 'E_C', 'W_C', 'W_F', 'E_F', 'E_C', 'W_C', 'W_F', 'E_C', 'E_F', 'W_F', 'W_C']",1,7.0,2.0,feet,stripes,C,W,E,F,Yes, Curved/Pointy,6.0,No,,
172,"[5.0, 8.0, 6.0, 5.0, 3.0, 9.0, 7.0, 3.0, 2.0, 6.0, 7.0, 3.0, 3.0, 7.0, 3.0, 7.0]","[8.0, 3.0, 4.0, 9.0, 4.0, 4.0, 4.0, 2.0, 2.0, 7.0, 7.0, 3.0, 1.0, 7.0, 2.0, 8.0]","[3.0, 5.0, 2.0, 4.0, 1.0, 5.0, 3.0, 1.0, 0.0, 1.0, 0.0, 0.0, 2.0, 0.0, 1.0, 1.0]",[],298.0971,"['W_C', 'E_C', 'E_F', 'W_F']","[3.0, 7.0, 7.0, 3.0]","['high', 'low', 'low', 'high', 'low', 'high', 'high', 'low', 'low', 'high', 'high', 'low', 'low', 'high', 'low', 'high']","['C', 'C', 'F', 'F', 'F', 'F', 'C', 'C', 'C', 'C', 'F', 'F', 'C', 'F', 'F', 'C']","['E', 'W', 'W', 'E', 'W', 'E', 'E', 'W', 'W', 'E', 'E', 'W', 'W', 'E', 'W', 'E']","['low', 'high', 'high', 'low']",172,"['E_C', 'W_C', 'W_F', 'E_F', 'W_F', 'E_F', 'E_C', 'W_C', 'W_C', 'E_C', 'E_F', 'W_F', 'W_C', 'E_F', 'W_F', 'E_C']",1,7.0,7.0,stripes,feet,F,W,E,C,No,,,Yes, Up/Right,6.0
047,"[8.0, 8.0, 8.0, 7.0, 6.0, 9.0, 6.0, 4.0, 6.0, 3.0, 7.0, 4.0, 6.0, 3.0, 4.0, 9.0]","[3.0, 4.0, 10.0, 5.0, 7.0, 4.0, 1.0, 7.0, 10.0, 5.0, 7.0, 2.0, 6.0, 8.0, 6.0, 8.0]","[5.0, 4.0, 2.0, 2.0, 1.0, 5.0, 5.0, 3.0, 4.0, 2.0, 0.0, 2.0, 0.0, 5.0, 2.0, 1.0]",[],331.5401,"['E_C', 'W_F', 'W_C', 'E_F']","[8.0, 5.0, 8.0, 5.0]","['low', 'low', 'high', 'high', 'high', 'low', 'low', 'high', 'high', 'low', 'high', 'low', 'low', 'high', 'low', 'high']","['C', 'C', 'F', 'F', 'F', 'C', 'C', 'F', 'F', 'C', 'F', 'C', 'C', 'F', 'C', 'F']","['E', 'W', 'W', 'E', 'W', 'W', 'E', 'E', 'E', 'W', 'W', 'E', 'E', 'E', 'W', 'W']","['low', 'high', 'low', 'high']",47,"['E_C', 'W_C', 'W_F', 'E_F', 'W_F', 'W_C', 'E_C', 'E_F', 'E_F', 'W_C', 'W_F', 'E_C', 'E_C', 'E_F', 'W_C', 'W_F']",1,7.0,3.0,feet,stripes,F,E,W,C,No,,,No,,
075,"[6.0, 2.0, 6.0, 8.0, 6.0, 6.0, 8.0, 7.0, 4.0, 4.0, 6.0, 1.0, 8.0, 6.0, 1.0, 5.0]","[1.0, 4.0, 7.0, 8.0, 5.0, 3.0, 8.0, 1.0, 7.0, 4.0, 5.0, 7.0, 5.0, 8.0, 1.0, 7.0]","[5.0, 2.0, 1.0, 0.0, 1.0, 3.0, 0.0, 6.0, 3.0, 0.0, 1.0, 6.0, 3.0, 2.0, 0.0, 2.0]",['Nothing'],358.7054,"['W_F', 'E_C', 'E_F', 'W_C']","[1.0, 4.0, 8.0, 4.0]","['low', 'low', 'high', 'high', 'high', 'low', 'high', 'low', 'high', 'low', 'low', 'high', 'low', 'high', 'low', 'high']","['C', 'C', 'F', 'F', 'F', 'C', 'F', 'C', 'F', 'C', 'C', 'F', 'C', 'F', 'C', 'F']","['W', 'E', 'W', 'E', 'W', 'W', 'E', 'E', 'E', 'W', 'E', 'W', 'E', 'E', 'W', 'W']","['high', 'low', 'high', 'low']",75,"['W_C', 'E_C', 'W_F', 'E_F', 'W_F', 'W_C', 'E_F', 'E_C', 'E_F', 'W_C', 'E_C', 'W_F', 'E_C', 'E_F', 'W_C', 'W_F']",1,7.0,5.0,feet,stripes,F,W,E,C,No,,,Yes, Up/Right,5.0
060,"[6.0, 7.0, 7.0, 7.0, 6.0, 7.0, 6.0, 3.0, 6.0, 10.0, 10.0, 3.0, 7.0, 10.0, 7.0, 6.0]","[7.0, 6.0, 7.0, 3.0, 6.0, 10.0, 4.0, 3.0, 3.0, 3.0, 10.0, 3.0, 5.0, 3.0, 8.0, 6.0]","[1.0, 1.0, 0.0, 4.0, 0.0, 3.0, 2.0, 0.0, 3.0, 7.0, 0.0, 0.0, 2.0, 7.0, 1.0, 0.0]",[],954.4763,"['W_C', 'E_F', 'E_C', 'W_F']","[6.0, 10.0, 7.0, 3.0]","['high', 'low', 'high', 'low', 'high', 'high', 'low', 'low', 'high', 'low', 'high', 'low', 'low', 'high', 'high', 'low']","['C', 'C', 'F', 'F', 'C', 'F', 'F', 'C', 'F', 'F', 'C', 'C', 'F', 'F', 'C', 'C']","['E', 'W', 'E', 'W', 'E', 'E', 'W', 'W', 'E', 'W', 'E', 'W', 'W', 'E', 'E', 'W']","['low', 'high', 'high', 'low']",60,"['E_C', 'W_C', 'E_F', 'W_F', 'E_C', 'E_F', 'W_F', 'W_C', 'E_F', 'W_F', 'E_C', 'W_C', 'W_F', 'E_F', 'E_C', 'W_C']",1,7.0,7.0,stripes,feet,C,W,E,F,Yes, Curved/Pointy,5.0,Yes, Up/Right,7.0
164,"[5.0, 6.0, 6.0, 4.0, 7.0, 4.0, 8.0, 3.0, 9.0, 5.0, 5.0, 6.0, 3.0, 10.0, 6.0, 9.0]","[6.0, 5.0, 3.0, 9.0, 2.0, 7.0, 3.0, 5.0, 5.0, 3.0, 10.0, 10.0, 1.0, 7.0, 4.0, 9.0]","[1.0, 1.0, 3.0, 5.0, 5.0, 3.0, 5.0, 2.0, 4.0, 2.0, 5.0, 4.0, 2.0, 3.0, 2.0, 0.0]",[],344.045,"['W_C', 'E_F', 'W_F', 'E_C']","[4.0, 9.0, 6.0, 9.0]","['high', 'low', 'low', 'high', 'high', 'high', 'low', 'low', 'low', 'low', 'high', 'high', 'low', 'high', 'low', 'high']","['F', 'F', 'C', 'C', 'C', 'F', 'C', 'F', 'C', 'F', 'F', 'C', 'C', 'C', 'F', 'F']","['E', 'W', 'W', 'E', 'E', 'E', 'W', 'W', 'W', 'W', 'E', 'E', 'W', 'E', 'W', 'E']","['low', 'high', 'low', 'high']",164,"['E_F', 'W_F', 'W_C', 'E_C', 'E_C', 'E_F', 'W_C', 'W_F', 'W_C', 'W_F', 'E_F', 'E_C', 'W_C', 'E_C', 'W_F', 'E_F']",1,3.0,4.0,stripes,feet,F,W,E,C,No,,,Yes, Up/Right,5.0
128,"[6.0, 6.0, 5.0, 7.0, 7.0, 8.0, 5.0, 6.0, 5.0, 5.0, 4.0, 6.0, 6.0, 9.0, 5.0, 4.0]","[5.0, 5.0, 2.0, 8.0, 8.0, 3.0, 2.0, 2.0, 1.0, 6.0, 1.0, 8.0, 7.0, 6.0, 3.0, 2.0]","[1.0, 1.0, 3.0, 1.0, 1.0, 5.0, 3.0, 4.0, 4.0, 1.0, 3.0, 2.0, 1.0, 3.0, 2.0, 2.0]",['--'],298.3396,"['W_F', 'E_C', 'W_C', 'E_F']","[8.0, 4.0, 7.0, 8.0]","['high', 'low', 'low', 'high', 'high', 'low', 'high', 'low', 'low', 'high', 'low', 'high', 'high', 'high', 'low', 'low']","['F', 'C', 'F', 'C', 'C', 'C', 'F', 'F', 'C', 'F', 'F', 'C', 'C', 'F', 'C', 'F']","['E', 'W', 'W', 'E', 'E', 'W', 'E', 'W', 'W', 'E', 'W', 'E', 'E', 'E', 'W', 'W']","['low', 'high', 'low', 'high']",128,"['E_F', 'W_C', 'W_F', 'E_C', 'E_C', 'W_C', 'E_F', 'W_F', 'W_C', 'E_F', 'W_F', 'E_C', 'E_C', 'E_F', 'W_C', 'W_F']",1,4.0,3.0,stripes,feet,C,W,E,F,Yes,Webbed,4.0,Yes, Up/Right,5.0
031,"[5.0, 3.0, 10.0, 1.0, 5.0, 5.0, 5.0, 5.0, 5.0, 1.0, 8.0, 6.0, 6.0, 7.0, 1.0, 2.0]","[3.0, 10.0, 1.0, 8.0, 6.0, 8.0, 5.0, 6.0, 6.0, 8.0, 6.0, 6.0, 7.0, 8.0, 2.0, 10.0]","[2.0, 7.0, 9.0, 7.0, 1.0, 3.0, 0.0, 1.0, 1.0, 7.0, 2.0, 0.0, 1.0, 1.0, 1.0, 8.0]","['It was not very noticeable that the stripes were going the opposite direction. It did not dawn on me until the second to last try that they were. Also, it NEVER occurred to me that the claws were different. The whole time I was looking at the eyes, colors, leaves, number of legs, etc.']",316.5084,"['E_F', 'W_F', 'E_C', 'W_C']","[1.0, 8.0, 1.0, 8.0]","['low', 'high', 'low', 'high', 'low', 'high', 'low', 'high', 'low', 'high', 'high', 'low', 'high', 'low', 'low', 'high']","['C', 'F', 'C', 'F', 'C', 'F', 'C', 'F', 'C', 'F', 'F', 'C', 'F', 'C', 'C', 'F']","['E', 'W', 'W', 'E', 'W', 'E', 'E', 'W', 'E', 'W', 'E', 'W', 'W', 'W', 'E', 'E']","['high', 'high', 'low', 'low']",31,"['E_C', 'W_F', 'W_C', 'E_F', 'W_C', 'E_F', 'E_C', 'W_F', 'E_C', 'W_F', 'E_F', 'W_C', 'W_F', 'W_C', 'E_C', 'E_F']",1,7.0,7.0,feet,stripes,F,E,W,C,No,,,No,,
065,"[5.0, 6.0, 4.0, 5.0, 6.0, 6.0, 7.0, 6.0, 10.0, 6.0, 6.0, 5.0, 6.0, 10.0, 4.0, 6.0]","[6.0, 3.0, 6.0, 10.0, 5.0, 10.0, 6.0, 7.0, 10.0, 7.0, 4.0, 3.0, 6.0, 10.0, 2.0, 1.0]","[1.0, 3.0, 2.0, 5.0, 1.0, 4.0, 1.0, 1.0, 0.0, 1.0, 2.0, 2.0, 0.0, 0.0, 2.0, 5.0]","[""I was so focused on trying to find a pattern in the numbers that I didn't notice changes in the frogs' patterns or feet.""]",266.8166,"['W_F', 'E_F', 'W_C', 'E_C']","[6.0, 10.0, 3.0, 7.0]","['high', 'low', 'low', 'high', 'low', 'high', 'low', 'high', 'high', 'high', 'low', 'low', 'high', 'high', 'low', 'low']","['C', 'F', 'F', 'C', 'F', 'C', 'F', 'C', 'C', 'C', 'F', 'F', 'C', 'C', 'F', 'F']","['W', 'W', 'E', 'E', 'E', 'W', 'W', 'E', 'E', 'W', 'E', 'W', 'W', 'E', 'W', 'E']","['low', 'low', 'high', 'high']",65,"['W_C', 'W_F', 'E_F', 'E_C', 'E_F', 'W_C', 'W_F', 'E_C', 'E_C', 'W_C', 'E_F', 'W_F', 'W_C', 'E_C', 'W_F', 'E_F']",1,3.0,3.0,feet,stripes,C,W,E,F,No,,,No,,
156,"[5.0, 5.0, 6.0, 4.0, 6.0, 3.0, 5.0, 8.0, 5.0, 3.0, 7.0, 5.0, 6.0, 9.0, 1.0, 8.0]","[7.0, 6.0, 3.0, 5.0, 9.0, 5.0, 5.0, 4.0, 4.0, 3.0, 4.0, 10.0, 8.0, 6.0, 6.0, 1.0]","[2.0, 1.0, 3.0, 1.0, 3.0, 2.0, 0.0, 4.0, 1.0, 0.0, 3.0, 5.0, 2.0, 3.0, 5.0, 7.0]",[],351.6686,"['E_C', 'W_C', 'E_F', 'W_F']","[7.0, 5.0, 9.0, 2.0]","['high', 'low', 'low', 'high', 'high', 'high', 'low', 'low', 'low', 'high', 'low', 'high', 'high', 'high', 'low', 'low']","['F', 'F', 'C', 'C', 'F', 'C', 'C', 'F', 'C', 'C', 'F', 'F', 'C', 'F', 'C', 'F']","['E', 'W', 'W', 'E', 'E', 'E', 'W', 'W', 'W', 'E', 'W', 'E', 'E', 'E', 'W', 'W']","['high', 'low', 'high', 'low']",156,"['E_F', 'W_F', 'W_C', 'E_C', 'E_F', 'E_C', 'W_C', 'W_F', 'W_C', 'E_C', 'W_F', 'E_F', 'E_C', 'E_F', 'W_C', 'W_F']",1,4.0,2.0,stripes,feet,F,W,E,C,Yes, Curved/Pointy,4.0,Yes, Up/Right,5.0
195,"[6.0, 10.0, 8.0, 7.0, 6.0, 6.0, 6.0, 6.0, 5.0, 7.0, 9.0, 7.0, 8.0, 6.0, 4.0, 7.0]","[10.0, 7.0, 6.0, 4.0, 5.0, 9.0, 7.0, 3.0, 5.0, 5.0, 5.0, 8.0, 2.0, 8.0, 10.0, 6.0]","[4.0, 3.0, 2.0, 3.0, 1.0, 3.0, 1.0, 3.0, 0.0, 2.0, 4.0, 1.0, 6.0, 2.0, 6.0, 1.0]",['This was fascinating! I was focused on number patterns.'],669.9257,"['W_C', 'W_F', 'E_F', 'E_C']","[7.0, 7.0, 10.0, 10.0]","['high', 'low', 'high', 'low', 'low', 'high', 'high', 'low', 'low', 'high', 'low', 'high', 'low', 'high', 'high', 'low']","['F', 'C', 'F', 'C', 'C', 'F', 'F', 'C', 'C', 'F', 'C', 'F', 'C', 'F', 'F', 'C']","['E', 'W', 'W', 'E', 'W', 'E', 'W', 'E', 'E', 'E', 'W', 'W', 'E', 'E', 'W', 'W']","['low', 'high', 'high', 'low']",195,"['E_F', 'W_C', 'W_F', 'E_C', 'W_C', 'E_F', 'W_F', 'E_C', 'E_C', 'E_F', 'W_C', 'W_F', 'E_C', 'E_F', 'W_F', 'W_C']",1,7.0,7.0,feet,stripes,F,E,W,C,No,,,No,,
113,"[5.0, 3.0, 5.0, 3.0, 7.0, 9.0, 5.0, 7.0, 9.0, 9.0, 2.0, 2.0, 10.0, 3.0, 2.0, 9.0]","[3.0, 6.0, 1.0, 7.0, 10.0, 3.0, 9.0, 1.0, 10.0, 7.0, 1.0, 5.0, 7.0, 1.0, 1.0, 7.0]","[2.0, 3.0, 4.0, 4.0, 3.0, 6.0, 4.0, 6.0, 1.0, 2.0, 1.0, 3.0, 3.0, 2.0, 1.0, 2.0]",[],590.2673,"['E_F', 'W_F', 'E_C', 'W_C']","[1.0, 1.0, 9.0, 9.0]","['low', 'high', 'low', 'high', 'high', 'low', 'high', 'low', 'high', 'high', 'low', 'low', 'high', 'low', 'low', 'high']","['F', 'C', 'F', 'C', 'C', 'F', 'C', 'F', 'C', 'C', 'F', 'F', 'C', 'F', 'F', 'C']","['W', 'W', 'E', 'E', 'W', 'W', 'E', 'E', 'E', 'W', 'E', 'W', 'W', 'W', 'E', 'E']","['low', 'low', 'high', 'high']",113,"['W_F', 'W_C', 'E_F', 'E_C', 'W_C', 'W_F', 'E_C', 'E_F', 'E_C', 'W_C', 'E_F', 'W_F', 'W_C', 'W_F', 'E_F', 'E_C']",1,6.0,2.0,feet,stripes,C,E,W,F,Yes, Curved/Pointy,7.0,No,,
176,"[6.0, 7.0, 5.0, 5.0, 2.0, 3.0, 7.0, 4.0, 4.0, 7.0, 6.0, 3.0, 7.0, 5.0, 6.0, 7.0]","[8.0, 3.0, 4.0, 1.0, 5.0, 4.0, 3.0, 7.0, 5.0, 8.0, 5.0, 7.0, 3.0, 8.0, 4.0, 1.0]","[2.0, 4.0, 1.0, 4.0, 3.0, 1.0, 4.0, 3.0, 1.0, 1.0, 1.0, 4.0, 4.0, 3.0, 2.0, 6.0]",['The differences were very subtle to me.\xa0 I did not at all notice the difference in the stripes.\xa0 I noticed the webbed vs claw feet but not the rounded ones.\xa0 I noticed differences in size overall and length of tail too.'],407.3652,"['E_F', 'W_C', 'E_C', 'W_F']","[6.0, 4.0, 3.0, 7.0]","['high', 'low', 'high', 'low', 'low', 'high', 'low', 'high', 'low', 'high', 'low', 'high', 'low', 'high', 'high', 'low']","['F', 'F', 'C', 'C', 'C', 'C', 'F', 'F', 'C', 'F', 'F', 'C', 'F', 'F', 'C', 'C']","['E', 'W', 'E', 'W', 'W', 'E', 'W', 'E', 'W', 'E', 'W', 'E', 'W', 'E', 'E', 'W']","['high', 'low', 'high', 'low']",176,"['E_F', 'W_F', 'E_C', 'W_C', 'W_C', 'E_C', 'W_F', 'E_F', 'W_C', 'E_F', 'W_F', 'E_C', 'W_F', 'E_F', 'E_C', 'W_C']",1,7.0,7.0,stripes,feet,F,W,E,C,Yes, Curved/Pointy,3.0,No,,
144,"[6.0, 6.0, 5.0, 8.0, 8.0, 6.0, 6.0, 8.0, 7.0, 6.0, 8.0, 6.0, 3.0, 2.0, 8.0, 10.0]","[6.0, 2.0, 8.0, 8.0, 8.0, 5.0, 5.0, 7.0, 10.0, 5.0, 8.0, 1.0, 2.0, 3.0, 10.0, 10.0]","[0.0, 4.0, 3.0, 0.0, 0.0, 1.0, 1.0, 1.0, 3.0, 1.0, 0.0, 5.0, 1.0, 1.0, 2.0, 0.0]",[],236.5599,"['E_F', 'W_F', 'E_C', 'W_C']","[10.0, 2.0, 8.0, 6.0]","['low', 'low', 'high', 'high', 'high', 'low', 'low', 'high', 'high', 'low', 'high', 'low', 'low', 'low', 'high', 'high']","['F', 'C', 'F', 'C', 'F', 'C', 'F', 'C', 'C', 'F', 'F', 'C', 'C', 'F', 'F', 'C']","['W', 'W', 'E', 'E', 'E', 'W', 'W', 'E', 'E', 'W', 'E', 'W', 'W', 'W', 'E', 'E']","['high', 'low', 'high', 'low']",144,"['W_F', 'W_C', 'E_F', 'E_C', 'E_F', 'W_C', 'W_F', 'E_C', 'E_C', 'W_F', 'E_F', 'W_C', 'W_C', 'W_F', 'E_F', 'E_C']",1,7.0,5.0,stripes,feet,F,W,E,C,No,,,Yes, Up/Right,7.0
124,"[6.0, 3.0, 3.0, 7.0, 7.0, 5.0, 6.0, 7.0, 7.0, 3.0, 5.0, 3.0, 7.0, 5.0, 3.0, 1.0]","[3.0, 5.0, 8.0, 4.0, 7.0, 6.0, 2.0, 7.0, 10.0, 3.0, 9.0, 1.0, 10.0, 10.0, 2.0, 1.0]","[3.0, 2.0, 5.0, 3.0, 0.0, 1.0, 4.0, 0.0, 3.0, 0.0, 4.0, 2.0, 3.0, 5.0, 1.0, 0.0]","['At first I thought that the amount of stripes also made a difference. Then I realized the orientation of the stripes made the most difference. Then I started looking at the feet, but it was too late by then to notice a pattern.']",1087.0986,"['E_C', 'W_F', 'W_C', 'E_F']","[5.0, 2.0, 4.0, 1.0]","['high', 'low', 'high', 'low', 'high', 'low', 'low', 'high', 'high', 'low', 'high', 'low', 'high', 'high', 'low', 'low']","['C', 'C', 'F', 'F', 'F', 'F', 'C', 'C', 'F', 'F', 'C', 'C', 'C', 'F', 'C', 'F']","['E', 'W', 'E', 'W', 'E', 'W', 'W', 'E', 'E', 'W', 'E', 'W', 'E', 'E', 'W', 'W']","['high', 'low', 'low', 'high']",124,"['E_C', 'W_C', 'E_F', 'W_F', 'E_F', 'W_F', 'W_C', 'E_C', 'E_F', 'W_F', 'E_C', 'W_C', 'E_C', 'E_F', 'W_C', 'W_F']",1,6.0,2.0,stripes,feet,F,W,E,C,No,,,Yes,Up/Left,4.0
012,"[7.0, 9.0, 1.0, 3.0, 8.0, 2.0, 2.0, 3.0, 7.0, 2.0, 8.0, 8.0, 5.0, 3.0, 5.0, 4.0]","[9.0, 1.0, 3.0, 8.0, 2.0, 3.0, 3.0, 7.0, 2.0, 8.0, 8.0, 5.0, 3.0, 5.0, 4.0, 5.0]","[2.0, 8.0, 2.0, 5.0, 6.0, 1.0, 1.0, 4.0, 5.0, 6.0, 0.0, 3.0, 2.0, 2.0, 1.0, 1.0]",[],820.1143,"['W_F', 'E_F', 'W_C', 'E_C']","[3.0, 8.0, 5.0, 3.0]","['high', 'low', 'low', 'high', 'low', 'low', 'high', 'high', 'low', 'low', 'high', 'high', 'low', 'high', 'high', 'low']","['F', 'F', 'C', 'C', 'F', 'C', 'F', 'C', 'F', 'C', 'C', 'F', 'F', 'C', 'F', 'C']","['E', 'W', 'W', 'E', 'W', 'W', 'E', 'E', 'W', 'W', 'E', 'E', 'W', 'E', 'E', 'W']","['low', 'high', 'low', 'high']",12,"['E_F', 'W_F', 'W_C', 'E_C', 'W_F', 'W_C', 'E_F', 'E_C', 'W_F', 'W_C', 'E_C', 'E_F', 'W_F', 'E_C', 'E_F', 'W_C']",1,2.0,2.0,stripes,feet,C,W,E,F,No,,,No,,
016,"[5.0, 3.0, 3.0, 1.0, 3.0, 4.0, 5.0, 5.0, 8.0, 4.0, 5.0, 6.0, 4.0, 6.0, 10.0, 6.0]","[3.0, 1.0, 6.0, 6.0, 4.0, 4.0, 8.0, 8.0, 10.0, 5.0, 2.0, 7.0, 6.0, 10.0, 10.0, 2.0]","[2.0, 2.0, 3.0, 5.0, 1.0, 0.0, 3.0, 3.0, 2.0, 1.0, 3.0, 1.0, 2.0, 4.0, 0.0, 4.0]","[""A very interesting task! I'm not certain if there was a difference now that it wasn't mentioned in the follow-up questions, but I thought that there was also a different shade to the eyes and chin area of the reptiles too! I was also trying to take this into account, but I didn't notice the feet...which seems to be much more important after reading the follow-up questions!""]",509.1381,"['W_F', 'E_C', 'E_F', 'W_C']","[4.0, 8.0, 10.0, 6.0]","['high', 'low', 'high', 'low', 'low', 'low', 'high', 'high', 'high', 'low', 'low', 'high', 'low', 'high', 'high', 'low']","['C', 'F', 'F', 'C', 'C', 'F', 'F', 'C', 'F', 'C', 'F', 'C', 'C', 'C', 'F', 'F']","['E', 'W', 'E', 'W', 'W', 'W', 'E', 'E', 'E', 'W', 'W', 'E', 'W', 'E', 'E', 'W']","['low', 'high', 'high', 'low']",16,"['E_C', 'W_F', 'E_F', 'W_C', 'W_C', 'W_F', 'E_F', 'E_C', 'E_F', 'W_C', 'W_F', 'E_C', 'W_C', 'E_C', 'E_F', 'W_F']",1,7.0,5.0,stripes,feet,C,W,E,F,No,,,Yes, Up/Right,5.0
197,"[5.0, 9.0, 9.0, 8.0, 6.0, 4.0, 6.0, 7.0, 3.0, 5.0, 5.0, 6.0, 8.0, 3.0, 2.0, 6.0]","[9.0, 9.0, 10.0, 5.0, 3.0, 5.0, 6.0, 1.0, 9.0, 1.0, 4.0, 4.0, 6.0, 6.0, 2.0, 7.0]","[4.0, 0.0, 1.0, 3.0, 3.0, 1.0, 0.0, 6.0, 6.0, 4.0, 1.0, 2.0, 2.0, 3.0, 0.0, 1.0]",[],628.367,"['E_F', 'W_F', 'W_C', 'E_C']","[2.0, 6.0, 4.0, 9.0]","['high', 'low', 'high', 'low', 'low', 'high', 'high', 'low', 'high', 'low', 'high', 'low', 'high', 'low', 'low', 'high']","['C', 'F', 'C', 'F', 'F', 'C', 'C', 'F', 'C', 'F', 'C', 'F', 'C', 'F', 'F', 'C']","['E', 'W', 'W', 'E', 'E', 'E', 'W', 'W', 'E', 'E', 'W', 'W', 'W', 'W', 'E', 'E']","['low', 'low', 'high', 'high']",197,"['E_C', 'W_F', 'W_C', 'E_F', 'E_F', 'E_C', 'W_C', 'W_F', 'E_C', 'E_F', 'W_C', 'W_F', 'W_C', 'W_F', 'E_F', 'E_C']",1,3.0,4.0,feet,stripes,C,E,W,F,Yes,Webbed,5.0,Yes, Up/Right,4.0
023,"[6.0, 7.0, 7.0, 2.0, 4.0, 7.0, 6.0, 2.0, 2.0, 4.0, 6.0, 9.0, 4.0, 4.0, 7.0, 5.0]","[7.0, 1.0, 8.0, 5.0, 5.0, 9.0, 7.0, 3.0, 2.0, 4.0, 6.0, 5.0, 2.0, 6.0, 2.0, 5.0]","[1.0, 6.0, 1.0, 3.0, 1.0, 2.0, 1.0, 1.0, 0.0, 0.0, 0.0, 4.0, 2.0, 2.0, 5.0, 0.0]",[],353.291,"['E_F', 'W_C', 'W_F', 'E_C']","[9.0, 2.0, 7.0, 6.0]","['high', 'low', 'high', 'low', 'low', 'high', 'high', 'low', 'low', 'low', 'high', 'high', 'low', 'low', 'high', 'high']","['F', 'C', 'F', 'C', 'C', 'F', 'F', 'C', 'C', 'C', 'F', 'F', 'C', 'C', 'F', 'F']","['E', 'W', 'W', 'E', 'E', 'E', 'W', 'W', 'W', 'E', 'W', 'E', 'W', 'E', 'E', 'W']","['high', 'low', 'high', 'low']",23,"['E_F', 'W_C', 'W_F', 'E_C', 'E_C', 'E_F', 'W_F', 'W_C', 'W_C', 'E_C', 'W_F', 'E_F', 'W_C', 'E_C', 'E_F', 'W_F']",1,6.0,4.0,feet,stripes,F,W,E,C,Yes,Webbed,5.0,Yes, Up/Right,5.0
146,"[4.0, 3.0, 6.0, 8.0, 6.0, 9.0, 4.0, 2.0, 2.0, 5.0, 6.0, 3.0, 7.0, 6.0, 6.0, 8.0]","[3.0, 6.0, 7.0, 3.0, 8.0, 7.0, 3.0, 1.0, 3.0, 5.0, 1.0, 10.0, 5.0, 9.0, 4.0, 9.0]","[1.0, 3.0, 1.0, 5.0, 2.0, 2.0, 1.0, 1.0, 1.0, 0.0, 5.0, 7.0, 2.0, 3.0, 2.0, 1.0]",[],264.2342,"['W_C', 'W_F', 'E_F', 'E_C']","[9.0, 7.0, 6.0, 4.0]","['low', 'high', 'high', 'low', 'high', 'high', 'low', 'low', 'low', 'high', 'low', 'high', 'low', 'high', 'low', 'high']","['C', 'F', 'C', 'F', 'C', 'F', 'F', 'C', 'C', 'C', 'F', 'F', 'F', 'C', 'C', 'F']","['E', 'W', 'W', 'E', 'W', 'W', 'E', 'E', 'E', 'W', 'E', 'W', 'E', 'W', 'E', 'W']","['high', 'high', 'low', 'low']",146,"['E_C', 'W_F', 'W_C', 'E_F', 'W_C', 'W_F', 'E_F', 'E_C', 'E_C', 'W_C', 'E_F', 'W_F', 'E_F', 'W_C', 'E_C', 'W_F']",1,5.0,6.0,stripes,feet,F,E,W,C,Yes,Webbed,5.0,Yes,Up/Left,6.0
179,"[6.0, 6.0, 6.0, 8.0, 5.0, 6.0, 9.0, 6.0, 8.0, 5.0, 8.0, 8.0, 6.0, 7.0, 7.0, 8.0]","[5.0, 7.0, 10.0, 2.0, 4.0, 7.0, 4.0, 6.0, 6.0, 10.0, 5.0, 1.0, 3.0, 8.0, 5.0, 10.0]","[1.0, 1.0, 4.0, 6.0, 1.0, 1.0, 5.0, 0.0, 2.0, 5.0, 3.0, 7.0, 3.0, 1.0, 2.0, 2.0]",['The study was well detailed.'],506.8198,"['E_C', 'E_F', 'W_C', 'W_F']","[7.0, 8.0, 2.0, 5.0]","['low', 'high', 'high', 'low', 'low', 'high', 'low', 'high', 'high', 'high', 'low', 'low', 'low', 'high', 'low', 'high']","['C', 'F', 'F', 'C', 'C', 'F', 'C', 'F', 'F', 'F', 'C', 'C', 'C', 'F', 'C', 'F']","['W', 'E', 'W', 'E', 'W', 'E', 'E', 'W', 'E', 'W', 'W', 'E', 'E', 'W', 'W', 'E']","['low', 'high', 'low', 'high']",179,"['W_C', 'E_F', 'W_F', 'E_C', 'W_C', 'E_F', 'E_C', 'W_F', 'E_F', 'W_F', 'W_C', 'E_C', 'E_C', 'W_F', 'W_C', 'E_F']",1,5.0,5.0,feet,stripes,F,E,W,C,Yes,Webbed,6.0,Yes,Up/Left,2.0
077,"[5.0, 7.0, 7.0, 8.0, 8.0, 8.0, 5.0, 5.0, 8.0, 5.0, 5.0, 8.0, 8.0, 8.0, 4.0, 5.0]","[7.0, 8.0, 10.0, 4.0, 9.0, 7.0, 6.0, 7.0, 9.0, 5.0, 4.0, 8.0, 8.0, 10.0, 5.0, 3.0]","[2.0, 1.0, 3.0, 4.0, 1.0, 1.0, 1.0, 2.0, 1.0, 0.0, 1.0, 0.0, 0.0, 2.0, 1.0, 2.0]",['Thank you\xa0'],235.8477,"['E_C', 'W_C', 'W_F', 'E_F']","[9.0, 8.0, 4.0, 5.0]","['low', 'high', 'high', 'low', 'high', 'high', 'low', 'low', 'high', 'low', 'low', 'high', 'high', 'high', 'low', 'low']","['F', 'C', 'C', 'F', 'C', 'C', 'F', 'F', 'C', 'F', 'F', 'C', 'C', 'C', 'F', 'F']","['W', 'W', 'E', 'E', 'W', 'E', 'E', 'W', 'E', 'W', 'E', 'W', 'W', 'E', 'W', 'E']","['high', 'high', 'low', 'low']",77,"['W_F', 'W_C', 'E_C', 'E_F', 'W_C', 'E_C', 'E_F', 'W_F', 'E_C', 'W_F', 'E_F', 'W_C', 'W_C', 'E_C', 'W_F', 'E_F']",1,7.0,7.0,feet,stripes,C,E,W,F,Yes, Curved/Pointy,7.0,No,,
117,"[4.0, 8.0, 9.0, 2.0, 2.0, 10.0, 2.0, 6.0, 2.0, 10.0, 5.0, 7.0, 8.0, 10.0, 7.0, 4.0]","[9.0, 10.0, 4.0, 1.0, 3.0, 7.0, 7.0, 3.0, 7.0, 9.0, 1.0, 6.0, 9.0, 7.0, 7.0, 1.0]","[5.0, 2.0, 5.0, 1.0, 1.0, 3.0, 5.0, 3.0, 5.0, 1.0, 4.0, 1.0, 1.0, 3.0, 0.0, 3.0]",[],395.228,"['E_C', 'W_F', 'E_F', 'W_C']","[9.0, 1.0, 7.0, 5.0]","['high', 'high', 'low', 'low', 'low', 'high', 'high', 'low', 'low', 'high', 'low', 'high', 'high', 'high', 'low', 'low']","['C', 'C', 'F', 'F', 'F', 'C', 'C', 'F', 'F', 'C', 'F', 'C', 'C', 'C', 'F', 'F']","['W', 'E', 'E', 'W', 'W', 'E', 'W', 'E', 'W', 'E', 'E', 'W', 'W', 'E', 'E', 'W']","['high', 'low', 'low', 'high']",117,"['W_C', 'E_C', 'E_F', 'W_F', 'W_F', 'E_C', 'W_C', 'E_F', 'W_F', 'E_C', 'E_F', 'W_C', 'W_C', 'E_C', 'E_F', 'W_F']",1,7.0,3.0,feet,stripes,C,W,E,F,Yes, Curved/Pointy,5.0,No,,
105,"[7.0, 6.0, 5.0, 8.0, 5.0, 3.0, 5.0, 6.0, 8.0, 5.0, 3.0, 5.0, 8.0, 5.0, 4.0, 5.0]","[6.0, 10.0, 5.0, 3.0, 5.0, 10.0, 10.0, 7.0, 10.0, 4.0, 1.0, 3.0, 4.0, 1.0, 9.0, 4.0]","[1.0, 4.0, 0.0, 5.0, 0.0, 7.0, 5.0, 1.0, 2.0, 1.0, 2.0, 2.0, 4.0, 4.0, 5.0, 1.0]",[],275.143,"['W_C', 'E_F', 'E_C', 'W_F']","[5.0, 9.0, 2.0, 6.0]","['low', 'high', 'high', 'low', 'low', 'high', 'high', 'low', 'high', 'high', 'low', 'low', 'low', 'low', 'high', 'high']","['F', 'C', 'C', 'F', 'F', 'C', 'C', 'F', 'C', 'C', 'F', 'F', 'F', 'F', 'C', 'C']","['W', 'E', 'W', 'E', 'W', 'E', 'W', 'E', 'E', 'W', 'E', 'W', 'E', 'W', 'E', 'W']","['high', 'low', 'high', 'low']",105,"['W_F', 'E_C', 'W_C', 'E_F', 'W_F', 'E_C', 'W_C', 'E_F', 'E_C', 'W_C', 'E_F', 'W_F', 'E_F', 'W_F', 'E_C', 'W_C']",1,7.0,1.0,feet,stripes,C,W,E,F,Yes,Webbed,3.0,No,,
045,"[10.0, 1.0, 6.0, 7.0, 3.0, 2.0, 4.0, 9.0, 3.0, 7.0, 9.0, 6.0, 8.0, 5.0, 7.0, 3.0]","[1.0, 10.0, 1.0, 10.0, 1.0, 4.0, 5.0, 7.0, 2.0, 7.0, 6.0, 8.0, 3.0, 7.0, 4.0, 4.0]","[9.0, 9.0, 5.0, 3.0, 2.0, 2.0, 1.0, 2.0, 1.0, 0.0, 3.0, 2.0, 5.0, 2.0, 3.0, 1.0]","['At first, I looked for patterns. I noticed some animals tended to have darker stripes and others had stuff around their eyes. I was trying to see if any made a difference']",389.7794,"['E_C', 'E_F', 'W_F', 'W_C']","[7.0, 9.0, 2.0, 6.0]","['low', 'high', 'low', 'high', 'low', 'high', 'low', 'high', 'low', 'low', 'high', 'high', 'high', 'high', 'low', 'low']","['F', 'C', 'F', 'C', 'F', 'C', 'F', 'C', 'F', 'F', 'C', 'C', 'C', 'C', 'F', 'F']","['E', 'W', 'W', 'E', 'E', 'W', 'W', 'E', 'E', 'W', 'E', 'W', 'E', 'W', 'W', 'E']","['high', 'low', 'low', 'high']",45,"['E_F', 'W_C', 'W_F', 'E_C', 'E_F', 'W_C', 'W_F', 'E_C', 'E_F', 'W_F', 'E_C', 'W_C', 'E_C', 'W_C', 'W_F', 'E_F']",1,4.0,2.0,feet,stripes,C,E,W,F,No,,,Yes, Up/Right,3.0
205,"[5.0, 10.0, 5.0, 10.0, 10.0, 4.0, 5.0, 10.0, 5.0, 10.0, 5.0, 7.0, 4.0, 8.0, 4.0, 6.0]","[10.0, 5.0, 10.0, 4.0, 6.0, 5.0, 7.0, 5.0, 3.0, 2.0, 10.0, 6.0, 4.0, 8.0, 7.0, 4.0]","[5.0, 5.0, 5.0, 6.0, 4.0, 1.0, 2.0, 5.0, 2.0, 8.0, 5.0, 1.0, 0.0, 0.0, 3.0, 2.0]","[""Everything was fine :) I just didn't notice the different paws of the reptiles but I understand that can be part of the study, I did noticed the lines and how the form affected the fertility""]",720.4319,"['E_F', 'W_F', 'W_C', 'E_C']","[6.0, 4.0, 4.0, 8.0]","['high', 'low', 'high', 'low', 'high', 'low', 'high', 'low', 'low', 'low', 'high', 'high', 'low', 'high', 'high', 'low']","['C', 'F', 'C', 'F', 'C', 'F', 'C', 'F', 'F', 'F', 'C', 'C', 'F', 'C', 'C', 'F']","['E', 'E', 'W', 'W', 'E', 'W', 'W', 'E', 'W', 'E', 'W', 'E', 'W', 'E', 'W', 'E']","['low', 'low', 'high', 'high']",205,"['E_C', 'E_F', 'W_C', 'W_F', 'E_C', 'W_F', 'W_C', 'E_F', 'W_F', 'E_F', 'W_C', 'E_C', 'W_F', 'E_C', 'W_C', 'E_F']",1,7.0,1.0,feet,stripes,C,E,W,F,No,,,Yes, Up/Right,6.0
120,"[5.0, 5.0, 6.0, 5.0, 5.0, 1.0, 5.0, 5.0, 5.0, 7.0, 7.0, 10.0, 3.0, 5.0, 7.0, 6.0]","[5.0, 1.0, 5.0, 5.0, 6.0, 1.0, 4.0, 6.0, 9.0, 8.0, 4.0, 4.0, 4.0, 8.0, 6.0, 9.0]","[0.0, 4.0, 1.0, 0.0, 1.0, 0.0, 1.0, 1.0, 4.0, 1.0, 3.0, 6.0, 1.0, 3.0, 1.0, 3.0]",['The survey was informative and interesting. Thank you.'],434.6229,"['E_C', 'E_F', 'W_F', 'W_C']","[5.0, 5.0, 6.0, 9.0]","['high', 'low', 'low', 'high', 'high', 'low', 'low', 'high', 'high', 'high', 'low', 'low', 'low', 'high', 'low', 'high']","['F', 'F', 'C', 'C', 'F', 'F', 'C', 'C', 'F', 'C', 'F', 'C', 'F', 'C', 'C', 'F']","['E', 'W', 'W', 'E', 'E', 'W', 'W', 'E', 'E', 'E', 'W', 'W', 'W', 'E', 'W', 'E']","['high', 'high', 'low', 'low']",120,"['E_F', 'W_F', 'W_C', 'E_C', 'E_F', 'W_F', 'W_C', 'E_C', 'E_F', 'E_C', 'W_F', 'W_C', 'W_F', 'E_C', 'W_C', 'E_F']",1,7.0,7.0,stripes,feet,C,W,E,F,No,,,No,,
108,"[6.0, 8.0, 6.0, 6.0, 7.0, 4.0, 9.0, 3.0, 6.0, 5.0, 2.0, 5.0, 3.0, 10.0, 5.0, 8.0]","[10.0, 2.0, 8.0, 8.0, 10.0, 3.0, 8.0, 2.0, 2.0, 10.0, 7.0, 5.0, 6.0, 8.0, 5.0, 9.0]","[4.0, 6.0, 2.0, 2.0, 3.0, 1.0, 1.0, 1.0, 4.0, 5.0, 5.0, 0.0, 3.0, 2.0, 0.0, 1.0]",[],429.3534,"['W_C', 'E_F', 'W_F', 'E_C']","[4.0, 6.0, 3.0, 10.0]","['high', 'low', 'low', 'high', 'high', 'low', 'high', 'low', 'low', 'high', 'high', 'low', 'low', 'high', 'low', 'high']","['C', 'F', 'C', 'F', 'C', 'C', 'F', 'F', 'F', 'C', 'F', 'C', 'C', 'C', 'F', 'F']","['E', 'W', 'W', 'E', 'E', 'W', 'E', 'W', 'W', 'E', 'E', 'W', 'W', 'E', 'W', 'E']","['low', 'high', 'low', 'high']",108,"['E_C', 'W_F', 'W_C', 'E_F', 'E_C', 'W_C', 'E_F', 'W_F', 'W_F', 'E_C', 'E_F', 'W_C', 'W_C', 'E_C', 'W_F', 'E_F']",1,7.0,6.0,stripes,feet,C,W,E,F,Yes, Curved/Pointy,7.0,Yes, Up/Right,5.0
149,"[8.0, 4.0, 6.0, 4.0, 6.0, 4.0, 8.0, 9.0, 2.0, 5.0, 8.0, 10.0, 2.0, 9.0, 9.0, 5.0]","[4.0, 6.0, 4.0, 1.0, 9.0, 2.0, 8.0, 9.0, 5.0, 2.0, 5.0, 8.0, 3.0, 3.0, 10.0, 6.0]","[4.0, 2.0, 2.0, 3.0, 3.0, 2.0, 0.0, 0.0, 3.0, 3.0, 3.0, 2.0, 1.0, 6.0, 1.0, 1.0]",['Nothing was confusing and no errors.'],587.8023,"['W_F', 'E_F', 'W_C', 'E_C']","[5.0, 2.0, 8.0, 9.0]","['low', 'high', 'high', 'low', 'low', 'low', 'high', 'high', 'low', 'low', 'high', 'high', 'low', 'high', 'high', 'low']","['F', 'C', 'C', 'F', 'F', 'F', 'C', 'C', 'F', 'F', 'C', 'C', 'F', 'C', 'C', 'F']","['W', 'W', 'E', 'E', 'W', 'E', 'W', 'E', 'W', 'E', 'E', 'W', 'E', 'W', 'E', 'W']","['low', 'low', 'high', 'high']",149,"['W_F', 'W_C', 'E_C', 'E_F', 'W_F', 'E_F', 'W_C', 'E_C', 'W_F', 'E_F', 'E_C', 'W_C', 'E_F', 'W_C', 'E_C', 'W_F']",1,4.0,6.0,feet,stripes,C,E,W,F,Yes,Webbed,7.0,Yes,Up/Left,7.0
035,"[6.0, 7.0, 1.0, 8.0, 5.0, 2.0, 7.0, 5.0, 1.0, 6.0, 9.0, 5.0, 4.0, 9.0, 4.0, 9.0]","[7.0, 1.0, 8.0, 5.0, 2.0, 7.0, 5.0, 1.0, 6.0, 9.0, 3.0, 4.0, 10.0, 6.0, 5.0, 1.0]","[1.0, 6.0, 7.0, 3.0, 3.0, 5.0, 2.0, 4.0, 5.0, 3.0, 6.0, 1.0, 6.0, 3.0, 1.0, 8.0]",['The task was fun!!Abit tricky at the start but got the hung of it as i progressed'],527.1279,"['W_F', 'E_C', 'W_C', 'E_F']","[4.0, 9.0, 1.0, 7.0]","['high', 'low', 'high', 'low', 'low', 'high', 'high', 'low', 'high', 'high', 'low', 'low', 'high', 'high', 'low', 'low']","['F', 'C', 'F', 'C', 'C', 'F', 'F', 'C', 'F', 'F', 'C', 'C', 'F', 'F', 'C', 'C']","['W', 'E', 'E', 'W', 'W', 'E', 'W', 'E', 'E', 'W', 'E', 'W', 'W', 'E', 'W', 'E']","['high', 'low', 'low', 'high']",35,"['W_F', 'E_C', 'E_F', 'W_C', 'W_C', 'E_F', 'W_F', 'E_C', 'E_F', 'W_F', 'E_C', 'W_C', 'W_F', 'E_F', 'W_C', 'E_C']",1,5.0,6.0,feet,stripes,F,E,W,C,No,,,Yes, Up/Right,6.0
186,"[3.0, 7.0, 5.0, 6.0, 3.0, 5.0, 6.0, 6.0, 6.0, 6.0, 5.0, 6.0, 5.0, 6.0, 5.0, 6.0]","[8.0, 4.0, 9.0, 2.0, 2.0, 10.0, 8.0, 5.0, 7.0, 6.0, 10.0, 6.0, 6.0, 5.0, 5.0, 10.0]","[5.0, 3.0, 4.0, 4.0, 1.0, 5.0, 2.0, 1.0, 1.0, 0.0, 5.0, 0.0, 1.0, 1.0, 0.0, 4.0]","['I thought it was the same picture over and over again, which is why I was alternating between 5 and 6 at the end. Since I thought it was the same picture and the fertility rates were so varied, I just chose the middle options as an average.']",332.8131,"['W_C', 'E_F', 'W_F', 'E_C']","[6.0, 6.0, 6.0, 6.0]","['high', 'low', 'high', 'low', 'low', 'high', 'high', 'low', 'low', 'low', 'high', 'high', 'low', 'high', 'low', 'high']","['C', 'F', 'F', 'C', 'C', 'F', 'C', 'F', 'C', 'F', 'F', 'C', 'F', 'F', 'C', 'C']","['W', 'E', 'W', 'E', 'E', 'W', 'W', 'E', 'E', 'E', 'W', 'W', 'E', 'W', 'E', 'W']","['high', 'low', 'high', 'low']",186,"['W_C', 'E_F', 'W_F', 'E_C', 'E_C', 'W_F', 'W_C', 'E_F', 'E_C', 'E_F', 'W_F', 'W_C', 'E_F', 'W_F', 'E_C', 'W_C']",1,1.0,1.0,stripes,feet,F,E,W,C,No,,,No,,
018,"[5.0, 3.0, 4.0, 4.0, 4.0, 9.0, 4.0, 8.0, 9.0, 6.0, 9.0, 6.0, 9.0, 5.0, 4.0, 9.0]","[3.0, 4.0, 9.0, 3.0, 7.0, 8.0, 6.0, 10.0, 9.0, 7.0, 8.0, 6.0, 7.0, 1.0, 7.0, 8.0]","[2.0, 1.0, 5.0, 1.0, 3.0, 1.0, 2.0, 2.0, 0.0, 1.0, 1.0, 0.0, 2.0, 4.0, 3.0, 1.0]","['I saw the stripe difference, but missed the web foot difference, in a true study I would have been able to see all the picture as a group, and not just one at a time, so the differences would be easier to pick out.']",571.7767,"['E_C', 'W_F', 'E_F', 'W_C']","[6.0, 7.0, 4.0, 9.0]","['low', 'high', 'high', 'low', 'low', 'high', 'low', 'high', 'high', 'low', 'high', 'low', 'high', 'low', 'low', 'high']","['C', 'C', 'F', 'F', 'C', 'C', 'F', 'F', 'C', 'F', 'F', 'C', 'C', 'C', 'F', 'F']","['E', 'W', 'W', 'E', 'E', 'W', 'E', 'W', 'W', 'E', 'W', 'E', 'W', 'E', 'E', 'W']","['low', 'high', 'low', 'high']",18,"['E_C', 'W_C', 'W_F', 'E_F', 'E_C', 'W_C', 'E_F', 'W_F', 'W_C', 'E_F', 'W_F', 'E_C', 'W_C', 'E_C', 'E_F', 'W_F']",1,7.0,2.0,stripes,feet,F,E,W,C,No,,,Yes,Up/Left,6.0
126,"[5.0, 5.0, 10.0, 5.0, 5.0, 10.0, 7.0, 2.0, 3.0, 6.0, 7.0, 2.0, 2.0, 4.0, 10.0, 7.0]","[5.0, 10.0, 1.0, 4.0, 2.0, 7.0, 10.0, 3.0, 7.0, 10.0, 8.0, 1.0, 4.0, 2.0, 7.0, 6.0]","[0.0, 5.0, 9.0, 1.0, 3.0, 3.0, 3.0, 1.0, 4.0, 4.0, 1.0, 1.0, 2.0, 2.0, 3.0, 1.0]",['Images were very small.\xa0'],551.27,"['E_C', 'E_F', 'W_C', 'W_F']","[4.0, 3.0, 8.0, 9.0]","['low', 'high', 'low', 'high', 'low', 'high', 'high', 'low', 'low', 'high', 'high', 'low', 'low', 'low', 'high', 'high']","['F', 'C', 'C', 'F', 'F', 'F', 'C', 'C', 'C', 'C', 'F', 'F', 'F', 'C', 'F', 'C']","['E', 'W', 'E', 'W', 'E', 'W', 'W', 'E', 'E', 'W', 'W', 'E', 'E', 'E', 'W', 'W']","['low', 'low', 'high', 'high']",126,"['E_F', 'W_C', 'E_C', 'W_F', 'E_F', 'W_F', 'W_C', 'E_C', 'E_C', 'W_C', 'W_F', 'E_F', 'E_F', 'E_C', 'W_F', 'W_C']",1,2.0,2.0,stripes,feet,C,E,W,F,Yes,Webbed,3.0,Yes,Up/Left,6.0
180,"[5.0, 8.0, 7.0, 3.0, 3.0, 7.0, 9.0, 4.0, 2.0, 8.0, 8.0, 2.0, 9.0, 9.0, 8.0, 7.0]","[5.0, 7.0, 3.0, 3.0, 3.0, 10.0, 8.0, 2.0, 9.0, 10.0, 9.0, 6.0, 5.0, 4.0, 6.0, 8.0]","[0.0, 1.0, 4.0, 0.0, 0.0, 3.0, 1.0, 2.0, 7.0, 2.0, 1.0, 4.0, 4.0, 5.0, 2.0, 1.0]","[""This was fun! I did want to mention a couple things... I did feel like the mouth color changed from a cream/yellow to white on some of the images, and it also seemed like the belly color changed from yellow to green on some of the images. There were no other questions about either of these features, so maybe I was manufacturing their importance in my head.. But if they WERE important, I do think maybe making the color difference more distinct would've helped. Other than that, I love these types of studies!""]",424.3987,"['E_C', 'W_C', 'W_F', 'E_F']","[8.0, 4.0, 5.0, 8.0]","['high', 'high', 'low', 'low', 'low', 'high', 'high', 'low', 'low', 'high', 'high', 'low', 'high', 'low', 'high', 'low']","['F', 'C', 'C', 'F', 'F', 'C', 'F', 'C', 'F', 'F', 'C', 'C', 'C', 'C', 'F', 'F']","['E', 'E', 'W', 'W', 'W', 'E', 'E', 'W', 'W', 'E', 'E', 'W', 'E', 'W', 'E', 'W']","['high', 'low', 'low', 'high']",180,"['E_F', 'E_C', 'W_C', 'W_F', 'W_F', 'E_C', 'E_F', 'W_C', 'W_F', 'E_F', 'E_C', 'W_C', 'E_C', 'W_C', 'E_F', 'W_F']",1,7.0,3.0,stripes,feet,F,W,E,C,No,,,Yes, Up/Right,5.0
215,"[3.0, 1.0, 5.0, 9.0, 10.0, 8.0, 7.0, 8.0, 3.0, 5.0, 9.0, 8.0, 7.0, 7.0, 5.0, 4.0]","[1.0, 10.0, 8.0, 7.0, 8.0, 3.0, 8.0, 3.0, 9.0, 8.0, 4.0, 5.0, 8.0, 6.0, 8.0, 4.0]","[2.0, 9.0, 3.0, 2.0, 2.0, 5.0, 1.0, 5.0, 6.0, 3.0, 5.0, 3.0, 1.0, 1.0, 3.0, 0.0]",['the fertile ones also had a slightly more vibrant shade of green and slightly larger eyes'],406.5482,"['W_C', 'E_C', 'W_F', 'E_F']","[3.0, 3.0, 8.0, 7.0]","['low', 'high', 'high', 'low', 'high', 'low', 'high', 'low', 'high', 'high', 'low', 'low', 'low', 'high', 'high', 'low']","['C', 'F', 'F', 'C', 'F', 'C', 'F', 'C', 'F', 'F', 'C', 'C', 'C', 'F', 'F', 'C']","['W', 'W', 'E', 'E', 'W', 'W', 'E', 'E', 'E', 'W', 'W', 'E', 'E', 'W', 'E', 'W']","['low', 'low', 'high', 'high']",215,"['W_C', 'W_F', 'E_F', 'E_C', 'W_F', 'W_C', 'E_F', 'E_C', 'E_F', 'W_F', 'W_C', 'E_C', 'E_C', 'W_F', 'E_F', 'W_C']",1,1.0,2.0,feet,stripes,F,W,E,C,No,,,No,,
133,"[5.0, 9.0, 6.0, 3.0, 7.0, 3.0, 8.0, 3.0, 3.0, 3.0, 7.0, 7.0, 5.0, 3.0, 8.0, 3.0]","[10.0, 4.0, 2.0, 4.0, 4.0, 9.0, 3.0, 2.0, 3.0, 6.0, 8.0, 3.0, 9.0, 2.0, 3.0, 6.0]","[5.0, 5.0, 4.0, 1.0, 3.0, 6.0, 5.0, 1.0, 0.0, 3.0, 1.0, 4.0, 4.0, 1.0, 5.0, 3.0]","[""I didn't even notice the feet, i was too focused on the stripes, good job.""]",266.442,"['W_C', 'E_F', 'E_C', 'W_F']","[5.0, 7.0, 4.0, 4.0]","['high', 'low', 'low', 'high', 'high', 'high', 'low', 'low', 'low', 'high', 'high', 'low', 'high', 'low', 'low', 'high']","['C', 'F', 'F', 'C', 'C', 'C', 'F', 'F', 'F', 'C', 'C', 'F', 'C', 'F', 'F', 'C']","['W', 'W', 'E', 'E', 'W', 'E', 'E', 'W', 'W', 'W', 'E', 'E', 'E', 'W', 'E', 'W']","['high', 'low', 'high', 'low']",133,"['W_C', 'W_F', 'E_F', 'E_C', 'W_C', 'E_C', 'E_F', 'W_F', 'W_F', 'W_C', 'E_C', 'E_F', 'E_C', 'W_F', 'E_F', 'W_C']",1,5.0,5.0,feet,stripes,C,W,E,F,No,,,Yes, Up/Right,6.0
087,"[4.0, 7.0, 6.0, 7.0, 5.0, 6.0, 6.0, 7.0, 5.0, 6.0, 5.0, 6.0, 4.0, 5.0, 6.0, 6.0]","[6.0, 6.0, 7.0, 3.0, 4.0, 5.0, 6.0, 1.0, 3.0, 4.0, 9.0, 1.0, 5.0, 8.0, 5.0, 4.0]","[2.0, 1.0, 1.0, 4.0, 1.0, 1.0, 0.0, 6.0, 2.0, 2.0, 4.0, 5.0, 1.0, 3.0, 1.0, 2.0]",['good survey'],356.0758,"['W_C', 'E_C', 'W_F', 'E_F']","[5.0, 7.0, 4.0, 5.0]","['low', 'high', 'high', 'low', 'low', 'high', 'high', 'low', 'low', 'high', 'high', 'low', 'low', 'high', 'high', 'low']","['C', 'F', 'F', 'C', 'C', 'F', 'F', 'C', 'C', 'F', 'F', 'C', 'C', 'F', 'F', 'C']","['E', 'W', 'E', 'W', 'W', 'E', 'W', 'E', 'W', 'E', 'W', 'E', 'W', 'W', 'E', 'E']","['low', 'low', 'high', 'high']",87,"['E_C', 'W_F', 'E_F', 'W_C', 'W_C', 'E_F', 'W_F', 'E_C', 'W_C', 'E_F', 'W_F', 'E_C', 'W_C', 'W_F', 'E_F', 'E_C']",1,6.0,5.0,feet,stripes,F,E,W,C,No,,,Yes, Up/Right,2.0
181,"[5.0, 7.0, 2.0, 5.0, 4.0, 5.0, 4.0, 8.0, 4.0, 4.0, 5.0, 10.0, 9.0, 7.0, 7.0, 2.0]","[7.0, 2.0, 7.0, 3.0, 7.0, 3.0, 4.0, 4.0, 4.0, 9.0, 10.0, 8.0, 5.0, 7.0, 4.0, 5.0]","[2.0, 5.0, 5.0, 2.0, 3.0, 2.0, 0.0, 4.0, 0.0, 5.0, 5.0, 2.0, 4.0, 0.0, 3.0, 3.0]","[""I stared at the first few frogs and then assumed they were all the same frog :'( I was looking at the outlines of the eye shapes and the area of which the shading continued - not the direction of the shading - so then I was wondering if the fertility had something to do with the other frogs around it instead. T_T Totally off and now I feel stupid\xa0""]",315.3475,"['W_C', 'E_F', 'E_C', 'W_F']","[4.0, 8.0, 3.0, 4.0]","['high', 'low', 'high', 'low', 'high', 'low', 'low', 'high', 'low', 'low', 'high', 'high', 'low', 'high', 'high', 'low']","['C', 'F', 'C', 'F', 'C', 'F', 'F', 'C', 'F', 'F', 'C', 'C', 'F', 'C', 'C', 'F']","['E', 'E', 'W', 'W', 'W', 'E', 'W', 'E', 'W', 'E', 'E', 'W', 'W', 'E', 'W', 'E']","['high', 'low', 'high', 'low']",181,"['E_C', 'E_F', 'W_C', 'W_F', 'W_C', 'E_F', 'W_F', 'E_C', 'W_F', 'E_F', 'E_C', 'W_C', 'W_F', 'E_C', 'W_C', 'E_F']",1,3.0,7.0,feet,stripes,C,W,E,F,No,,,No,,
080,"[7.0, 7.0, 8.0, 7.0, 8.0, 6.0, 5.0, 8.0, 7.0, 8.0, 7.0, 6.0, 4.0, 2.0, 4.0, 8.0]","[6.0, 8.0, 8.0, 6.0, 7.0, 1.0, 3.0, 5.0, 3.0, 9.0, 9.0, 1.0, 5.0, 6.0, 1.0, 5.0]","[1.0, 1.0, 0.0, 1.0, 1.0, 5.0, 2.0, 3.0, 4.0, 1.0, 2.0, 5.0, 1.0, 4.0, 3.0, 3.0]","[""I've got to admit I was fascinated. I need to work on my visual awareness.""]",597.585,"['W_C', 'W_F', 'E_F', 'E_C']","[2.0, 5.0, 5.0, 8.0]","['low', 'low', 'high', 'high', 'high', 'low', 'low', 'high', 'low', 'high', 'high', 'low', 'high', 'low', 'low', 'high']","['C', 'F', 'C', 'F', 'C', 'C', 'F', 'F', 'C', 'C', 'F', 'F', 'F', 'C', 'F', 'C']","['W', 'W', 'E', 'E', 'E', 'W', 'W', 'E', 'W', 'E', 'E', 'W', 'E', 'W', 'W', 'E']","['low', 'low', 'high', 'high']",80,"['W_C', 'W_F', 'E_C', 'E_F', 'E_C', 'W_C', 'W_F', 'E_F', 'W_C', 'E_C', 'E_F', 'W_F', 'E_F', 'W_C', 'W_F', 'E_C']",1,5.0,5.0,stripes,feet,C,W,E,F,No,,,Yes, Up/Right,6.0
052,"[8.0, 5.0, 5.0, 4.0, 8.0, 8.0, 5.0, 7.0, 2.0, 7.0, 4.0, 7.0, 2.0, 7.0, 2.0, 7.0]","[5.0, 5.0, 10.0, 8.0, 8.0, 4.0, 1.0, 6.0, 4.0, 8.0, 3.0, 4.0, 3.0, 4.0, 1.0, 10.0]","[3.0, 0.0, 5.0, 4.0, 0.0, 4.0, 4.0, 1.0, 2.0, 1.0, 1.0, 3.0, 1.0, 3.0, 1.0, 3.0]","['If there had been 10 other predictions, I might have got this but admittedly, I struggled through 3/4 of this before it started to kick in.\xa0']",613.4606,"['W_F', 'E_F', 'W_C', 'E_C']","[3.0, 7.0, 2.0, 10.0]","['low', 'low', 'high', 'high', 'high', 'low', 'low', 'high', 'low', 'high', 'low', 'high', 'low', 'high', 'low', 'high']","['C', 'F', 'C', 'F', 'C', 'C', 'F', 'F', 'C', 'F', 'F', 'C', 'C', 'F', 'F', 'C']","['W', 'W', 'E', 'E', 'E', 'W', 'W', 'E', 'W', 'E', 'W', 'E', 'W', 'E', 'W', 'E']","['low', 'high', 'low', 'high']",52,"['W_C', 'W_F', 'E_C', 'E_F', 'E_C', 'W_C', 'W_F', 'E_F', 'W_C', 'E_F', 'W_F', 'E_C', 'W_C', 'E_F', 'W_F', 'E_C']",1,7.0,3.0,stripes,feet,C,W,E,F,No,,,Yes, Up/Right,3.0
043,"[5.0, 4.0, 5.0, 6.0, 6.0, 5.0, 5.0, 5.0, 5.0, 5.0, 6.0, 5.0, 5.0, 4.0, 4.0, 3.0]","[4.0, 6.0, 10.0, 3.0, 1.0, 5.0, 6.0, 9.0, 9.0, 7.0, 3.0, 1.0, 3.0, 9.0, 4.0, 6.0]","[1.0, 2.0, 5.0, 3.0, 5.0, 0.0, 1.0, 4.0, 4.0, 2.0, 3.0, 4.0, 2.0, 5.0, 0.0, 3.0]",['I wish the differences between the reptiles were more obvious'],238.1069,"['E_F', 'W_F', 'E_C', 'W_C']","[9.0, 3.0, 5.0, 6.0]","['low', 'high', 'high', 'low', 'low', 'high', 'low', 'high', 'high', 'high', 'low', 'low', 'low', 'high', 'low', 'high']","['C', 'F', 'F', 'C', 'C', 'F', 'C', 'F', 'F', 'F', 'C', 'C', 'C', 'F', 'C', 'F']","['E', 'W', 'E', 'W', 'W', 'E', 'E', 'W', 'E', 'W', 'E', 'W', 'E', 'E', 'W', 'W']","['high', 'high', 'low', 'low']",43,"['E_C', 'W_F', 'E_F', 'W_C', 'W_C', 'E_F', 'E_C', 'W_F', 'E_F', 'W_F', 'E_C', 'W_C', 'E_C', 'E_F', 'W_C', 'W_F']",1,4.0,3.0,feet,stripes,F,W,E,C,No,,,No,,
188,"[2.0, 5.0, 4.0, 4.0, 4.0, 1.0, 6.0, 4.0, 1.0, 8.0, 6.0, 2.0, 9.0, 2.0, 4.0, 10.0]","[5.0, 4.0, 1.0, 7.0, 1.0, 2.0, 10.0, 8.0, 3.0, 8.0, 8.0, 5.0, 10.0, 5.0, 2.0, 9.0]","[3.0, 1.0, 3.0, 3.0, 3.0, 1.0, 4.0, 4.0, 2.0, 0.0, 2.0, 3.0, 1.0, 3.0, 2.0, 1.0]",[],344.7308,"['E_C', 'W_F', 'E_F', 'W_C']","[8.0, 5.0, 10.0, 2.0]","['high', 'low', 'low', 'high', 'low', 'low', 'high', 'high', 'low', 'high', 'high', 'low', 'high', 'low', 'low', 'high']","['F', 'C', 'F', 'C', 'F', 'C', 'F', 'C', 'F', 'F', 'C', 'C', 'F', 'C', 'F', 'C']","['E', 'W', 'W', 'E', 'W', 'W', 'E', 'E', 'W', 'E', 'E', 'W', 'E', 'W', 'W', 'E']","['high', 'low', 'high', 'low']",188,"['E_F', 'W_C', 'W_F', 'E_C', 'W_F', 'W_C', 'E_F', 'E_C', 'W_F', 'E_F', 'E_C', 'W_C', 'E_F', 'W_C', 'W_F', 'E_C']",1,7.0,2.0,stripes,feet,C,W,E,F,Yes, Curved/Pointy,2.0,Yes,Up/Left,6.0
028,"[7.0, 7.0, 5.0, 8.0, 4.0, 7.0, 5.0, 7.0, 8.0, 7.0, 4.0, 5.0, 6.0, 5.0, 10.0, 8.0]","[7.0, 1.0, 10.0, 2.0, 1.0, 9.0, 8.0, 4.0, 5.0, 5.0, 1.0, 7.0, 6.0, 4.0, 6.0, 4.0]","[0.0, 6.0, 5.0, 6.0, 3.0, 2.0, 3.0, 3.0, 3.0, 2.0, 3.0, 2.0, 0.0, 1.0, 4.0, 4.0]",[],609.7041,"['W_F', 'W_C', 'E_F', 'E_C']","[8.0, 6.0, 4.0, 10.0]","['high', 'low', 'high', 'low', 'low', 'high', 'high', 'low', 'low', 'high', 'low', 'high', 'high', 'low', 'high', 'low']","['C', 'C', 'F', 'F', 'C', 'F', 'C', 'F', 'C', 'C', 'F', 'F', 'F', 'C', 'C', 'F']","['E', 'W', 'E', 'W', 'W', 'E', 'E', 'W', 'W', 'E', 'W', 'E', 'E', 'W', 'E', 'W']","['low', 'low', 'high', 'high']",28,"['E_C', 'W_C', 'E_F', 'W_F', 'W_C', 'E_F', 'E_C', 'W_F', 'W_C', 'E_C', 'W_F', 'E_F', 'E_F', 'W_C', 'E_C', 'W_F']",1,5.0,3.0,stripes,feet,F,W,E,C,No,,,No,,
147,"[5.0, 6.0, 8.0, 5.0, 3.0, 7.0, 4.0, 3.0, 5.0, 7.0, 3.0, 3.0, 7.0, 5.0, 5.0, 5.0]","[5.0, 10.0, 1.0, 2.0, 4.0, 4.0, 3.0, 5.0, 3.0, 5.0, 7.0, 7.0, 4.0, 3.0, 3.0, 4.0]","[0.0, 4.0, 7.0, 3.0, 1.0, 3.0, 1.0, 2.0, 2.0, 2.0, 4.0, 4.0, 3.0, 2.0, 2.0, 1.0]",['This was very facinating. Good job'],563.8728,"['W_C', 'W_F', 'E_F', 'E_C']","[4.0, 3.0, 7.0, 8.0]","['high', 'high', 'low', 'low', 'low', 'high', 'low', 'high', 'low', 'low', 'high', 'high', 'low', 'low', 'high', 'high']","['F', 'F', 'C', 'C', 'C', 'F', 'C', 'F', 'C', 'C', 'F', 'F', 'C', 'C', 'F', 'F']","['W', 'E', 'E', 'W', 'W', 'E', 'E', 'W', 'W', 'E', 'W', 'E', 'E', 'W', 'W', 'E']","['low', 'high', 'high', 'low']",147,"['W_F', 'E_F', 'E_C', 'W_C', 'W_C', 'E_F', 'E_C', 'W_F', 'W_C', 'E_C', 'W_F', 'E_F', 'E_C', 'W_C', 'W_F', 'E_F']",1,7.0,6.0,feet,stripes,F,W,E,C,No,,,Yes, Up/Right,3.0
217,"[6.0, 3.0, 7.0, 6.0, 5.0, 4.0, 4.0, 8.0, 6.0, 7.0, 3.0, 4.0, 7.0, 3.0, 6.0, 2.0]","[3.0, 9.0, 5.0, 5.0, 8.0, 4.0, 1.0, 4.0, 8.0, 6.0, 6.0, 5.0, 5.0, 3.0, 9.0, 3.0]","[3.0, 6.0, 2.0, 1.0, 3.0, 0.0, 3.0, 4.0, 2.0, 1.0, 3.0, 1.0, 2.0, 0.0, 3.0, 1.0]",[],551.4294,"['E_F', 'W_C', 'E_C', 'W_F']","[3.0, 7.0, 7.0, 4.0]","['low', 'high', 'low', 'high', 'high', 'low', 'low', 'high', 'high', 'high', 'low', 'low', 'high', 'low', 'high', 'low']","['F', 'C', 'F', 'C', 'C', 'F', 'F', 'C', 'C', 'C', 'F', 'F', 'C', 'F', 'C', 'F']","['E', 'W', 'W', 'E', 'E', 'W', 'E', 'W', 'E', 'W', 'W', 'E', 'E', 'W', 'W', 'E']","['low', 'high', 'high', 'low']",217,"['E_F', 'W_C', 'W_F', 'E_C', 'E_C', 'W_F', 'E_F', 'W_C', 'E_C', 'W_C', 'W_F', 'E_F', 'E_C', 'W_F', 'W_C', 'E_F']",1,6.0,6.0,feet,stripes,C,E,W,F,Yes, Curved/Pointy,6.0,No,,
166,"[6.0, 7.0, 5.0, 7.0, 4.0, 7.0, 3.0, 9.0, 9.0, 6.0, 3.0, 6.0, 7.0, 6.0, 4.0, 6.0]","[9.0, 4.0, 4.0, 7.0, 2.0, 10.0, 5.0, 6.0, 5.0, 6.0, 6.0, 8.0, 9.0, 1.0, 4.0, 9.0]","[3.0, 3.0, 1.0, 0.0, 2.0, 3.0, 2.0, 3.0, 4.0, 0.0, 3.0, 2.0, 2.0, 5.0, 0.0, 3.0]","['I thought that certain markings in the lines and the type of feet made a difference in the fertility. Although, there were times when my fertility guess was a few off from where I thought the range would be.']",459.3981,"['W_C', 'E_F', 'E_C', 'W_F']","[7.0, 4.0, 3.0, 9.0]","['high', 'low', 'low', 'high', 'low', 'high', 'low', 'high', 'low', 'high', 'low', 'high', 'high', 'low', 'low', 'high']","['F', 'F', 'C', 'C', 'C', 'F', 'F', 'C', 'F', 'C', 'C', 'F', 'C', 'C', 'F', 'F']","['W', 'E', 'E', 'W', 'E', 'W', 'E', 'W', 'E', 'W', 'E', 'W', 'W', 'E', 'E', 'W']","['high', 'low', 'low', 'high']",166,"['W_F', 'E_F', 'E_C', 'W_C', 'E_C', 'W_F', 'E_F', 'W_C', 'E_F', 'W_C', 'E_C', 'W_F', 'W_C', 'E_C', 'E_F', 'W_F']",1,7.0,6.0,stripes,feet,F,E,W,C,Yes,Webbed,3.0,Yes,Up/Left,6.0
189,"[5.0, 5.0, 6.0, 4.0, 3.0, 9.0, 6.0, 7.0, 8.0, 10.0, 5.0, 4.0, 6.0, 4.0, 7.0, 4.0]","[3.0, 7.0, 10.0, 7.0, 8.0, 5.0, 5.0, 6.0, 9.0, 8.0, 3.0, 5.0, 2.0, 5.0, 3.0, 7.0]","[2.0, 2.0, 4.0, 3.0, 5.0, 4.0, 1.0, 1.0, 1.0, 2.0, 2.0, 1.0, 4.0, 1.0, 4.0, 3.0]","['No errors, tast was interesting']",348.18,"['E_C', 'W_F', 'E_F', 'W_C']","[7.0, 3.0, 5.0, 8.0]","['low', 'high', 'high', 'low', 'high', 'low', 'high', 'low', 'high', 'high', 'low', 'low', 'low', 'high', 'low', 'high']","['F', 'C', 'C', 'F', 'C', 'F', 'C', 'F', 'C', 'C', 'F', 'F', 'F', 'C', 'F', 'C']","['E', 'E', 'W', 'W', 'W', 'W', 'E', 'E', 'E', 'W', 'W', 'E', 'W', 'E', 'E', 'W']","['high', 'low', 'low', 'high']",189,"['E_F', 'E_C', 'W_C', 'W_F', 'W_C', 'W_F', 'E_C', 'E_F', 'E_C', 'W_C', 'W_F', 'E_F', 'W_F', 'E_C', 'E_F', 'W_C']",1,3.0,3.0,feet,stripes,C,E,W,F,No,,,No,,
214,"[8.0, 6.0, 4.0, 7.0, 6.0, 6.0, 3.0, 6.0, 5.0, 6.0, 5.0, 8.0, 7.0, 3.0, 8.0, 6.0]","[6.0, 6.0, 7.0, 5.0, 6.0, 3.0, 5.0, 9.0, 10.0, 3.0, 4.0, 4.0, 8.0, 4.0, 10.0, 4.0]","[2.0, 0.0, 3.0, 2.0, 0.0, 3.0, 2.0, 3.0, 5.0, 3.0, 1.0, 4.0, 1.0, 1.0, 2.0, 2.0]",[],573.4926,"['E_C', 'W_C', 'W_F', 'E_F']","[4.0, 10.0, 7.0, 5.0]","['low', 'low', 'high', 'high', 'high', 'low', 'low', 'high', 'high', 'low', 'high', 'low', 'high', 'low', 'high', 'low']","['F', 'C', 'C', 'F', 'C', 'C', 'F', 'F', 'C', 'F', 'F', 'C', 'F', 'C', 'C', 'F']","['E', 'E', 'W', 'W', 'W', 'E', 'E', 'W', 'W', 'E', 'W', 'E', 'W', 'E', 'W', 'E']","['low', 'high', 'high', 'low']",214,"['E_F', 'E_C', 'W_C', 'W_F', 'W_C', 'E_C', 'E_F', 'W_F', 'W_C', 'E_F', 'W_F', 'E_C', 'W_F', 'E_C', 'W_C', 'E_F']",1,6.0,6.0,stripes,feet,C,E,W,F,Yes, Curved/Pointy,6.0,Yes,Up/Left,6.0
175,"[7.0, 5.0, 7.0, 7.0, 4.0, 5.0, 7.0, 9.0, 7.0, 4.0, 2.0, 3.0, 2.0, 7.0, 8.0, 5.0]","[5.0, 4.0, 6.0, 3.0, 9.0, 1.0, 3.0, 8.0, 10.0, 5.0, 1.0, 7.0, 3.0, 9.0, 1.0, 2.0]","[2.0, 1.0, 1.0, 4.0, 5.0, 4.0, 4.0, 1.0, 3.0, 1.0, 1.0, 4.0, 1.0, 2.0, 7.0, 3.0]",[],354.314,"['W_C', 'W_F', 'E_C', 'E_F']","[3.0, 2.0, 7.0, 8.0]","['high', 'low', 'high', 'low', 'high', 'low', 'low', 'high', 'high', 'high', 'low', 'low', 'low', 'high', 'low', 'high']","['F', 'C', 'F', 'C', 'F', 'C', 'C', 'F', 'F', 'F', 'C', 'C', 'C', 'F', 'C', 'F']","['E', 'E', 'W', 'W', 'E', 'W', 'E', 'W', 'W', 'E', 'E', 'W', 'E', 'W', 'W', 'E']","['low', 'high', 'low', 'high']",175,"['E_F', 'E_C', 'W_F', 'W_C', 'E_F', 'W_C', 'E_C', 'W_F', 'W_F', 'E_F', 'E_C', 'W_C', 'E_C', 'W_F', 'W_C', 'E_F']",1,6.0,5.0,feet,stripes,F,E,W,C,No,,,Yes, Up/Right,6.0
034,"[5.0, 7.0, 5.0, 4.0, 5.0, 7.0, 8.0, 3.0, 8.0, 4.0, 3.0, 9.0, 8.0, 9.0, 4.0, 3.0]","[8.0, 8.0, 3.0, 4.0, 3.0, 9.0, 9.0, 1.0, 9.0, 3.0, 1.0, 9.0, 10.0, 8.0, 8.0, 1.0]","[3.0, 1.0, 2.0, 0.0, 2.0, 2.0, 1.0, 2.0, 1.0, 1.0, 2.0, 0.0, 2.0, 1.0, 4.0, 2.0]",[],317.6531,"['W_F', 'E_C', 'E_F', 'W_C']","[10.0, 2.0, 9.0, 8.0]","['high', 'high', 'low', 'low', 'low', 'high', 'high', 'low', 'high', 'low', 'low', 'high', 'high', 'high', 'low', 'low']","['F', 'C', 'F', 'C', 'F', 'C', 'F', 'C', 'C', 'F', 'C', 'F', 'F', 'C', 'F', 'C']","['W', 'W', 'E', 'E', 'E', 'W', 'W', 'E', 'W', 'E', 'E', 'W', 'W', 'W', 'E', 'E']","['high', 'low', 'low', 'high']",34,"['W_F', 'W_C', 'E_F', 'E_C', 'E_F', 'W_C', 'W_F', 'E_C', 'W_C', 'E_F', 'E_C', 'W_F', 'W_F', 'W_C', 'E_F', 'E_C']",1,5.0,3.0,stripes,feet,F,E,W,C,Yes,Webbed,3.0,Yes, Up/Right,6.0
193,"[5.0, 4.0, 8.0, 9.0, 3.0, 6.0, 10.0, 6.0, 4.0, 6.0, 10.0, 1.0, 8.0, 5.0, 3.0, 5.0]","[4.0, 9.0, 5.0, 2.0, 5.0, 10.0, 3.0, 1.0, 10.0, 4.0, 3.0, 5.0, 8.0, 3.0, 10.0, 5.0]","[1.0, 5.0, 3.0, 7.0, 2.0, 4.0, 7.0, 5.0, 6.0, 2.0, 7.0, 4.0, 0.0, 2.0, 7.0, 0.0]",[],730.2662,"['E_F', 'E_C', 'W_F', 'W_C']","[8.0, 10.0, 4.0, 3.0]","['high', 'high', 'low', 'low', 'high', 'high', 'low', 'low', 'high', 'high', 'low', 'low', 'high', 'low', 'high', 'low']","['C', 'C', 'F', 'F', 'C', 'C', 'F', 'F', 'C', 'C', 'F', 'F', 'C', 'F', 'C', 'F']","['W', 'E', 'E', 'W', 'E', 'W', 'W', 'E', 'W', 'E', 'E', 'W', 'W', 'E', 'E', 'W']","['low', 'high', 'low', 'high']",193,"['W_C', 'E_C', 'E_F', 'W_F', 'E_C', 'W_C', 'W_F', 'E_F', 'W_C', 'E_C', 'E_F', 'W_F', 'W_C', 'E_F', 'E_C', 'W_F']",1,7.0,7.0,feet,stripes,C,E,W,F,No,,,No,,
196,"[6.0, 2.0, 1.0, 4.0, 4.0, 5.0, 4.0, 4.0, 5.0, 4.0, 4.0, 5.0, 3.0, 4.0, 5.0, 5.0]","[2.0, 1.0, 9.0, 4.0, 6.0, 3.0, 5.0, 4.0, 5.0, 5.0, 4.0, 2.0, 4.0, 7.0, 8.0, 6.0]","[4.0, 1.0, 8.0, 0.0, 2.0, 2.0, 1.0, 0.0, 0.0, 1.0, 0.0, 3.0, 1.0, 3.0, 3.0, 1.0]",['I enjoyed the experiment but I did not notice any differences in the reptiles because they were subtle.'],441.1854,"['E_C', 'W_C', 'W_F', 'E_F']","[2.0, 7.0, 4.0, 5.0]","['low', 'low', 'high', 'high', 'high', 'low', 'low', 'high', 'high', 'high', 'low', 'low', 'low', 'low', 'high', 'high']","['F', 'C', 'C', 'F', 'F', 'C', 'F', 'C', 'F', 'C', 'C', 'F', 'F', 'C', 'C', 'F']","['W', 'W', 'E', 'E', 'E', 'W', 'W', 'E', 'E', 'E', 'W', 'W', 'W', 'W', 'E', 'E']","['high', 'low', 'low', 'high']",196,"['W_F', 'W_C', 'E_C', 'E_F', 'E_F', 'W_C', 'W_F', 'E_C', 'E_F', 'E_C', 'W_C', 'W_F', 'W_F', 'W_C', 'E_C', 'E_F']",1,2.0,2.0,stripes,feet,C,W,E,F,No,,,No,,
199,"[3.0, 4.0, 6.0, 4.0, 9.0, 5.0, 9.0, 4.0, 9.0, 4.0, 2.0, 8.0, 7.0, 6.0, 3.0, 9.0]","[4.0, 9.0, 4.0, 10.0, 3.0, 5.0, 7.0, 9.0, 8.0, 2.0, 4.0, 8.0, 2.0, 2.0, 8.0, 7.0]","[1.0, 5.0, 2.0, 6.0, 6.0, 0.0, 2.0, 5.0, 1.0, 2.0, 2.0, 0.0, 5.0, 4.0, 5.0, 2.0]",[],569.0618,"['E_F', 'W_C', 'E_C', 'W_F']","[7.0, 7.0, 3.0, 9.0]","['low', 'high', 'low', 'high', 'low', 'low', 'high', 'high', 'high', 'low', 'low', 'high', 'low', 'low', 'high', 'high']","['C', 'F', 'C', 'F', 'C', 'C', 'F', 'F', 'F', 'C', 'C', 'F', 'C', 'C', 'F', 'F']","['E', 'E', 'W', 'W', 'E', 'W', 'E', 'W', 'W', 'E', 'W', 'E', 'W', 'E', 'E', 'W']","['high', 'low', 'low', 'high']",199,"['E_C', 'E_F', 'W_C', 'W_F', 'E_C', 'W_C', 'E_F', 'W_F', 'W_F', 'E_C', 'W_C', 'E_F', 'W_C', 'E_C', 'E_F', 'W_F']",1,7.0,7.0,feet,stripes,F,E,W,C,No,,,Yes,Up/Left,4.0
177,"[5.0, 4.0, 7.0, 2.0, 6.0, 3.0, 8.0, 3.0, 4.0, 5.0, 3.0, 9.0, 2.0, 8.0, 7.0, 2.0]","[2.0, 7.0, 3.0, 4.0, 9.0, 4.0, 2.0, 4.0, 4.0, 7.0, 9.0, 1.0, 3.0, 9.0, 9.0, 5.0]","[3.0, 3.0, 4.0, 2.0, 3.0, 1.0, 6.0, 1.0, 0.0, 2.0, 6.0, 8.0, 1.0, 1.0, 2.0, 3.0]","['n/a, thank you for the opportunity to participate']",355.0373,"['W_C', 'E_C', 'W_F', 'E_F']","[9.0, 7.0, 3.0, 5.0]","['low', 'high', 'low', 'high', 'high', 'high', 'low', 'low', 'low', 'high', 'high', 'low', 'low', 'high', 'high', 'low']","['F', 'C', 'F', 'C', 'C', 'C', 'F', 'F', 'F', 'C', 'C', 'F', 'F', 'C', 'C', 'F']","['E', 'W', 'W', 'E', 'W', 'E', 'W', 'E', 'E', 'E', 'W', 'W', 'W', 'W', 'E', 'E']","['high', 'high', 'low', 'low']",177,"['E_F', 'W_C', 'W_F', 'E_C', 'W_C', 'E_C', 'W_F', 'E_F', 'E_F', 'E_C', 'W_C', 'W_F', 'W_F', 'W_C', 'E_C', 'E_F']",1,6.0,3.0,feet,stripes,C,E,W,F,Yes, Curved/Pointy,6.0,Yes,Up/Left,3.0
048,"[2.0, 8.0, 5.0, 6.0, 7.0, 6.0, 8.0, 8.0, 6.0, 4.0, 7.0, 6.0, 6.0, 8.0, 5.0, 8.0]","[8.0, 3.0, 6.0, 8.0, 5.0, 4.0, 4.0, 6.0, 10.0, 7.0, 1.0, 2.0, 4.0, 8.0, 1.0, 9.0]","[6.0, 5.0, 1.0, 2.0, 2.0, 2.0, 4.0, 2.0, 4.0, 3.0, 6.0, 4.0, 2.0, 0.0, 4.0, 1.0]","['This was quite an interesting task - it definitely encouraged me to think and midwy through I thought I should be taking notes - but was not sure if this would be antitheticl to the idea of the study! *midway, *antithetical']",481.8877,"['W_F', 'E_C', 'E_F', 'W_C']","[2.0, 8.0, 7.0, 2.0]","['high', 'low', 'low', 'high', 'high', 'low', 'low', 'high', 'high', 'high', 'low', 'low', 'low', 'high', 'low', 'high']","['F', 'F', 'C', 'C', 'F', 'F', 'C', 'C', 'F', 'C', 'F', 'C', 'C', 'C', 'F', 'F']","['E', 'W', 'W', 'E', 'E', 'W', 'W', 'E', 'E', 'E', 'W', 'W', 'W', 'E', 'W', 'E']","['low', 'high', 'high', 'low']",48,"['E_F', 'W_F', 'W_C', 'E_C', 'E_F', 'W_F', 'W_C', 'E_C', 'E_F', 'E_C', 'W_F', 'W_C', 'W_C', 'E_C', 'W_F', 'E_F']",1,7.0,2.0,stripes,feet,C,W,E,F,No,,,Yes, Up/Right,6.0
148,"[5.0, 1.0, 5.0, 5.0, 3.0, 9.0, 3.0, 7.0, 7.0, 4.0, 7.0, 6.0, 5.0, 7.0, 6.0, 4.0]","[1.0, 6.0, 3.0, 5.0, 5.0, 10.0, 3.0, 4.0, 6.0, 10.0, 3.0, 3.0, 8.0, 1.0, 5.0, 6.0]","[4.0, 5.0, 2.0, 0.0, 2.0, 1.0, 0.0, 3.0, 1.0, 6.0, 4.0, 3.0, 3.0, 6.0, 1.0, 2.0]",[],450.726,"['E_F', 'W_F', 'W_C', 'E_C']","[8.0, 6.0, 5.0, 3.0]","['low', 'high', 'low', 'high', 'high', 'high', 'low', 'low', 'high', 'high', 'low', 'low', 'high', 'low', 'low', 'high']","['F', 'C', 'C', 'F', 'C', 'F', 'C', 'F', 'F', 'C', 'F', 'C', 'C', 'F', 'C', 'F']","['W', 'E', 'W', 'E', 'E', 'E', 'W', 'W', 'E', 'E', 'W', 'W', 'E', 'W', 'W', 'E']","['high', 'low', 'low', 'high']",148,"['W_F', 'E_C', 'W_C', 'E_F', 'E_C', 'E_F', 'W_C', 'W_F', 'E_F', 'E_C', 'W_F', 'W_C', 'E_C', 'W_F', 'W_C', 'E_F']",1,6.0,6.0,stripes,feet,C,W,E,F,Yes,Webbed,5.0,No,,
204,"[5.0, 9.0, 3.0, 3.0, 3.0, 4.0, 9.0, 8.0, 6.0, 7.0, 9.0, 9.0, 10.0, 8.0, 8.0, 5.0]","[9.0, 3.0, 3.0, 3.0, 4.0, 8.0, 9.0, 3.0, 6.0, 10.0, 10.0, 2.0, 7.0, 10.0, 2.0, 5.0]","[4.0, 6.0, 0.0, 0.0, 1.0, 4.0, 0.0, 5.0, 0.0, 3.0, 1.0, 7.0, 3.0, 2.0, 6.0, 0.0]",[],584.5342,"['W_C', 'E_F', 'E_C', 'W_F']","[5.0, 9.0, 3.0, 7.0]","['high', 'low', 'high', 'low', 'low', 'low', 'high', 'high', 'low', 'high', 'high', 'low', 'high', 'high', 'low', 'low']","['C', 'C', 'F', 'F', 'F', 'C', 'C', 'F', 'C', 'C', 'F', 'F', 'F', 'C', 'C', 'F']","['E', 'W', 'E', 'W', 'W', 'W', 'E', 'E', 'W', 'E', 'E', 'W', 'E', 'E', 'W', 'W']","['low', 'high', 'high', 'low']",204,"['E_C', 'W_C', 'E_F', 'W_F', 'W_F', 'W_C', 'E_C', 'E_F', 'W_C', 'E_C', 'E_F', 'W_F', 'E_F', 'E_C', 'W_C', 'W_F']",1,7.0,7.0,stripes,feet,C,W,E,F,No,,,Yes, Up/Right,6.0
165,"[7.0, 8.0, 6.0, 3.0, 8.0, 4.0, 10.0, 6.0, 3.0, 6.0, 8.0, 6.0, 4.0, 4.0, 2.0, 8.0]","[8.0, 4.0, 2.0, 10.0, 4.0, 10.0, 5.0, 3.0, 7.0, 8.0, 1.0, 4.0, 8.0, 4.0, 2.0, 8.0]","[1.0, 4.0, 4.0, 7.0, 4.0, 6.0, 5.0, 3.0, 4.0, 2.0, 7.0, 2.0, 4.0, 0.0, 0.0, 0.0]",['Everything went smoothly. I think the fact that I was unable to find a discernible pattern had more impact than anything else. I also failed to notice the webbed feet and only focused on the pattern.\xa0'],300.8326,"['W_C', 'E_F', 'E_C', 'W_F']","[6.0, 5.0, 5.0, 6.0]","['high', 'low', 'low', 'high', 'high', 'high', 'low', 'low', 'high', 'high', 'low', 'low', 'high', 'low', 'low', 'high']","['C', 'F', 'F', 'C', 'C', 'C', 'F', 'F', 'C', 'C', 'F', 'F', 'C', 'F', 'F', 'C']","['E', 'E', 'W', 'W', 'E', 'W', 'W', 'E', 'E', 'W', 'W', 'E', 'E', 'E', 'W', 'W']","['high', 'low', 'high', 'low']",165,"['E_C', 'E_F', 'W_F', 'W_C', 'E_C', 'W_C', 'W_F', 'E_F', 'E_C', 'W_C', 'W_F', 'E_F', 'E_C', 'E_F', 'W_F', 'W_C']",1,5.0,2.0,feet,stripes,C,E,W,F,No,,,No,,
038,"[7.0, 9.0, 2.0, 7.0, 5.0, 9.0, 7.0, 10.0, 5.0, 2.0, 7.0, 10.0, 6.0, 2.0, 5.0, 9.0]","[8.0, 2.0, 5.0, 2.0, 2.0, 9.0, 5.0, 5.0, 9.0, 1.0, 4.0, 6.0, 5.0, 3.0, 3.0, 1.0]","[1.0, 7.0, 3.0, 5.0, 3.0, 0.0, 2.0, 5.0, 4.0, 1.0, 3.0, 4.0, 1.0, 1.0, 2.0, 8.0]",['I like the experiment.'],412.225,"['E_F', 'E_C', 'W_F', 'W_C']","[9.0, 5.0, 2.0, 6.0]","['high', 'low', 'high', 'low', 'low', 'high', 'high', 'low', 'high', 'low', 'low', 'high', 'high', 'low', 'high', 'low']","['F', 'F', 'C', 'C', 'F', 'F', 'C', 'C', 'C', 'C', 'F', 'F', 'F', 'F', 'C', 'C']","['W', 'E', 'W', 'E', 'E', 'W', 'W', 'E', 'W', 'E', 'E', 'W', 'W', 'E', 'W', 'E']","['low', 'low', 'high', 'high']",38,"['W_F', 'E_F', 'W_C', 'E_C', 'E_F', 'W_F', 'W_C', 'E_C', 'W_C', 'E_C', 'E_F', 'W_F', 'W_F', 'E_F', 'W_C', 'E_C']",1,7.0,6.0,stripes,feet,F,E,W,C,Yes,Webbed,6.0,Yes,Up/Left,6.0
158,"[7.0, 8.0, 8.0, 9.0, 3.0, 5.0, 7.0, 9.0, 5.0, 6.0, 5.0, 10.0, 3.0, 2.0, 5.0, 5.0]","[8.0, 8.0, 7.0, 3.0, 4.0, 10.0, 9.0, 4.0, 7.0, 4.0, 10.0, 4.0, 1.0, 7.0, 5.0, 3.0]","[1.0, 0.0, 1.0, 6.0, 1.0, 5.0, 2.0, 5.0, 2.0, 2.0, 5.0, 6.0, 2.0, 5.0, 0.0, 2.0]","[""was definitely confusing, didn't notice the major differences until shown.""]",402.5719,"['W_C', 'W_F', 'E_F', 'E_C']","[4.0, 3.0, 7.0, 10.0]","['high', 'high', 'low', 'low', 'low', 'high', 'high', 'low', 'high', 'low', 'high', 'low', 'low', 'high', 'high', 'low']","['C', 'F', 'C', 'F', 'C', 'F', 'C', 'F', 'F', 'C', 'C', 'F', 'F', 'C', 'F', 'C']","['W', 'W', 'E', 'E', 'E', 'W', 'W', 'E', 'W', 'E', 'W', 'E', 'E', 'W', 'W', 'E']","['high', 'high', 'low', 'low']",158,"['W_C', 'W_F', 'E_C', 'E_F', 'E_C', 'W_F', 'W_C', 'E_F', 'W_F', 'E_C', 'W_C', 'E_F', 'E_F', 'W_C', 'W_F', 'E_C']",1,7.0,7.0,stripes,feet,C,E,W,F,Yes,Webbed,7.0,Yes, Up/Right,7.0
008,"[7.0, 3.0, 5.0, 6.0, 3.0, 7.0, 7.0, 5.0, 3.0, 8.0, 6.0, 7.0, 9.0, 7.0, 6.0, 5.0]","[3.0, 2.0, 5.0, 6.0, 2.0, 5.0, 8.0, 8.0, 7.0, 7.0, 5.0, 10.0, 7.0, 10.0, 5.0, 3.0]","[4.0, 1.0, 0.0, 0.0, 1.0, 2.0, 1.0, 3.0, 4.0, 1.0, 1.0, 3.0, 2.0, 3.0, 1.0, 2.0]",[],424.7383,"['W_C', 'E_C', 'W_F', 'E_F']","[6.0, 10.0, 4.0, 7.0]","['low', 'low', 'high', 'high', 'low', 'low', 'high', 'high', 'low', 'high', 'low', 'high', 'high', 'high', 'low', 'low']","['F', 'C', 'C', 'F', 'F', 'C', 'C', 'F', 'C', 'C', 'F', 'F', 'F', 'C', 'C', 'F']","['W', 'W', 'E', 'E', 'W', 'W', 'E', 'E', 'W', 'E', 'W', 'E', 'E', 'E', 'W', 'W']","['low', 'high', 'low', 'high']",8,"['W_F', 'W_C', 'E_C', 'E_F', 'W_F', 'W_C', 'E_C', 'E_F', 'W_C', 'E_C', 'W_F', 'E_F', 'E_F', 'E_C', 'W_C', 'W_F']",1,5.0,4.0,stripes,feet,C,W,E,F,Yes, Curved/Pointy,5.0,Yes, Up/Right,6.0
074,"[3.0, 7.0, 10.0, 7.0, 7.0, 7.0, 5.0, 5.0, 5.0, 7.0, 7.0, 5.0, 5.0, 5.0, 5.0, 5.0]","[7.0, 5.0, 2.0, 1.0, 8.0, 4.0, 8.0, 3.0, 7.0, 10.0, 7.0, 5.0, 5.0, 7.0, 10.0, 5.0]","[4.0, 2.0, 8.0, 6.0, 1.0, 3.0, 3.0, 2.0, 2.0, 3.0, 0.0, 0.0, 0.0, 2.0, 5.0, 0.0]",['Thank you :)'],350.4152,"['E_F', 'E_C', 'W_F', 'W_C']","[5.0, 5.0, 5.0, 5.0]","['high', 'high', 'low', 'low', 'high', 'low', 'high', 'low', 'high', 'high', 'low', 'low', 'low', 'high', 'high', 'low']","['F', 'C', 'C', 'F', 'C', 'C', 'F', 'F', 'C', 'F', 'F', 'C', 'C', 'C', 'F', 'F']","['W', 'W', 'E', 'E', 'W', 'E', 'W', 'E', 'W', 'W', 'E', 'E', 'E', 'W', 'W', 'E']","['low', 'low', 'high', 'high']",74,"['W_F', 'W_C', 'E_C', 'E_F', 'W_C', 'E_C', 'W_F', 'E_F', 'W_C', 'W_F', 'E_F', 'E_C', 'E_C', 'W_C', 'W_F', 'E_F']",1,4.0,4.0,stripes,feet,F,E,W,C,No,,,No,,
107,"[3.0, 6.0, 3.0, 2.0, 8.0, 1.0, 4.0, 1.0, 3.0, 5.0, 4.0, 4.0, 2.0, 9.0, 3.0, 8.0]","[7.0, 1.0, 7.0, 3.0, 4.0, 2.0, 2.0, 7.0, 9.0, 3.0, 4.0, 7.0, 4.0, 10.0, 6.0, 7.0]","[4.0, 5.0, 4.0, 1.0, 4.0, 1.0, 2.0, 6.0, 6.0, 2.0, 0.0, 3.0, 2.0, 1.0, 3.0, 1.0]","[""I actually enjoyed the task this was fun. One tid bit for me though, at least on my screen I had a hard time telling the difference between the yellow & off white shading around the neck and eyes. Not sure if that's intentional but if it happens for others maybe worth making them contrast a tid bit more.""]",630.7502,"['W_F', 'E_F', 'W_C', 'E_C']","[5.0, 2.0, 7.0, 6.0]","['high', 'low', 'high', 'low', 'high', 'low', 'low', 'high', 'high', 'low', 'low', 'high', 'low', 'high', 'high', 'low']","['F', 'C', 'F', 'C', 'F', 'C', 'C', 'F', 'F', 'C', 'C', 'F', 'C', 'F', 'F', 'C']","['W', 'E', 'E', 'W', 'E', 'E', 'W', 'W', 'E', 'W', 'E', 'W', 'W', 'E', 'W', 'E']","['high', 'high', 'low', 'low']",107,"['W_F', 'E_C', 'E_F', 'W_C', 'E_F', 'E_C', 'W_C', 'W_F', 'E_F', 'W_C', 'E_C', 'W_F', 'W_C', 'E_F', 'W_F', 'E_C']",1,4.0,3.0,feet,stripes,F,W,E,C,Yes, Curved/Pointy,3.0,No,,
072,"[6.0, 7.0, 5.0, 6.0, 7.0, 5.0, 4.0, 9.0, 2.0, 5.0, 9.0, 6.0, 4.0, 8.0, 7.0, 5.0]","[8.0, 5.0, 7.0, 1.0, 6.0, 5.0, 7.0, 4.0, 6.0, 4.0, 5.0, 5.0, 3.0, 5.0, 9.0, 8.0]","[2.0, 2.0, 2.0, 5.0, 1.0, 0.0, 3.0, 5.0, 4.0, 1.0, 4.0, 1.0, 1.0, 3.0, 2.0, 3.0]",[],448.244,"['W_C', 'W_F', 'E_C', 'E_F']","[3.0, 5.0, 7.0, 5.0]","['high', 'low', 'high', 'low', 'low', 'high', 'high', 'low', 'high', 'low', 'high', 'low', 'low', 'low', 'high', 'high']","['C', 'C', 'F', 'F', 'C', 'C', 'F', 'F', 'F', 'F', 'C', 'C', 'C', 'F', 'C', 'F']","['E', 'W', 'E', 'W', 'W', 'E', 'E', 'W', 'E', 'W', 'E', 'W', 'W', 'W', 'E', 'E']","['low', 'low', 'high', 'high']",72,"['E_C', 'W_C', 'E_F', 'W_F', 'W_C', 'E_C', 'E_F', 'W_F', 'E_F', 'W_F', 'E_C', 'W_C', 'W_C', 'W_F', 'E_C', 'E_F']",1,7.0,3.0,stripes,feet,C,W,E,F,Yes, Curved/Pointy,5.0,Yes, Up/Right,7.0
002,"[2.0, 7.0, 4.0, 5.0, 8.0, 8.0, 3.0, 4.0, 7.0, 5.0, 7.0, 6.0, 7.0, 3.0, 9.0, 2.0]","[7.0, 5.0, 9.0, 1.0, 4.0, 7.0, 7.0, 4.0, 4.0, 5.0, 4.0, 2.0, 8.0, 1.0, 7.0, 9.0]","[5.0, 2.0, 5.0, 4.0, 4.0, 1.0, 4.0, 0.0, 3.0, 0.0, 3.0, 4.0, 1.0, 2.0, 2.0, 7.0]",['I had trouble distinguishing the different patterns. I was only able to pick out the feet until it was revealed to me.\xa0'],260.181,"['E_F', 'W_F', 'W_C', 'E_C']","[7.0, 3.0, 4.0, 8.0]","['high', 'low', 'high', 'low', 'low', 'high', 'high', 'low', 'low', 'high', 'high', 'low', 'low', 'low', 'high', 'high']","['F', 'F', 'C', 'C', 'F', 'C', 'F', 'C', 'F', 'C', 'F', 'C', 'F', 'C', 'F', 'C']","['W', 'E', 'W', 'E', 'E', 'W', 'W', 'E', 'E', 'W', 'W', 'E', 'E', 'E', 'W', 'W']","['low', 'high', 'high', 'low']",2,"['W_F', 'E_F', 'W_C', 'E_C', 'E_F', 'W_C', 'W_F', 'E_C', 'E_F', 'W_C', 'W_F', 'E_C', 'E_F', 'E_C', 'W_F', 'W_C']",1,1.0,7.0,stripes,feet,F,E,W,C,Yes,Webbed,3.0,Yes,Up/Left,5.0
116,"[8.0, 8.0, 6.0, 3.0, 4.0, 3.0, 6.0, 8.0, 6.0, 8.0, 3.0, 2.0, 10.0, 8.0, 10.0, 8.0]","[8.0, 6.0, 3.0, 4.0, 2.0, 3.0, 8.0, 6.0, 10.0, 10.0, 1.0, 6.0, 10.0, 4.0, 7.0, 5.0]","[0.0, 2.0, 3.0, 1.0, 2.0, 0.0, 2.0, 2.0, 4.0, 2.0, 2.0, 4.0, 0.0, 4.0, 3.0, 3.0]","[""I didn't notice that the feet were different, focused too much on the stripes.""]",282.4044,"['W_F', 'E_F', 'E_C', 'W_C']","[5.0, 10.0, 10.0, 8.0]","['high', 'high', 'low', 'low', 'low', 'low', 'high', 'high', 'high', 'high', 'low', 'low', 'high', 'low', 'high', 'low']","['C', 'F', 'F', 'C', 'C', 'F', 'F', 'C', 'F', 'C', 'F', 'C', 'C', 'F', 'F', 'C']","['E', 'E', 'W', 'W', 'W', 'W', 'E', 'E', 'E', 'E', 'W', 'W', 'E', 'W', 'E', 'W']","['low', 'high', 'high', 'low']",116,"['E_C', 'E_F', 'W_F', 'W_C', 'W_C', 'W_F', 'E_F', 'E_C', 'E_F', 'E_C', 'W_F', 'W_C', 'E_C', 'W_F', 'E_F', 'W_C']",1,5.0,3.0,stripes,feet,C,W,E,F,No,,,Yes, Up/Right,5.0
211,"[4.0, 8.0, 6.0, 3.0, 2.0, 1.0, 6.0, 9.0, 6.0, 3.0, 3.0, 8.0, 3.0, 4.0, 8.0, 9.0]","[6.0, 3.0, 9.0, 1.0, 3.0, 1.0, 6.0, 8.0, 8.0, 4.0, 4.0, 6.0, 4.0, 2.0, 7.0, 8.0]","[2.0, 5.0, 3.0, 2.0, 1.0, 0.0, 0.0, 1.0, 2.0, 1.0, 1.0, 2.0, 1.0, 2.0, 1.0, 1.0]",[],392.0104,"['E_F', 'W_C', 'E_C', 'W_F']","[8.0, 3.0, 4.0, 6.0]","['high', 'low', 'high', 'low', 'low', 'low', 'high', 'high', 'high', 'low', 'low', 'high', 'low', 'low', 'high', 'high']","['F', 'C', 'F', 'C', 'C', 'C', 'F', 'F', 'F', 'C', 'C', 'F', 'C', 'C', 'F', 'F']","['W', 'E', 'E', 'W', 'W', 'E', 'W', 'E', 'W', 'W', 'E', 'E', 'E', 'W', 'E', 'W']","['high', 'low', 'low', 'high']",211,"['W_F', 'E_C', 'E_F', 'W_C', 'W_C', 'E_C', 'W_F', 'E_F', 'W_F', 'W_C', 'E_C', 'E_F', 'E_C', 'W_C', 'E_F', 'W_F']",1,6.0,3.0,feet,stripes,F,W,E,C,Yes,Webbed,6.0,No,,
207,"[2.0, 7.0, 6.0, 6.0, 3.0, 5.0, 3.0, 3.0, 7.0, 5.0, 7.0, 6.0, 5.0, 7.0, 5.0, 4.0]","[6.0, 5.0, 3.0, 3.0, 6.0, 5.0, 4.0, 3.0, 6.0, 10.0, 4.0, 3.0, 2.0, 6.0, 5.0, 5.0]","[4.0, 2.0, 3.0, 3.0, 3.0, 0.0, 1.0, 0.0, 1.0, 5.0, 3.0, 3.0, 3.0, 1.0, 0.0, 1.0]",[],302.8598,"['E_F', 'E_C', 'W_F', 'W_C']","[7.0, 3.0, 10.0, 4.0]","['high', 'high', 'low', 'low', 'high', 'high', 'low', 'low', 'high', 'high', 'low', 'low', 'high', 'low', 'high', 'low']","['F', 'F', 'C', 'C', 'F', 'F', 'C', 'C', 'F', 'F', 'C', 'C', 'F', 'C', 'F', 'C']","['W', 'E', 'E', 'W', 'W', 'E', 'E', 'W', 'E', 'W', 'W', 'E', 'E', 'E', 'W', 'W']","['high', 'low', 'high', 'low']",207,"['W_F', 'E_F', 'E_C', 'W_C', 'W_F', 'E_F', 'E_C', 'W_C', 'E_F', 'W_F', 'W_C', 'E_C', 'E_F', 'E_C', 'W_F', 'W_C']",1,1.0,1.0,feet,stripes,F,E,W,C,No,,,No,,
095,"[6.0, 8.0, 6.0, 4.0, 4.0, 5.0, 7.0, 8.0, 8.0, 7.0, 6.0, 8.0, 3.0, 5.0, 4.0, 8.0]","[8.0, 4.0, 4.0, 6.0, 3.0, 7.0, 4.0, 8.0, 3.0, 10.0, 4.0, 8.0, 1.0, 10.0, 4.0, 6.0]","[2.0, 4.0, 2.0, 2.0, 1.0, 2.0, 3.0, 0.0, 5.0, 3.0, 2.0, 0.0, 2.0, 5.0, 0.0, 2.0]",[],929.9354,"['E_C', 'W_C', 'W_F', 'E_F']","[6.0, 4.0, 7.0, 8.0]","['high', 'low', 'low', 'high', 'low', 'high', 'low', 'high', 'low', 'high', 'low', 'high', 'low', 'high', 'low', 'high']","['F', 'C', 'C', 'F', 'C', 'F', 'C', 'F', 'C', 'F', 'C', 'F', 'C', 'F', 'C', 'F']","['W', 'W', 'E', 'E', 'E', 'W', 'W', 'E', 'E', 'W', 'W', 'E', 'E', 'W', 'W', 'E']","['low', 'low', 'high', 'high']",95,"['W_F', 'W_C', 'E_C', 'E_F', 'E_C', 'W_F', 'W_C', 'E_F', 'E_C', 'W_F', 'W_C', 'E_F', 'E_C', 'W_F', 'W_C', 'E_F']",1,5.0,6.0,feet,stripes,F,E,W,C,Yes,Webbed,5.0,Yes,Up/Left,4.0
010,"[5.0, 3.0, 6.0, 4.0, 5.0, 8.0, 6.0, 9.0, 4.0, 6.0, 7.0, 9.0, 5.0, 6.0, 5.0, 5.0]","[4.0, 3.0, 6.0, 8.0, 5.0, 10.0, 3.0, 3.0, 10.0, 8.0, 7.0, 1.0, 2.0, 8.0, 3.0, 9.0]","[1.0, 0.0, 0.0, 4.0, 0.0, 2.0, 3.0, 6.0, 6.0, 2.0, 0.0, 8.0, 3.0, 2.0, 2.0, 4.0]",['none'],1081.725,"['E_F', 'W_C', 'E_C', 'W_F']","[6.0, 9.0, 2.0, 7.0]","['low', 'low', 'high', 'high', 'high', 'high', 'low', 'low', 'high', 'high', 'low', 'low', 'low', 'high', 'low', 'high']","['F', 'C', 'C', 'F', 'F', 'C', 'F', 'C', 'F', 'C', 'C', 'F', 'F', 'C', 'C', 'F']","['E', 'E', 'W', 'W', 'W', 'W', 'E', 'E', 'W', 'W', 'E', 'E', 'E', 'W', 'E', 'W']","['low', 'high', 'low', 'high']",10,"['E_F', 'E_C', 'W_C', 'W_F', 'W_F', 'W_C', 'E_F', 'E_C', 'W_F', 'W_C', 'E_C', 'E_F', 'E_F', 'W_C', 'E_C', 'W_F']",1,4.0,1.0,stripes,feet,C,E,W,F,No,,,No,,
192,"[5.0, 5.0, 5.0, 8.0, 4.0, 5.0, 3.0, 6.0, 2.0, 2.0, 5.0, 5.0, 3.0, 5.0, 9.0, 2.0]","[5.0, 8.0, 8.0, 1.0, 7.0, 7.0, 6.0, 8.0, 2.0, 6.0, 10.0, 8.0, 5.0, 2.0, 7.0, 8.0]","[0.0, 3.0, 3.0, 7.0, 3.0, 2.0, 3.0, 2.0, 0.0, 4.0, 5.0, 3.0, 2.0, 3.0, 2.0, 6.0]",[],326.6317,"['E_F', 'W_F', 'W_C', 'E_C']","[5.0, 8.0, 4.0, 8.0]","['low', 'high', 'high', 'low', 'high', 'low', 'low', 'high', 'low', 'low', 'high', 'high', 'low', 'low', 'high', 'high']","['C', 'C', 'F', 'F', 'F', 'C', 'F', 'C', 'F', 'C', 'F', 'C', 'C', 'F', 'F', 'C']","['W', 'E', 'E', 'W', 'E', 'W', 'W', 'E', 'W', 'W', 'E', 'E', 'W', 'W', 'E', 'E']","['high', 'low', 'low', 'high']",192,"['W_C', 'E_C', 'E_F', 'W_F', 'E_F', 'W_C', 'W_F', 'E_C', 'W_F', 'W_C', 'E_F', 'E_C', 'W_C', 'W_F', 'E_F', 'E_C']",1,1.0,1.0,stripes,feet,C,W,E,F,No,,,No,,
081,"[6.0, 5.0, 4.0, 8.0, 8.0, 4.0, 10.0, 9.0, 1.0, 10.0, 8.0, 4.0, 3.0, 5.0, 7.0, 9.0]","[4.0, 4.0, 10.0, 9.0, 1.0, 4.0, 6.0, 4.0, 7.0, 2.0, 1.0, 7.0, 1.0, 4.0, 5.0, 4.0]","[2.0, 1.0, 6.0, 1.0, 7.0, 0.0, 4.0, 5.0, 6.0, 8.0, 7.0, 3.0, 2.0, 1.0, 2.0, 5.0]","['THIS WAS A FUN EXPERIMENT! I didn’t do as good as I would’ve liked, but it’s fun trying to theorize what does what. I noticed that my attention to detail wasn’t SUPER on point, but I did notice some differences, and it was VERY fun thinking about them and what they meant for the reptile.']",336.156,"['W_C', 'E_F', 'W_F', 'E_C']","[4.0, 8.0, 4.0, 2.0]","['low', 'low', 'high', 'high', 'low', 'low', 'high', 'high', 'high', 'low', 'low', 'high', 'low', 'high', 'high', 'low']","['F', 'F', 'C', 'C', 'F', 'F', 'C', 'C', 'C', 'F', 'F', 'C', 'F', 'C', 'C', 'F']","['W', 'E', 'E', 'W', 'W', 'E', 'E', 'W', 'E', 'W', 'E', 'W', 'W', 'E', 'W', 'E']","['high', 'low', 'low', 'high']",81,"['W_F', 'E_F', 'E_C', 'W_C', 'W_F', 'E_F', 'E_C', 'W_C', 'E_C', 'W_F', 'E_F', 'W_C', 'W_F', 'E_C', 'W_C', 'E_F']",1,5.0,6.0,feet,stripes,C,W,E,F,No,,,Yes, Up/Right,5.0
163,"[5.0, 4.0, 6.0, 8.0, 4.0, 10.0, 4.0, 2.0, 9.0, 7.0, 6.0, 3.0, 5.0, 6.0, 5.0, 9.0]","[4.0, 6.0, 8.0, 4.0, 10.0, 4.0, 2.0, 9.0, 7.0, 6.0, 3.0, 5.0, 6.0, 5.0, 9.0, 6.0]","[1.0, 2.0, 2.0, 4.0, 6.0, 6.0, 2.0, 7.0, 2.0, 1.0, 3.0, 2.0, 1.0, 1.0, 4.0, 3.0]",['No comment'],417.7456,"['W_F', 'E_F', 'W_C', 'E_C']","[4.0, 6.0, 10.0, 4.0]","['low', 'high', 'high', 'low', 'high', 'low', 'low', 'high', 'high', 'low', 'low', 'high', 'low', 'low', 'high', 'high']","['C', 'F', 'F', 'C', 'F', 'C', 'C', 'F', 'F', 'C', 'C', 'F', 'C', 'C', 'F', 'F']","['E', 'E', 'W', 'W', 'E', 'W', 'E', 'W', 'E', 'W', 'E', 'W', 'E', 'W', 'W', 'E']","['high', 'high', 'low', 'low']",163,"['E_C', 'E_F', 'W_F', 'W_C', 'E_F', 'W_C', 'E_C', 'W_F', 'E_F', 'W_C', 'E_C', 'W_F', 'E_C', 'W_C', 'W_F', 'E_F']",1,6.0,6.0,feet,stripes,F,E,W,C,No,,,No,,
123,"[6.0, 4.0, 6.0, 4.0, 10.0, 3.0, 9.0, 4.0, 9.0, 9.0, 6.0, 5.0, 3.0, 7.0, 7.0, 5.0]","[6.0, 7.0, 3.0, 10.0, 2.0, 1.0, 10.0, 7.0, 4.0, 7.0, 10.0, 3.0, 10.0, 6.0, 9.0, 4.0]","[0.0, 3.0, 3.0, 6.0, 8.0, 2.0, 1.0, 3.0, 5.0, 2.0, 4.0, 2.0, 7.0, 1.0, 2.0, 1.0]",[],370.6259,"['E_F', 'W_F', 'E_C', 'W_C']","[8.0, 6.0, 6.0, 5.0]","['low', 'high', 'low', 'high', 'low', 'low', 'high', 'high', 'low', 'high', 'high', 'low', 'high', 'low', 'high', 'low']","['C', 'F', 'C', 'F', 'C', 'C', 'F', 'F', 'C', 'F', 'F', 'C', 'F', 'C', 'F', 'C']","['E', 'W', 'W', 'E', 'E', 'W', 'E', 'W', 'E', 'E', 'W', 'W', 'W', 'E', 'E', 'W']","['high', 'high', 'low', 'low']",123,"['E_C', 'W_F', 'W_C', 'E_F', 'E_C', 'W_C', 'E_F', 'W_F', 'E_C', 'E_F', 'W_F', 'W_C', 'W_F', 'E_C', 'E_F', 'W_C']",1,3.0,4.0,feet,stripes,F,W,E,C,Yes,Webbed,7.0,Yes, Up/Right,7.0
040,"[6.0, 9.0, 7.0, 7.0, 8.0, 4.0, 8.0, 4.0, 4.0, 5.0, 7.0, 8.0, 7.0, 8.0, 4.0, 4.0]","[9.0, 6.0, 7.0, 3.0, 7.0, 5.0, 1.0, 10.0, 3.0, 8.0, 6.0, 4.0, 6.0, 6.0, 7.0, 3.0]","[3.0, 3.0, 0.0, 4.0, 1.0, 1.0, 7.0, 6.0, 1.0, 3.0, 1.0, 4.0, 1.0, 2.0, 3.0, 1.0]",[],480.4059,"['E_C', 'W_C', 'E_F', 'W_F']","[5.0, 7.0, 9.0, 3.0]","['high', 'low', 'high', 'low', 'high', 'low', 'low', 'high', 'low', 'high', 'low', 'high', 'low', 'high', 'high', 'low']","['C', 'C', 'F', 'F', 'C', 'F', 'C', 'F', 'F', 'C', 'C', 'F', 'C', 'F', 'C', 'F']","['E', 'W', 'E', 'W', 'E', 'W', 'W', 'E', 'W', 'E', 'W', 'E', 'W', 'E', 'E', 'W']","['high', 'low', 'high', 'low']",40,"['E_C', 'W_C', 'E_F', 'W_F', 'E_C', 'W_F', 'W_C', 'E_F', 'W_F', 'E_C', 'W_C', 'E_F', 'W_C', 'E_F', 'E_C', 'W_F']",1,1.0,1.0,stripes,feet,C,W,E,F,Yes, Curved/Pointy,4.0,No,,
037,"[5.0, 6.0, 5.0, 5.0, 7.0, 5.0, 4.0, 7.0, 8.0, 5.0, 7.0, 4.0, 7.0, 5.0, 6.0, 8.0]","[4.0, 5.0, 8.0, 8.0, 3.0, 3.0, 8.0, 10.0, 5.0, 1.0, 10.0, 8.0, 7.0, 7.0, 2.0, 3.0]","[1.0, 1.0, 3.0, 3.0, 4.0, 2.0, 4.0, 3.0, 3.0, 4.0, 3.0, 4.0, 0.0, 2.0, 4.0, 5.0]",[],421.8895,"['E_C', 'W_C', 'E_F', 'W_F']","[8.0, 7.0, 6.0, 4.0]","['low', 'low', 'high', 'high', 'low', 'low', 'high', 'high', 'low', 'low', 'high', 'high', 'high', 'high', 'low', 'low']","['F', 'F', 'C', 'C', 'F', 'F', 'C', 'C', 'F', 'F', 'C', 'C', 'C', 'C', 'F', 'F']","['E', 'W', 'W', 'E', 'E', 'W', 'W', 'E', 'E', 'W', 'E', 'W', 'E', 'W', 'W', 'E']","['high', 'high', 'low', 'low']",37,"['E_F', 'W_F', 'W_C', 'E_C', 'E_F', 'W_F', 'W_C', 'E_C', 'E_F', 'W_F', 'E_C', 'W_C', 'E_C', 'W_C', 'W_F', 'E_F']",1,5.0,4.0,feet,stripes,C,W,E,F,Yes, Curved/Pointy,5.0,Yes, Up/Right,5.0
017,"[5.0, 1.0, 7.0, 4.0, 1.0, 9.0, 6.0, 7.0, 4.0, 8.0, 1.0, 7.0, 8.0, 1.0, 9.0, 2.0]","[1.0, 7.0, 5.0, 4.0, 8.0, 1.0, 7.0, 1.0, 4.0, 4.0, 8.0, 8.0, 1.0, 10.0, 3.0, 10.0]","[4.0, 6.0, 2.0, 0.0, 7.0, 8.0, 1.0, 6.0, 0.0, 4.0, 7.0, 1.0, 7.0, 9.0, 6.0, 8.0]",[],753.0663,"['E_F', 'E_C', 'W_F', 'W_C']","[9.0, 7.0, 1.0, 7.0]","['low', 'high', 'high', 'low', 'high', 'low', 'high', 'low', 'low', 'low', 'high', 'high', 'low', 'high', 'low', 'high']","['F', 'C', 'C', 'F', 'C', 'F', 'C', 'F', 'F', 'F', 'C', 'C', 'F', 'C', 'F', 'C']","['W', 'E', 'W', 'E', 'E', 'E', 'W', 'W', 'W', 'E', 'E', 'W', 'E', 'E', 'W', 'W']","['low', 'high', 'low', 'high']",17,"['W_F', 'E_C', 'W_C', 'E_F', 'E_C', 'E_F', 'W_C', 'W_F', 'W_F', 'E_F', 'E_C', 'W_C', 'E_F', 'E_C', 'W_F', 'W_C']",1,5.0,5.0,feet,stripes,C,W,E,F,No,,,No,,
057,"[1.0, 7.0, 6.0, 6.0, 7.0, 6.0, 5.0, 7.0, 7.0, 6.0, 7.0, 7.0, 6.0, 5.0, 8.0, 7.0]","[7.0, 4.0, 8.0, 6.0, 4.0, 1.0, 10.0, 1.0, 10.0, 2.0, 4.0, 6.0, 9.0, 9.0, 3.0, 1.0]","[6.0, 3.0, 2.0, 0.0, 3.0, 5.0, 5.0, 6.0, 3.0, 4.0, 3.0, 1.0, 3.0, 4.0, 5.0, 6.0]",[],1031.6303,"['W_C', 'E_F', 'W_F', 'E_C']","[9.0, 5.0, 8.0, 5.0]","['high', 'low', 'high', 'low', 'high', 'low', 'high', 'low', 'high', 'low', 'high', 'low', 'high', 'high', 'low', 'low']","['C', 'F', 'C', 'F', 'C', 'F', 'C', 'F', 'C', 'F', 'C', 'F', 'C', 'C', 'F', 'F']","['W', 'W', 'E', 'E', 'W', 'E', 'E', 'W', 'W', 'W', 'E', 'E', 'W', 'E', 'W', 'E']","['high', 'low', 'low', 'high']",57,"['W_C', 'W_F', 'E_C', 'E_F', 'W_C', 'E_F', 'E_C', 'W_F', 'W_C', 'W_F', 'E_C', 'E_F', 'W_C', 'E_C', 'W_F', 'E_F']",1,6.0,6.0,feet,stripes,C,W,E,F,No,,,Yes, Up/Right,6.0
046,"[1.0, 6.0, 7.0, 8.0, 7.0, 4.0, 7.0, 5.0, 7.0, 4.0, 3.0, 4.0, 7.0, 5.0, 5.0, 6.0]","[7.0, 7.0, 8.0, 7.0, 5.0, 4.0, 5.0, 6.0, 7.0, 4.0, 4.0, 7.0, 4.0, 7.0, 8.0, 8.0]","[6.0, 1.0, 1.0, 1.0, 2.0, 0.0, 2.0, 1.0, 0.0, 0.0, 1.0, 3.0, 3.0, 2.0, 3.0, 2.0]",[],285.8187,"['W_C', 'E_C', 'E_F', 'W_F']","[7.0, 8.0, 5.0, 4.0]","['low', 'low', 'high', 'high', 'high', 'low', 'high', 'low', 'high', 'low', 'low', 'high', 'low', 'low', 'high', 'high']","['C', 'F', 'C', 'F', 'C', 'C', 'F', 'F', 'F', 'C', 'F', 'C', 'C', 'F', 'C', 'F']","['E', 'E', 'W', 'W', 'W', 'E', 'W', 'E', 'W', 'E', 'E', 'W', 'E', 'E', 'W', 'W']","['high', 'low', 'low', 'high']",46,"['E_C', 'E_F', 'W_C', 'W_F', 'W_C', 'E_C', 'W_F', 'E_F', 'W_F', 'E_C', 'E_F', 'W_C', 'E_C', 'E_F', 'W_C', 'W_F']",1,2.0,5.0,stripes,feet,F,E,W,C,Yes, Curved/Pointy,2.0,Yes,Up/Left,3.0
059,"[4.0, 6.0, 6.0, 7.0, 2.0, 1.0, 3.0, 3.0, 5.0, 5.0, 1.0, 10.0, 6.0, 5.0, 7.0, 8.0]","[6.0, 7.0, 6.0, 2.0, 8.0, 5.0, 10.0, 5.0, 5.0, 6.0, 4.0, 10.0, 9.0, 2.0, 1.0, 9.0]","[2.0, 1.0, 0.0, 5.0, 6.0, 4.0, 7.0, 2.0, 0.0, 1.0, 3.0, 0.0, 3.0, 3.0, 6.0, 1.0]","['I was still trying to establish what the number would be based on the stripes so I only vaguely thought about the reason why the stripes would affect fertility. I was thinking that was I could confidently predict the correct number, I would then move on to what the correlation is or was. Ugh.\xa0']",964.0647,"['W_C', 'E_C', 'W_F', 'E_F']","[5.0, 9.0, 4.0, 8.0]","['high', 'high', 'low', 'low', 'high', 'low', 'high', 'low', 'low', 'high', 'low', 'high', 'high', 'low', 'low', 'high']","['F', 'F', 'C', 'C', 'F', 'C', 'F', 'C', 'C', 'F', 'C', 'F', 'F', 'C', 'C', 'F']","['E', 'W', 'W', 'E', 'E', 'W', 'W', 'E', 'E', 'E', 'W', 'W', 'E', 'W', 'E', 'W']","['low', 'low', 'high', 'high']",59,"['E_F', 'W_F', 'W_C', 'E_C', 'E_F', 'W_C', 'W_F', 'E_C', 'E_C', 'E_F', 'W_C', 'W_F', 'E_F', 'W_C', 'E_C', 'W_F']",1,7.0,3.0,feet,stripes,F,E,W,C,No,,,Yes, Up/Right,7.0
145,"[5.0, 4.0, 7.0, 4.0, 7.0, 1.0, 4.0, 7.0, 6.0, 10.0, 6.0, 3.0, 3.0, 7.0, 10.0, 4.0]","[4.0, 7.0, 8.0, 1.0, 7.0, 6.0, 3.0, 6.0, 10.0, 3.0, 7.0, 3.0, 6.0, 8.0, 4.0, 5.0]","[1.0, 3.0, 1.0, 3.0, 0.0, 5.0, 1.0, 1.0, 4.0, 7.0, 1.0, 0.0, 3.0, 1.0, 6.0, 1.0]",[],383.4745,"['E_F', 'E_C', 'W_C', 'W_F']","[4.0, 4.0, 7.0, 7.0]","['low', 'high', 'high', 'low', 'high', 'high', 'low', 'low', 'high', 'low', 'high', 'low', 'low', 'high', 'low', 'high']","['F', 'C', 'C', 'F', 'C', 'C', 'F', 'F', 'C', 'F', 'C', 'F', 'F', 'C', 'F', 'C']","['E', 'W', 'E', 'W', 'E', 'W', 'E', 'W', 'W', 'W', 'E', 'E', 'W', 'W', 'E', 'E']","['low', 'high', 'high', 'low']",145,"['E_F', 'W_C', 'E_C', 'W_F', 'E_C', 'W_C', 'E_F', 'W_F', 'W_C', 'W_F', 'E_C', 'E_F', 'W_F', 'W_C', 'E_F', 'E_C']",1,7.0,1.0,feet,stripes,C,E,W,F,No,,,Yes,Up/Left,7.0
219,"[8.0, 4.0, 4.0, 8.0, 4.0, 7.0, 10.0, 8.0, 8.0, 7.0, 5.0, 5.0, 9.0, 3.0, 4.0, 5.0]","[3.0, 4.0, 10.0, 4.0, 8.0, 6.0, 10.0, 5.0, 4.0, 9.0, 7.0, 5.0, 10.0, 5.0, 2.0, 8.0]","[5.0, 0.0, 6.0, 4.0, 4.0, 1.0, 0.0, 3.0, 4.0, 2.0, 2.0, 0.0, 1.0, 2.0, 2.0, 3.0]",['It was clear and fun'],305.674,"['E_F', 'E_C', 'W_C', 'W_F']","[3.0, 9.0, 7.0, 5.0]","['low', 'low', 'high', 'high', 'high', 'low', 'high', 'low', 'low', 'high', 'high', 'low', 'high', 'low', 'low', 'high']","['C', 'C', 'F', 'F', 'F', 'C', 'F', 'C', 'C', 'F', 'F', 'C', 'F', 'C', 'C', 'F']","['W', 'E', 'E', 'W', 'E', 'W', 'W', 'E', 'W', 'E', 'W', 'E', 'E', 'W', 'E', 'W']","['high', 'low', 'low', 'high']",219,"['W_C', 'E_C', 'E_F', 'W_F', 'E_F', 'W_C', 'W_F', 'E_C', 'W_C', 'E_F', 'W_F', 'E_C', 'E_F', 'W_C', 'E_C', 'W_F']",1,6.0,6.0,feet,stripes,F,W,E,C,Yes, Curved/Pointy,5.0,Yes, Up/Right,6.0
033,"[6.0, 4.0, 4.0, 4.0, 6.0, 6.0, 6.0, 4.0, 8.0, 3.0, 8.0, 5.0, 3.0, 8.0, 6.0, 2.0]","[4.0, 1.0, 7.0, 8.0, 6.0, 9.0, 2.0, 9.0, 1.0, 8.0, 5.0, 7.0, 8.0, 6.0, 2.0, 1.0]","[2.0, 3.0, 3.0, 4.0, 0.0, 3.0, 4.0, 5.0, 7.0, 5.0, 3.0, 2.0, 5.0, 2.0, 4.0, 1.0]",[],305.1685,"['E_F', 'W_C', 'E_C', 'W_F']","[4.0, 8.0, 5.0, 8.0]","['low', 'low', 'high', 'high', 'low', 'high', 'low', 'high', 'low', 'high', 'low', 'high', 'high', 'high', 'low', 'low']","['F', 'F', 'C', 'C', 'F', 'C', 'F', 'C', 'F', 'C', 'F', 'C', 'C', 'C', 'F', 'F']","['E', 'W', 'E', 'W', 'E', 'W', 'W', 'E', 'W', 'E', 'E', 'W', 'W', 'E', 'W', 'E']","['low', 'high', 'high', 'low']",33,"['E_F', 'W_F', 'E_C', 'W_C', 'E_F', 'W_C', 'W_F', 'E_C', 'W_F', 'E_C', 'E_F', 'W_C', 'W_C', 'E_C', 'W_F', 'E_F']",1,6.0,4.0,feet,stripes,C,W,E,F,No,,,Yes,Up/Left,5.0
127,"[6.0, 9.0, 8.0, 5.0, 8.0, 6.0, 8.0, 9.0, 5.0, 8.0, 8.0, 4.0, 8.0, 2.0, 4.0, 8.0]","[9.0, 5.0, 2.0, 7.0, 8.0, 8.0, 4.0, 7.0, 7.0, 4.0, 9.0, 4.0, 8.0, 3.0, 6.0, 5.0]","[3.0, 4.0, 6.0, 2.0, 0.0, 2.0, 4.0, 2.0, 2.0, 4.0, 1.0, 0.0, 0.0, 1.0, 2.0, 3.0]",[],331.624,"['W_C', 'E_C', 'E_F', 'W_F']","[3.0, 4.0, 9.0, 6.0]","['high', 'low', 'low', 'high', 'high', 'high', 'low', 'low', 'high', 'low', 'high', 'low', 'high', 'low', 'low', 'high']","['F', 'C', 'C', 'F', 'F', 'F', 'C', 'C', 'F', 'C', 'F', 'C', 'F', 'C', 'C', 'F']","['E', 'W', 'E', 'W', 'E', 'W', 'W', 'E', 'E', 'E', 'W', 'W', 'W', 'E', 'W', 'E']","['low', 'low', 'high', 'high']",127,"['E_F', 'W_C', 'E_C', 'W_F', 'E_F', 'W_F', 'W_C', 'E_C', 'E_F', 'E_C', 'W_F', 'W_C', 'W_F', 'E_C', 'W_C', 'E_F']",1,6.0,5.0,feet,stripes,F,E,W,C,Yes,Webbed,5.0,Yes, Up/Right,5.0
203,"[8.0, 6.0, 4.0, 4.0, 6.0, 7.0, 3.0, 7.0, 7.0, 7.0, 7.0, 6.0, 7.0, 7.0, 4.0, 7.0]","[6.0, 1.0, 7.0, 7.0, 6.0, 5.0, 7.0, 1.0, 7.0, 6.0, 3.0, 10.0, 4.0, 7.0, 1.0, 7.0]","[2.0, 5.0, 3.0, 3.0, 0.0, 2.0, 4.0, 6.0, 0.0, 1.0, 4.0, 4.0, 3.0, 0.0, 3.0, 0.0]",['i didnt pay attention to the stripes'],336.7951,"['W_F', 'W_C', 'E_F', 'E_C']","[7.0, 3.0, 5.0, 10.0]","['low', 'low', 'high', 'high', 'low', 'high', 'high', 'low', 'high', 'low', 'low', 'high', 'low', 'high', 'low', 'high']","['C', 'C', 'F', 'F', 'C', 'F', 'F', 'C', 'F', 'C', 'C', 'F', 'C', 'F', 'C', 'F']","['W', 'E', 'W', 'E', 'W', 'E', 'W', 'E', 'E', 'W', 'E', 'W', 'E', 'E', 'W', 'W']","['high', 'low', 'high', 'low']",203,"['W_C', 'E_C', 'W_F', 'E_F', 'W_C', 'E_F', 'W_F', 'E_C', 'E_F', 'W_C', 'E_C', 'W_F', 'E_C', 'E_F', 'W_C', 'W_F']",1,2.0,1.0,feet,stripes,F,E,W,C,Yes,Webbed,6.0,Yes, Up/Right,5.0
173,"[5.0, 1.0, 8.0, 9.0, 3.0, 10.0, 7.0, 5.0, 9.0, 10.0, 3.0, 7.0, 6.0, 6.0, 8.0, 4.0]","[1.0, 10.0, 2.0, 6.0, 9.0, 9.0, 3.0, 1.0, 4.0, 6.0, 10.0, 4.0, 8.0, 2.0, 8.0, 5.0]","[4.0, 9.0, 6.0, 3.0, 6.0, 1.0, 4.0, 4.0, 5.0, 4.0, 7.0, 3.0, 2.0, 4.0, 0.0, 1.0]",[],416.755,"['E_F', 'E_C', 'W_C', 'W_F']","[2.0, 4.0, 8.0, 10.0]","['low', 'high', 'low', 'high', 'high', 'high', 'low', 'low', 'low', 'high', 'high', 'low', 'high', 'low', 'high', 'low']","['F', 'C', 'F', 'C', 'C', 'C', 'F', 'F', 'F', 'C', 'C', 'F', 'C', 'F', 'C', 'F']","['W', 'E', 'E', 'W', 'W', 'E', 'E', 'W', 'E', 'W', 'E', 'W', 'E', 'W', 'W', 'E']","['low', 'high', 'high', 'low']",173,"['W_F', 'E_C', 'E_F', 'W_C', 'W_C', 'E_C', 'E_F', 'W_F', 'E_F', 'W_C', 'E_C', 'W_F', 'E_C', 'W_F', 'W_C', 'E_F']",1,5.0,6.0,feet,stripes,C,W,E,F,No,,,Yes, Up/Right,5.0
131,"[3.0, 2.0, 6.0, 5.0, 9.0, 8.0, 7.0, 3.0, 5.0, 4.0, 3.0, 4.0, 6.0, 1.0, 4.0, 8.0]","[4.0, 7.0, 3.0, 8.0, 6.0, 3.0, 6.0, 8.0, 10.0, 5.0, 8.0, 3.0, 2.0, 6.0, 10.0, 1.0]","[1.0, 5.0, 3.0, 3.0, 3.0, 5.0, 1.0, 5.0, 5.0, 1.0, 5.0, 1.0, 4.0, 5.0, 6.0, 7.0]","[""I enjoyed this and it took me a lot of rounds to realize the difference and by then I couldn't remember which was which""]",471.1292,"['W_F', 'E_F', 'E_C', 'W_C']","[10.0, 1.0, 8.0, 4.0]","['low', 'high', 'low', 'high', 'low', 'low', 'high', 'high', 'high', 'high', 'low', 'low', 'low', 'high', 'high', 'low']","['C', 'F', 'C', 'F', 'C', 'C', 'F', 'F', 'F', 'F', 'C', 'C', 'C', 'F', 'F', 'C']","['E', 'W', 'W', 'E', 'E', 'W', 'E', 'W', 'E', 'W', 'E', 'W', 'W', 'E', 'W', 'E']","['high', 'high', 'low', 'low']",131,"['E_C', 'W_F', 'W_C', 'E_F', 'E_C', 'W_C', 'E_F', 'W_F', 'E_F', 'W_F', 'E_C', 'W_C', 'W_C', 'E_F', 'W_F', 'E_C']",1,5.0,6.0,feet,stripes,F,W,E,C,Yes,Webbed,6.0,Yes, Up/Right,5.0
094,"[5.0, 2.0, 6.0, 6.0, 6.0, 6.0, 7.0, 6.0, 7.0, 6.0, 6.0, 8.0, 8.0, 8.0, 5.0, 8.0]","[4.0, 6.0, 1.0, 7.0, 5.0, 8.0, 7.0, 3.0, 2.0, 9.0, 6.0, 7.0, 5.0, 5.0, 7.0, 6.0]","[1.0, 4.0, 5.0, 1.0, 1.0, 2.0, 0.0, 3.0, 5.0, 3.0, 0.0, 1.0, 3.0, 3.0, 2.0, 2.0]",[],321.4815,"['E_F', 'W_F', 'E_C', 'W_C']","[7.0, 6.0, 3.0, 6.0]","['high', 'low', 'low', 'high', 'low', 'high', 'high', 'low', 'low', 'high', 'high', 'low', 'low', 'low', 'high', 'high']","['C', 'F', 'C', 'F', 'C', 'F', 'C', 'F', 'C', 'F', 'C', 'F', 'C', 'F', 'C', 'F']","['W', 'E', 'E', 'W', 'E', 'W', 'W', 'E', 'E', 'W', 'W', 'E', 'E', 'E', 'W', 'W']","['low', 'high', 'low', 'high']",94,"['W_C', 'E_F', 'E_C', 'W_F', 'E_C', 'W_F', 'W_C', 'E_F', 'E_C', 'W_F', 'W_C', 'E_F', 'E_C', 'E_F', 'W_C', 'W_F']",1,1.0,1.0,stripes,feet,F,E,W,C,No,,,No,,
183,"[5.0, 6.0, 5.0, 5.0, 6.0, 2.0, 4.0, 8.0, 5.0, 4.0, 5.0, 8.0, 5.0, 9.0, 6.0, 2.0]","[6.0, 5.0, 5.0, 6.0, 1.0, 3.0, 8.0, 5.0, 4.0, 2.0, 7.0, 10.0, 9.0, 7.0, 1.0, 2.0]","[1.0, 1.0, 0.0, 1.0, 5.0, 1.0, 4.0, 3.0, 1.0, 2.0, 2.0, 2.0, 4.0, 2.0, 5.0, 0.0]",['I did not encounter any issues. Everything was clear and easy to understand. It took me a great deal of time to figure out the stripe pattern and the feet. So I may have been more accurate had I figured it out sooner. :(\xa0'],452.5101,"['W_C', 'W_F', 'E_F', 'E_C']","[5.0, 8.0, 8.0, 4.0]","['low', 'low', 'high', 'high', 'low', 'low', 'high', 'high', 'low', 'low', 'high', 'high', 'high', 'low', 'high', 'low']","['C', 'C', 'F', 'F', 'C', 'C', 'F', 'F', 'C', 'C', 'F', 'F', 'F', 'C', 'F', 'C']","['W', 'E', 'E', 'W', 'W', 'E', 'W', 'E', 'E', 'W', 'W', 'E', 'W', 'W', 'E', 'E']","['low', 'high', 'high', 'low']",183,"['W_C', 'E_C', 'E_F', 'W_F', 'W_C', 'E_C', 'W_F', 'E_F', 'E_C', 'W_C', 'W_F', 'E_F', 'W_F', 'W_C', 'E_F', 'E_C']",1,3.0,3.0,feet,stripes,F,E,W,C,Yes,Webbed,4.0,Yes, Up/Right,4.0
114,"[5.0, 3.0, 8.0, 5.0, 4.0, 6.0, 3.0, 3.0, 7.0, 7.0, 7.0, 8.0, 8.0, 4.0, 7.0, 2.0]","[2.0, 6.0, 4.0, 10.0, 10.0, 5.0, 1.0, 5.0, 4.0, 1.0, 2.0, 9.0, 10.0, 5.0, 7.0, 4.0]","[3.0, 3.0, 4.0, 5.0, 6.0, 1.0, 2.0, 2.0, 3.0, 6.0, 5.0, 1.0, 2.0, 1.0, 0.0, 2.0]",['I hope my answers help to further your research. Thank you!'],324.2865,"['W_F', 'E_F', 'E_C', 'W_C']","[9.0, 5.0, 2.0, 6.0]","['low', 'high', 'low', 'high', 'high', 'low', 'low', 'high', 'low', 'low', 'high', 'high', 'high', 'low', 'high', 'low']","['C', 'C', 'F', 'F', 'F', 'F', 'C', 'C', 'C', 'F', 'C', 'F', 'F', 'F', 'C', 'C']","['E', 'W', 'E', 'W', 'W', 'E', 'E', 'W', 'E', 'E', 'W', 'W', 'W', 'E', 'W', 'E']","['high', 'low', 'low', 'high']",114,"['E_C', 'W_C', 'E_F', 'W_F', 'W_F', 'E_F', 'E_C', 'W_C', 'E_C', 'E_F', 'W_C', 'W_F', 'W_F', 'E_F', 'W_C', 'E_C']",1,7.0,6.0,stripes,feet,F,E,W,C,Yes,Webbed,6.0,Yes,Up/Left,6.0
201,"[6.0, 4.0, 9.0, 4.0, 4.0, 8.0, 3.0, 9.0, 6.0, 8.0, 9.0, 3.0, 5.0, 10.0, 9.0, 5.0]","[4.0, 9.0, 8.0, 3.0, 4.0, 10.0, 6.0, 4.0, 2.0, 7.0, 7.0, 6.0, 2.0, 3.0, 3.0, 3.0]","[2.0, 5.0, 1.0, 1.0, 0.0, 2.0, 3.0, 5.0, 4.0, 1.0, 2.0, 3.0, 3.0, 7.0, 6.0, 2.0]",[],328.9873,"['W_C', 'E_C', 'E_F', 'W_F']","[10.0, 8.0, 2.0, 4.0]","['low', 'high', 'high', 'low', 'low', 'high', 'low', 'high', 'low', 'high', 'high', 'low', 'low', 'high', 'high', 'low']","['F', 'C', 'C', 'F', 'F', 'C', 'F', 'C', 'F', 'C', 'C', 'F', 'F', 'C', 'C', 'F']","['W', 'W', 'E', 'E', 'E', 'E', 'W', 'W', 'W', 'W', 'E', 'E', 'E', 'W', 'E', 'W']","['high', 'high', 'low', 'low']",201,"['W_F', 'W_C', 'E_C', 'E_F', 'E_F', 'E_C', 'W_F', 'W_C', 'W_F', 'W_C', 'E_C', 'E_F', 'E_F', 'W_C', 'E_C', 'W_F']",1,7.0,5.0,feet,stripes,C,W,E,F,Yes, Curved/Pointy,5.0,Yes, Up/Right,3.0
130,"[6.0, 10.0, 7.0, 4.0, 5.0, 8.0, 6.0, 8.0, 5.0, 9.0, 4.0, 9.0, 6.0, 7.0, 5.0, 8.0]","[10.0, 4.0, 10.0, 5.0, 7.0, 6.0, 4.0, 5.0, 9.0, 10.0, 3.0, 4.0, 5.0, 10.0, 5.0, 5.0]","[4.0, 6.0, 3.0, 1.0, 2.0, 2.0, 2.0, 3.0, 4.0, 1.0, 1.0, 5.0, 1.0, 3.0, 0.0, 3.0]",[],363.685,"['E_F', 'W_F', 'W_C', 'E_C']","[5.0, 8.0, 8.0, 4.0]","['high', 'low', 'high', 'low', 'low', 'high', 'low', 'high', 'high', 'high', 'low', 'low', 'low', 'high', 'low', 'high']","['C', 'C', 'F', 'F', 'C', 'F', 'F', 'C', 'F', 'C', 'F', 'C', 'F', 'C', 'C', 'F']","['W', 'E', 'W', 'E', 'E', 'W', 'E', 'W', 'W', 'W', 'E', 'E', 'E', 'W', 'E', 'W']","['low', 'high', 'high', 'low']",130,"['W_C', 'E_C', 'W_F', 'E_F', 'E_C', 'W_F', 'E_F', 'W_C', 'W_F', 'W_C', 'E_F', 'E_C', 'E_F', 'W_C', 'E_C', 'W_F']",1,3.0,5.0,stripes,feet,C,E,W,F,No,,,No,,
136,"[6.0, 4.0, 2.0, 5.0, 9.0, 6.0, 6.0, 8.0, 5.0, 5.0, 5.0, 6.0, 6.0, 6.0, 5.0, 7.0]","[4.0, 1.0, 5.0, 7.0, 5.0, 6.0, 7.0, 6.0, 3.0, 7.0, 5.0, 5.0, 6.0, 3.0, 5.0, 2.0]","[2.0, 3.0, 3.0, 2.0, 4.0, 0.0, 1.0, 2.0, 2.0, 2.0, 0.0, 1.0, 0.0, 3.0, 0.0, 5.0]",[],486.7324,"['E_F', 'W_F', 'E_C', 'W_C']","[6.0, 6.0, 6.0, 6.0]","['low', 'low', 'high', 'high', 'low', 'high', 'high', 'low', 'low', 'high', 'low', 'high', 'high', 'low', 'high', 'low']","['F', 'C', 'C', 'F', 'C', 'F', 'C', 'F', 'C', 'F', 'F', 'C', 'C', 'C', 'F', 'F']","['W', 'W', 'E', 'E', 'W', 'E', 'E', 'W', 'W', 'E', 'W', 'E', 'E', 'W', 'E', 'W']","['high', 'low', 'high', 'low']",136,"['W_F', 'W_C', 'E_C', 'E_F', 'W_C', 'E_F', 'E_C', 'W_F', 'W_C', 'E_F', 'W_F', 'E_C', 'E_C', 'W_C', 'E_F', 'W_F']",1,1.0,1.0,stripes,feet,F,W,E,C,No,,,No,,
138,"[5.0, 5.0, 7.0, 5.0, 6.0, 4.0, 6.0, 7.0, 4.0, 3.0, 3.0, 4.0, 2.0, 3.0, 5.0, 5.0]","[5.0, 4.0, 5.0, 4.0, 6.0, 8.0, 1.0, 4.0, 5.0, 2.0, 4.0, 2.0, 4.0, 2.0, 5.0, 10.0]","[0.0, 1.0, 2.0, 1.0, 0.0, 4.0, 5.0, 3.0, 1.0, 1.0, 1.0, 2.0, 2.0, 1.0, 0.0, 5.0]",[],556.2841,"['E_F', 'E_C', 'W_F', 'W_C']","[7.0, 5.0, 7.0, 4.0]","['low', 'high', 'high', 'low', 'high', 'high', 'low', 'low', 'high', 'low', 'high', 'low', 'high', 'low', 'low', 'high']","['C', 'C', 'F', 'F', 'C', 'F', 'C', 'F', 'F', 'F', 'C', 'C', 'C', 'C', 'F', 'F']","['E', 'W', 'W', 'E', 'W', 'W', 'E', 'E', 'W', 'E', 'W', 'E', 'W', 'E', 'E', 'W']","['low', 'low', 'high', 'high']",138,"['E_C', 'W_C', 'W_F', 'E_F', 'W_C', 'W_F', 'E_C', 'E_F', 'W_F', 'E_F', 'W_C', 'E_C', 'W_C', 'E_C', 'E_F', 'W_F']",1,7.0,6.0,stripes,feet,F,E,W,C,Yes,Webbed,5.0,No,,
071,"[5.0, 8.0, 3.0, 3.0, 6.0, 8.0, 8.0, 8.0, 6.0, 8.0, 3.0, 7.0, 3.0, 8.0, 4.0, 3.0]","[8.0, 3.0, 6.0, 6.0, 4.0, 1.0, 7.0, 6.0, 5.0, 6.0, 4.0, 8.0, 1.0, 8.0, 3.0, 7.0]","[3.0, 5.0, 3.0, 3.0, 2.0, 7.0, 1.0, 2.0, 1.0, 2.0, 1.0, 1.0, 2.0, 0.0, 1.0, 4.0]",['No comment.'],358.8774,"['W_F', 'W_C', 'E_F', 'E_C']","[7.0, 3.0, 8.0, 5.0]","['high', 'low', 'high', 'low', 'low', 'low', 'high', 'high', 'low', 'high', 'low', 'high', 'low', 'high', 'low', 'high']","['F', 'C', 'F', 'C', 'C', 'C', 'F', 'F', 'C', 'F', 'C', 'F', 'C', 'F', 'C', 'F']","['E', 'W', 'W', 'E', 'E', 'W', 'W', 'E', 'E', 'W', 'W', 'E', 'W', 'E', 'E', 'W']","['high', 'low', 'high', 'low']",71,"['E_F', 'W_C', 'W_F', 'E_C', 'E_C', 'W_C', 'W_F', 'E_F', 'E_C', 'W_F', 'W_C', 'E_F', 'W_C', 'E_F', 'E_C', 'W_F']",1,7.0,2.0,feet,stripes,F,W,E,C,Yes,Webbed,5.0,Yes, Up/Right,5.0
079,"[4.0, 3.0, 6.0, 5.0, 5.0, 5.0, 5.0, 5.0, 6.0, 5.0, 5.0, 5.0, 2.0, 6.0, 5.0, 5.0]","[3.0, 6.0, 5.0, 2.0, 6.0, 10.0, 3.0, 5.0, 5.0, 2.0, 6.0, 10.0, 3.0, 3.0, 6.0, 5.0]","[1.0, 3.0, 1.0, 3.0, 1.0, 5.0, 2.0, 0.0, 1.0, 3.0, 1.0, 5.0, 1.0, 3.0, 1.0, 0.0]",['I would like to note that the animal in the study was an immature frog.\xa0 \xa0Frogs are amphibians.'],399.3291,"['W_F', 'W_C', 'E_C', 'E_F']","[5.0, 6.0, 10.0, 2.0]","['high', 'high', 'low', 'low', 'low', 'high', 'low', 'high', 'low', 'low', 'high', 'high', 'low', 'high', 'high', 'low']","['F', 'F', 'C', 'C', 'C', 'F', 'C', 'F', 'C', 'C', 'F', 'F', 'C', 'F', 'F', 'C']","['W', 'E', 'W', 'E', 'E', 'E', 'W', 'W', 'E', 'W', 'W', 'E', 'E', 'W', 'E', 'W']","['high', 'low', 'low', 'high']",79,"['W_F', 'E_F', 'W_C', 'E_C', 'E_C', 'E_F', 'W_C', 'W_F', 'E_C', 'W_C', 'W_F', 'E_F', 'E_C', 'W_F', 'E_F', 'W_C']",1,5.0,4.0,feet,stripes,F,W,E,C,No,,,No,,
020,"[5.0, 4.0, 3.0, 10.0, 9.0, 3.0, 3.0, 9.0, 4.0, 4.0, 9.0, 9.0, 7.0, 5.0, 3.0, 9.0]","[3.0, 10.0, 3.0, 9.0, 4.0, 3.0, 4.0, 7.0, 5.0, 1.0, 6.0, 10.0, 6.0, 5.0, 5.0, 7.0]","[2.0, 6.0, 0.0, 1.0, 5.0, 0.0, 1.0, 2.0, 1.0, 3.0, 3.0, 1.0, 1.0, 0.0, 2.0, 2.0]",[],390.8746,"['W_C', 'E_C', 'W_F', 'E_F']","[5.0, 9.0, 3.0, 7.0]","['low', 'high', 'low', 'high', 'high', 'low', 'low', 'high', 'low', 'low', 'high', 'high', 'high', 'low', 'low', 'high']","['F', 'F', 'C', 'C', 'C', 'C', 'F', 'F', 'C', 'F', 'F', 'C', 'F', 'C', 'F', 'C']","['W', 'E', 'W', 'E', 'E', 'W', 'W', 'E', 'W', 'W', 'E', 'E', 'E', 'W', 'W', 'E']","['low', 'high', 'low', 'high']",20,"['W_F', 'E_F', 'W_C', 'E_C', 'E_C', 'W_C', 'W_F', 'E_F', 'W_C', 'W_F', 'E_F', 'E_C', 'E_F', 'W_C', 'W_F', 'E_C']",1,6.0,3.0,stripes,feet,C,W,E,F,No,,,Yes, Up/Right,6.0
064,"[5.0, 3.0, 5.0, 6.0, 7.0, 5.0, 4.0, 7.0, 8.0, 8.0, 6.0, 5.0, 6.0, 5.0, 7.0, 8.0]","[3.0, 7.0, 5.0, 5.0, 7.0, 10.0, 6.0, 4.0, 4.0, 8.0, 8.0, 1.0, 4.0, 6.0, 9.0, 10.0]","[2.0, 4.0, 0.0, 1.0, 0.0, 5.0, 2.0, 3.0, 4.0, 0.0, 2.0, 4.0, 2.0, 1.0, 2.0, 2.0]","['It just seemed really repetitive and difficult. I feel like I just guessed. I really did want to try, but anytime I did, I was wrong.']",313.8209,"['W_C', 'E_C', 'W_F', 'E_F']","[6.0, 6.0, 6.0, 6.0]","['low', 'high', 'high', 'low', 'high', 'high', 'low', 'low', 'high', 'low', 'high', 'low', 'low', 'low', 'high', 'high']","['F', 'F', 'C', 'C', 'F', 'C', 'C', 'F', 'C', 'F', 'F', 'C', 'C', 'F', 'F', 'C']","['W', 'E', 'E', 'W', 'E', 'E', 'W', 'W', 'E', 'W', 'E', 'W', 'W', 'W', 'E', 'E']","['low', 'high', 'low', 'high']",64,"['W_F', 'E_F', 'E_C', 'W_C', 'E_F', 'E_C', 'W_C', 'W_F', 'E_C', 'W_F', 'E_F', 'W_C', 'W_C', 'W_F', 'E_F', 'E_C']",1,2.0,1.0,stripes,feet,F,W,E,C,No,,,No,,
142,"[6.0, 1.0, 3.0, 7.0, 6.0, 3.0, 7.0, 9.0, 3.0, 6.0, 8.0, 5.0, 1.0, 4.0, 7.0, 5.0]","[1.0, 5.0, 6.0, 6.0, 3.0, 7.0, 9.0, 2.0, 4.0, 8.0, 4.0, 10.0, 6.0, 7.0, 4.0, 10.0]","[5.0, 4.0, 3.0, 1.0, 3.0, 4.0, 2.0, 7.0, 1.0, 2.0, 4.0, 5.0, 5.0, 3.0, 3.0, 5.0]",[],332.254,"['W_F', 'W_C', 'E_F', 'E_C']","[3.0, 5.0, 8.0, 10.0]","['low', 'high', 'high', 'low', 'low', 'high', 'high', 'low', 'low', 'high', 'low', 'high', 'low', 'high', 'low', 'high']","['C', 'F', 'C', 'F', 'F', 'C', 'F', 'C', 'C', 'C', 'F', 'F', 'C', 'C', 'F', 'F']","['E', 'W', 'W', 'E', 'E', 'W', 'W', 'E', 'E', 'W', 'E', 'W', 'E', 'W', 'E', 'W']","['high', 'high', 'low', 'low']",142,"['E_C', 'W_F', 'W_C', 'E_F', 'E_F', 'W_C', 'W_F', 'E_C', 'E_C', 'W_C', 'E_F', 'W_F', 'E_C', 'W_C', 'E_F', 'W_F']",1,3.0,2.0,stripes,feet,F,E,W,C,No,,,No,,
212,"[1.0, 6.0, 10.0, 5.0, 5.0, 8.0, 9.0, 9.0, 10.0, 3.0, 6.0, 4.0, 5.0, 10.0, 7.0, 5.0]","[4.0, 9.0, 8.0, 1.0, 7.0, 7.0, 5.0, 8.0, 9.0, 3.0, 8.0, 2.0, 8.0, 7.0, 4.0, 5.0]","[3.0, 3.0, 2.0, 4.0, 2.0, 1.0, 4.0, 1.0, 1.0, 0.0, 2.0, 2.0, 3.0, 3.0, 3.0, 0.0]",[],469.8273,"['W_C', 'E_C', 'E_F', 'W_F']","[6.0, 7.0, 3.0, 5.0]","['low', 'high', 'high', 'low', 'low', 'high', 'low', 'high', 'high', 'low', 'high', 'low', 'high', 'high', 'low', 'low']","['C', 'C', 'F', 'F', 'C', 'C', 'F', 'F', 'C', 'F', 'F', 'C', 'F', 'C', 'F', 'C']","['W', 'E', 'E', 'W', 'W', 'E', 'W', 'E', 'E', 'W', 'E', 'W', 'E', 'E', 'W', 'W']","['low', 'high', 'high', 'low']",212,"['W_C', 'E_C', 'E_F', 'W_F', 'W_C', 'E_C', 'W_F', 'E_F', 'E_C', 'W_F', 'E_F', 'W_C', 'E_F', 'E_C', 'W_F', 'W_C']",1,7.0,6.0,stripes,feet,C,W,E,F,Yes, Curved/Pointy,5.0,No,,
152,"[7.0, 9.0, 9.0, 5.0, 6.0, 7.0, 5.0, 3.0, 5.0, 7.0, 5.0, 7.0, 6.0, 6.0, 8.0, 6.0]","[9.0, 9.0, 4.0, 5.0, 6.0, 7.0, 1.0, 4.0, 10.0, 4.0, 10.0, 7.0, 6.0, 5.0, 10.0, 5.0]","[2.0, 0.0, 5.0, 0.0, 0.0, 0.0, 4.0, 1.0, 5.0, 3.0, 5.0, 0.0, 0.0, 1.0, 2.0, 1.0]","[""I didn't think to look at the feet 🤦\u200d♀️""]",295.7445,"['W_C', 'W_F', 'E_F', 'E_C']","[8.0, 5.0, 2.0, 9.0]","['high', 'high', 'low', 'low', 'high', 'high', 'low', 'low', 'high', 'low', 'high', 'low', 'low', 'high', 'high', 'low']","['F', 'C', 'F', 'C', 'F', 'C', 'F', 'C', 'C', 'F', 'F', 'C', 'C', 'C', 'F', 'F']","['E', 'E', 'W', 'W', 'E', 'E', 'W', 'W', 'E', 'W', 'E', 'W', 'W', 'E', 'E', 'W']","['low', 'low', 'high', 'high']",152,"['E_F', 'E_C', 'W_F', 'W_C', 'E_F', 'E_C', 'W_F', 'W_C', 'E_C', 'W_F', 'E_F', 'W_C', 'W_C', 'E_C', 'E_F', 'W_F']",1,4.0,2.0,stripes,feet,C,W,E,F,No,,,No,,
084,"[5.0, 3.0, 5.0, 6.0, 6.0, 3.0, 6.0, 4.0, 7.0, 3.0, 5.0, 3.0, 5.0, 6.0, 5.0, 4.0]","[2.0, 6.0, 3.0, 5.0, 8.0, 6.0, 6.0, 3.0, 8.0, 4.0, 5.0, 2.0, 3.0, 5.0, 8.0, 4.0]","[3.0, 3.0, 2.0, 1.0, 2.0, 3.0, 0.0, 1.0, 1.0, 1.0, 0.0, 1.0, 2.0, 1.0, 3.0, 0.0]",[],316.7095,"['E_C', 'W_C', 'W_F', 'E_F']","[6.0, 3.0, 5.0, 6.0]","['low', 'high', 'low', 'high', 'high', 'low', 'high', 'low', 'high', 'low', 'high', 'low', 'low', 'high', 'high', 'low']","['C', 'C', 'F', 'F', 'C', 'F', 'F', 'C', 'C', 'C', 'F', 'F', 'C', 'F', 'C', 'F']","['W', 'E', 'W', 'E', 'E', 'W', 'E', 'W', 'E', 'W', 'E', 'W', 'W', 'E', 'E', 'W']","['high', 'low', 'low', 'high']",84,"['W_C', 'E_C', 'W_F', 'E_F', 'E_C', 'W_F', 'E_F', 'W_C', 'E_C', 'W_C', 'E_F', 'W_F', 'W_C', 'E_F', 'E_C', 'W_F']",1,5.0,5.0,stripes,feet,C,W,E,F,No,,,Yes, Up/Right,4.0
159,"[5.0, 9.0, 4.0, 7.0, 8.0, 5.0, 8.0, 8.0, 4.0, 10.0, 3.0, 4.0, 3.0, 4.0, 8.0, 5.0]","[9.0, 1.0, 3.0, 8.0, 1.0, 6.0, 6.0, 4.0, 7.0, 6.0, 9.0, 7.0, 6.0, 2.0, 6.0, 3.0]","[4.0, 8.0, 1.0, 1.0, 7.0, 1.0, 2.0, 4.0, 3.0, 4.0, 6.0, 3.0, 3.0, 2.0, 2.0, 2.0]",['No comment. Although the survey was difficult'],362.1249,"['W_C', 'E_C', 'E_F', 'W_F']","[5.0, 9.0, 6.0, 2.0]","['high', 'low', 'low', 'high', 'low', 'high', 'high', 'low', 'high', 'low', 'high', 'low', 'high', 'low', 'high', 'low']","['F', 'C', 'C', 'F', 'C', 'F', 'F', 'C', 'F', 'C', 'F', 'C', 'F', 'C', 'F', 'C']","['W', 'E', 'W', 'E', 'E', 'W', 'E', 'W', 'E', 'W', 'W', 'E', 'E', 'E', 'W', 'W']","['low', 'low', 'high', 'high']",159,"['W_F', 'E_C', 'W_C', 'E_F', 'E_C', 'W_F', 'E_F', 'W_C', 'E_F', 'W_C', 'W_F', 'E_C', 'E_F', 'E_C', 'W_F', 'W_C']",1,5.0,2.0,feet,stripes,F,E,W,C,No,,,No,,
171,"[5.0, 8.0, 10.0, 10.0, 5.0, 5.0, 4.0, 6.0, 8.0, 6.0, 1.0, 8.0, 10.0, 7.0, 4.0, 8.0]","[10.0, 5.0, 5.0, 10.0, 7.0, 8.0, 3.0, 2.0, 6.0, 4.0, 4.0, 1.0, 10.0, 6.0, 1.0, 4.0]","[5.0, 3.0, 5.0, 0.0, 2.0, 3.0, 1.0, 4.0, 2.0, 2.0, 3.0, 7.0, 0.0, 1.0, 3.0, 4.0]",[],514.2,"['E_C', 'E_F', 'W_C', 'W_F']","[10.0, 9.0, 10.0, 9.0]","['high', 'low', 'low', 'high', 'high', 'high', 'low', 'low', 'high', 'high', 'low', 'low', 'high', 'high', 'low', 'low']","['F', 'C', 'C', 'F', 'F', 'F', 'C', 'C', 'F', 'F', 'C', 'C', 'F', 'F', 'C', 'C']","['W', 'E', 'W', 'E', 'W', 'E', 'W', 'E', 'E', 'W', 'E', 'W', 'E', 'W', 'W', 'E']","['low', 'high', 'low', 'high']",171,"['W_F', 'E_C', 'W_C', 'E_F', 'W_F', 'E_F', 'W_C', 'E_C', 'E_F', 'W_F', 'E_C', 'W_C', 'E_F', 'W_F', 'W_C', 'E_C']",1,7.0,7.0,feet,stripes,F,W,E,C,No,,,No,,
014,"[6.0, 3.0, 3.0, 7.0, 3.0, 6.0, 4.0, 9.0, 9.0, 2.0, 4.0, 7.0, 2.0, 9.0, 5.0, 4.0]","[2.0, 3.0, 7.0, 10.0, 4.0, 9.0, 2.0, 5.0, 7.0, 4.0, 1.0, 7.0, 3.0, 9.0, 6.0, 7.0]","[4.0, 0.0, 4.0, 3.0, 1.0, 3.0, 2.0, 4.0, 2.0, 2.0, 3.0, 0.0, 1.0, 0.0, 1.0, 3.0]","['For some reason I immediately forgot which directions the stripes go for fertility when I was asked with the zoomed in pictures, although I think I may have remembered correctly.']",350.2562,"['W_C', 'E_C', 'W_F', 'E_F']","[6.0, 2.0, 9.0, 4.0]","['low', 'low', 'high', 'high', 'low', 'high', 'low', 'high', 'high', 'low', 'low', 'high', 'low', 'high', 'high', 'low']","['F', 'C', 'C', 'F', 'C', 'C', 'F', 'F', 'C', 'F', 'C', 'F', 'C', 'F', 'C', 'F']","['E', 'E', 'W', 'W', 'E', 'W', 'E', 'W', 'W', 'E', 'E', 'W', 'E', 'W', 'W', 'E']","['high', 'low', 'high', 'low']",14,"['E_F', 'E_C', 'W_C', 'W_F', 'E_C', 'W_C', 'E_F', 'W_F', 'W_C', 'E_F', 'E_C', 'W_F', 'E_C', 'W_F', 'W_C', 'E_F']",1,7.0,7.0,stripes,feet,F,E,W,C,Yes,Webbed,6.0,Yes, Up/Right,7.0
206,"[8.0, 8.0, 4.0, 6.0, 8.0, 5.0, 9.0, 2.0, 3.0, 6.0, 7.0, 5.0, 8.0, 1.0, 4.0, 7.0]","[8.0, 6.0, 8.0, 5.0, 10.0, 1.0, 7.0, 7.0, 8.0, 10.0, 1.0, 6.0, 10.0, 1.0, 5.0, 5.0]","[0.0, 2.0, 4.0, 1.0, 2.0, 4.0, 2.0, 5.0, 5.0, 4.0, 6.0, 1.0, 2.0, 0.0, 1.0, 2.0]",[],429.5472,"['W_F', 'W_C', 'E_F', 'E_C']","[2.0, 9.0, 4.0, 6.0]","['low', 'high', 'high', 'low', 'high', 'low', 'low', 'high', 'high', 'high', 'low', 'low', 'high', 'low', 'low', 'high']","['C', 'F', 'C', 'F', 'F', 'C', 'F', 'C', 'C', 'F', 'C', 'F', 'F', 'C', 'F', 'C']","['E', 'W', 'W', 'E', 'W', 'E', 'E', 'W', 'W', 'W', 'E', 'E', 'W', 'E', 'E', 'W']","['high', 'high', 'low', 'low']",206,"['E_C', 'W_F', 'W_C', 'E_F', 'W_F', 'E_C', 'E_F', 'W_C', 'W_C', 'W_F', 'E_C', 'E_F', 'W_F', 'E_C', 'E_F', 'W_C']",1,3.0,5.0,stripes,feet,F,E,W,C,No,,,No,,
019,"[6.0, 3.0, 4.0, 4.0, 6.0, 6.0, 6.0, 6.0, 6.0, 6.0, 6.0, 6.0, 6.0, 6.0, 6.0, 6.0]","[1.0, 6.0, 3.0, 7.0, 9.0, 1.0, 3.0, 7.0, 5.0, 5.0, 10.0, 9.0, 3.0, 5.0, 9.0, 2.0]","[5.0, 3.0, 1.0, 3.0, 3.0, 5.0, 3.0, 1.0, 1.0, 1.0, 4.0, 3.0, 3.0, 1.0, 3.0, 4.0]",['This seemed a bit random but then I caught on.\xa0'],352.6043,"['W_C', 'E_C', 'E_F', 'W_F']","[6.0, 2.0, 8.0, 8.0]","['low', 'high', 'low', 'high', 'high', 'low', 'high', 'low', 'low', 'low', 'high', 'high', 'low', 'high', 'high', 'low']","['C', 'F', 'C', 'F', 'F', 'C', 'F', 'C', 'C', 'C', 'F', 'F', 'C', 'F', 'F', 'C']","['E', 'W', 'W', 'E', 'W', 'E', 'E', 'W', 'W', 'E', 'W', 'E', 'W', 'W', 'E', 'E']","['low', 'low', 'high', 'high']",19,"['E_C', 'W_F', 'W_C', 'E_F', 'W_F', 'E_C', 'E_F', 'W_C', 'W_C', 'E_C', 'W_F', 'E_F', 'W_C', 'W_F', 'E_F', 'E_C']",1,4.0,5.0,feet,stripes,F,E,W,C,No,,,No,,
070,"[3.0, 9.0, 5.0, 6.0, 6.0, 1.0, 1.0, 5.0, 4.0, 2.0, 6.0, 8.0, 4.0, 7.0, 5.0, 2.0]","[9.0, 1.0, 5.0, 2.0, 1.0, 8.0, 7.0, 4.0, 2.0, 5.0, 9.0, 5.0, 3.0, 7.0, 1.0, 7.0]","[6.0, 8.0, 0.0, 4.0, 5.0, 7.0, 6.0, 1.0, 2.0, 3.0, 3.0, 3.0, 1.0, 0.0, 4.0, 5.0]","[""This was an interesting experiment. I think I'm a detail-oriented person but I could not figure out the difference between these lizards! No issues with the task.""]",480.3439,"['W_C', 'W_F', 'E_C', 'E_F']","[9.0, 6.0, 1.0, 4.0]","['high', 'low', 'high', 'low', 'low', 'high', 'high', 'low', 'low', 'high', 'high', 'low', 'low', 'high', 'low', 'high']","['C', 'C', 'F', 'F', 'F', 'F', 'C', 'C', 'F', 'C', 'F', 'C', 'C', 'F', 'F', 'C']","['W', 'E', 'W', 'E', 'E', 'W', 'W', 'E', 'E', 'W', 'W', 'E', 'E', 'W', 'E', 'W']","['high', 'high', 'low', 'low']",70,"['W_C', 'E_C', 'W_F', 'E_F', 'E_F', 'W_F', 'W_C', 'E_C', 'E_F', 'W_C', 'W_F', 'E_C', 'E_C', 'W_F', 'E_F', 'W_C']",1,2.0,2.0,stripes,feet,C,E,W,F,No,,,No,,
106,"[6.0, 4.0, 4.0, 6.0, 2.0, 10.0, 7.0, 7.0, 6.0, 7.0, 6.0, 5.0, 5.0, 6.0, 5.0, 6.0]","[4.0, 4.0, 6.0, 2.0, 10.0, 7.0, 5.0, 6.0, 6.0, 1.0, 6.0, 9.0, 5.0, 2.0, 6.0, 4.0]","[2.0, 0.0, 2.0, 4.0, 8.0, 3.0, 2.0, 1.0, 0.0, 6.0, 0.0, 4.0, 0.0, 4.0, 1.0, 2.0]",['no comments'],307.54,"['E_C', 'W_C', 'E_F', 'W_F']","[6.0, 4.0, 8.0, 5.0]","['low', 'high', 'high', 'low', 'high', 'low', 'low', 'high', 'low', 'low', 'high', 'high', 'high', 'low', 'high', 'low']","['F', 'F', 'C', 'C', 'F', 'C', 'F', 'C', 'F', 'C', 'C', 'F', 'F', 'C', 'C', 'F']","['E', 'W', 'W', 'E', 'W', 'E', 'E', 'W', 'E', 'E', 'W', 'W', 'W', 'E', 'W', 'E']","['low', 'high', 'low', 'high']",106,"['E_F', 'W_F', 'W_C', 'E_C', 'W_F', 'E_C', 'E_F', 'W_C', 'E_F', 'E_C', 'W_C', 'W_F', 'W_F', 'E_C', 'W_C', 'E_F']",1,4.0,4.0,stripes,feet,F,E,W,C,No,,,No,,
135,"[3.0, 5.0, 4.0, 6.0, 5.0, 6.0, 4.0, 3.0, 6.0, 6.0, 6.0, 3.0, 9.0, 8.0, 2.0, 8.0]","[6.0, 2.0, 8.0, 5.0, 7.0, 2.0, 7.0, 6.0, 9.0, 2.0, 10.0, 2.0, 8.0, 1.0, 4.0, 6.0]","[3.0, 3.0, 4.0, 1.0, 2.0, 4.0, 3.0, 3.0, 3.0, 4.0, 4.0, 1.0, 1.0, 7.0, 2.0, 2.0]",[],276.2077,"['W_F', 'E_C', 'E_F', 'W_C']","[8.0, 3.0, 9.0, 2.0]","['low', 'low', 'high', 'high', 'high', 'low', 'high', 'low', 'high', 'low', 'high', 'low', 'high', 'low', 'low', 'high']","['C', 'C', 'F', 'F', 'F', 'C', 'F', 'C', 'F', 'C', 'F', 'C', 'F', 'C', 'C', 'F']","['E', 'W', 'W', 'E', 'W', 'W', 'E', 'E', 'W', 'W', 'E', 'E', 'E', 'W', 'E', 'W']","['high', 'low', 'high', 'low']",135,"['E_C', 'W_C', 'W_F', 'E_F', 'W_F', 'W_C', 'E_F', 'E_C', 'W_F', 'W_C', 'E_F', 'E_C', 'E_F', 'W_C', 'E_C', 'W_F']",1,6.0,2.0,feet,stripes,F,W,E,C,Yes,Webbed,5.0,No,,
041,"[3.0, 4.0, 5.0, 6.0, 8.0, 7.0, 7.0, 7.0, 7.0, 9.0, 9.0, 3.0, 9.0, 3.0, 5.0, 9.0]","[4.0, 4.0, 6.0, 8.0, 6.0, 7.0, 7.0, 10.0, 4.0, 9.0, 9.0, 4.0, 4.0, 4.0, 2.0, 4.0]","[1.0, 0.0, 1.0, 2.0, 2.0, 0.0, 0.0, 3.0, 3.0, 0.0, 0.0, 1.0, 5.0, 1.0, 3.0, 5.0]",[],276.639,"['W_F', 'E_C', 'E_F', 'W_C']","[7.0, 5.0, 4.0, 9.0]","['high', 'low', 'low', 'high', 'low', 'low', 'high', 'high', 'low', 'high', 'high', 'low', 'high', 'low', 'low', 'high']","['C', 'F', 'F', 'C', 'F', 'F', 'C', 'C', 'F', 'C', 'C', 'F', 'C', 'F', 'F', 'C']","['E', 'E', 'W', 'W', 'E', 'W', 'W', 'E', 'W', 'E', 'W', 'E', 'E', 'W', 'E', 'W']","['low', 'high', 'low', 'high']",41,"['E_C', 'E_F', 'W_F', 'W_C', 'E_F', 'W_F', 'W_C', 'E_C', 'W_F', 'E_C', 'W_C', 'E_F', 'E_C', 'W_F', 'E_F', 'W_C']",1,6.0,6.0,feet,stripes,C,E,W,F,Yes, Curved/Pointy,6.0,Yes,Up/Left,4.0
170,"[9.0, 9.0, 7.0, 4.0, 9.0, 5.0, 3.0, 8.0, 4.0, 3.0, 6.0, 9.0, 7.0, 2.0, 3.0, 10.0]","[8.0, 3.0, 7.0, 6.0, 3.0, 9.0, 4.0, 7.0, 6.0, 2.0, 3.0, 10.0, 10.0, 3.0, 1.0, 5.0]","[1.0, 6.0, 0.0, 2.0, 6.0, 4.0, 1.0, 1.0, 2.0, 1.0, 3.0, 1.0, 3.0, 1.0, 2.0, 5.0]",['Stangley I kept looking at the stripes but did not put it together in my choices. This study went very smoothly. Thank You'],755.8807,"['W_F', 'E_F', 'E_C', 'W_C']","[10.0, 8.0, 7.0, 3.0]","['high', 'low', 'high', 'low', 'low', 'high', 'low', 'high', 'high', 'low', 'low', 'high', 'high', 'high', 'low', 'low']","['F', 'F', 'C', 'C', 'F', 'C', 'C', 'F', 'C', 'C', 'F', 'F', 'F', 'C', 'C', 'F']","['W', 'E', 'W', 'E', 'E', 'W', 'E', 'W', 'W', 'E', 'E', 'W', 'W', 'W', 'E', 'E']","['high', 'low', 'low', 'high']",170,"['W_F', 'E_F', 'W_C', 'E_C', 'E_F', 'W_C', 'E_C', 'W_F', 'W_C', 'E_C', 'E_F', 'W_F', 'W_F', 'W_C', 'E_C', 'E_F']",1,7.0,4.0,stripes,feet,F,E,W,C,Yes,Webbed,6.0,No,,
191,"[5.0, 2.0, 5.0, 5.0, 5.0, 4.0, 6.0, 7.0, 5.0, 5.0, 3.0, 8.0, 1.0, 9.0, 5.0, 7.0]","[2.0, 5.0, 3.0, 8.0, 3.0, 9.0, 10.0, 3.0, 7.0, 3.0, 5.0, 1.0, 9.0, 1.0, 7.0, 3.0]","[3.0, 3.0, 2.0, 3.0, 2.0, 5.0, 4.0, 4.0, 2.0, 2.0, 2.0, 7.0, 8.0, 8.0, 2.0, 4.0]",['It was incredibly hard to notice the differences. I wasn’t sure if there even were any for the first few rounds.'],306.322,"['E_C', 'W_C', 'E_F', 'W_F']","[6.0, 6.0, 6.0, 6.0]","['low', 'high', 'low', 'high', 'low', 'high', 'high', 'low', 'high', 'high', 'low', 'low', 'high', 'low', 'high', 'low']","['C', 'F', 'C', 'F', 'C', 'F', 'F', 'C', 'F', 'F', 'C', 'C', 'F', 'C', 'F', 'C']","['W', 'E', 'E', 'W', 'E', 'E', 'W', 'W', 'E', 'W', 'E', 'W', 'W', 'W', 'E', 'E']","['low', 'low', 'high', 'high']",191,"['W_C', 'E_F', 'E_C', 'W_F', 'E_C', 'E_F', 'W_F', 'W_C', 'E_F', 'W_F', 'E_C', 'W_C', 'W_F', 'W_C', 'E_F', 'E_C']",1,5.0,5.0,feet,stripes,F,W,E,C,No,,,No,,
213,"[5.0, 2.0, 3.0, 1.0, 4.0, 6.0, 4.0, 3.0, 7.0, 7.0, 5.0, 8.0, 7.0, 9.0, 5.0, 8.0]","[1.0, 5.0, 5.0, 8.0, 1.0, 6.0, 3.0, 6.0, 5.0, 3.0, 10.0, 4.0, 6.0, 9.0, 7.0, 3.0]","[4.0, 3.0, 2.0, 7.0, 3.0, 0.0, 1.0, 3.0, 2.0, 4.0, 5.0, 4.0, 1.0, 0.0, 2.0, 5.0]",[],408.4378,"['W_C', 'E_C', 'W_F', 'E_F']","[7.0, 4.0, 8.0, 4.0]","['low', 'low', 'high', 'high', 'low', 'high', 'low', 'high', 'high', 'low', 'high', 'low', 'low', 'high', 'high', 'low']","['F', 'F', 'C', 'C', 'F', 'C', 'F', 'C', 'C', 'F', 'C', 'F', 'F', 'C', 'C', 'F']","['E', 'W', 'E', 'W', 'E', 'E', 'W', 'W', 'E', 'E', 'W', 'W', 'E', 'W', 'E', 'W']","['high', 'high', 'low', 'low']",213,"['E_F', 'W_F', 'E_C', 'W_C', 'E_F', 'E_C', 'W_F', 'W_C', 'E_C', 'E_F', 'W_C', 'W_F', 'E_F', 'W_C', 'E_C', 'W_F']",1,7.0,3.0,feet,stripes,C,E,W,F,No,,,Yes,Up/Left,4.0
118,"[5.0, 1.0, 1.0, 7.0, 9.0, 5.0, 4.0, 1.0, 8.0, 6.0, 5.0, 4.0, 7.0, 1.0, 9.0, 5.0]","[1.0, 1.0, 7.0, 10.0, 5.0, 4.0, 1.0, 9.0, 7.0, 6.0, 4.0, 7.0, 1.0, 9.0, 7.0, 1.0]","[4.0, 0.0, 6.0, 3.0, 4.0, 1.0, 3.0, 8.0, 1.0, 0.0, 1.0, 3.0, 6.0, 8.0, 2.0, 4.0]",[],373.695,"['E_F', 'E_C', 'W_F', 'W_C']","[7.0, 9.0, 5.0, 1.0]","['low', 'low', 'high', 'high', 'high', 'low', 'low', 'high', 'high', 'low', 'low', 'high', 'low', 'high', 'high', 'low']","['C', 'F', 'F', 'C', 'C', 'F', 'C', 'F', 'C', 'F', 'C', 'F', 'C', 'C', 'F', 'F']","['E', 'E', 'W', 'W', 'W', 'E', 'E', 'W', 'W', 'E', 'E', 'W', 'E', 'W', 'W', 'E']","['low', 'low', 'high', 'high']",118,"['E_C', 'E_F', 'W_F', 'W_C', 'W_C', 'E_F', 'E_C', 'W_F', 'W_C', 'E_F', 'E_C', 'W_F', 'E_C', 'W_C', 'W_F', 'E_F']",1,2.0,2.0,stripes,feet,F,E,W,C,No,,,Yes,Up/Left,6.0
054,"[4.0, 3.0, 7.0, 10.0, 6.0, 4.0, 6.0, 6.0, 4.0, 6.0, 5.0, 6.0, 6.0, 4.0, 5.0, 5.0]","[3.0, 7.0, 9.0, 6.0, 5.0, 8.0, 9.0, 1.0, 4.0, 2.0, 10.0, 3.0, 8.0, 2.0, 7.0, 4.0]","[1.0, 4.0, 2.0, 4.0, 1.0, 4.0, 3.0, 5.0, 0.0, 4.0, 5.0, 3.0, 2.0, 2.0, 2.0, 1.0]","['Sorry, I performed very poorly']",275.7083,"['E_C', 'E_F', 'W_C', 'W_F']","[9.0, 8.0, 4.0, 4.0]","['low', 'low', 'high', 'high', 'low', 'high', 'high', 'low', 'high', 'low', 'high', 'low', 'high', 'low', 'high', 'low']","['C', 'F', 'C', 'F', 'C', 'F', 'C', 'F', 'F', 'F', 'C', 'C', 'C', 'C', 'F', 'F']","['E', 'E', 'W', 'W', 'E', 'W', 'W', 'E', 'W', 'E', 'W', 'E', 'W', 'E', 'W', 'E']","['low', 'low', 'high', 'high']",54,"['E_C', 'E_F', 'W_C', 'W_F', 'E_C', 'W_F', 'W_C', 'E_F', 'W_F', 'E_F', 'W_C', 'E_C', 'W_C', 'E_C', 'W_F', 'E_F']",1,1.0,1.0,stripes,feet,C,E,W,F,No,,,No,,
190,"[8.0, 5.0, 6.0, 5.0, 5.0, 4.0, 4.0, 7.0, 8.0, 7.0, 5.0, 7.0, 7.0, 4.0, 6.0, 3.0]","[7.0, 6.0, 1.0, 6.0, 6.0, 6.0, 10.0, 1.0, 7.0, 4.0, 7.0, 1.0, 6.0, 6.0, 6.0, 5.0]","[1.0, 1.0, 5.0, 1.0, 1.0, 2.0, 6.0, 6.0, 1.0, 3.0, 2.0, 6.0, 1.0, 2.0, 0.0, 2.0]",[],346.2252,"['W_C', 'E_C', 'W_F', 'E_F']","[4.0, 8.0, 5.0, 7.0]","['high', 'high', 'low', 'low', 'high', 'low', 'high', 'low', 'high', 'low', 'high', 'low', 'high', 'low', 'high', 'low']","['F', 'C', 'C', 'F', 'F', 'F', 'C', 'C', 'C', 'F', 'F', 'C', 'C', 'C', 'F', 'F']","['W', 'W', 'E', 'E', 'W', 'E', 'W', 'E', 'W', 'E', 'W', 'E', 'W', 'E', 'W', 'E']","['high', 'low', 'high', 'low']",190,"['W_F', 'W_C', 'E_C', 'E_F', 'W_F', 'E_F', 'W_C', 'E_C', 'W_C', 'E_F', 'W_F', 'E_C', 'W_C', 'E_C', 'W_F', 'E_F']",1,7.0,7.0,stripes,feet,F,E,W,C,Yes,Webbed,3.0,Yes,Up/Left,4.0
187,"[7.0, 4.0, 1.0, 7.0, 4.0, 2.0, 1.0, 6.0, 5.0, 8.0, 6.0, 8.0, 4.0, 8.0, 9.0, 5.0]","[8.0, 1.0, 7.0, 4.0, 2.0, 10.0, 5.0, 4.0, 5.0, 4.0, 1.0, 8.0, 6.0, 9.0, 6.0, 3.0]","[1.0, 3.0, 6.0, 3.0, 2.0, 8.0, 4.0, 2.0, 0.0, 4.0, 5.0, 0.0, 2.0, 1.0, 3.0, 2.0]","[""I honestly didn't notice the different feet until i saw all 4 examples together""]",400.8177,"['W_C', 'E_C', 'E_F', 'W_F']","[4.0, 8.0, 3.0, 7.0]","['high', 'low', 'high', 'low', 'low', 'high', 'low', 'high', 'high', 'low', 'low', 'high', 'high', 'high', 'low', 'low']","['F', 'C', 'F', 'C', 'C', 'F', 'C', 'F', 'F', 'C', 'C', 'F', 'F', 'F', 'C', 'C']","['E', 'W', 'W', 'E', 'E', 'E', 'W', 'W', 'W', 'E', 'W', 'E', 'W', 'E', 'E', 'W']","['low', 'low', 'high', 'high']",187,"['E_F', 'W_C', 'W_F', 'E_C', 'E_C', 'E_F', 'W_C', 'W_F', 'W_F', 'E_C', 'W_C', 'E_F', 'W_F', 'E_F', 'E_C', 'W_C']",1,4.0,2.0,feet,stripes,F,W,E,C,No,,,No,,
167,"[6.0, 6.0, 4.0, 8.0, 6.0, 6.0, 8.0, 5.0, 4.0, 6.0, 6.0, 7.0, 8.0, 9.0, 6.0, 4.0]","[5.0, 3.0, 8.0, 6.0, 1.0, 8.0, 7.0, 4.0, 2.0, 3.0, 10.0, 8.0, 5.0, 5.0, 9.0, 4.0]","[1.0, 3.0, 4.0, 2.0, 5.0, 2.0, 1.0, 1.0, 2.0, 3.0, 4.0, 1.0, 3.0, 4.0, 3.0, 0.0]",[],360.411,"['W_C', 'E_F', 'E_C', 'W_F']","[5.0, 7.0, 7.0, 5.0]","['low', 'low', 'high', 'high', 'low', 'high', 'high', 'low', 'low', 'low', 'high', 'high', 'high', 'low', 'high', 'low']","['C', 'C', 'F', 'F', 'C', 'F', 'F', 'C', 'C', 'C', 'F', 'F', 'F', 'C', 'F', 'C']","['E', 'W', 'E', 'W', 'W', 'W', 'E', 'E', 'W', 'E', 'E', 'W', 'W', 'E', 'E', 'W']","['low', 'high', 'low', 'high']",167,"['E_C', 'W_C', 'E_F', 'W_F', 'W_C', 'W_F', 'E_F', 'E_C', 'W_C', 'E_C', 'E_F', 'W_F', 'W_F', 'E_C', 'E_F', 'W_C']",1,7.0,4.0,feet,stripes,F,W,E,C,No,,,No,,
143,"[5.0, 6.0, 5.0, 6.0, 5.0, 5.0, 6.0, 8.0, 4.0, 5.0, 7.0, 9.0, 10.0, 4.0, 9.0, 4.0]","[5.0, 6.0, 5.0, 4.0, 3.0, 8.0, 3.0, 10.0, 3.0, 2.0, 8.0, 5.0, 6.0, 6.0, 7.0, 3.0]","[0.0, 0.0, 0.0, 2.0, 2.0, 3.0, 3.0, 2.0, 1.0, 3.0, 1.0, 4.0, 4.0, 2.0, 2.0, 1.0]","[""I felt like I did not notice certain things until I was already half way through. Like the lines on the frog I was 3/4 done and didn't notice they changed directions.""]",390.9576,"['W_F', 'E_C', 'W_C', 'E_F']","[8.0, 4.0, 3.0, 7.0]","['low', 'high', 'high', 'low', 'low', 'high', 'low', 'high', 'low', 'low', 'high', 'high', 'high', 'low', 'high', 'low']","['C', 'F', 'F', 'C', 'C', 'F', 'C', 'F', 'C', 'C', 'F', 'F', 'F', 'C', 'F', 'C']","['E', 'E', 'W', 'W', 'W', 'E', 'E', 'W', 'E', 'W', 'E', 'W', 'E', 'E', 'W', 'W']","['high', 'low', 'low', 'high']",143,"['E_C', 'E_F', 'W_F', 'W_C', 'W_C', 'E_F', 'E_C', 'W_F', 'E_C', 'W_C', 'E_F', 'W_F', 'E_F', 'E_C', 'W_F', 'W_C']",1,6.0,2.0,feet,stripes,F,W,E,C,Yes,Webbed,5.0,Yes, Up/Right,3.0
044,"[5.0, 7.0, 2.0, 10.0, 2.0, 9.0, 8.0, 3.0, 6.0, 5.0, 2.0, 4.0, 5.0, 8.0, 7.0, 2.0]","[8.0, 2.0, 3.0, 8.0, 1.0, 6.0, 4.0, 5.0, 7.0, 5.0, 2.0, 4.0, 3.0, 7.0, 6.0, 7.0]","[3.0, 5.0, 1.0, 2.0, 1.0, 3.0, 4.0, 2.0, 1.0, 0.0, 0.0, 0.0, 2.0, 1.0, 1.0, 5.0]",[],384.033,"['W_C', 'E_F', 'E_C', 'W_F']","[3.0, 7.0, 9.0, 5.0]","['high', 'low', 'low', 'high', 'low', 'high', 'high', 'low', 'high', 'high', 'low', 'low', 'low', 'high', 'high', 'low']","['F', 'C', 'F', 'C', 'C', 'F', 'C', 'F', 'C', 'F', 'C', 'F', 'C', 'C', 'F', 'F']","['E', 'W', 'W', 'E', 'W', 'E', 'E', 'W', 'E', 'E', 'W', 'W', 'W', 'E', 'E', 'W']","['low', 'high', 'high', 'low']",44,"['E_F', 'W_C', 'W_F', 'E_C', 'W_C', 'E_F', 'E_C', 'W_F', 'E_C', 'E_F', 'W_C', 'W_F', 'W_C', 'E_C', 'E_F', 'W_F']",1,7.0,1.0,stripes,feet,F,W,E,C,No,,,Yes, Up/Right,6.0
220,"[9.0, 8.0, 8.0, 4.0, 9.0, 5.0, 4.0, 4.0, 9.0, 10.0, 5.0, 9.0, 4.0, 9.0, 5.0, 9.0]","[4.0, 9.0, 9.0, 4.0, 5.0, 9.0, 4.0, 7.0, 10.0, 10.0, 9.0, 2.0, 5.0, 8.0, 1.0, 8.0]","[5.0, 1.0, 1.0, 0.0, 4.0, 4.0, 0.0, 3.0, 1.0, 0.0, 4.0, 7.0, 1.0, 1.0, 4.0, 1.0]",['No additional comments\xa0'],321.632,"['E_C', 'W_F', 'E_F', 'W_C']","[4.0, 7.0, 5.0, 9.0]","['low', 'high', 'high', 'low', 'high', 'high', 'low', 'low', 'high', 'high', 'low', 'low', 'low', 'high', 'low', 'high']","['C', 'C', 'F', 'F', 'C', 'F', 'C', 'F', 'C', 'F', 'F', 'C', 'C', 'C', 'F', 'F']","['W', 'E', 'E', 'W', 'E', 'E', 'W', 'W', 'E', 'E', 'W', 'W', 'W', 'E', 'W', 'E']","['high', 'low', 'high', 'low']",220,"['W_C', 'E_C', 'E_F', 'W_F', 'E_C', 'E_F', 'W_C', 'W_F', 'E_C', 'E_F', 'W_F', 'W_C', 'W_C', 'E_C', 'W_F', 'E_F']",1,5.0,5.0,stripes,feet,F,W,E,C,Yes, Curved/Pointy,5.0,Yes, Up/Right,5.0
049,"[3.0, 9.0, 4.0, 4.0, 2.0, 6.0, 5.0, 1.0, 4.0, 9.0, 1.0, 6.0, 7.0, 9.0, 2.0, 2.0]","[10.0, 8.0, 4.0, 1.0, 6.0, 4.0, 6.0, 7.0, 7.0, 4.0, 1.0, 2.0, 8.0, 6.0, 6.0, 5.0]","[7.0, 1.0, 0.0, 3.0, 4.0, 2.0, 1.0, 6.0, 3.0, 5.0, 0.0, 4.0, 1.0, 3.0, 4.0, 3.0]",['Thanks. God bless!'],528.2905,"['E_C', 'E_F', 'W_F', 'W_C']","[9.0, 6.0, 2.0, 5.0]","['high', 'high', 'low', 'low', 'high', 'low', 'high', 'low', 'high', 'high', 'low', 'low', 'high', 'high', 'low', 'low']","['C', 'C', 'F', 'F', 'C', 'F', 'C', 'F', 'C', 'C', 'F', 'F', 'C', 'C', 'F', 'F']","['W', 'E', 'E', 'W', 'E', 'W', 'W', 'E', 'W', 'E', 'W', 'E', 'E', 'W', 'E', 'W']","['high', 'low', 'low', 'high']",49,"['W_C', 'E_C', 'E_F', 'W_F', 'E_C', 'W_F', 'W_C', 'E_F', 'W_C', 'E_C', 'W_F', 'E_F', 'E_C', 'W_C', 'E_F', 'W_F']",1,7.0,4.0,feet,stripes,C,W,E,F,Yes, Curved/Pointy,4.0,No,,
202,"[5.0, 6.0, 7.0, 7.0, 4.0, 7.0, 6.0, 4.0, 8.0, 8.0, 5.0, 6.0, 9.0, 5.0, 8.0, 7.0]","[7.0, 4.0, 9.0, 4.0, 6.0, 8.0, 2.0, 3.0, 1.0, 8.0, 9.0, 4.0, 5.0, 8.0, 2.0, 6.0]","[2.0, 2.0, 2.0, 3.0, 2.0, 1.0, 4.0, 1.0, 7.0, 0.0, 4.0, 2.0, 4.0, 3.0, 6.0, 1.0]",['no errors noticed'],537.2903,"['W_F', 'W_C', 'E_F', 'E_C']","[8.0, 6.0, 4.0, 9.0]","['low', 'low', 'high', 'high', 'high', 'high', 'low', 'low', 'low', 'high', 'high', 'low', 'low', 'high', 'low', 'high']","['F', 'C', 'C', 'F', 'C', 'F', 'F', 'C', 'C', 'C', 'F', 'F', 'F', 'C', 'C', 'F']","['E', 'E', 'W', 'W', 'W', 'W', 'E', 'E', 'E', 'W', 'W', 'E', 'E', 'W', 'E', 'W']","['high', 'high', 'low', 'low']",202,"['E_F', 'E_C', 'W_C', 'W_F', 'W_C', 'W_F', 'E_F', 'E_C', 'E_C', 'W_C', 'W_F', 'E_F', 'E_F', 'W_C', 'E_C', 'W_F']",1,4.0,4.0,stripes,feet,F,E,W,C,No,,,No,,
151,"[7.0, 5.0, 3.0, 10.0, 7.0, 7.0, 5.0, 1.0, 3.0, 10.0, 6.0, 8.0, 4.0, 4.0, 9.0, 5.0]","[4.0, 7.0, 9.0, 4.0, 5.0, 3.0, 2.0, 1.0, 9.0, 3.0, 7.0, 3.0, 7.0, 5.0, 3.0, 1.0]","[3.0, 2.0, 6.0, 6.0, 2.0, 4.0, 3.0, 0.0, 6.0, 7.0, 1.0, 5.0, 3.0, 1.0, 6.0, 4.0]",[],276.939,"['W_C', 'E_F', 'E_C', 'W_F']","[6.0, 9.0, 4.0, 5.0]","['low', 'high', 'high', 'low', 'low', 'high', 'high', 'low', 'high', 'low', 'high', 'low', 'high', 'high', 'low', 'low']","['C', 'F', 'F', 'C', 'C', 'F', 'F', 'C', 'F', 'C', 'F', 'C', 'F', 'F', 'C', 'C']","['E', 'W', 'E', 'W', 'E', 'E', 'W', 'W', 'W', 'E', 'E', 'W', 'E', 'W', 'E', 'W']","['low', 'high', 'low', 'high']",151,"['E_C', 'W_F', 'E_F', 'W_C', 'E_C', 'E_F', 'W_F', 'W_C', 'W_F', 'E_C', 'E_F', 'W_C', 'E_F', 'W_F', 'E_C', 'W_C']",1,3.0,5.0,feet,stripes,F,W,E,C,No,,,Yes, Up/Right,5.0
098,"[6.0, 2.0, 5.0, 8.0, 2.0, 8.0, 8.0, 2.0, 3.0, 3.0, 7.0, 7.0, 9.0, 3.0, 3.0, 7.0]","[2.0, 1.0, 8.0, 7.0, 3.0, 5.0, 6.0, 3.0, 10.0, 7.0, 8.0, 10.0, 4.0, 6.0, 10.0, 6.0]","[4.0, 1.0, 3.0, 1.0, 1.0, 3.0, 2.0, 1.0, 7.0, 4.0, 1.0, 3.0, 5.0, 3.0, 7.0, 1.0]",[],423.2316,"['W_F', 'E_C', 'W_C', 'E_F']","[6.0, 4.0, 8.0, 7.0]","['low', 'low', 'high', 'high', 'low', 'high', 'high', 'low', 'low', 'low', 'high', 'high', 'low', 'high', 'high', 'low']","['F', 'C', 'C', 'F', 'F', 'F', 'C', 'C', 'C', 'F', 'C', 'F', 'C', 'C', 'F', 'F']","['E', 'E', 'W', 'W', 'E', 'W', 'W', 'E', 'E', 'E', 'W', 'W', 'E', 'W', 'W', 'E']","['high', 'low', 'high', 'low']",98,"['E_F', 'E_C', 'W_C', 'W_F', 'E_F', 'W_F', 'W_C', 'E_C', 'E_C', 'E_F', 'W_C', 'W_F', 'E_C', 'W_C', 'W_F', 'E_F']",1,7.0,2.0,stripes,feet,F,E,W,C,Yes,Webbed,4.0,Yes,Up/Left,5.0
150,"[7.0, 9.0, 5.0, 3.0, 5.0, 1.0, 7.0, 7.0, 7.0, 6.0, 10.0, 3.0, 10.0, 3.0, 6.0, 7.0]","[9.0, 5.0, 3.0, 5.0, 1.0, 7.0, 7.0, 7.0, 6.0, 10.0, 3.0, 10.0, 3.0, 6.0, 7.0, 10.0]","[2.0, 4.0, 2.0, 2.0, 4.0, 6.0, 0.0, 0.0, 1.0, 4.0, 7.0, 7.0, 7.0, 3.0, 1.0, 3.0]",['I thought I was going to be shown images of several different types of reptiles ( obvious differences)'],295.67,"['E_F', 'W_C', 'W_F', 'E_C']","[5.0, 4.0, 7.0, 10.0]","['high', 'high', 'low', 'low', 'low', 'high', 'high', 'low', 'low', 'high', 'low', 'high', 'low', 'low', 'high', 'high']","['F', 'C', 'C', 'F', 'C', 'C', 'F', 'F', 'C', 'F', 'F', 'C', 'F', 'C', 'C', 'F']","['W', 'W', 'E', 'E', 'E', 'W', 'W', 'E', 'E', 'W', 'E', 'W', 'E', 'E', 'W', 'W']","['low', 'high', 'high', 'low']",150,"['W_F', 'W_C', 'E_C', 'E_F', 'E_C', 'W_C', 'W_F', 'E_F', 'E_C', 'W_F', 'E_F', 'W_C', 'E_F', 'E_C', 'W_C', 'W_F']",1,1.0,5.0,stripes,feet,F,E,W,C,No,,,No,,
198,"[6.0, 7.0, 4.0, 3.0, 7.0, 6.0, 9.0, 9.0, 4.0, 6.0, 9.0, 6.0, 4.0, 6.0, 8.0, 9.0]","[3.0, 4.0, 9.0, 7.0, 8.0, 5.0, 5.0, 8.0, 4.0, 7.0, 9.0, 5.0, 3.0, 9.0, 8.0, 4.0]","[3.0, 3.0, 5.0, 4.0, 1.0, 1.0, 4.0, 1.0, 0.0, 1.0, 0.0, 1.0, 1.0, 3.0, 0.0, 5.0]",['All was good.'],555.7878,"['W_F', 'E_F', 'E_C', 'W_C']","[3.0, 9.0, 4.0, 7.0]","['low', 'low', 'high', 'high', 'high', 'low', 'low', 'high', 'low', 'high', 'low', 'high', 'low', 'high', 'high', 'low']","['F', 'C', 'C', 'F', 'F', 'F', 'C', 'C', 'F', 'F', 'C', 'C', 'F', 'F', 'C', 'C']","['E', 'E', 'W', 'W', 'W', 'E', 'E', 'W', 'E', 'W', 'E', 'W', 'E', 'W', 'W', 'E']","['high', 'low', 'low', 'high']",198,"['E_F', 'E_C', 'W_C', 'W_F', 'W_F', 'E_F', 'E_C', 'W_C', 'E_F', 'W_F', 'E_C', 'W_C', 'E_F', 'W_F', 'W_C', 'E_C']",1,7.0,6.0,stripes,feet,C,E,W,F,Yes,Webbed,3.0,Yes, Up/Right,6.0
174,"[5.0, 3.0, 5.0, 7.0, 2.0, 5.0, 8.0, 5.0, 8.0, 7.0, 2.0, 2.0, 4.0, 2.0, 8.0, 6.0]","[5.0, 2.0, 5.0, 6.0, 2.0, 1.0, 8.0, 9.0, 8.0, 8.0, 2.0, 1.0, 7.0, 3.0, 8.0, 8.0]","[0.0, 1.0, 0.0, 1.0, 0.0, 4.0, 0.0, 4.0, 0.0, 1.0, 0.0, 1.0, 3.0, 1.0, 0.0, 2.0]",['The task was simple and easy to understand.\xa0'],519.0017,"['E_F', 'W_C', 'E_C', 'W_F']","[5.0, 8.0, 2.0, 10.0]","['high', 'low', 'low', 'high', 'low', 'low', 'high', 'high', 'high', 'high', 'low', 'low', 'low', 'low', 'high', 'high']","['C', 'C', 'F', 'F', 'C', 'F', 'F', 'C', 'C', 'F', 'F', 'C', 'F', 'C', 'F', 'C']","['W', 'E', 'E', 'W', 'E', 'E', 'W', 'W', 'W', 'W', 'E', 'E', 'E', 'E', 'W', 'W']","['low', 'high', 'low', 'high']",174,"['W_C', 'E_C', 'E_F', 'W_F', 'E_C', 'E_F', 'W_F', 'W_C', 'W_C', 'W_F', 'E_F', 'E_C', 'E_F', 'E_C', 'W_F', 'W_C']",1,6.0,4.0,stripes,feet,F,E,W,C,Yes,Webbed,5.0,Yes, Up/Right,6.0
200,"[6.0, 5.0, 8.0, 8.0, 2.0, 7.0, 9.0, 2.0, 9.0, 2.0, 9.0, 2.0, 9.0, 2.0, 2.0, 9.0]","[6.0, 8.0, 1.0, 6.0, 4.0, 9.0, 8.0, 2.0, 6.0, 1.0, 5.0, 2.0, 3.0, 6.0, 4.0, 3.0]","[0.0, 3.0, 7.0, 2.0, 2.0, 2.0, 1.0, 0.0, 3.0, 1.0, 4.0, 0.0, 6.0, 4.0, 2.0, 6.0]",[],959.6813,"['E_F', 'W_F', 'W_C', 'E_C']","[3.0, 8.0, 8.0, 5.0]","['low', 'high', 'low', 'high', 'low', 'high', 'high', 'low', 'high', 'low', 'high', 'low', 'high', 'low', 'low', 'high']","['F', 'C', 'C', 'F', 'F', 'C', 'F', 'C', 'C', 'F', 'F', 'C', 'F', 'F', 'C', 'C']","['W', 'E', 'W', 'E', 'W', 'E', 'E', 'W', 'E', 'W', 'E', 'W', 'E', 'W', 'W', 'E']","['high', 'low', 'low', 'high']",200,"['W_F', 'E_C', 'W_C', 'E_F', 'W_F', 'E_C', 'E_F', 'W_C', 'E_C', 'W_F', 'E_F', 'W_C', 'E_F', 'W_F', 'W_C', 'E_C']",1,6.0,6.0,stripes,feet,F,W,E,C,Yes,Webbed,3.0,No,,
218,"[5.0, 7.0, 4.0, 8.0, 7.0, 3.0, 7.0, 1.0, 4.0, 9.0, 4.0, 5.0, 8.0, 4.0, 5.0, 8.0]","[7.0, 4.0, 2.0, 7.0, 7.0, 1.0, 10.0, 4.0, 5.0, 3.0, 4.0, 8.0, 6.0, 6.0, 2.0, 9.0]","[2.0, 3.0, 2.0, 1.0, 0.0, 2.0, 3.0, 3.0, 1.0, 6.0, 0.0, 3.0, 2.0, 2.0, 3.0, 1.0]",[],346.686,"['W_C', 'E_C', 'W_F', 'E_F']","[7.0, 4.0, 8.0, 2.0]","['high', 'low', 'low', 'high', 'high', 'low', 'high', 'low', 'low', 'high', 'low', 'high', 'high', 'low', 'low', 'high']","['F', 'F', 'C', 'C', 'F', 'F', 'C', 'C', 'C', 'F', 'F', 'C', 'C', 'C', 'F', 'F']","['W', 'E', 'E', 'W', 'W', 'E', 'W', 'E', 'E', 'W', 'E', 'W', 'W', 'E', 'E', 'W']","['high', 'low', 'high', 'low']",218,"['W_F', 'E_F', 'E_C', 'W_C', 'W_F', 'E_F', 'W_C', 'E_C', 'E_C', 'W_F', 'E_F', 'W_C', 'W_C', 'E_C', 'E_F', 'W_F']",1,7.0,7.0,stripes,feet,C,E,W,F,No,,,Yes,Up/Left,3.0
082,"[5.0, 3.0, 6.0, 6.0, 6.0, 7.0, 5.0, 6.0, 5.0, 8.0, 3.0, 9.0, 7.0, 4.0, 2.0, 8.0]","[3.0, 5.0, 9.0, 5.0, 7.0, 4.0, 6.0, 4.0, 8.0, 2.0, 9.0, 6.0, 10.0, 1.0, 7.0, 6.0]","[2.0, 2.0, 3.0, 1.0, 1.0, 3.0, 1.0, 2.0, 3.0, 6.0, 6.0, 3.0, 3.0, 3.0, 5.0, 2.0]","['Thank you for the opportunity to contribute, this was interesting!']",244.9522,"['W_F', 'E_C', 'W_C', 'E_F']","[3.0, 7.0, 7.0, 3.0]","['low', 'high', 'high', 'low', 'high', 'low', 'high', 'low', 'high', 'low', 'high', 'low', 'high', 'low', 'high', 'low']","['C', 'F', 'C', 'F', 'C', 'C', 'F', 'F', 'C', 'C', 'F', 'F', 'C', 'F', 'F', 'C']","['E', 'W', 'W', 'E', 'W', 'E', 'W', 'E', 'W', 'E', 'W', 'E', 'W', 'E', 'W', 'E']","['high', 'low', 'high', 'low']",82,"['E_C', 'W_F', 'W_C', 'E_F', 'W_C', 'E_C', 'W_F', 'E_F', 'W_C', 'E_C', 'W_F', 'E_F', 'W_C', 'E_F', 'W_F', 'E_C']",1,6.0,6.0,stripes,feet,C,E,W,F,Yes, Curved/Pointy,3.0,No,,
039,"[5.0, 2.0, 3.0, 8.0, 5.0, 8.0, 9.0, 4.0, 7.0, 9.0, 4.0, 5.0, 10.0, 8.0, 3.0, 3.0]","[1.0, 8.0, 5.0, 3.0, 4.0, 9.0, 4.0, 2.0, 7.0, 9.0, 8.0, 1.0, 4.0, 9.0, 2.0, 5.0]","[4.0, 6.0, 2.0, 5.0, 1.0, 1.0, 5.0, 2.0, 0.0, 0.0, 4.0, 4.0, 6.0, 1.0, 1.0, 2.0]",[],324.1579,"['E_C', 'W_F', 'W_C', 'E_F']","[3.0, 7.0, 2.0, 9.0]","['low', 'high', 'low', 'high', 'low', 'high', 'high', 'low', 'high', 'high', 'low', 'low', 'high', 'high', 'low', 'low']","['C', 'F', 'C', 'F', 'C', 'F', 'F', 'C', 'F', 'F', 'C', 'C', 'F', 'F', 'C', 'C']","['W', 'W', 'E', 'E', 'W', 'E', 'W', 'E', 'W', 'E', 'E', 'W', 'W', 'E', 'W', 'E']","['low', 'high', 'low', 'high']",39,"['W_C', 'W_F', 'E_C', 'E_F', 'W_C', 'E_F', 'W_F', 'E_C', 'W_F', 'E_F', 'E_C', 'W_C', 'W_F', 'E_F', 'W_C', 'E_C']",1,6.0,4.0,feet,stripes,F,W,E,C,Yes,Webbed,6.0,No,,
004,"[6.0, 7.0, 4.0, 3.0, 5.0, 7.0, 6.0, 8.0, 4.0, 6.0, 5.0, 3.0, 9.0, 7.0, 2.0, 3.0]","[6.0, 3.0, 4.0, 8.0, 9.0, 1.0, 10.0, 5.0, 7.0, 6.0, 5.0, 1.0, 6.0, 8.0, 8.0, 10.0]","[0.0, 4.0, 0.0, 5.0, 4.0, 6.0, 4.0, 3.0, 3.0, 0.0, 0.0, 2.0, 3.0, 1.0, 6.0, 7.0]",[],284.1902,"['W_F', 'W_C', 'E_C', 'E_F']","[6.0, 9.0, 4.0, 7.0]","['low', 'high', 'low', 'high', 'high', 'low', 'high', 'low', 'high', 'high', 'low', 'low', 'high', 'low', 'low', 'high']","['F', 'C', 'C', 'F', 'C', 'C', 'F', 'F', 'F', 'C', 'F', 'C', 'F', 'F', 'C', 'C']","['W', 'E', 'W', 'E', 'E', 'W', 'E', 'W', 'E', 'E', 'W', 'W', 'E', 'W', 'W', 'E']","['low', 'low', 'high', 'high']",4,"['W_F', 'E_C', 'W_C', 'E_F', 'E_C', 'W_C', 'E_F', 'W_F', 'E_F', 'E_C', 'W_F', 'W_C', 'E_F', 'W_F', 'W_C', 'E_C']",1,6.0,5.0,stripes,feet,F,W,E,C,Yes,Webbed,3.0,No,,
208,"[6.0, 5.0, 2.0, 3.0, 5.0, 5.0, 5.0, 8.0, 7.0, 2.0, 4.0, 8.0, 1.0, 7.0, 5.0, 9.0]","[4.0, 1.0, 5.0, 8.0, 5.0, 9.0, 6.0, 3.0, 9.0, 5.0, 3.0, 6.0, 5.0, 6.0, 4.0, 7.0]","[2.0, 4.0, 3.0, 5.0, 0.0, 4.0, 1.0, 5.0, 2.0, 3.0, 1.0, 2.0, 4.0, 1.0, 1.0, 2.0]",['I encountered no errors.'],370.547,"['E_F', 'W_F', 'E_C', 'W_C']","[8.0, 3.0, 9.0, 3.0]","['low', 'low', 'high', 'high', 'high', 'high', 'low', 'low', 'high', 'low', 'low', 'high', 'low', 'high', 'low', 'high']","['F', 'C', 'C', 'F', 'C', 'F', 'C', 'F', 'F', 'C', 'F', 'C', 'F', 'C', 'C', 'F']","['W', 'W', 'E', 'E', 'E', 'E', 'W', 'W', 'E', 'W', 'W', 'E', 'W', 'E', 'W', 'E']","['high', 'low', 'high', 'low']",208,"['W_F', 'W_C', 'E_C', 'E_F', 'E_C', 'E_F', 'W_C', 'W_F', 'E_F', 'W_C', 'W_F', 'E_C', 'W_F', 'E_C', 'W_C', 'E_F']",1,5.0,5.0,stripes,feet,F,W,E,C,Yes, Curved/Pointy,4.0,Yes, Up/Right,6.0
141,"[5.0, 7.0, 2.0, 7.0, 5.0, 6.0, 4.0, 5.0, 2.0, 4.0, 5.0, 8.0, 5.0, 6.0, 7.0, 3.0]","[1.0, 8.0, 5.0, 5.0, 3.0, 5.0, 4.0, 2.0, 2.0, 9.0, 4.0, 7.0, 1.0, 8.0, 6.0, 2.0]","[4.0, 1.0, 3.0, 2.0, 2.0, 1.0, 0.0, 3.0, 0.0, 5.0, 1.0, 1.0, 4.0, 2.0, 1.0, 1.0]",[],283.9726,"['E_C', 'W_F', 'W_C', 'E_F']","[9.0, 2.0, 8.0, 2.0]","['low', 'high', 'low', 'high', 'high', 'high', 'low', 'low', 'low', 'high', 'low', 'high', 'low', 'high', 'high', 'low']","['F', 'C', 'F', 'C', 'C', 'C', 'F', 'F', 'F', 'C', 'F', 'C', 'F', 'C', 'C', 'F']","['W', 'E', 'E', 'W', 'W', 'E', 'W', 'E', 'W', 'E', 'E', 'W', 'E', 'W', 'E', 'W']","['high', 'low', 'high', 'low']",141,"['W_F', 'E_C', 'E_F', 'W_C', 'W_C', 'E_C', 'W_F', 'E_F', 'W_F', 'E_C', 'E_F', 'W_C', 'E_F', 'W_C', 'E_C', 'W_F']",1,6.0,6.0,feet,stripes,C,W,E,F,Yes, Curved/Pointy,6.0,No,,
137,"[9.0, 7.0, 7.0, 5.0, 5.0, 3.0, 10.0, 4.0, 8.0, 2.0, 10.0, 5.0, 1.0, 6.0, 9.0, 8.0]","[7.0, 7.0, 5.0, 5.0, 3.0, 10.0, 4.0, 8.0, 2.0, 10.0, 5.0, 1.0, 6.0, 9.0, 8.0, 5.0]","[2.0, 0.0, 2.0, 0.0, 2.0, 7.0, 6.0, 4.0, 6.0, 8.0, 5.0, 4.0, 5.0, 3.0, 1.0, 3.0]",[],498.8408,"['W_C', 'E_C', 'W_F', 'E_F']","[9.0, 9.0, 9.0, 9.0]","['high', 'high', 'low', 'low', 'low', 'high', 'low', 'high', 'low', 'high', 'high', 'low', 'low', 'high', 'high', 'low']","['C', 'C', 'F', 'F', 'F', 'C', 'F', 'C', 'F', 'C', 'C', 'F', 'F', 'C', 'C', 'F']","['E', 'W', 'W', 'E', 'W', 'E', 'E', 'W', 'W', 'E', 'W', 'E', 'E', 'E', 'W', 'W']","['high', 'high', 'low', 'low']",137,"['E_C', 'W_C', 'W_F', 'E_F', 'W_F', 'E_C', 'E_F', 'W_C', 'W_F', 'E_C', 'W_C', 'E_F', 'E_F', 'E_C', 'W_C', 'W_F']",1,7.0,7.0,feet,stripes,C,W,E,F,Yes,Webbed,7.0,No,,
093,"[6.0, 6.0, 5.0, 7.0, 9.0, 8.0, 5.0, 6.0, 9.0, 3.0, 7.0, 6.0, 4.0, 6.0, 9.0, 7.0]","[5.0, 4.0, 10.0, 7.0, 4.0, 6.0, 8.0, 7.0, 10.0, 2.0, 3.0, 7.0, 8.0, 4.0, 9.0, 5.0]","[1.0, 2.0, 5.0, 0.0, 5.0, 2.0, 3.0, 1.0, 1.0, 1.0, 4.0, 1.0, 4.0, 2.0, 0.0, 2.0]","['Good Survey, very interesting']",310.279,"['E_C', 'W_F', 'E_F', 'W_C']","[7.0, 4.0, 8.0, 5.0]","['low', 'low', 'high', 'high', 'low', 'high', 'high', 'low', 'high', 'low', 'low', 'high', 'high', 'low', 'high', 'low']","['F', 'F', 'C', 'C', 'F', 'C', 'C', 'F', 'C', 'F', 'F', 'C', 'C', 'F', 'C', 'F']","['E', 'W', 'E', 'W', 'W', 'E', 'W', 'E', 'E', 'E', 'W', 'W', 'W', 'E', 'E', 'W']","['high', 'low', 'low', 'high']",93,"['E_F', 'W_F', 'E_C', 'W_C', 'W_F', 'E_C', 'W_C', 'E_F', 'E_C', 'E_F', 'W_F', 'W_C', 'W_C', 'E_F', 'E_C', 'W_F']",1,4.0,5.0,feet,stripes,C,W,E,F,No,,,No,,
025,"[1.0, 7.0, 5.0, 1.0, 5.0, 7.0, 10.0, 2.0, 10.0, 10.0, 1.0, 8.0, 10.0, 5.0, 2.0, 3.0]","[7.0, 5.0, 3.0, 7.0, 10.0, 10.0, 2.0, 1.0, 1.0, 10.0, 8.0, 6.0, 2.0, 6.0, 10.0, 6.0]","[6.0, 2.0, 2.0, 6.0, 5.0, 3.0, 8.0, 1.0, 9.0, 0.0, 7.0, 2.0, 8.0, 1.0, 8.0, 3.0]",[],749.241,"['E_F', 'W_F', 'E_C', 'W_C']","[7.0, 10.0, 3.0, 7.0]","['high', 'low', 'low', 'high', 'high', 'high', 'low', 'low', 'low', 'high', 'high', 'low', 'high', 'low', 'high', 'low']","['C', 'F', 'F', 'C', 'C', 'C', 'F', 'F', 'F', 'C', 'C', 'F', 'C', 'F', 'C', 'F']","['E', 'E', 'W', 'W', 'E', 'W', 'E', 'W', 'E', 'W', 'E', 'W', 'E', 'W', 'W', 'E']","['low', 'low', 'high', 'high']",25,"['E_C', 'E_F', 'W_F', 'W_C', 'E_C', 'W_C', 'E_F', 'W_F', 'E_F', 'W_C', 'E_C', 'W_F', 'E_C', 'W_F', 'W_C', 'E_F']",1,7.0,4.0,feet,stripes,C,E,W,F,No,,,No,,
097,"[6.0, 10.0, 8.0, 10.0, 2.0, 2.0, 7.0, 9.0, 6.0, 6.0, 3.0, 2.0, 8.0, 3.0, 5.0, 8.0]","[10.0, 10.0, 2.0, 6.0, 9.0, 1.0, 5.0, 7.0, 2.0, 8.0, 7.0, 3.0, 10.0, 6.0, 2.0, 7.0]","[4.0, 0.0, 6.0, 4.0, 7.0, 1.0, 2.0, 2.0, 4.0, 2.0, 4.0, 1.0, 2.0, 3.0, 3.0, 1.0]",[],314.8559,"['W_C', 'E_F', 'W_F', 'E_C']","[7.0, 5.0, 2.0, 9.0]","['high', 'high', 'low', 'low', 'high', 'low', 'low', 'high', 'low', 'high', 'high', 'low', 'high', 'low', 'low', 'high']","['C', 'C', 'F', 'F', 'C', 'F', 'F', 'C', 'F', 'C', 'C', 'F', 'C', 'F', 'F', 'C']","['W', 'E', 'W', 'E', 'W', 'W', 'E', 'E', 'E', 'E', 'W', 'W', 'W', 'E', 'W', 'E']","['high', 'low', 'low', 'high']",97,"['W_C', 'E_C', 'W_F', 'E_F', 'W_C', 'W_F', 'E_F', 'E_C', 'E_F', 'E_C', 'W_C', 'W_F', 'W_C', 'E_F', 'W_F', 'E_C']",1,6.0,2.0,feet,stripes,C,W,E,F,Yes, Curved/Pointy,6.0,Yes, Up/Right,6.0
051,"[5.0, 7.0, 8.0, 4.0, 4.0, 3.0, 7.0, 5.0, 9.0, 9.0, 4.0, 6.0, 7.0, 3.0, 6.0, 10.0]","[3.0, 2.0, 4.0, 4.0, 1.0, 8.0, 3.0, 10.0, 8.0, 1.0, 8.0, 9.0, 5.0, 4.0, 7.0, 1.0]","[2.0, 5.0, 4.0, 0.0, 3.0, 5.0, 4.0, 5.0, 1.0, 8.0, 4.0, 3.0, 2.0, 1.0, 1.0, 9.0]",[],268.0116,"['E_C', 'W_F', 'W_C', 'E_F']","[4.0, 7.0, 10.0, 3.0]","['low', 'low', 'high', 'high', 'low', 'high', 'low', 'high', 'high', 'low', 'high', 'low', 'low', 'high', 'high', 'low']","['C', 'C', 'F', 'F', 'C', 'F', 'C', 'F', 'F', 'C', 'F', 'C', 'C', 'F', 'F', 'C']","['W', 'E', 'W', 'E', 'E', 'W', 'W', 'E', 'W', 'W', 'E', 'E', 'W', 'W', 'E', 'E']","['low', 'high', 'low', 'high']",51,"['W_C', 'E_C', 'W_F', 'E_F', 'E_C', 'W_F', 'W_C', 'E_F', 'W_F', 'W_C', 'E_F', 'E_C', 'W_C', 'W_F', 'E_F', 'E_C']",1,6.0,4.0,feet,stripes,F,W,E,C,Yes, Curved/Pointy,4.0,Yes, Up/Right,2.0
103,"[2.0, 3.0, 5.0, 4.0, 8.0, 6.0, 4.0, 8.0, 5.0, 1.0, 8.0, 9.0, 2.0, 8.0, 7.0, 2.0]","[3.0, 5.0, 6.0, 7.0, 6.0, 10.0, 1.0, 8.0, 7.0, 4.0, 7.0, 10.0, 3.0, 8.0, 8.0, 1.0]","[1.0, 2.0, 1.0, 3.0, 2.0, 4.0, 3.0, 0.0, 2.0, 3.0, 1.0, 1.0, 1.0, 0.0, 1.0, 1.0]",[],366.8821,"['E_C', 'W_F', 'W_C', 'E_F']","[1.0, 8.0, 3.0, 10.0]","['low', 'high', 'low', 'high', 'low', 'high', 'low', 'high', 'low', 'low', 'high', 'high', 'low', 'high', 'high', 'low']","['C', 'F', 'C', 'F', 'C', 'F', 'C', 'F', 'C', 'C', 'F', 'F', 'C', 'F', 'F', 'C']","['W', 'W', 'E', 'E', 'W', 'W', 'E', 'E', 'W', 'E', 'E', 'W', 'W', 'E', 'W', 'E']","['low', 'high', 'low', 'high']",103,"['W_C', 'W_F', 'E_C', 'E_F', 'W_C', 'W_F', 'E_C', 'E_F', 'W_C', 'E_C', 'E_F', 'W_F', 'W_C', 'E_F', 'W_F', 'E_C']",1,7.0,7.0,feet,stripes,F,E,W,C,Yes,Webbed,7.0,Yes, Up/Right,6.0
055,"[3.0, 5.0, 6.0, 2.0, 4.0, 7.0, 7.0, 2.0, 3.0, 7.0, 7.0, 7.0, 3.0, 5.0, 5.0, 7.0]","[5.0, 4.0, 2.0, 7.0, 5.0, 9.0, 5.0, 3.0, 5.0, 1.0, 8.0, 4.0, 9.0, 7.0, 3.0, 5.0]","[2.0, 1.0, 4.0, 5.0, 1.0, 2.0, 2.0, 1.0, 2.0, 6.0, 1.0, 3.0, 6.0, 2.0, 2.0, 2.0]",['Great survey\xa0'],338.8055,"['W_C', 'E_C', 'E_F', 'W_F']","[5.0, 9.0, 7.0, 3.0]","['high', 'low', 'low', 'high', 'high', 'high', 'low', 'low', 'high', 'low', 'high', 'low', 'high', 'high', 'low', 'low']","['F', 'C', 'C', 'F', 'F', 'F', 'C', 'C', 'F', 'C', 'F', 'C', 'F', 'F', 'C', 'C']","['W', 'W', 'E', 'E', 'W', 'E', 'E', 'W', 'W', 'W', 'E', 'E', 'W', 'E', 'W', 'E']","['low', 'low', 'high', 'high']",55,"['W_F', 'W_C', 'E_C', 'E_F', 'W_F', 'E_F', 'E_C', 'W_C', 'W_F', 'W_C', 'E_F', 'E_C', 'W_F', 'E_F', 'W_C', 'E_C']",1,7.0,5.0,feet,stripes,F,W,E,C,Yes,Webbed,7.0,Yes, Up/Right,7.0
003,"[3.0, 7.0, 5.0, 5.0, 7.0, 5.0, 6.0, 5.0, 7.0, 4.0, 7.0, 5.0, 7.0, 7.0, 6.0, 6.0]","[7.0, 4.0, 3.0, 5.0, 5.0, 8.0, 6.0, 9.0, 2.0, 10.0, 6.0, 5.0, 10.0, 9.0, 4.0, 10.0]","[4.0, 3.0, 2.0, 0.0, 2.0, 3.0, 0.0, 4.0, 5.0, 6.0, 1.0, 0.0, 3.0, 2.0, 2.0, 4.0]",[],281.753,"['W_F', 'W_C', 'E_C', 'E_F']","[7.0, 5.0, 8.0, 9.0]","['high', 'low', 'low', 'high', 'low', 'low', 'high', 'high', 'low', 'high', 'high', 'low', 'high', 'low', 'low', 'high']","['F', 'C', 'C', 'F', 'C', 'C', 'F', 'F', 'C', 'F', 'F', 'C', 'F', 'C', 'C', 'F']","['W', 'E', 'W', 'E', 'W', 'E', 'E', 'W', 'E', 'W', 'E', 'W', 'E', 'W', 'E', 'W']","['high', 'low', 'low', 'high']",3,"['W_F', 'E_C', 'W_C', 'E_F', 'W_C', 'E_C', 'E_F', 'W_F', 'E_C', 'W_F', 'E_F', 'W_C', 'E_F', 'W_C', 'E_C', 'W_F']",1,1.0,1.0,feet,stripes,F,E,W,C,No,,,No,,
101,"[6.0, 6.0, 6.0, 6.0, 6.0, 6.0, 6.0, 5.0, 5.0, 7.0, 6.0, 6.0, 6.0, 5.0, 5.0, 6.0]","[2.0, 10.0, 4.0, 1.0, 4.0, 4.0, 6.0, 10.0, 4.0, 4.0, 8.0, 9.0, 5.0, 3.0, 7.0, 10.0]","[4.0, 4.0, 2.0, 5.0, 2.0, 2.0, 0.0, 5.0, 1.0, 3.0, 2.0, 3.0, 1.0, 2.0, 2.0, 4.0]",['No comment.'],266.3871,"['E_C', 'E_F', 'W_C', 'W_F']","[6.0, 5.0, 5.0, 6.0]","['high', 'high', 'low', 'low', 'low', 'low', 'high', 'high', 'low', 'low', 'high', 'high', 'low', 'low', 'high', 'high']","['C', 'C', 'F', 'F', 'F', 'F', 'C', 'C', 'F', 'F', 'C', 'C', 'F', 'F', 'C', 'C']","['W', 'E', 'W', 'E', 'W', 'E', 'W', 'E', 'E', 'W', 'W', 'E', 'E', 'W', 'W', 'E']","['high', 'low', 'high', 'low']",101,"['W_C', 'E_C', 'W_F', 'E_F', 'W_F', 'E_F', 'W_C', 'E_C', 'E_F', 'W_F', 'W_C', 'E_C', 'E_F', 'W_F', 'W_C', 'E_C']",1,7.0,1.0,feet,stripes,C,W,E,F,No,,,No,,
050,"[9.0, 7.0, 7.0, 4.0, 4.0, 8.0, 5.0, 4.0, 6.0, 10.0, 1.0, 6.0, 10.0, 4.0, 8.0, 2.0]","[4.0, 6.0, 4.0, 6.0, 10.0, 2.0, 5.0, 9.0, 7.0, 7.0, 2.0, 5.0, 6.0, 4.0, 9.0, 1.0]","[5.0, 1.0, 3.0, 2.0, 6.0, 6.0, 0.0, 5.0, 1.0, 3.0, 1.0, 1.0, 4.0, 0.0, 1.0, 1.0]",['This was a very interesting expirament'],406.8057,"['E_C', 'E_F', 'W_F', 'W_C']","[4.0, 10.0, 6.0, 7.0]","['high', 'high', 'low', 'low', 'high', 'low', 'low', 'high', 'low', 'high', 'low', 'high', 'low', 'high', 'high', 'low']","['F', 'C', 'F', 'C', 'F', 'F', 'C', 'C', 'F', 'C', 'C', 'F', 'C', 'F', 'C', 'F']","['W', 'W', 'E', 'E', 'W', 'E', 'E', 'W', 'E', 'W', 'E', 'W', 'E', 'W', 'W', 'E']","['low', 'low', 'high', 'high']",50,"['W_F', 'W_C', 'E_F', 'E_C', 'W_F', 'E_F', 'E_C', 'W_C', 'E_F', 'W_C', 'E_C', 'W_F', 'E_C', 'W_F', 'W_C', 'E_F']",1,6.0,7.0,stripes,feet,C,E,W,F,Yes, Curved/Pointy,5.0,No,,
090,"[4.0, 4.0, 7.0, 6.0, 9.0, 4.0, 8.0, 4.0, 5.0, 8.0, 9.0, 3.0, 8.0, 5.0, 7.0, 3.0]","[4.0, 4.0, 7.0, 10.0, 5.0, 4.0, 9.0, 6.0, 3.0, 8.0, 7.0, 2.0, 9.0, 7.0, 9.0, 3.0]","[0.0, 0.0, 0.0, 4.0, 4.0, 0.0, 1.0, 2.0, 2.0, 0.0, 2.0, 1.0, 1.0, 2.0, 2.0, 0.0]",[],325.702,"['E_F', 'W_F', 'E_C', 'W_C']","[2.0, 6.0, 4.0, 9.0]","['low', 'low', 'high', 'high', 'high', 'low', 'high', 'low', 'low', 'high', 'high', 'low', 'high', 'low', 'high', 'low']","['F', 'C', 'C', 'F', 'C', 'C', 'F', 'F', 'F', 'F', 'C', 'C', 'F', 'F', 'C', 'C']","['E', 'E', 'W', 'W', 'W', 'E', 'W', 'E', 'E', 'W', 'W', 'E', 'W', 'E', 'W', 'E']","['low', 'high', 'low', 'high']",90,"['E_F', 'E_C', 'W_C', 'W_F', 'W_C', 'E_C', 'W_F', 'E_F', 'E_F', 'W_F', 'W_C', 'E_C', 'W_F', 'E_F', 'W_C', 'E_C']",1,5.0,7.0,stripes,feet,F,E,W,C,Yes, Curved/Pointy,6.0,Yes,Up/Left,6.0
112,"[2.0, 4.0, 5.0, 10.0, 6.0, 4.0, 8.0, 2.0, 3.0, 10.0, 4.0, 6.0, 7.0, 10.0, 1.0, 6.0]","[5.0, 10.0, 4.0, 6.0, 6.0, 4.0, 6.0, 9.0, 3.0, 1.0, 10.0, 7.0, 8.0, 9.0, 3.0, 5.0]","[3.0, 6.0, 1.0, 4.0, 0.0, 0.0, 2.0, 7.0, 0.0, 9.0, 6.0, 1.0, 1.0, 1.0, 2.0, 1.0]",[],293.1409,"['E_F', 'E_C', 'W_C', 'W_F']","[10.0, 5.0, 2.0, 7.0]","['low', 'high', 'low', 'high', 'high', 'low', 'low', 'high', 'low', 'low', 'high', 'high', 'high', 'high', 'low', 'low']","['C', 'F', 'F', 'C', 'C', 'C', 'F', 'F', 'C', 'F', 'F', 'C', 'C', 'F', 'C', 'F']","['W', 'E', 'W', 'E', 'E', 'W', 'W', 'E', 'W', 'W', 'E', 'E', 'E', 'E', 'W', 'W']","['high', 'high', 'low', 'low']",112,"['W_C', 'E_F', 'W_F', 'E_C', 'E_C', 'W_C', 'W_F', 'E_F', 'W_C', 'W_F', 'E_F', 'E_C', 'E_C', 'E_F', 'W_C', 'W_F']",1,7.0,1.0,stripes,feet,F,W,E,C,Yes,Webbed,7.0,Yes, Up/Right,4.0
099,"[4.0, 4.0, 6.0, 8.0, 7.0, 6.0, 3.0, 9.0, 4.0, 5.0, 8.0, 7.0, 9.0, 6.0, 5.0, 8.0]","[3.0, 6.0, 7.0, 6.0, 8.0, 1.0, 4.0, 5.0, 5.0, 5.0, 9.0, 10.0, 9.0, 3.0, 7.0, 9.0]","[1.0, 2.0, 1.0, 2.0, 1.0, 5.0, 1.0, 4.0, 1.0, 0.0, 1.0, 3.0, 0.0, 3.0, 2.0, 1.0]",[],368.269,"['E_F', 'E_C', 'W_C', 'W_F']","[8.0, 3.0, 5.0, 9.0]","['low', 'high', 'high', 'low', 'high', 'low', 'low', 'high', 'low', 'low', 'high', 'high', 'high', 'low', 'low', 'high']","['C', 'F', 'F', 'C', 'F', 'C', 'C', 'F', 'C', 'C', 'F', 'F', 'F', 'C', 'C', 'F']","['W', 'W', 'E', 'E', 'W', 'E', 'W', 'E', 'E', 'W', 'E', 'W', 'W', 'E', 'W', 'E']","['high', 'low', 'low', 'high']",99,"['W_C', 'W_F', 'E_F', 'E_C', 'W_F', 'E_C', 'W_C', 'E_F', 'E_C', 'W_C', 'E_F', 'W_F', 'W_F', 'E_C', 'W_C', 'E_F']",1,7.0,4.0,feet,stripes,F,E,W,C,Yes,Webbed,7.0,Yes,Up/Left,4.0
121,"[5.0, 5.0, 1.0, 4.0, 5.0, 5.0, 5.0, 8.0, 2.0, 8.0, 6.0, 3.0, 7.0, 4.0, 4.0, 5.0]","[4.0, 1.0, 8.0, 6.0, 4.0, 1.0, 3.0, 9.0, 8.0, 7.0, 4.0, 9.0, 4.0, 7.0, 2.0, 6.0]","[1.0, 4.0, 7.0, 2.0, 1.0, 4.0, 2.0, 1.0, 6.0, 1.0, 2.0, 6.0, 3.0, 3.0, 2.0, 1.0]",[],251.0114,"['W_C', 'E_C', 'E_F', 'W_F']","[6.0, 8.0, 4.0, 4.0]","['low', 'low', 'high', 'high', 'high', 'low', 'low', 'high', 'low', 'high', 'low', 'high', 'high', 'low', 'low', 'high']","['F', 'F', 'C', 'C', 'C', 'F', 'F', 'C', 'F', 'C', 'F', 'C', 'C', 'F', 'F', 'C']","['E', 'W', 'W', 'E', 'W', 'W', 'E', 'E', 'E', 'E', 'W', 'W', 'E', 'E', 'W', 'W']","['high', 'high', 'low', 'low']",121,"['E_F', 'W_F', 'W_C', 'E_C', 'W_C', 'W_F', 'E_F', 'E_C', 'E_F', 'E_C', 'W_F', 'W_C', 'E_C', 'E_F', 'W_F', 'W_C']",1,7.0,7.0,feet,stripes,C,W,E,F,Yes, Curved/Pointy,5.0,Yes, Up/Right,3.0
058,"[4.0, 1.0, 3.0, 7.0, 6.0, 6.0, 9.0, 3.0, 3.0, 10.0, 4.0, 7.0, 6.0, 6.0, 6.0, 7.0]","[1.0, 5.0, 10.0, 8.0, 1.0, 6.0, 9.0, 7.0, 5.0, 10.0, 3.0, 8.0, 8.0, 6.0, 9.0, 3.0]","[3.0, 4.0, 7.0, 1.0, 5.0, 0.0, 0.0, 4.0, 2.0, 0.0, 1.0, 1.0, 2.0, 0.0, 3.0, 4.0]",[],443.401,"['W_F', 'E_F', 'E_C', 'W_C']","[3.0, 6.0, 9.0, 8.0]","['low', 'low', 'high', 'high', 'low', 'high', 'high', 'low', 'low', 'high', 'low', 'high', 'high', 'low', 'high', 'low']","['F', 'C', 'F', 'C', 'F', 'C', 'F', 'C', 'C', 'C', 'F', 'F', 'C', 'F', 'F', 'C']","['E', 'E', 'W', 'W', 'E', 'W', 'W', 'E', 'E', 'W', 'E', 'W', 'W', 'E', 'W', 'E']","['high', 'low', 'low', 'high']",58,"['E_F', 'E_C', 'W_F', 'W_C', 'E_F', 'W_C', 'W_F', 'E_C', 'E_C', 'W_C', 'E_F', 'W_F', 'W_C', 'E_F', 'W_F', 'E_C']",1,6.0,6.0,stripes,feet,C,E,W,F,Yes,Webbed,6.0,No,,
096,"[10.0, 7.0, 9.0, 7.0, 8.0, 5.0, 7.0, 4.0, 10.0, 5.0, 5.0, 7.0, 5.0, 5.0, 7.0, 7.0]","[7.0, 9.0, 3.0, 4.0, 4.0, 4.0, 4.0, 10.0, 5.0, 7.0, 3.0, 7.0, 7.0, 8.0, 8.0, 3.0]","[3.0, 2.0, 6.0, 3.0, 4.0, 1.0, 3.0, 6.0, 5.0, 2.0, 2.0, 0.0, 2.0, 3.0, 1.0, 4.0]",[],542.7205,"['E_F', 'W_F', 'E_C', 'W_C']","[5.0, 7.0, 5.0, 7.0]","['high', 'high', 'low', 'low', 'low', 'high', 'low', 'high', 'low', 'high', 'low', 'high', 'high', 'low', 'high', 'low']","['F', 'C', 'F', 'C', 'F', 'C', 'C', 'F', 'F', 'C', 'C', 'F', 'C', 'F', 'F', 'C']","['E', 'E', 'W', 'W', 'W', 'E', 'W', 'E', 'W', 'E', 'W', 'E', 'E', 'W', 'E', 'W']","['high', 'low', 'high', 'low']",96,"['E_F', 'E_C', 'W_F', 'W_C', 'W_F', 'E_C', 'W_C', 'E_F', 'W_F', 'E_C', 'W_C', 'E_F', 'E_C', 'W_F', 'E_F', 'W_C']",1,7.0,5.0,stripes,feet,F,W,E,C,No,,,No,,
153,"[5.0, 3.0, 7.0, 2.0, 2.0, 4.0, 8.0, 8.0, 2.0, 6.0, 4.0, 6.0, 4.0, 10.0, 2.0, 7.0]","[2.0, 2.0, 4.0, 8.0, 2.0, 1.0, 4.0, 6.0, 5.0, 8.0, 4.0, 10.0, 9.0, 5.0, 5.0, 3.0]","[3.0, 1.0, 3.0, 6.0, 0.0, 3.0, 4.0, 2.0, 3.0, 2.0, 0.0, 4.0, 5.0, 5.0, 3.0, 4.0]",[],390.9009,"['W_C', 'E_F', 'E_C', 'W_F']","[4.0, 6.0, 8.0, 3.0]","['high', 'low', 'low', 'high', 'low', 'low', 'high', 'high', 'low', 'high', 'low', 'high', 'high', 'high', 'low', 'low']","['C', 'F', 'F', 'C', 'F', 'F', 'C', 'C', 'F', 'C', 'F', 'C', 'C', 'C', 'F', 'F']","['E', 'W', 'E', 'W', 'W', 'E', 'W', 'E', 'W', 'W', 'E', 'E', 'W', 'E', 'W', 'E']","['high', 'low', 'high', 'low']",153,"['E_C', 'W_F', 'E_F', 'W_C', 'W_F', 'E_F', 'W_C', 'E_C', 'W_F', 'W_C', 'E_F', 'E_C', 'W_C', 'E_C', 'W_F', 'E_F']",1,6.0,6.0,feet,stripes,C,E,W,F,Yes, Curved/Pointy,4.0,Yes, Up/Right,3.0
006,"[5.0, 1.0, 8.0, 3.0, 9.0, 6.0, 2.0, 5.0, 1.0, 1.0, 9.0, 8.0, 2.0, 5.0, 7.0, 9.0]","[1.0, 9.0, 6.0, 1.0, 9.0, 7.0, 6.0, 1.0, 5.0, 2.0, 7.0, 5.0, 1.0, 6.0, 4.0, 6.0]","[4.0, 8.0, 2.0, 2.0, 0.0, 1.0, 4.0, 4.0, 4.0, 1.0, 2.0, 3.0, 1.0, 1.0, 3.0, 3.0]",['Nothing was confusing. The study was well-written and easy to understand. I did not notice any errors.'],360.3262,"['W_C', 'W_F', 'E_C', 'E_F']","[7.0, 8.0, 5.0, 2.0]","['low', 'high', 'high', 'low', 'high', 'high', 'low', 'low', 'low', 'low', 'high', 'high', 'low', 'low', 'high', 'high']","['F', 'C', 'F', 'C', 'F', 'C', 'C', 'F', 'C', 'F', 'F', 'C', 'F', 'C', 'F', 'C']","['E', 'W', 'W', 'E', 'W', 'W', 'E', 'E', 'E', 'E', 'W', 'W', 'E', 'E', 'W', 'W']","['high', 'high', 'low', 'low']",6,"['E_F', 'W_C', 'W_F', 'E_C', 'W_F', 'W_C', 'E_C', 'E_F', 'E_C', 'E_F', 'W_F', 'W_C', 'E_F', 'E_C', 'W_F', 'W_C']",1,7.0,1.0,stripes,feet,C,E,W,F,No,,,Yes,Up/Left,7.0
132,"[5.0, 4.0, 2.0, 4.0, 4.0, 7.0, 6.0, 4.0, 2.0, 6.0, 9.0, 3.0, 1.0, 3.0, 1.0, 8.0]","[2.0, 2.0, 4.0, 4.0, 7.0, 6.0, 4.0, 1.0, 6.0, 9.0, 3.0, 1.0, 6.0, 1.0, 7.0, 7.0]","[3.0, 2.0, 2.0, 0.0, 3.0, 1.0, 2.0, 3.0, 4.0, 3.0, 6.0, 2.0, 5.0, 2.0, 6.0, 1.0]",['none'],361.3787,"['E_C', 'W_C', 'E_F', 'W_F']","[7.0, 3.0, 4.0, 6.0]","['low', 'high', 'low', 'high', 'high', 'low', 'high', 'low', 'high', 'high', 'low', 'low', 'low', 'low', 'high', 'high']","['C', 'F', 'F', 'C', 'C', 'C', 'F', 'F', 'C', 'F', 'C', 'F', 'C', 'F', 'C', 'F']","['W', 'E', 'W', 'E', 'E', 'W', 'E', 'W', 'E', 'E', 'W', 'W', 'W', 'W', 'E', 'E']","['high', 'low', 'high', 'low']",132,"['W_C', 'E_F', 'W_F', 'E_C', 'E_C', 'W_C', 'E_F', 'W_F', 'E_C', 'E_F', 'W_C', 'W_F', 'W_C', 'W_F', 'E_C', 'E_F']",1,5.0,5.0,stripes,feet,C,W,E,F,No,,,No,,
209,"[8.0, 4.0, 8.0, 9.0, 5.0, 1.0, 4.0, 8.0, 5.0, 7.0, 3.0, 7.0, 8.0, 3.0, 8.0, 5.0]","[3.0, 7.0, 3.0, 6.0, 6.0, 6.0, 6.0, 7.0, 2.0, 8.0, 2.0, 9.0, 9.0, 6.0, 7.0, 1.0]","[5.0, 3.0, 5.0, 3.0, 1.0, 5.0, 2.0, 1.0, 3.0, 1.0, 1.0, 2.0, 1.0, 3.0, 1.0, 4.0]",[],345.514,"['W_C', 'W_F', 'E_C', 'E_F']","[9.0, 5.0, 8.0, 3.0]","['low', 'high', 'low', 'high', 'high', 'low', 'low', 'high', 'low', 'high', 'low', 'high', 'high', 'low', 'high', 'low']","['F', 'C', 'F', 'C', 'C', 'F', 'F', 'C', 'F', 'C', 'F', 'C', 'C', 'F', 'C', 'F']","['E', 'W', 'W', 'E', 'W', 'W', 'E', 'E', 'E', 'W', 'W', 'E', 'E', 'E', 'W', 'W']","['high', 'low', 'high', 'low']",209,"['E_F', 'W_C', 'W_F', 'E_C', 'W_C', 'W_F', 'E_F', 'E_C', 'E_F', 'W_C', 'W_F', 'E_C', 'E_C', 'E_F', 'W_C', 'W_F']",1,7.0,5.0,feet,stripes,C,W,E,F,Yes, Curved/Pointy,7.0,No,,
111,"[5.0, 3.0, 5.0, 7.0, 1.0, 6.0, 4.0, 6.0, 3.0, 4.0, 4.0, 1.0, 8.0, 7.0, 7.0, 8.0]","[3.0, 4.0, 10.0, 3.0, 8.0, 6.0, 5.0, 5.0, 4.0, 6.0, 1.0, 8.0, 7.0, 4.0, 4.0, 4.0]","[2.0, 1.0, 5.0, 4.0, 7.0, 0.0, 1.0, 1.0, 1.0, 2.0, 3.0, 7.0, 1.0, 3.0, 3.0, 4.0]",[],534.6789,"['W_C', 'W_F', 'E_F', 'E_C']","[6.0, 8.0, 5.0, 4.0]","['high', 'low', 'high', 'low', 'high', 'low', 'low', 'high', 'low', 'high', 'low', 'high', 'high', 'low', 'high', 'low']","['F', 'C', 'F', 'C', 'F', 'C', 'C', 'F', 'C', 'F', 'C', 'F', 'F', 'C', 'F', 'C']","['W', 'E', 'E', 'W', 'W', 'E', 'W', 'E', 'W', 'W', 'E', 'E', 'E', 'E', 'W', 'W']","['low', 'high', 'high', 'low']",111,"['W_F', 'E_C', 'E_F', 'W_C', 'W_F', 'E_C', 'W_C', 'E_F', 'W_C', 'W_F', 'E_C', 'E_F', 'E_F', 'E_C', 'W_F', 'W_C']",1,3.0,5.0,feet,stripes,F,W,E,C,Yes,Webbed,2.0,No,,
129,"[8.0, 6.0, 9.0, 3.0, 3.0, 8.0, 2.0, 5.0, 5.0, 6.0, 2.0, 6.0, 3.0, 3.0, 2.0, 7.0]","[8.0, 8.0, 2.0, 4.0, 7.0, 10.0, 6.0, 3.0, 3.0, 4.0, 7.0, 1.0, 6.0, 1.0, 5.0, 3.0]","[0.0, 2.0, 7.0, 1.0, 4.0, 2.0, 4.0, 2.0, 2.0, 2.0, 5.0, 5.0, 3.0, 2.0, 3.0, 4.0]","['I enjoyed taking part in the experience as I felt like I was in detective mode trying to figure out what features may have increased fertility. There were some things I wished I had paid better attention to such as the feet. I am unsure of eye dilation was a factor, but that was something I heavily looked at when considering my choice. Thank you.']",624.9046,"['E_F', 'W_C', 'W_F', 'E_C']","[3.0, 7.0, 8.0, 2.0]","['high', 'high', 'low', 'low', 'high', 'high', 'low', 'low', 'low', 'high', 'high', 'low', 'high', 'low', 'high', 'low']","['C', 'C', 'F', 'F', 'C', 'C', 'F', 'F', 'F', 'C', 'C', 'F', 'C', 'F', 'C', 'F']","['E', 'W', 'E', 'W', 'E', 'W', 'W', 'E', 'W', 'W', 'E', 'E', 'E', 'W', 'W', 'E']","['low', 'high', 'low', 'high']",129,"['E_C', 'W_C', 'E_F', 'W_F', 'E_C', 'W_C', 'W_F', 'E_F', 'W_F', 'W_C', 'E_C', 'E_F', 'E_C', 'W_F', 'W_C', 'E_F']",1,7.0,6.0,feet,stripes,C,E,W,F,No,,,No,,
157,"[6.0, 2.0, 7.0, 7.0, 2.0, 3.0, 8.0, 8.0, 8.0, 8.0, 2.0, 3.0, 7.0, 8.0, 4.0, 2.0]","[1.0, 7.0, 4.0, 8.0, 4.0, 2.0, 8.0, 6.0, 9.0, 7.0, 4.0, 4.0, 9.0, 9.0, 4.0, 4.0]","[5.0, 5.0, 3.0, 1.0, 2.0, 1.0, 0.0, 2.0, 1.0, 1.0, 2.0, 1.0, 2.0, 1.0, 0.0, 2.0]",[],394.26,"['E_F', 'E_C', 'W_F', 'W_C']","[1.0, 7.0, 4.0, 9.0]","['low', 'high', 'low', 'high', 'low', 'low', 'high', 'high', 'high', 'high', 'low', 'low', 'high', 'high', 'low', 'low']","['F', 'C', 'F', 'C', 'F', 'F', 'C', 'C', 'C', 'C', 'F', 'F', 'C', 'C', 'F', 'F']","['W', 'E', 'E', 'W', 'E', 'W', 'E', 'W', 'E', 'W', 'W', 'E', 'W', 'E', 'W', 'E']","['low', 'high', 'low', 'high']",157,"['W_F', 'E_C', 'E_F', 'W_C', 'E_F', 'W_F', 'E_C', 'W_C', 'E_C', 'W_C', 'W_F', 'E_F', 'W_C', 'E_C', 'W_F', 'E_F']",1,5.0,2.0,feet,stripes,C,W,E,F,Yes, Curved/Pointy,7.0,No,,
125,"[5.0, 7.0, 6.0, 7.0, 7.0, 8.0, 8.0, 2.0, 9.0, 3.0, 9.0, 8.0, 8.0, 8.0, 7.0, 7.0]","[8.0, 9.0, 1.0, 1.0, 4.0, 8.0, 3.0, 9.0, 7.0, 6.0, 4.0, 5.0, 4.0, 5.0, 6.0, 4.0]","[3.0, 2.0, 5.0, 6.0, 3.0, 0.0, 5.0, 7.0, 2.0, 3.0, 5.0, 3.0, 4.0, 3.0, 1.0, 3.0]",['Wasn’t expecting micro print and very hard to read'],501.344,"['E_C', 'W_F', 'W_C', 'E_F']","[6.0, 1.0, 9.0, 4.0]","['high', 'high', 'low', 'low', 'low', 'high', 'low', 'high', 'high', 'high', 'low', 'low', 'high', 'high', 'low', 'low']","['C', 'C', 'F', 'F', 'F', 'C', 'F', 'C', 'C', 'C', 'F', 'F', 'C', 'C', 'F', 'F']","['W', 'E', 'W', 'E', 'W', 'E', 'E', 'W', 'W', 'E', 'W', 'E', 'E', 'W', 'W', 'E']","['high', 'low', 'high', 'low']",125,"['W_C', 'E_C', 'W_F', 'E_F', 'W_F', 'E_C', 'E_F', 'W_C', 'W_C', 'E_C', 'W_F', 'E_F', 'E_C', 'W_C', 'W_F', 'E_F']",1,6.0,5.0,feet,stripes,C,E,W,F,No,,,No,,
194,"[7.0, 2.0, 3.0, 6.0, 6.0, 8.0, 3.0, 5.0, 5.0, 4.0, 8.0, 6.0, 8.0, 7.0, 3.0, 8.0]","[2.0, 3.0, 7.0, 8.0, 10.0, 5.0, 7.0, 6.0, 2.0, 6.0, 6.0, 10.0, 7.0, 2.0, 10.0, 8.0]","[5.0, 1.0, 4.0, 2.0, 4.0, 3.0, 4.0, 1.0, 3.0, 2.0, 2.0, 4.0, 1.0, 5.0, 7.0, 0.0]","['I was hard for me to notice the small differences. When I could not figure it out based on looks, I was wondering if there was a number pattern to the fertility\xa0']",428.008,"['W_F', 'E_F', 'W_C', 'E_C']","[3.0, 8.0, 3.0, 9.0]","['low', 'low', 'high', 'high', 'high', 'low', 'high', 'low', 'low', 'high', 'low', 'high', 'low', 'low', 'high', 'high']","['F', 'C', 'F', 'C', 'F', 'C', 'C', 'F', 'C', 'F', 'F', 'C', 'F', 'C', 'F', 'C']","['E', 'E', 'W', 'W', 'W', 'E', 'W', 'E', 'E', 'W', 'E', 'W', 'E', 'E', 'W', 'W']","['high', 'low', 'high', 'low']",194,"['E_F', 'E_C', 'W_F', 'W_C', 'W_F', 'E_C', 'W_C', 'E_F', 'E_C', 'W_F', 'E_F', 'W_C', 'E_F', 'E_C', 'W_F', 'W_C']",1,6.0,6.0,stripes,feet,F,E,W,C,No,,,No,,
085,"[9.0, 6.0, 7.0, 7.0, 7.0, 5.0, 10.0, 5.0, 3.0, 9.0, 6.0, 4.0, 10.0, 9.0, 3.0, 9.0]","[6.0, 5.0, 7.0, 2.0, 9.0, 10.0, 4.0, 3.0, 2.0, 9.0, 4.0, 10.0, 8.0, 7.0, 4.0, 7.0]","[3.0, 1.0, 0.0, 5.0, 2.0, 5.0, 6.0, 2.0, 1.0, 0.0, 2.0, 6.0, 2.0, 2.0, 1.0, 2.0]","[""I did not notice any errors. It may be helpful to let participants know they can write down or keep track of differences they notice, or that they shouldn't do this...not sure. I enjoyed the experiment overall.""]",1083.884,"['E_C', 'W_F', 'W_C', 'E_F']","[7.0, 10.0, 4.0, 4.0]","['high', 'low', 'high', 'low', 'high', 'high', 'low', 'low', 'low', 'high', 'low', 'high', 'high', 'high', 'low', 'low']","['C', 'F', 'C', 'F', 'C', 'C', 'F', 'F', 'F', 'C', 'F', 'C', 'C', 'C', 'F', 'F']","['W', 'E', 'E', 'W', 'E', 'W', 'W', 'E', 'E', 'E', 'W', 'W', 'W', 'E', 'E', 'W']","['high', 'low', 'high', 'low']",85,"['W_C', 'E_F', 'E_C', 'W_F', 'E_C', 'W_C', 'W_F', 'E_F', 'E_F', 'E_C', 'W_F', 'W_C', 'W_C', 'E_C', 'E_F', 'W_F']",1,7.0,1.0,feet,stripes,C,E,W,F,No,,,Yes,Up/Left,3.0
216,"[5.0, 2.0, 3.0, 6.0, 5.0, 5.0, 4.0, 6.0, 7.0, 8.0, 3.0, 6.0, 7.0, 5.0, 6.0, 6.0]","[2.0, 4.0, 6.0, 4.0, 4.0, 4.0, 7.0, 8.0, 10.0, 2.0, 5.0, 9.0, 2.0, 4.0, 8.0, 7.0]","[3.0, 2.0, 3.0, 2.0, 1.0, 1.0, 3.0, 2.0, 3.0, 6.0, 2.0, 3.0, 5.0, 1.0, 2.0, 1.0]",[],300.3462,"['W_C', 'E_F', 'E_C', 'W_F']","[6.0, 6.0, 7.0, 4.0]","['low', 'low', 'high', 'high', 'low', 'low', 'high', 'high', 'high', 'low', 'low', 'high', 'low', 'low', 'high', 'high']","['F', 'C', 'F', 'C', 'C', 'F', 'F', 'C', 'F', 'F', 'C', 'C', 'F', 'C', 'C', 'F']","['W', 'W', 'E', 'E', 'W', 'W', 'E', 'E', 'E', 'W', 'W', 'E', 'W', 'W', 'E', 'E']","['low', 'high', 'high', 'low']",216,"['W_F', 'W_C', 'E_F', 'E_C', 'W_C', 'W_F', 'E_F', 'E_C', 'E_F', 'W_F', 'W_C', 'E_C', 'W_F', 'W_C', 'E_C', 'E_F']",1,5.0,4.0,stripes,feet,C,W,E,F,No,,,Yes, Up/Right,5.0
053,"[5.0, 3.0, 6.0, 8.0, 2.0, 2.0, 9.0, 5.0, 8.0, 8.0, 7.0, 10.0, 9.0, 2.0, 8.0, 2.0]","[3.0, 4.0, 9.0, 8.0, 4.0, 10.0, 7.0, 5.0, 5.0, 6.0, 6.0, 4.0, 10.0, 9.0, 6.0, 7.0]","[2.0, 1.0, 3.0, 0.0, 2.0, 8.0, 2.0, 0.0, 3.0, 2.0, 1.0, 6.0, 1.0, 7.0, 2.0, 5.0]",[],495.6897,"['W_F', 'W_C', 'E_F', 'E_C']","[3.0, 7.0, 6.0, 10.0]","['low', 'low', 'high', 'high', 'low', 'high', 'high', 'low', 'high', 'high', 'low', 'low', 'high', 'high', 'low', 'low']","['F', 'F', 'C', 'C', 'F', 'C', 'C', 'F', 'C', 'C', 'F', 'F', 'C', 'C', 'F', 'F']","['W', 'E', 'W', 'E', 'W', 'E', 'W', 'E', 'W', 'E', 'E', 'W', 'E', 'W', 'E', 'W']","['low', 'high', 'low', 'high']",53,"['W_F', 'E_F', 'W_C', 'E_C', 'W_F', 'E_C', 'W_C', 'E_F', 'W_C', 'E_C', 'E_F', 'W_F', 'E_C', 'W_C', 'E_F', 'W_F']",1,3.0,2.0,feet,stripes,C,W,E,F,No,,,Yes, Up/Right,4.0
089,"[8.0, 2.0, 6.0, 10.0, 6.0, 5.0, 5.0, 3.0, 7.0, 2.0, 2.0, 7.0, 3.0, 4.0, 1.0, 8.0]","[2.0, 8.0, 9.0, 4.0, 7.0, 1.0, 5.0, 4.0, 6.0, 5.0, 3.0, 1.0, 8.0, 7.0, 1.0, 3.0]","[6.0, 6.0, 3.0, 6.0, 1.0, 4.0, 0.0, 1.0, 1.0, 3.0, 1.0, 6.0, 5.0, 3.0, 0.0, 5.0]",[],258.222,"['E_F', 'E_C', 'W_F', 'W_C']","[5.0, 9.0, 3.0, 1.0]","['low', 'high', 'high', 'low', 'high', 'low', 'high', 'low', 'high', 'high', 'low', 'low', 'high', 'high', 'low', 'low']","['F', 'C', 'C', 'F', 'C', 'F', 'C', 'F', 'C', 'C', 'F', 'F', 'C', 'C', 'F', 'F']","['W', 'W', 'E', 'E', 'E', 'E', 'W', 'W', 'E', 'W', 'E', 'W', 'W', 'E', 'W', 'E']","['low', 'high', 'low', 'high']",89,"['W_F', 'W_C', 'E_C', 'E_F', 'E_C', 'E_F', 'W_C', 'W_F', 'E_C', 'W_C', 'E_F', 'W_F', 'W_C', 'E_C', 'W_F', 'E_F']",1,6.0,5.0,feet,stripes,C,W,E,F,No,,,Yes, Up/Right,3.0
178,"[6.0, 6.0, 4.0, 7.0, 8.0, 6.0, 9.0, 4.0, 2.0, 7.0, 5.0, 8.0, 3.0, 4.0, 7.0, 6.0]","[6.0, 3.0, 10.0, 1.0, 1.0, 7.0, 7.0, 4.0, 4.0, 8.0, 5.0, 6.0, 1.0, 10.0, 1.0, 8.0]","[0.0, 3.0, 6.0, 6.0, 7.0, 1.0, 2.0, 0.0, 2.0, 1.0, 0.0, 2.0, 2.0, 6.0, 6.0, 2.0]",['I just thought there was an error in the picture shown I didnt know there were any slight differences'],337.6435,"['W_F', 'W_C', 'E_C', 'E_F']","[4.0, 8.0, 5.0, 1.0]","['high', 'low', 'high', 'low', 'low', 'high', 'high', 'low', 'low', 'high', 'high', 'low', 'low', 'high', 'low', 'high']","['F', 'C', 'C', 'F', 'C', 'F', 'C', 'F', 'C', 'C', 'F', 'F', 'C', 'C', 'F', 'F']","['W', 'E', 'W', 'E', 'E', 'W', 'W', 'E', 'E', 'W', 'W', 'E', 'E', 'W', 'E', 'W']","['high', 'high', 'low', 'low']",178,"['W_F', 'E_C', 'W_C', 'E_F', 'E_C', 'W_F', 'W_C', 'E_F', 'E_C', 'W_C', 'W_F', 'E_F', 'E_C', 'W_C', 'E_F', 'W_F']",1,6.0,1.0,stripes,feet,C,E,W,F,No,,,No,,
210,"[6.0, 6.0, 9.0, 4.0, 6.0, 5.0, 5.0, 3.0, 6.0, 5.0, 8.0, 10.0, 7.0, 7.0, 7.0, 8.0]","[2.0, 9.0, 4.0, 10.0, 5.0, 5.0, 3.0, 6.0, 9.0, 8.0, 10.0, 3.0, 5.0, 7.0, 7.0, 4.0]","[4.0, 3.0, 5.0, 6.0, 1.0, 0.0, 2.0, 3.0, 3.0, 3.0, 2.0, 7.0, 2.0, 0.0, 0.0, 4.0]",[],474.793,"['E_F', 'W_F', 'W_C', 'E_C']","[6.0, 7.0, 4.0, 9.0]","['low', 'high', 'low', 'high', 'high', 'low', 'low', 'high', 'high', 'low', 'high', 'low', 'low', 'high', 'high', 'low']","['F', 'C', 'C', 'F', 'F', 'F', 'C', 'C', 'C', 'C', 'F', 'F', 'C', 'C', 'F', 'F']","['E', 'W', 'E', 'W', 'W', 'E', 'E', 'W', 'W', 'E', 'W', 'E', 'E', 'W', 'W', 'E']","['low', 'high', 'high', 'low']",210,"['E_F', 'W_C', 'E_C', 'W_F', 'W_F', 'E_F', 'E_C', 'W_C', 'W_C', 'E_C', 'W_F', 'E_F', 'E_C', 'W_C', 'W_F', 'E_F']",1,5.0,4.0,stripes,feet,C,E,W,F,Yes,Webbed,4.0,Yes, Up/Right,5.0
122,"[3.0, 4.0, 9.0, 1.0, 7.0, 4.0, 8.0, 6.0, 3.0, 10.0, 1.0, 7.0, 2.0, 9.0, 2.0, 9.0]","[7.0, 1.0, 9.0, 1.0, 6.0, 4.0, 10.0, 3.0, 4.0, 8.0, 2.0, 8.0, 3.0, 7.0, 6.0, 10.0]","[4.0, 3.0, 0.0, 0.0, 1.0, 0.0, 2.0, 3.0, 1.0, 2.0, 1.0, 1.0, 1.0, 2.0, 4.0, 1.0]",[],382.5174,"['W_F', 'E_F', 'E_C', 'W_C']","[10.0, 3.0, 6.0, 2.0]","['high', 'low', 'high', 'low', 'low', 'high', 'high', 'low', 'low', 'high', 'low', 'high', 'low', 'low', 'high', 'high']","['C', 'C', 'F', 'F', 'C', 'F', 'C', 'F', 'F', 'C', 'C', 'F', 'C', 'F', 'F', 'C']","['W', 'E', 'W', 'E', 'E', 'W', 'W', 'E', 'E', 'W', 'E', 'W', 'E', 'E', 'W', 'W']","['high', 'low', 'low', 'high']",122,"['W_C', 'E_C', 'W_F', 'E_F', 'E_C', 'W_F', 'W_C', 'E_F', 'E_F', 'W_C', 'E_C', 'W_F', 'E_C', 'E_F', 'W_F', 'W_C']",1,2.0,1.0,stripes,feet,C,E,W,F,No,,,No,,
109,"[6.0, 5.0, 5.0, 6.0, 8.0, 5.0, 8.0, 5.0, 3.0, 3.0, 2.0, 6.0, 6.0, 10.0, 10.0, 4.0]","[3.0, 7.0, 6.0, 10.0, 3.0, 6.0, 4.0, 7.0, 10.0, 4.0, 3.0, 1.0, 7.0, 6.0, 10.0, 3.0]","[3.0, 2.0, 1.0, 4.0, 5.0, 1.0, 4.0, 2.0, 7.0, 1.0, 1.0, 5.0, 1.0, 4.0, 0.0, 1.0]",[],683.297,"['W_C', 'W_F', 'E_F', 'E_C']","[7.0, 1.0, 4.0, 10.0]","['low', 'low', 'high', 'high', 'low', 'high', 'low', 'high', 'high', 'high', 'low', 'low', 'high', 'low', 'high', 'low']","['F', 'F', 'C', 'C', 'F', 'C', 'F', 'C', 'C', 'C', 'F', 'F', 'C', 'F', 'C', 'F']","['W', 'E', 'W', 'E', 'W', 'E', 'E', 'W', 'E', 'W', 'E', 'W', 'W', 'W', 'E', 'E']","['high', 'low', 'low', 'high']",109,"['W_F', 'E_F', 'W_C', 'E_C', 'W_F', 'E_C', 'E_F', 'W_C', 'E_C', 'W_C', 'E_F', 'W_F', 'W_C', 'W_F', 'E_C', 'E_F']",1,7.0,3.0,feet,stripes,C,W,E,F,Yes, Curved/Pointy,5.0,Yes,Up/Left,3.0
102,"[10.0, 6.0, 2.0, 6.0, 7.0, 10.0, 10.0, 10.0, 1.0, 10.0, 6.0, 9.0, 2.0, 8.0, 9.0, 9.0]","[6.0, 2.0, 5.0, 3.0, 10.0, 1.0, 7.0, 10.0, 4.0, 7.0, 4.0, 8.0, 4.0, 4.0, 5.0, 10.0]","[4.0, 4.0, 3.0, 3.0, 3.0, 9.0, 3.0, 0.0, 3.0, 3.0, 2.0, 1.0, 2.0, 4.0, 4.0, 1.0]",[],524.5657,"['W_F', 'E_F', 'E_C', 'W_C']","[10.0, 4.0, 2.0, 7.0]","['high', 'low', 'high', 'low', 'high', 'low', 'low', 'high', 'low', 'high', 'low', 'high', 'low', 'low', 'high', 'high']","['C', 'F', 'F', 'C', 'F', 'F', 'C', 'C', 'F', 'F', 'C', 'C', 'F', 'C', 'F', 'C']","['W', 'E', 'W', 'E', 'W', 'E', 'E', 'W', 'E', 'W', 'E', 'W', 'E', 'E', 'W', 'W']","['high', 'low', 'low', 'high']",102,"['W_C', 'E_F', 'W_F', 'E_C', 'W_F', 'E_F', 'E_C', 'W_C', 'E_F', 'W_F', 'E_C', 'W_C', 'E_F', 'E_C', 'W_F', 'W_C']",1,2.0,3.0,stripes,feet,C,E,W,F,No,,,No,,
015,"[1.0, 8.0, 5.0, 4.0, 9.0, 9.0, 2.0, 4.0, 10.0, 7.0, 1.0, 4.0, 7.0, 7.0, 10.0, 9.0]","[7.0, 4.0, 10.0, 1.0, 7.0, 6.0, 7.0, 4.0, 10.0, 4.0, 1.0, 5.0, 3.0, 5.0, 4.0, 10.0]","[6.0, 4.0, 5.0, 3.0, 2.0, 3.0, 5.0, 0.0, 0.0, 3.0, 0.0, 1.0, 4.0, 2.0, 6.0, 1.0]",['I think the one thing that is confusing is more so having a look at what was the vote from the previous reptile to see about the new one as all biologist have access to their information to look back to and determine'],564.5398,"['W_F', 'W_C', 'E_F', 'E_C']","[4.0, 5.0, 10.0, 7.0]","['high', 'low', 'high', 'low', 'high', 'high', 'low', 'low', 'high', 'high', 'low', 'low', 'low', 'high', 'low', 'high']","['F', 'C', 'F', 'C', 'F', 'F', 'C', 'C', 'F', 'F', 'C', 'C', 'C', 'F', 'C', 'F']","['W', 'E', 'E', 'W', 'W', 'E', 'E', 'W', 'W', 'E', 'E', 'W', 'E', 'E', 'W', 'W']","['high', 'low', 'high', 'low']",15,"['W_F', 'E_C', 'E_F', 'W_C', 'W_F', 'E_F', 'E_C', 'W_C', 'W_F', 'E_F', 'E_C', 'W_C', 'E_C', 'E_F', 'W_C', 'W_F']",1,7.0,7.0,feet,stripes,F,E,W,C,Yes,Webbed,3.0,No,,
042,"[4.0, 9.0, 6.0, 8.0, 8.0, 8.0, 4.0, 6.0, 10.0, 6.0, 5.0, 6.0, 2.0, 1.0, 1.0, 10.0]","[10.0, 2.0, 6.0, 2.0, 5.0, 3.0, 6.0, 10.0, 4.0, 2.0, 3.0, 8.0, 9.0, 3.0, 10.0, 4.0]","[6.0, 7.0, 0.0, 6.0, 3.0, 5.0, 2.0, 4.0, 6.0, 4.0, 2.0, 2.0, 7.0, 2.0, 9.0, 6.0]",[],622.7075,"['W_C', 'E_C', 'E_F', 'W_F']","[6.0, 8.0, 4.0, 9.0]","['high', 'low', 'high', 'low', 'low', 'low', 'high', 'high', 'high', 'low', 'low', 'high', 'high', 'low', 'high', 'low']","['C', 'F', 'F', 'C', 'C', 'F', 'F', 'C', 'C', 'F', 'C', 'F', 'F', 'F', 'C', 'C']","['W', 'E', 'W', 'E', 'E', 'E', 'W', 'W', 'W', 'E', 'E', 'W', 'W', 'E', 'W', 'E']","['high', 'low', 'low', 'high']",42,"['W_C', 'E_F', 'W_F', 'E_C', 'E_C', 'E_F', 'W_F', 'W_C', 'W_C', 'E_F', 'E_C', 'W_F', 'W_F', 'E_F', 'W_C', 'E_C']",1,3.0,3.0,stripes,feet,C,E,W,F,Yes,Webbed,3.0,No,,
162,"[7.0, 5.0, 7.0, 6.0, 3.0, 4.0, 6.0, 4.0, 8.0, 4.0, 3.0, 9.0, 2.0, 6.0, 3.0, 4.0]","[5.0, 6.0, 6.0, 1.0, 5.0, 9.0, 5.0, 7.0, 3.0, 1.0, 1.0, 10.0, 10.0, 1.0, 7.0, 7.0]","[2.0, 1.0, 1.0, 5.0, 2.0, 5.0, 1.0, 3.0, 5.0, 3.0, 2.0, 1.0, 8.0, 5.0, 4.0, 3.0]","[""Great study. I completely missed the different features of each reptile. They looked the same to me in my evaluations. Guess that's why I'm not a biologist. Thank you!""]",280.328,"['E_C', 'W_F', 'W_C', 'E_F']","[7.0, 3.0, 5.0, 9.0]","['high', 'high', 'low', 'low', 'low', 'high', 'low', 'high', 'high', 'low', 'low', 'high', 'high', 'low', 'high', 'low']","['C', 'F', 'F', 'C', 'C', 'F', 'F', 'C', 'C', 'C', 'F', 'F', 'F', 'C', 'C', 'F']","['W', 'W', 'E', 'E', 'E', 'W', 'E', 'W', 'W', 'E', 'E', 'W', 'W', 'E', 'W', 'E']","['low', 'high', 'high', 'low']",162,"['W_C', 'W_F', 'E_F', 'E_C', 'E_C', 'W_F', 'E_F', 'W_C', 'W_C', 'E_C', 'E_F', 'W_F', 'W_F', 'E_C', 'W_C', 'E_F']",1,1.0,1.0,stripes,feet,F,E,W,C,No,,,No,,
022,"[6.0, 6.0, 6.0, 10.0, 8.0, 6.0, 4.0, 8.0, 6.0, 1.0, 10.0, 5.0, 6.0, 8.0, 7.0, 6.0]","[6.0, 1.0, 10.0, 8.0, 6.0, 4.0, 8.0, 6.0, 1.0, 10.0, 5.0, 6.0, 8.0, 7.0, 6.0, 4.0]","[0.0, 5.0, 4.0, 2.0, 2.0, 2.0, 4.0, 2.0, 5.0, 9.0, 5.0, 1.0, 2.0, 1.0, 1.0, 2.0]",[],253.5895,"['W_C', 'E_C', 'W_F', 'E_F']","[6.0, 2.0, 8.0, 6.0]","['high', 'low', 'low', 'high', 'high', 'low', 'high', 'low', 'low', 'high', 'low', 'high', 'high', 'high', 'low', 'low']","['C', 'C', 'F', 'F', 'F', 'C', 'C', 'F', 'C', 'C', 'F', 'F', 'F', 'C', 'F', 'C']","['W', 'E', 'E', 'W', 'W', 'E', 'W', 'E', 'E', 'W', 'E', 'W', 'W', 'W', 'E', 'E']","['high', 'low', 'high', 'low']",22,"['W_C', 'E_C', 'E_F', 'W_F', 'W_F', 'E_C', 'W_C', 'E_F', 'E_C', 'W_C', 'E_F', 'W_F', 'W_F', 'W_C', 'E_F', 'E_C']",1,1.0,2.0,stripes,feet,F,E,W,C,No,,,No,,
066,"[8.0, 4.0, 6.0, 7.0, 7.0, 4.0, 3.0, 6.0, 4.0, 5.0, 6.0, 7.0, 5.0, 7.0, 3.0, 5.0]","[5.0, 3.0, 8.0, 2.0, 3.0, 5.0, 9.0, 2.0, 3.0, 9.0, 5.0, 8.0, 3.0, 7.0, 5.0, 5.0]","[3.0, 1.0, 2.0, 5.0, 4.0, 1.0, 6.0, 4.0, 1.0, 4.0, 1.0, 1.0, 2.0, 0.0, 2.0, 0.0]",[],287.283,"['W_F', 'E_C', 'W_C', 'E_F']","[5.0, 3.0, 7.0, 5.0]","['low', 'low', 'high', 'high', 'low', 'high', 'high', 'low', 'low', 'high', 'low', 'high', 'low', 'high', 'low', 'high']","['F', 'C', 'F', 'C', 'F', 'F', 'C', 'C', 'C', 'F', 'F', 'C', 'F', 'C', 'C', 'F']","['E', 'E', 'W', 'W', 'E', 'W', 'W', 'E', 'E', 'W', 'E', 'W', 'E', 'W', 'E', 'W']","['high', 'low', 'high', 'low']",66,"['E_F', 'E_C', 'W_F', 'W_C', 'E_F', 'W_F', 'W_C', 'E_C', 'E_C', 'W_F', 'E_F', 'W_C', 'E_F', 'W_C', 'E_C', 'W_F']",1,6.0,4.0,stripes,feet,F,E,W,C,Yes, Curved/Pointy,4.0,No,,
029,"[5.0, 5.0, 7.0, 6.0, 3.0, 6.0, 4.0, 7.0, 4.0, 6.0, 4.0, 8.0, 7.0, 6.0, 6.0, 4.0]","[4.0, 1.0, 5.0, 8.0, 3.0, 6.0, 5.0, 9.0, 7.0, 8.0, 5.0, 8.0, 2.0, 9.0, 8.0, 7.0]","[1.0, 4.0, 2.0, 2.0, 0.0, 0.0, 1.0, 2.0, 3.0, 2.0, 1.0, 0.0, 5.0, 3.0, 2.0, 3.0]",[],520.21,"['E_C', 'E_F', 'W_C', 'W_F']","[7.0, 7.0, 8.0, 5.0]","['low', 'low', 'high', 'high', 'low', 'high', 'low', 'high', 'low', 'high', 'low', 'high', 'low', 'high', 'high', 'low']","['F', 'F', 'C', 'C', 'F', 'C', 'F', 'C', 'F', 'C', 'F', 'C', 'F', 'C', 'C', 'F']","['W', 'E', 'E', 'W', 'W', 'E', 'E', 'W', 'E', 'E', 'W', 'W', 'E', 'W', 'E', 'W']","['high', 'low', 'high', 'low']",29,"['W_F', 'E_F', 'E_C', 'W_C', 'W_F', 'E_C', 'E_F', 'W_C', 'E_F', 'E_C', 'W_F', 'W_C', 'E_F', 'W_C', 'E_C', 'W_F']",1,4.0,3.0,feet,stripes,C,E,W,F,Yes, Curved/Pointy,4.0,Yes,Up/Left,6.0
030,"[5.0, 7.0, 6.0, 5.0, 7.0, 1.0, 7.0, 2.0, 5.0, 9.0, 4.0, 2.0, 6.0, 6.0, 6.0, 7.0]","[4.0, 1.0, 10.0, 8.0, 7.0, 3.0, 6.0, 7.0, 8.0, 10.0, 3.0, 2.0, 2.0, 9.0, 3.0, 5.0]","[1.0, 6.0, 4.0, 3.0, 0.0, 2.0, 1.0, 5.0, 3.0, 1.0, 1.0, 0.0, 4.0, 3.0, 3.0, 2.0]","['Nothing about this task was confusing, and it was fairly fun and enjoyable to complete. A more realistic reptile would have been slightly more engaging, but overall there were no problems.']",380.809,"['W_C', 'E_F', 'E_C', 'W_F']","[7.0, 5.0, 4.0, 9.0]","['low', 'low', 'high', 'high', 'high', 'low', 'low', 'high', 'high', 'high', 'low', 'low', 'low', 'high', 'low', 'high']","['F', 'C', 'F', 'C', 'F', 'C', 'F', 'C', 'C', 'F', 'F', 'C', 'C', 'C', 'F', 'F']","['E', 'E', 'W', 'W', 'W', 'E', 'E', 'W', 'W', 'W', 'E', 'E', 'E', 'W', 'E', 'W']","['high', 'low', 'low', 'high']",30,"['E_F', 'E_C', 'W_F', 'W_C', 'W_F', 'E_C', 'E_F', 'W_C', 'W_C', 'W_F', 'E_F', 'E_C', 'E_C', 'W_C', 'E_F', 'W_F']",1,7.0,5.0,stripes,feet,F,E,W,C,Yes,Webbed,6.0,Yes,Up/Left,7.0
005,"[8.0, 8.0, 7.0, 6.0, 1.0, 1.0, 7.0, 3.0, 6.0, 6.0, 6.0, 8.0, 8.0, 4.0, 5.0, 8.0]","[7.0, 7.0, 6.0, 1.0, 1.0, 8.0, 10.0, 6.0, 3.0, 4.0, 6.0, 10.0, 2.0, 5.0, 6.0, 7.0]","[1.0, 1.0, 1.0, 5.0, 0.0, 7.0, 3.0, 3.0, 3.0, 2.0, 0.0, 2.0, 6.0, 1.0, 1.0, 1.0]","[""this was surprisingly difficult!\xa0 I noticed the lines but kept confusing which is which.\xa0 The webbing, I didn't notice!\xa0 But they are all cute.""]",328.604,"['E_F', 'W_F', 'W_C', 'E_C']","[8.0, 4.0, 5.0, 7.0]","['high', 'high', 'low', 'low', 'low', 'high', 'high', 'low', 'low', 'low', 'high', 'high', 'low', 'low', 'high', 'high']","['C', 'C', 'F', 'F', 'F', 'C', 'C', 'F', 'F', 'F', 'C', 'C', 'F', 'F', 'C', 'C']","['E', 'W', 'E', 'W', 'W', 'W', 'E', 'E', 'E', 'W', 'W', 'E', 'E', 'W', 'W', 'E']","['low', 'low', 'high', 'high']",5,"['E_C', 'W_C', 'E_F', 'W_F', 'W_F', 'W_C', 'E_C', 'E_F', 'E_F', 'W_F', 'W_C', 'E_C', 'E_F', 'W_F', 'W_C', 'E_C']",1,6.0,6.0,feet,stripes,C,W,E,F,Yes,Webbed,5.0,Yes, Up/Right,6.0
169,"[2.0, 1.0, 6.0, 7.0, 5.0, 8.0, 1.0, 9.0, 3.0, 4.0, 1.0, 6.0, 3.0, 7.0, 8.0, 1.0]","[1.0, 9.0, 5.0, 2.0, 4.0, 9.0, 6.0, 5.0, 10.0, 4.0, 3.0, 10.0, 8.0, 1.0, 4.0, 10.0]","[1.0, 8.0, 1.0, 5.0, 1.0, 1.0, 5.0, 4.0, 7.0, 0.0, 2.0, 4.0, 5.0, 6.0, 4.0, 9.0]",[],416.3306,"['W_F', 'E_F', 'W_C', 'E_C']","[2.0, 9.0, 1.0, 10.0]","['low', 'high', 'high', 'low', 'low', 'high', 'high', 'low', 'high', 'low', 'low', 'high', 'high', 'low', 'low', 'high']","['F', 'C', 'C', 'F', 'F', 'C', 'C', 'F', 'C', 'F', 'F', 'C', 'C', 'F', 'F', 'C']","['E', 'W', 'E', 'W', 'E', 'W', 'E', 'W', 'W', 'E', 'W', 'E', 'W', 'E', 'W', 'E']","['low', 'low', 'high', 'high']",169,"['E_F', 'W_C', 'E_C', 'W_F', 'E_F', 'W_C', 'E_C', 'W_F', 'W_C', 'E_F', 'W_F', 'E_C', 'W_C', 'E_F', 'W_F', 'E_C']",1,7.0,5.0,feet,stripes,C,E,W,F,Yes, Curved/Pointy,6.0,Yes, Up/Right,4.0
078,"[8.0, 7.0, 7.0, 6.0, 6.0, 7.0, 7.0, 8.0, 6.0, 6.0, 4.0, 4.0, 6.0, 6.0, 4.0, 4.0]","[7.0, 6.0, 6.0, 1.0, 8.0, 4.0, 1.0, 6.0, 7.0, 9.0, 1.0, 9.0, 4.0, 2.0, 8.0, 2.0]","[1.0, 1.0, 1.0, 5.0, 2.0, 3.0, 6.0, 2.0, 1.0, 3.0, 3.0, 5.0, 2.0, 4.0, 4.0, 2.0]",['interesting and very challenging; tried to determine if there was any pattern involved'],268.6501,"['E_C', 'W_F', 'W_C', 'E_F']","[9.0, 4.0, 2.0, 7.0]","['high', 'high', 'low', 'low', 'high', 'high', 'low', 'low', 'low', 'high', 'low', 'high', 'low', 'high', 'high', 'low']","['C', 'F', 'F', 'C', 'C', 'F', 'C', 'F', 'C', 'F', 'F', 'C', 'F', 'C', 'F', 'C']","['W', 'W', 'E', 'E', 'W', 'W', 'E', 'E', 'E', 'W', 'E', 'W', 'E', 'W', 'W', 'E']","['low', 'high', 'high', 'low']",78,"['W_C', 'W_F', 'E_F', 'E_C', 'W_C', 'W_F', 'E_C', 'E_F', 'E_C', 'W_F', 'E_F', 'W_C', 'E_F', 'W_C', 'W_F', 'E_C']",1,4.0,3.0,stripes,feet,F,E,W,C,No,,,No,,
182,"[5.0, 3.0, 4.0, 4.0, 3.0, 8.0, 9.0, 9.0, 6.0, 3.0, 6.0, 4.0, 5.0, 3.0, 9.0, 9.0]","[3.0, 4.0, 5.0, 9.0, 6.0, 9.0, 1.0, 8.0, 4.0, 10.0, 6.0, 7.0, 6.0, 8.0, 6.0, 4.0]","[2.0, 1.0, 1.0, 5.0, 3.0, 1.0, 8.0, 1.0, 2.0, 7.0, 0.0, 3.0, 1.0, 5.0, 3.0, 5.0]",['The screen with all four reptiles is very small on mobile'],296.976,"['E_F', 'W_C', 'E_C', 'W_F']","[3.0, 9.0, 6.0, 6.0]","['low', 'low', 'high', 'high', 'low', 'high', 'low', 'high', 'low', 'high', 'high', 'low', 'low', 'high', 'high', 'low']","['C', 'F', 'F', 'C', 'F', 'F', 'C', 'C', 'C', 'F', 'C', 'F', 'F', 'F', 'C', 'C']","['E', 'E', 'W', 'W', 'E', 'W', 'E', 'W', 'E', 'W', 'W', 'E', 'E', 'W', 'W', 'E']","['low', 'high', 'low', 'high']",182,"['E_C', 'E_F', 'W_F', 'W_C', 'E_F', 'W_F', 'E_C', 'W_C', 'E_C', 'W_F', 'W_C', 'E_F', 'E_F', 'W_F', 'W_C', 'E_C']",1,7.0,1.0,stripes,feet,F,E,W,C,Yes, Curved/Pointy,4.0,Yes, Up/Right,7.0
063,"[6.0, 2.0, 3.0, 5.0, 3.0, 7.0, 3.0, 6.0, 5.0, 4.0, 8.0, 3.0, 6.0, 7.0, 4.0, 6.0]","[1.0, 4.0, 8.0, 2.0, 8.0, 3.0, 7.0, 6.0, 5.0, 10.0, 2.0, 6.0, 7.0, 1.0, 4.0, 9.0]","[5.0, 2.0, 5.0, 3.0, 5.0, 4.0, 4.0, 0.0, 0.0, 6.0, 6.0, 3.0, 1.0, 6.0, 0.0, 3.0]",[],379.0516,"['W_C', 'W_F', 'E_F', 'E_C']","[8.0, 7.0, 4.0, 5.0]","['low', 'high', 'high', 'low', 'low', 'high', 'high', 'low', 'low', 'high', 'low', 'high', 'high', 'low', 'low', 'high']","['C', 'F', 'F', 'C', 'C', 'F', 'F', 'C', 'C', 'F', 'C', 'F', 'F', 'C', 'C', 'F']","['W', 'E', 'W', 'E', 'E', 'E', 'W', 'W', 'E', 'E', 'W', 'W', 'W', 'W', 'E', 'E']","['low', 'high', 'high', 'low']",63,"['W_C', 'E_F', 'W_F', 'E_C', 'E_C', 'E_F', 'W_F', 'W_C', 'E_C', 'E_F', 'W_C', 'W_F', 'W_F', 'W_C', 'E_C', 'E_F']",1,5.0,3.0,feet,stripes,F,W,E,C,No,,,No,,
001,"[5.0, 5.0, 1.0, 3.0, 6.0, 4.0, 8.0, 3.0, 8.0, 5.0, 3.0, 9.0, 10.0, 6.0, 7.0, 8.0]","[5.0, 1.0, 3.0, 8.0, 2.0, 10.0, 2.0, 7.0, 4.0, 7.0, 4.0, 10.0, 4.0, 4.0, 3.0, 10.0]","[0.0, 4.0, 2.0, 5.0, 4.0, 6.0, 6.0, 4.0, 4.0, 2.0, 1.0, 1.0, 6.0, 2.0, 4.0, 2.0]",[],454.1007,"['E_C', 'E_F', 'W_C', 'W_F']","[10.0, 5.0, 7.0, 3.0]","['high', 'low', 'low', 'high', 'low', 'high', 'low', 'high', 'low', 'high', 'low', 'high', 'high', 'low', 'low', 'high']","['C', 'F', 'F', 'C', 'F', 'C', 'F', 'C', 'F', 'C', 'F', 'C', 'C', 'F', 'F', 'C']","['E', 'E', 'W', 'W', 'W', 'E', 'E', 'W', 'W', 'W', 'E', 'E', 'E', 'W', 'E', 'W']","['high', 'low', 'high', 'low']",1,"['E_C', 'E_F', 'W_F', 'W_C', 'W_F', 'E_C', 'E_F', 'W_C', 'W_F', 'W_C', 'E_F', 'E_C', 'E_C', 'W_F', 'E_F', 'W_C']",1,5.0,6.0,feet,stripes,C,E,W,F,Yes, Curved/Pointy,7.0,Yes, Up/Right,5.0
